# Blender 4.4.0
# www.blender.org
mtllib uploads_files_2720101_BusGameMap.mtl
o Plane.002
v -6250.000000 449.999847 -7624.999512
v -6250.000000 -0.000143 -7624.999512
v -6079.296875 449.999847 -7608.186523
v -6420.704102 449.999847 -7608.186523
v -6250.000000 899.999878 -7624.999512
v -6079.296875 899.999878 -7608.186523
v -6420.704102 899.999878 -7608.186523
v -6250.000000 1349.999878 -7625.000000
v -6420.704102 1349.999878 -7608.186523
v -6079.296875 1349.999878 -7608.186523
v -6250.000000 1799.999878 -7625.000000
v -6420.704102 1799.999878 -7608.186523
v -6079.296875 1799.999878 -7608.187500
v -5915.153320 1799.999878 -7558.395020
v -5763.876953 1799.999878 -7477.536621
v -5915.153320 1349.999878 -7558.395020
v -5915.153320 899.999878 -7558.395020
v -5763.876953 1349.999878 -7477.536621
v -5763.876953 899.999878 -7477.536133
v -5631.282227 1349.999878 -7368.718750
v -5631.282227 899.999878 -7368.718750
v -5522.464844 1349.999878 -7236.124512
v -5631.282227 1799.999878 -7368.718750
v -5522.464844 1799.999878 -7236.124512
v -5441.605469 1800.000000 -7084.848633
v -5391.813477 1800.000000 -6920.704590
v -5441.605469 1350.000000 -7084.848633
v -5441.605469 899.999939 -7084.848633
v -5391.813477 1350.000000 -6920.704590
v -5391.813477 900.000000 -6920.704590
v -5375.000000 1350.000000 -6750.000488
v -5375.000000 900.000000 -6750.000488
v -5391.812500 1350.000000 -6579.296387
v -5375.000000 1800.000000 -6750.000488
v -5391.812500 1800.000000 -6579.296387
v -5441.605469 1800.000000 -6415.152344
v -5522.463867 1800.000122 -6263.875977
v -5441.605469 1350.000000 -6415.152344
v -5441.605469 900.000061 -6415.152344
v -5522.463867 1350.000122 -6263.875977
v -5522.463867 900.000061 -6263.875977
v -5631.281250 1350.000122 -6131.281250
v -5631.281250 900.000122 -6131.281250
v -5763.875977 1350.000122 -6022.463867
v -5631.281250 1800.000122 -6131.281738
v -5763.875977 1800.000122 -6022.463867
v -5915.151367 1800.000122 -5941.605469
v -6079.295898 1800.000122 -5891.812500
v -5915.151367 1350.000122 -5941.605469
v -5915.151367 900.000122 -5941.605469
v -6079.295898 1350.000122 -5891.812500
v -6079.295898 900.000122 -5891.812500
v -6250.000000 1350.000122 -5874.999512
v -6250.000000 900.000122 -5874.999512
v -6420.704102 1350.000122 -5891.812500
v -6250.000000 1800.000122 -5874.999512
v -6420.704102 1800.000122 -5891.812500
v -6584.847656 1800.000122 -5941.604492
v -6736.124023 1800.000122 -6022.463867
v -6584.847656 1350.000122 -5941.604492
v -6584.847656 900.000122 -5941.604492
v -6736.124023 1350.000122 -6022.463867
v -6736.124023 900.000122 -6022.462891
v -6868.718750 1350.000122 -6131.280762
v -6868.718750 900.000122 -6131.280762
v -6977.536133 1350.000122 -6263.875977
v -6868.718750 1800.000122 -6131.280762
v -6977.536133 1800.000122 -6263.875977
v -7058.394531 1800.000000 -6415.151855
v -7108.187500 1800.000000 -6579.295898
v -7058.394531 1350.000000 -6415.151855
v -7058.394531 900.000061 -6415.151367
v -7108.187500 1350.000000 -6579.295898
v -7108.187500 900.000000 -6579.295898
v -7125.000000 1350.000000 -6749.999512
v -7125.000000 900.000000 -6749.999512
v -7108.187500 1350.000000 -6920.703613
v -7125.000000 1800.000000 -6749.999512
v -7108.187500 1800.000000 -6920.704102
v -7058.394531 1800.000000 -7084.847656
v -6977.536133 1799.999878 -7236.123535
v -7058.394531 1350.000000 -7084.847656
v -7058.394531 899.999939 -7084.847656
v -6977.536133 1349.999878 -7236.123535
v -6977.536133 899.999939 -7236.123535
v -6868.718750 1349.999878 -7368.718262
v -6868.718750 899.999878 -7368.718262
v -6736.124023 1349.999878 -7477.535156
v -6868.718750 1799.999878 -7368.718262
v -6736.124023 1799.999878 -7477.535156
v -6584.847656 1799.999878 -7558.394043
v -6584.847656 1349.999878 -7558.394043
v -6584.847656 899.999878 -7558.394043
v -6736.124023 899.999878 -7477.535156
v -6584.847656 449.999878 -7558.394043
v -6736.124023 449.999878 -7477.535156
v -6584.847656 -0.000132 -7558.394043
v -6736.124023 -0.000119 -7477.535156
v -6420.704102 -0.000140 -7608.186523
v -6868.718750 -0.000101 -7368.717773
v -6977.536133 -0.000079 -7236.123047
v -6868.718750 449.999908 -7368.717773
v -6977.536133 449.999908 -7236.123535
v -7058.394531 449.999939 -7084.847656
v -7058.394531 -0.000054 -7084.847656
v -7108.187500 449.999969 -6920.703613
v -7125.000000 450.000000 -6749.999512
v -7108.187500 -0.000028 -6920.703613
v -7108.187500 900.000000 -6920.703613
v -7125.000000 0.000000 -6749.999512
v -7108.187500 0.000028 -6579.295410
v -7058.394531 0.000054 -6415.151367
v -7108.187500 450.000031 -6579.295410
v -7058.394531 450.000061 -6415.151367
v -6977.536133 450.000092 -6263.875488
v -6868.718750 450.000092 -6131.280762
v -6977.536133 0.000079 -6263.875488
v -6977.536133 900.000061 -6263.875488
v -6868.718750 0.000101 -6131.280762
v -6736.124023 0.000119 -6022.462891
v -6584.847656 0.000132 -5941.604492
v -6736.124023 450.000122 -6022.462891
v -6584.847656 450.000122 -5941.604492
v -6420.704102 450.000153 -5891.812500
v -6250.000000 450.000153 -5874.999512
v -6420.704102 0.000140 -5891.812012
v -6420.704102 900.000122 -5891.812500
v -6250.000000 0.000143 -5874.999512
v -6079.295898 0.000140 -5891.812500
v -5915.151367 0.000132 -5941.604980
v -6079.295898 450.000153 -5891.812500
v -5915.151367 450.000122 -5941.604980
v -5763.875977 450.000122 -6022.463867
v -5631.281250 450.000092 -6131.281250
v -5763.875977 0.000119 -6022.463867
v -5763.875977 900.000122 -6022.463867
v -5631.281250 0.000101 -6131.281250
v -5522.463867 0.000079 -6263.875977
v -5441.605469 0.000054 -6415.152344
v -5522.463867 450.000092 -6263.875977
v -5441.605469 450.000061 -6415.152344
v -5391.812500 450.000031 -6579.295898
v -5375.000000 450.000000 -6750.000488
v -5391.812500 0.000028 -6579.295898
v -5391.812500 900.000000 -6579.295898
v -5375.000000 0.000000 -6750.000488
v -5391.813477 -0.000028 -6920.704102
v -5441.605469 -0.000054 -7084.848145
v -5391.813477 449.999969 -6920.704102
v -5441.605469 449.999939 -7084.848633
v -5522.464844 449.999908 -7236.124023
v -5631.282227 449.999908 -7368.718750
v -5522.464844 -0.000079 -7236.124023
v -5522.464844 899.999939 -7236.124512
v -5631.282227 -0.000101 -7368.718750
v -5763.876953 -0.000119 -7477.536133
v -5915.153320 -0.000132 -7558.395020
v -5763.876953 449.999878 -7477.536133
v -5915.153320 449.999878 -7558.395020
v -6079.296875 -0.000140 -7608.186523
v 500.000000 0.000049 -6449.999512
v 2000.000000 0.000049 -6450.000000
v 500.000000 -0.000049 -7049.999512
v 2000.000000 -0.000049 -7050.000000
v 500.000000 300.000061 -6449.999512
v 2000.000000 300.000061 -6450.000000
v 2000.000000 299.999939 -7050.000000
v 500.000000 299.999939 -7049.999512
v 500.000000 600.000061 -6449.999512
v 2000.000000 600.000061 -6450.000000
v 2000.000000 599.999939 -7050.000000
v 500.000000 599.999939 -7049.999512
v 500.000000 900.000061 -6449.999512
v 2000.000000 900.000061 -6450.000000
v 2000.000000 899.999939 -7050.000000
v 500.000000 899.999939 -7049.999512
v 500.000000 1200.000000 -6449.999512
v 2000.000000 1200.000000 -6450.000000
v 2000.000000 1200.000000 -7050.000000
v 500.000000 1200.000000 -7049.999512
v 500.000000 1500.000000 -6450.000000
v 2000.000000 1500.000000 -6450.000000
v 2000.000000 1500.000000 -7050.000000
v 500.000000 1500.000000 -7049.999512
v 500.000000 1800.000000 -6450.000000
v 2000.000000 1800.000000 -6450.000488
v 2000.000000 1800.000000 -7050.000000
v 500.000000 1800.000000 -7049.999512
v 500.000000 2100.000000 -6450.000000
v 2000.000000 2100.000000 -6450.000488
v 2000.000000 2100.000000 -7050.000000
v 500.000000 2100.000000 -7050.000000
v 500.000000 2400.000000 -6450.000000
v 2000.000000 2400.000000 -6450.000488
v 2000.000000 2400.000000 -7050.000000
v 500.000000 2400.000000 -7050.000000
v 500.000000 2700.000000 -6450.000000
v 2000.000000 2700.000000 -6450.000488
v 2000.000000 2700.000000 -7050.000488
v 500.000000 2700.000000 -7050.000000
v 500.000000 3000.000000 -6450.000000
v 2000.000000 3000.000000 -6450.000488
v 2000.000000 3000.000000 -7050.000488
v 500.000000 3000.000000 -7050.000000
v -1925.000000 0.000098 -6149.999023
v -525.000000 0.000098 -6149.999512
v -1925.000000 -0.000098 -7349.999512
v -525.000000 -0.000098 -7349.999512
v -1925.000000 600.000122 -6149.999512
v -525.000000 600.000122 -6149.999512
v -525.000000 599.999878 -7349.999512
v -1925.000000 599.999878 -7349.999512
v -1925.000000 1200.000122 -6149.999512
v -525.000000 1200.000122 -6150.000000
v -525.000000 1199.999878 -7349.999512
v -1925.000000 1199.999878 -7349.999512
v -1925.000000 1800.000122 -6149.999512
v -525.000000 1800.000122 -6150.000000
v -525.000000 1799.999878 -7349.999512
v -1925.000000 1799.999878 -7349.999512
v -1925.000000 2400.000000 -6150.000000
v -525.000000 2400.000000 -6150.000000
v -525.000000 2400.000000 -7349.999512
v -1925.000000 2400.000000 -7350.000000
v -1925.000000 3000.000000 -6150.000000
v -525.000000 3000.000000 -6150.000000
v -525.000000 3000.000000 -7350.000000
v -1925.000000 3000.000000 -7350.000000
v -1925.000000 3600.000000 -6150.000000
v -525.000000 3600.000000 -6150.000000
v -525.000000 3600.000000 -7350.000000
v -1925.000000 3600.000000 -7350.000000
v -1925.000000 4200.000000 -6150.000000
v -525.000000 4200.000000 -6150.000000
v -525.000000 4200.000000 -7350.000000
v -1925.000000 4200.000000 -7350.000000
v -1925.000000 4800.000000 -6150.000000
v -525.000000 4800.000000 -6150.000488
v -525.000000 4800.000000 -7350.000000
v -1925.000000 4800.000000 -7350.000000
v 8187.500000 0.000049 -6448.499023
v 9312.500000 0.000049 -6448.499023
v 8187.500000 -0.000049 -7051.499512
v 9312.500000 -0.000049 -7051.499512
v 8187.500000 300.000061 -6448.499023
v 9312.500000 300.000061 -6448.499023
v 9312.500000 299.999939 -7051.499512
v 8187.500000 299.999939 -7051.499512
v 8187.500000 600.000061 -6448.499512
v 9312.500000 600.000061 -6448.499023
v 9312.500000 599.999939 -7051.499512
v 8187.500000 599.999939 -7051.499512
v 8187.500000 900.000061 -6448.499512
v 9312.500000 900.000061 -6448.499512
v 9312.500000 899.999939 -7051.499512
v 8187.500000 899.999939 -7051.499512
v 8187.500000 1200.000000 -6448.499512
v 9312.500000 1200.000000 -6448.499512
v 9312.500000 1200.000000 -7051.499512
v 8187.500000 1200.000000 -7051.499512
v 8187.500000 1500.000000 -6448.499512
v 9312.500000 1500.000000 -6448.499512
v 9312.500000 1500.000000 -7051.499512
v 8187.500000 1500.000000 -7051.499512
v 8187.500000 1800.000000 -6448.499512
v 9312.500000 1800.000000 -6448.499512
v 9312.500000 1800.000000 -7051.499512
v 8187.500000 1800.000000 -7051.499512
v 550.000000 0.000049 -4198.500000
v 1900.000000 0.000049 -4198.500000
v 550.000000 -0.000049 -4801.500000
v 1900.000000 -0.000049 -4801.500000
v 550.000000 1800.000000 -4801.500488
v 1900.000000 1800.000000 -4801.500488
v 1900.000000 1799.999878 -4951.500000
v 2080.000000 1799.999878 -4951.500000
v 1900.000000 0.000073 -4048.500000
v 2080.000000 0.000073 -4048.500000
v 550.000000 0.000073 -4048.500000
v 370.000000 0.000073 -4048.500000
v 550.000000 -0.000073 -4951.500000
v 370.000000 -0.000073 -4951.500000
v 1900.000000 -0.000073 -4951.500000
v 2080.000000 -0.000073 -4951.500000
v 550.000000 900.000061 -4198.500000
v 1900.000000 900.000061 -4198.500000
v 1900.000000 900.000061 -4048.500244
v 2080.000000 900.000061 -4048.500244
v 2080.000000 1800.000122 -4048.500488
v 1900.000000 1800.000122 -4048.500488
v 2080.000000 899.999939 -4951.500000
v 1900.000000 899.999939 -4951.500000
v 1900.000000 899.999939 -4801.500000
v 550.000000 899.999939 -4801.500000
v 550.000000 899.999939 -4951.500000
v 370.000000 899.999939 -4951.500000
v 1900.000000 1800.000000 -4198.500000
v 550.000000 1800.000000 -4198.500000
v 370.000000 900.000061 -4048.500000
v 550.000000 900.000061 -4048.500244
v 550.000000 1799.999878 -4951.500000
v 370.000000 1799.999878 -4951.500000
v 370.000000 1800.000122 -4048.500244
v 550.000000 1800.000122 -4048.500488
v 550.000000 2700.000000 -4198.500488
v 1900.000000 2700.000000 -4198.500488
v 1900.000000 2700.000000 -4048.500488
v 2080.000000 2700.000000 -4048.500488
v 2080.000000 2700.000000 -4951.500000
v 1900.000000 2700.000000 -4951.500000
v 1900.000000 2700.000000 -4801.500488
v 550.000000 2700.000000 -4801.500488
v 550.000000 2700.000000 -4951.500977
v 370.000000 2700.000000 -4951.500977
v 370.000000 2700.000000 -4048.500488
v 550.000000 2700.000000 -4048.500488
v 550.000000 3600.000000 -4198.500977
v 1900.000000 3600.000000 -4198.500977
v 1900.000000 3600.000000 -4048.500732
v 2080.000000 3600.000000 -4048.500732
v 2080.000000 3600.000000 -4951.500977
v 1900.000000 3600.000000 -4951.500977
v 1900.000000 3600.000000 -4801.500977
v 550.000000 3600.000000 -4801.500977
v 550.000000 3600.000000 -4951.500977
v 370.000000 3600.000000 -4951.500977
v 370.000000 3600.000000 -4048.500488
v 550.000000 3600.000000 -4048.500732
v 550.000000 4500.000000 -4198.500977
v 1900.000000 4500.000000 -4198.500977
v 1900.000000 4500.000000 -4048.500732
v 2080.000000 4500.000000 -4048.500732
v 2080.000000 4500.000000 -4951.500977
v 1900.000000 4500.000000 -4951.500977
v 1900.000000 4500.000000 -4801.500977
v 550.000000 4500.000000 -4801.500977
v 550.000000 4500.000000 -4951.500977
v 370.000000 4500.000000 -4951.500977
v 370.000000 4500.000000 -4048.500732
v 550.000000 4500.000000 -4048.500977
v 550.000000 5400.000000 -4198.500977
v 1900.000000 5400.000000 -4198.500977
v 1900.000000 5400.000000 -4048.500977
v 2080.000000 5400.000000 -4048.500977
v 2080.000000 5400.000000 -4951.500977
v 1900.000000 5400.000000 -4951.500977
v 1900.000000 5400.000000 -4801.500977
v 550.000000 5400.000000 -4801.500977
v 550.000000 5400.000000 -4951.500977
v 370.000000 5400.000000 -4951.500977
v 370.000000 5400.000000 -4048.500977
v 550.000000 5400.000000 -4048.500977
v 550.000000 6300.000000 -4198.500977
v 1900.000000 6300.000000 -4198.500977
v 1900.000000 6300.000000 -4048.500977
v 2080.000000 6300.000000 -4048.500977
v 2080.000000 6300.000000 -4951.500977
v 1900.000000 6300.000000 -4951.500977
v 1900.000000 6300.000000 -4801.500977
v 550.000000 6300.000000 -4801.500977
v 550.000000 6300.000000 -4951.500977
v 370.000000 6300.000000 -4951.500977
v 370.000000 6300.000000 -4048.500977
v 550.000000 6300.000000 -4048.500977
v -9450.000000 0.000098 -8400.000000
v -7950.000000 0.000098 -8400.000977
v -9450.000000 -0.000098 -9600.000000
v -7950.000000 -0.000098 -9600.000000
v -9450.000000 300.000092 -8400.000000
v -7950.000000 300.000092 -8400.000977
v -7950.000000 299.999908 -9600.000000
v -9450.000000 299.999908 -9600.000000
v -9450.000000 600.000122 -8400.000000
v -7950.000000 600.000122 -8400.000977
v -7950.000000 599.999878 -9600.000000
v -9450.000000 599.999878 -9600.000977
v -9450.000000 900.000122 -8400.000000
v -7950.000000 900.000122 -8400.000977
v -7950.000000 899.999878 -9600.001953
v -9450.000000 899.999878 -9600.000977
v -9450.000000 1200.000122 -8400.000000
v -7950.000000 1200.000122 -8400.000977
v -7950.000000 1199.999878 -9600.001953
v -9450.000000 1199.999878 -9600.000977
v 3228.462891 0.000073 -4064.195312
v 4353.462891 0.000073 -4064.195557
v 3228.462891 -0.000073 -4964.195312
v 4353.462402 -0.000073 -4964.195312
v 4503.462891 0.000073 -4064.195557
v 4503.462402 -0.000073 -4964.195312
v 3228.462891 0.000098 -3914.195557
v 4353.462891 0.000098 -3914.195312
v 3078.462891 0.000073 -4064.195312
v 3078.462891 -0.000073 -4964.195312
v 3228.462891 -0.000098 -5114.195312
v 4353.462402 -0.000098 -5114.195312
v 3228.462891 450.000061 -4064.195801
v 3228.462891 450.000092 -3914.195801
v 4353.462891 450.000092 -3914.195801
v 4353.462891 450.000061 -4064.195557
v 4503.462891 450.000061 -4064.195557
v 4503.462402 449.999939 -4964.195312
v 4353.462402 449.999939 -4964.195312
v 4353.462402 449.999908 -5114.195312
v 3228.462891 449.999908 -5114.195312
v 3228.462891 449.999939 -4964.195312
v 3078.462891 449.999939 -4964.195312
v 3078.462891 450.000061 -4064.195801
v 3228.462891 900.000061 -4064.195801
v 3228.462891 900.000122 -3914.195801
v 4353.462891 900.000122 -3914.195801
v 4353.462891 900.000061 -4064.195801
v 4503.462891 900.000061 -4064.195801
v 4503.462402 899.999939 -4964.195312
v 4353.462402 899.999939 -4964.195312
v 4353.462402 899.999878 -5114.195312
v 3228.462891 899.999878 -5114.195312
v 3228.462891 899.999939 -4964.195312
v 3078.462891 899.999939 -4964.195312
v 3078.462891 900.000061 -4064.195801
v 3228.462891 1350.000122 -4064.195801
v 3228.462891 1350.000122 -3914.195801
v 4353.462891 1350.000122 -3914.195801
v 4353.462891 1350.000122 -4064.195801
v 4503.462891 1350.000122 -4064.195801
v 4503.462402 1349.999878 -4964.195312
v 4353.462402 1349.999878 -4964.195312
v 4353.462402 1349.999878 -5114.195312
v 3228.462891 1349.999878 -5114.195801
v 3228.462891 1349.999878 -4964.195312
v 3078.462891 1349.999878 -4964.195312
v 3078.462891 1350.000122 -4064.195801
v 3228.462891 1800.000122 -4064.195801
v 3228.462891 1800.000122 -3914.195801
v 4353.462891 1800.000122 -3914.195801
v 4353.462891 1800.000122 -4064.195801
v 4503.462891 1800.000122 -4064.195801
v 4503.462402 1799.999878 -4964.195312
v 4353.462402 1799.999878 -4964.195312
v 4353.462402 1799.999878 -5114.195801
v 3228.462891 1799.999878 -5114.195801
v 3228.462891 1799.999878 -4964.196289
v 3078.462891 1799.999878 -4964.196289
v 3078.462891 1800.000122 -4064.195801
v 3228.462891 2250.000000 -4064.195801
v 3228.462891 2250.000000 -3914.195801
v 4353.462891 2250.000000 -3914.195801
v 4353.462891 2250.000000 -4064.195801
v 4503.462891 2250.000000 -4064.195801
v 4503.462402 2250.000000 -4964.196289
v 4353.462402 2250.000000 -4964.196289
v 4353.462402 2250.000000 -5114.195801
v 3228.462891 2250.000000 -5114.195801
v 3228.462891 2250.000000 -4964.196289
v 3078.462891 2250.000000 -4964.196289
v 3078.462891 2250.000000 -4064.195801
v 3228.462891 2700.000000 -4064.195801
v 3228.462891 2700.000000 -3914.196045
v 4353.462891 2700.000000 -3914.195801
v 4353.462891 2700.000000 -4064.196045
v 4503.462891 2700.000000 -4064.196045
v 4503.462402 2700.000000 -4964.196289
v 4353.462402 2700.000000 -4964.196289
v 4353.462402 2700.000000 -5114.195801
v 3228.462891 2700.000000 -5114.195801
v 3228.462891 2700.000000 -4964.196289
v 3078.462891 2700.000000 -4964.196289
v 3078.462891 2700.000000 -4064.195801
v 3228.462891 3150.000000 -4064.195801
v 3228.462891 3150.000000 -3914.196045
v 4353.462891 3150.000000 -3914.196289
v 4353.462891 3150.000000 -4064.196045
v 4503.462891 3150.000000 -4064.196045
v 4503.462402 3150.000000 -4964.196289
v 4353.462402 3150.000000 -4964.196289
v 4353.462402 3150.000000 -5114.195801
v 3228.462891 3150.000000 -5114.195801
v 3228.462891 3150.000000 -4964.196289
v 3078.462891 3150.000000 -4964.196289
v 3078.462891 3150.000000 -4064.195801
v 3228.462891 3600.000000 -4064.196045
v 3228.462891 3600.000000 -3914.196289
v 4353.462891 3600.000000 -3914.196289
v 4353.462891 3600.000000 -4064.196045
v 4503.462891 3600.000000 -4064.196045
v 4503.462402 3600.000000 -4964.196289
v 4353.462402 3600.000000 -4964.196289
v 4353.462402 3600.000000 -5114.195801
v 3228.462891 3600.000000 -5114.196289
v 3228.462891 3600.000000 -4964.196289
v 3078.462891 3600.000000 -4964.196289
v 3078.462891 3600.000000 -4064.196045
v 5875.000000 0.000098 -1599.999756
v 6625.000000 0.000098 -1599.999756
v 5875.000000 -0.000098 -2799.999756
v 6625.000000 -0.000098 -2799.999756
v 5875.000000 450.000092 -1599.999878
v 6625.000000 450.000092 -1599.999878
v 6625.000000 449.999908 -2800.000000
v 5875.000000 449.999908 -2800.000000
v 5875.000000 900.000122 -1600.000000
v 6625.000000 900.000122 -1600.000000
v 6625.000000 899.999878 -2800.000000
v 5875.000000 899.999878 -2800.000000
v 5875.000000 1350.000122 -1600.000000
v 6625.000000 1350.000122 -1600.000000
v 6625.000000 1349.999878 -2800.000000
v 5875.000000 1349.999878 -2800.000000
v 5875.000000 1800.000122 -1600.000122
v 6625.000000 1800.000122 -1600.000122
v 6625.000000 1799.999878 -2800.000000
v 5875.000000 1799.999878 -2800.000000
v 5875.000000 2250.000000 -1600.000244
v 6625.000000 2250.000000 -1600.000244
v 6625.000000 2250.000000 -2800.000244
v 5875.000000 2250.000000 -2800.000244
v 5875.000000 2700.000000 -1600.000244
v 6625.000000 2700.000000 -1600.000244
v 6625.000000 2700.000000 -2800.000244
v 5875.000000 2700.000000 -2800.000244
v 5875.000000 3150.000000 -1600.000244
v 6625.000000 3150.000000 -1600.000244
v 6625.000000 3150.000000 -2800.000244
v 5875.000000 3150.000000 -2800.000244
v 5875.000000 3600.000000 -1600.000488
v 6625.000000 3600.000000 -1600.000488
v 6625.000000 3600.000000 -2800.000488
v 5875.000000 3600.000000 -2800.000488
v 5875.000000 4050.000000 -1600.000488
v 6625.000000 4050.000000 -1600.000488
v 6625.000000 4050.000000 -2800.000488
v 5875.000000 4050.000000 -2800.000488
v 550.000000 0.000073 -8550.000000
v 1900.000000 0.000073 -8550.000000
v 550.000000 -0.000073 -9450.000000
v 1900.000000 -0.000073 -9450.000000
v 2050.000000 0.000073 -8550.000000
v 2050.000000 -0.000073 -9450.000000
v 550.000000 0.000098 -8400.000000
v 1900.000000 0.000098 -8400.000000
v 400.000000 0.000073 -8550.000000
v 400.000000 -0.000073 -9450.000000
v 550.000000 -0.000098 -9600.000000
v 1900.000000 -0.000098 -9600.000000
v 550.000000 300.000061 -8550.000000
v 550.000000 300.000092 -8400.000000
v 1900.000000 300.000092 -8400.000000
v 1900.000000 300.000061 -8550.000000
v 2050.000000 300.000061 -8550.000000
v 2050.000000 299.999939 -9450.000000
v 1900.000000 299.999939 -9450.000000
v 1900.000000 299.999908 -9600.000000
v 550.000000 299.999908 -9600.000000
v 550.000000 299.999939 -9450.000000
v 400.000000 299.999939 -9450.000000
v 400.000000 300.000061 -8550.000000
v 550.000000 600.000061 -8550.000000
v 550.000000 600.000122 -8400.000000
v 1900.000000 600.000122 -8400.000000
v 1900.000000 600.000061 -8550.000000
v 2050.000000 600.000061 -8550.000000
v 2050.000000 599.999939 -9450.000000
v 1900.000000 599.999939 -9450.000000
v 1900.000000 599.999878 -9600.000000
v 550.000000 599.999878 -9600.000000
v 550.000000 599.999939 -9450.000000
v 400.000000 599.999939 -9450.000000
v 400.000000 600.000061 -8550.000000
v 550.000000 900.000061 -8550.000000
v 550.000000 900.000122 -8400.000000
v 1900.000000 900.000122 -8400.000000
v 1900.000000 900.000061 -8550.000000
v 2050.000000 900.000061 -8550.000000
v 2050.000000 899.999939 -9450.000000
v 1900.000000 899.999939 -9450.000000
v 1900.000000 899.999878 -9600.000000
v 550.000000 899.999878 -9600.000000
v 550.000000 899.999939 -9450.000000
v 400.000000 899.999939 -9450.000000
v 400.000000 900.000061 -8550.000000
v 550.000000 1200.000122 -8550.000000
v 550.000000 1200.000122 -8400.000000
v 1900.000000 1200.000122 -8400.000000
v 1900.000000 1200.000122 -8550.000000
v 2050.000000 1200.000122 -8550.000000
v 2050.000000 1199.999878 -9450.000000
v 1900.000000 1199.999878 -9450.000000
v 1900.000000 1199.999878 -9600.000000
v 550.000000 1199.999878 -9600.000000
v 550.000000 1199.999878 -9450.000000
v 400.000000 1199.999878 -9450.000000
v 400.000000 1200.000122 -8550.000000
v 550.000000 1500.000122 -8550.000000
v 550.000000 1500.000122 -8400.000000
v 1900.000000 1500.000122 -8400.000000
v 1900.000000 1500.000122 -8550.000000
v 2050.000000 1500.000122 -8550.000000
v 2050.000000 1499.999878 -9450.000000
v 1900.000000 1499.999878 -9450.000000
v 1900.000000 1499.999878 -9600.000000
v 550.000000 1499.999878 -9600.000000
v 550.000000 1499.999878 -9450.000000
v 400.000000 1499.999878 -9450.000000
v 400.000000 1500.000122 -8550.000000
v 550.000000 1800.000122 -8550.000000
v 550.000000 1800.000122 -8400.000000
v 1900.000000 1800.000122 -8400.000000
v 1900.000000 1800.000122 -8550.000000
v 2050.000000 1800.000122 -8550.000000
v 2050.000000 1799.999878 -9450.000000
v 1900.000000 1799.999878 -9450.000000
v 1900.000000 1799.999878 -9600.000000
v 550.000000 1799.999878 -9600.000000
v 550.000000 1799.999878 -9450.000000
v 400.000000 1799.999878 -9450.000000
v 400.000000 1800.000122 -8550.000000
v -3750.000000 -0.000124 -5207.500000
v -3844.939453 -0.000123 -5201.526855
v -3938.382812 -0.000120 -5183.701660
v -4028.854492 -0.000115 -5154.305664
v -4114.928711 -0.000108 -5113.801758
v -4195.247070 -0.000100 -5062.830078
v -4268.544922 -0.000090 -5002.193359
v -4333.664062 -0.000079 -4932.848633
v -4389.578125 -0.000066 -4855.888672
v -4435.406250 -0.000052 -4772.527832
v -4470.425781 -0.000038 -4684.080078
v -4494.082031 -0.000023 -4591.941406
v -4506.004883 -0.000008 -4497.563477
v -4506.004883 0.000008 -4402.435547
v -4494.082031 0.000023 -4308.058594
v -4470.424805 0.000038 -4215.918945
v -4435.406250 0.000052 -4127.471680
v -4389.578125 0.000066 -4044.110840
v -4333.663086 0.000079 -3967.151123
v -4268.543945 0.000090 -3897.805908
v -4195.247070 0.000100 -3837.169434
v -4114.927734 0.000108 -3786.197510
v -4028.853516 0.000115 -3745.693848
v -3938.381836 0.000120 -3716.298096
v -3844.939453 0.000123 -3698.473145
v -3749.999023 0.000124 -3692.500000
v -3655.059570 0.000123 -3698.473145
v -3561.617188 0.000120 -3716.298340
v -3471.144531 0.000115 -3745.694580
v -3385.071289 0.000108 -3786.198242
v -3304.751953 0.000100 -3837.169922
v -3231.455078 0.000090 -3897.806885
v -3166.335938 0.000079 -3967.151855
v -3110.420898 0.000066 -4044.111816
v -3064.592773 0.000052 -4127.472656
v -3029.574219 0.000038 -4215.920410
v -3005.916992 0.000023 -4308.059570
v -2993.995117 0.000008 -4402.437012
v -2993.995117 -0.000008 -4497.564941
v -3005.917969 -0.000023 -4591.942383
v -3029.575195 -0.000038 -4684.081055
v -3064.593750 -0.000052 -4772.528809
v -3110.421875 -0.000066 -4855.889648
v -3166.336914 -0.000079 -4932.849609
v -3231.457031 -0.000090 -5002.194336
v -3304.753906 -0.000100 -5062.831055
v -3385.073242 -0.000108 -5113.802734
v -3471.147461 -0.000115 -5154.306152
v -3561.619141 -0.000120 -5183.702148
v -3655.061523 -0.000123 -5201.527344
v -3750.000000 539.999878 -5207.500000
v -3844.939453 539.999878 -5201.526855
v -3938.382812 539.999878 -5183.701660
v -4028.854492 539.999878 -5154.305664
v -4114.928711 539.999878 -5113.802246
v -4195.247070 539.999878 -5062.830566
v -4268.544922 539.999939 -5002.193359
v -4333.664062 539.999939 -4932.848633
v -4389.578125 539.999939 -4855.888672
v -4435.406250 539.999939 -4772.527832
v -4470.425781 539.999939 -4684.080078
v -4494.082031 540.000000 -4591.941406
v -4506.004883 540.000000 -4497.563477
v -4506.004883 540.000000 -4402.436035
v -4494.082031 540.000000 -4308.058594
v -4470.424805 540.000061 -4215.919434
v -4435.406250 540.000061 -4127.472168
v -4389.578125 540.000061 -4044.110840
v -4333.663086 540.000061 -3967.151123
v -4268.543945 540.000061 -3897.806152
v -4195.247070 540.000122 -3837.169434
v -4114.927734 540.000122 -3786.197510
v -4028.853516 540.000122 -3745.694092
v -3938.381836 540.000122 -3716.298340
v -3844.939453 540.000122 -3698.473145
v -3749.999023 540.000122 -3692.500000
v -3655.059570 540.000122 -3698.473145
v -3561.617188 540.000122 -3716.298340
v -3471.144531 540.000122 -3745.694580
v -3385.071289 540.000122 -3786.198242
v -3304.751953 540.000122 -3837.170166
v -3231.455078 540.000061 -3897.806885
v -3166.335938 540.000061 -3967.151855
v -3110.420898 540.000061 -4044.111816
v -3064.592773 540.000061 -4127.472656
v -3029.574219 540.000061 -4215.920410
v -3005.916992 540.000000 -4308.059570
v -2993.995117 540.000000 -4402.437500
v -2993.995117 540.000000 -4497.564941
v -3005.917969 540.000000 -4591.942383
v -3029.575195 539.999939 -4684.081543
v -3064.593750 539.999939 -4772.528809
v -3110.421875 539.999939 -4855.889648
v -3166.336914 539.999939 -4932.849609
v -3231.457031 539.999939 -5002.194336
v -3304.753906 539.999878 -5062.831055
v -3385.073242 539.999878 -5113.802734
v -3471.147461 539.999878 -5154.306152
v -3561.619141 539.999878 -5183.702148
v -3655.061523 539.999878 -5201.527344
v -3750.000000 1079.999878 -5207.500000
v -3844.939453 1079.999878 -5201.526855
v -3938.382812 1079.999878 -5183.702148
v -4028.854492 1079.999878 -5154.305664
v -4114.928711 1079.999878 -5113.802246
v -4195.247070 1079.999878 -5062.830566
v -4268.544922 1079.999878 -5002.193848
v -4333.664062 1079.999878 -4932.848633
v -4389.578125 1079.999878 -4855.888672
v -4435.406250 1080.000000 -4772.527832
v -4470.425781 1080.000000 -4684.080078
v -4494.082031 1080.000000 -4591.941406
v -4506.004883 1080.000000 -4497.563477
v -4506.004883 1080.000000 -4402.436035
v -4494.082031 1080.000000 -4308.058594
v -4470.424805 1080.000000 -4215.919434
v -4435.406250 1080.000000 -4127.472168
v -4389.578125 1080.000122 -4044.111328
v -4333.663086 1080.000122 -3967.151367
v -4268.543945 1080.000122 -3897.806152
v -4195.247070 1080.000122 -3837.169678
v -4114.927734 1080.000122 -3786.197754
v -4028.853516 1080.000122 -3745.694336
v -3938.381836 1080.000122 -3716.298340
v -3844.939453 1080.000122 -3698.473145
v -3749.999023 1080.000122 -3692.500000
v -3655.059570 1080.000122 -3698.473389
v -3561.617188 1080.000122 -3716.298584
v -3471.144531 1080.000122 -3745.694580
v -3385.071289 1080.000122 -3786.198242
v -3304.751953 1080.000122 -3837.170410
v -3231.455078 1080.000122 -3897.807129
v -3166.335938 1080.000122 -3967.152344
v -3110.420898 1080.000122 -4044.112061
v -3064.592773 1080.000000 -4127.473145
v -3029.574219 1080.000000 -4215.920898
v -3005.916992 1080.000000 -4308.059570
v -2993.995117 1080.000000 -4402.437500
v -2993.995117 1080.000000 -4497.564941
v -3005.917969 1080.000000 -4591.942383
v -3029.575195 1080.000000 -4684.081543
v -3064.593750 1080.000000 -4772.529297
v -3110.421875 1079.999878 -4855.890137
v -3166.336914 1079.999878 -4932.849609
v -3231.457031 1079.999878 -5002.194824
v -3304.753906 1079.999878 -5062.831055
v -3385.073242 1079.999878 -5113.802734
v -3471.147461 1079.999878 -5154.306152
v -3561.619141 1079.999878 -5183.702148
v -3655.061523 1079.999878 -5201.527344
v -3750.000000 1619.999878 -5207.500000
v -3844.939453 1619.999878 -5201.527344
v -3938.382812 1619.999878 -5183.702148
v -4028.854492 1619.999878 -5154.305664
v -4114.928711 1619.999878 -5113.802246
v -4195.247070 1619.999878 -5062.830566
v -4268.544922 1619.999878 -5002.193848
v -4333.664062 1619.999878 -4932.848633
v -4389.578125 1619.999878 -4855.888672
v -4435.406250 1620.000000 -4772.528320
v -4470.425781 1620.000000 -4684.080078
v -4494.082031 1620.000000 -4591.941406
v -4506.004883 1620.000000 -4497.563477
v -4506.004883 1620.000000 -4402.436523
v -4494.082031 1620.000000 -4308.058594
v -4470.424805 1620.000000 -4215.919434
v -4435.406250 1620.000000 -4127.472168
v -4389.578125 1620.000122 -4044.111328
v -4333.663086 1620.000122 -3967.151367
v -4268.543945 1620.000122 -3897.806152
v -4195.247070 1620.000122 -3837.169678
v -4114.927734 1620.000122 -3786.197754
v -4028.853516 1620.000122 -3745.694336
v -3938.381836 1620.000122 -3716.298340
v -3844.939453 1620.000122 -3698.473145
v -3749.999023 1620.000122 -3692.500000
v -3655.059570 1620.000122 -3698.473389
v -3561.617188 1620.000122 -3716.298584
v -3471.144531 1620.000122 -3745.694824
v -3385.071289 1620.000122 -3786.198242
v -3304.751953 1620.000122 -3837.170410
v -3231.455078 1620.000122 -3897.807129
v -3166.335938 1620.000122 -3967.152344
v -3110.420898 1620.000122 -4044.112305
v -3064.592773 1620.000000 -4127.473145
v -3029.574219 1620.000000 -4215.920898
v -3005.916992 1620.000000 -4308.059570
v -2993.995117 1620.000000 -4402.437500
v -2993.995117 1620.000000 -4497.564941
v -3005.917969 1620.000000 -4591.942383
v -3029.575195 1620.000000 -4684.082031
v -3064.593750 1620.000000 -4772.529297
v -3110.421875 1619.999878 -4855.890137
v -3166.336914 1619.999878 -4932.849609
v -3231.457031 1619.999878 -5002.194824
v -3304.753906 1619.999878 -5062.831055
v -3385.073242 1619.999878 -5113.803223
v -3471.147461 1619.999878 -5154.306152
v -3561.619141 1619.999878 -5183.702148
v -3655.061523 1619.999878 -5201.527344
v -3750.000000 2159.999756 -5207.500000
v -3844.939453 2159.999756 -5201.527344
v -3938.382812 2160.000000 -5183.702148
v -4028.854492 2160.000000 -5154.306152
v -4114.928711 2160.000000 -5113.802734
v -4195.247070 2160.000000 -5062.830566
v -4268.544922 2160.000000 -5002.193848
v -4333.664062 2160.000000 -4932.848633
v -4389.578125 2160.000000 -4855.889160
v -4435.406250 2160.000000 -4772.528320
v -4470.425781 2160.000000 -4684.080566
v -4494.082031 2160.000000 -4591.941406
v -4506.004883 2160.000000 -4497.563965
v -4506.004883 2160.000000 -4402.436523
v -4494.082031 2160.000000 -4308.058594
v -4470.424805 2160.000000 -4215.919922
v -4435.406250 2160.000000 -4127.472168
v -4389.578125 2160.000000 -4044.111328
v -4333.663086 2160.000000 -3967.151367
v -4268.543945 2160.000000 -3897.806396
v -4195.247070 2160.000000 -3837.169922
v -4114.927734 2160.000000 -3786.197754
v -4028.853516 2160.000000 -3745.694336
v -3938.381836 2160.000000 -3716.298584
v -3844.939453 2160.000244 -3698.473389
v -3749.999023 2160.000244 -3692.500488
v -3655.059570 2160.000244 -3698.473633
v -3561.617188 2160.000000 -3716.298828
v -3471.144531 2160.000000 -3745.694824
v -3385.071289 2160.000000 -3786.198242
v -3304.751953 2160.000000 -3837.170410
v -3231.455078 2160.000000 -3897.807129
v -3166.335938 2160.000000 -3967.152344
v -3110.420898 2160.000000 -4044.112305
v -3064.592773 2160.000000 -4127.473145
v -3029.574219 2160.000000 -4215.920898
v -3005.916992 2160.000000 -4308.059570
v -2993.995117 2160.000000 -4402.437500
v -2993.995117 2160.000000 -4497.565430
v -3005.917969 2160.000000 -4591.942383
v -3029.575195 2160.000000 -4684.082031
v -3064.593750 2160.000000 -4772.529297
v -3110.421875 2160.000000 -4855.890137
v -3166.336914 2160.000000 -4932.849609
v -3231.457031 2160.000000 -5002.194824
v -3304.753906 2160.000000 -5062.831055
v -3385.073242 2160.000000 -5113.803223
v -3471.147461 2160.000000 -5154.306641
v -3561.619141 2160.000000 -5183.702148
v -3655.061523 2159.999756 -5201.527344
v -3750.000000 2699.999756 -5207.500000
v -3844.939453 2699.999756 -5201.527344
v -3938.382812 2700.000000 -5183.702148
v -4028.854492 2700.000000 -5154.306152
v -4114.928711 2700.000000 -5113.802734
v -4195.247070 2700.000000 -5062.831055
v -4268.544922 2700.000000 -5002.194336
v -4333.664062 2700.000000 -4932.849121
v -4389.578125 2700.000000 -4855.889160
v -4435.406250 2700.000000 -4772.528320
v -4470.425781 2700.000000 -4684.080566
v -4494.082031 2700.000000 -4591.941406
v -4506.004883 2700.000000 -4497.563965
v -4506.004883 2700.000000 -4402.436523
v -4494.082031 2700.000000 -4308.058594
v -4470.424805 2700.000000 -4215.919922
v -4435.406250 2700.000000 -4127.472168
v -4389.578125 2700.000000 -4044.111328
v -4333.663086 2700.000000 -3967.151611
v -4268.543945 2700.000000 -3897.806396
v -4195.247070 2700.000000 -3837.169922
v -4114.927734 2700.000000 -3786.197998
v -4028.853516 2700.000000 -3745.694580
v -3938.381836 2700.000000 -3716.298584
v -3844.939453 2700.000244 -3698.473389
v -3749.999023 2700.000244 -3692.500488
v -3655.059570 2700.000244 -3698.473633
v -3561.617188 2700.000000 -3716.298828
v -3471.144531 2700.000000 -3745.694824
v -3385.071289 2700.000000 -3786.198242
v -3304.751953 2700.000000 -3837.170410
v -3231.455078 2700.000000 -3897.807129
v -3166.335938 2700.000000 -3967.152344
v -3110.420898 2700.000000 -4044.112305
v -3064.592773 2700.000000 -4127.473633
v -3029.574219 2700.000000 -4215.920898
v -3005.916992 2700.000000 -4308.060059
v -2993.995117 2700.000000 -4402.437500
v -2993.995117 2700.000000 -4497.565430
v -3005.917969 2700.000000 -4591.942871
v -3029.575195 2700.000000 -4684.082031
v -3064.593750 2700.000000 -4772.529297
v -3110.421875 2700.000000 -4855.890137
v -3166.336914 2700.000000 -4932.849609
v -3231.457031 2700.000000 -5002.194824
v -3304.753906 2700.000000 -5062.831055
v -3385.073242 2700.000000 -5113.803223
v -3471.147461 2700.000000 -5154.306641
v -3561.619141 2700.000000 -5183.702148
v -3655.061523 2699.999756 -5201.527344
v -3750.000000 3239.999756 -5207.500000
v -3844.939453 3239.999756 -5201.527344
v -3938.382812 3240.000000 -5183.702148
v -4028.854492 3240.000000 -5154.306152
v -4114.928711 3240.000000 -5113.802734
v -4195.247070 3240.000000 -5062.831055
v -4268.544922 3240.000000 -5002.194336
v -4333.664062 3240.000000 -4932.849121
v -4389.578125 3240.000000 -4855.889160
v -4435.406250 3240.000000 -4772.528320
v -4470.425781 3240.000000 -4684.081055
v -4494.082031 3240.000000 -4591.941406
v -4506.004883 3240.000000 -4497.564453
v -4506.004883 3240.000000 -4402.436523
v -4494.082031 3240.000000 -4308.058594
v -4470.424805 3240.000000 -4215.919922
v -4435.406250 3240.000000 -4127.472168
v -4389.578125 3240.000000 -4044.111328
v -4333.663086 3240.000000 -3967.151611
v -4268.543945 3240.000000 -3897.806641
v -4195.247070 3240.000000 -3837.169922
v -4114.927734 3240.000000 -3786.198242
v -4028.853516 3240.000000 -3745.694580
v -3938.381836 3240.000000 -3716.298584
v -3844.939453 3240.000244 -3698.473633
v -3749.999023 3240.000244 -3692.500488
v -3655.059570 3240.000244 -3698.473633
v -3561.617188 3240.000000 -3716.298828
v -3471.144531 3240.000000 -3745.695068
v -3385.071289 3240.000000 -3786.198730
v -3304.751953 3240.000000 -3837.170410
v -3231.455078 3240.000000 -3897.807129
v -3166.335938 3240.000000 -3967.152344
v -3110.420898 3240.000000 -4044.112305
v -3064.592773 3240.000000 -4127.473633
v -3029.574219 3240.000000 -4215.920898
v -3005.916992 3240.000000 -4308.060059
v -2993.995117 3240.000000 -4402.437500
v -2993.995117 3240.000000 -4497.565430
v -3005.917969 3240.000000 -4591.942871
v -3029.575195 3240.000000 -4684.082031
v -3064.593750 3240.000000 -4772.529297
v -3110.421875 3240.000000 -4855.890625
v -3166.336914 3240.000000 -4932.850098
v -3231.457031 3240.000000 -5002.195312
v -3304.753906 3240.000000 -5062.832031
v -3385.073242 3240.000000 -5113.803223
v -3471.147461 3240.000000 -5154.306641
v -3561.619141 3240.000000 -5183.702148
v -3655.061523 3239.999756 -5201.527344
v -3750.000000 3779.999756 -5207.500977
v -3844.939453 3779.999756 -5201.527344
v -3938.382812 3780.000000 -5183.702148
v -4028.854492 3780.000000 -5154.306152
v -4114.928711 3780.000000 -5113.802734
v -4195.247070 3780.000000 -5062.831055
v -4268.544922 3780.000000 -5002.194336
v -4333.664062 3780.000000 -4932.849121
v -4389.578125 3780.000000 -4855.889648
v -4435.406250 3780.000000 -4772.528320
v -4470.425781 3780.000000 -4684.081055
v -4494.082031 3780.000000 -4591.941895
v -4506.004883 3780.000000 -4497.564453
v -4506.004883 3780.000000 -4402.436523
v -4494.082031 3780.000000 -4308.059082
v -4470.424805 3780.000000 -4215.919922
v -4435.406250 3780.000000 -4127.472656
v -4389.578125 3780.000000 -4044.111572
v -4333.663086 3780.000000 -3967.151855
v -4268.543945 3780.000000 -3897.806641
v -4195.247070 3780.000000 -3837.169922
v -4114.927734 3780.000000 -3786.198242
v -4028.853516 3780.000000 -3745.694580
v -3938.381836 3780.000000 -3716.298828
v -3844.939453 3780.000244 -3698.473633
v -3749.999023 3780.000244 -3692.500488
v -3655.059570 3780.000244 -3698.473633
v -3561.617188 3780.000000 -3716.298828
v -3471.144531 3780.000000 -3745.695312
v -3385.071289 3780.000000 -3786.198730
v -3304.751953 3780.000000 -3837.170410
v -3231.455078 3780.000000 -3897.807617
v -3166.335938 3780.000000 -3967.152344
v -3110.420898 3780.000000 -4044.112549
v -3064.592773 3780.000000 -4127.473633
v -3029.574219 3780.000000 -4215.920898
v -3005.916992 3780.000000 -4308.060547
v -2993.995117 3780.000000 -4402.437500
v -2993.995117 3780.000000 -4497.565430
v -3005.917969 3780.000000 -4591.943359
v -3029.575195 3780.000000 -4684.082031
v -3064.593750 3780.000000 -4772.529297
v -3110.421875 3780.000000 -4855.890625
v -3166.336914 3780.000000 -4932.850098
v -3231.457031 3780.000000 -5002.195312
v -3304.753906 3780.000000 -5062.832031
v -3385.073242 3780.000000 -5113.803711
v -3471.147461 3780.000000 -5154.306641
v -3561.619141 3780.000000 -5183.702148
v -3655.061523 3779.999756 -5201.527344
v -3750.000000 4320.000000 -5207.500977
v -3844.939453 4320.000000 -5201.527344
v -3938.382812 4320.000000 -5183.702148
v -4028.854492 4320.000000 -5154.306152
v -4114.928711 4320.000000 -5113.802734
v -4195.247070 4320.000000 -5062.831055
v -4268.544922 4320.000000 -5002.194336
v -4333.664062 4320.000000 -4932.849121
v -4389.578125 4320.000000 -4855.889648
v -4435.406250 4320.000000 -4772.528320
v -4470.425781 4320.000000 -4684.081055
v -4494.082031 4320.000000 -4591.941895
v -4506.004883 4320.000000 -4497.564453
v -4506.004883 4320.000000 -4402.436523
v -4494.082031 4320.000000 -4308.059082
v -4470.424805 4320.000000 -4215.919922
v -4435.406250 4320.000000 -4127.472656
v -4389.578125 4320.000000 -4044.111572
v -4333.663086 4320.000000 -3967.151855
v -4268.543945 4320.000000 -3897.806641
v -4195.247070 4320.000000 -3837.170166
v -4114.927734 4320.000000 -3786.198242
v -4028.853516 4320.000000 -3745.694824
v -3938.381836 4320.000000 -3716.298828
v -3844.939453 4320.000000 -3698.473633
v -3749.999023 4320.000000 -3692.500732
v -3655.059570 4320.000000 -3698.473877
v -3561.617188 4320.000000 -3716.299072
v -3471.144531 4320.000000 -3745.695312
v -3385.071289 4320.000000 -3786.198730
v -3304.751953 4320.000000 -3837.170898
v -3231.455078 4320.000000 -3897.807617
v -3166.335938 4320.000000 -3967.152588
v -3110.420898 4320.000000 -4044.112549
v -3064.592773 4320.000000 -4127.473633
v -3029.574219 4320.000000 -4215.920898
v -3005.916992 4320.000000 -4308.060547
v -2993.995117 4320.000000 -4402.437988
v -2993.995117 4320.000000 -4497.565430
v -3005.917969 4320.000000 -4591.943359
v -3029.575195 4320.000000 -4684.082031
v -3064.593750 4320.000000 -4772.529297
v -3110.421875 4320.000000 -4855.890625
v -3166.336914 4320.000000 -4932.850098
v -3231.457031 4320.000000 -5002.195312
v -3304.753906 4320.000000 -5062.832031
v -3385.073242 4320.000000 -5113.803711
v -3471.147461 4320.000000 -5154.306641
v -3561.619141 4320.000000 -5183.702148
v -3655.061523 4320.000000 -5201.527344
v -4650.000000 0.000059 -8906.377930
v -2850.000000 0.000059 -8906.377930
v -4650.000000 -0.000059 -9626.377930
v -2850.000000 -0.000059 -9626.377930
v -4624.444336 0.000059 -8906.377930
v -2875.555664 0.000059 -8906.377930
v -4624.445312 0.000185 -8130.888184
v -2875.555664 0.000185 -8130.888184
v -2936.944336 -0.000059 -9626.377930
v -4563.055664 -0.000059 -9626.377930
v -2936.944336 -0.000082 -9771.632812
v -4563.055664 -0.000082 -9771.632812
v -4650.000000 300.000061 -8906.377930
v -4624.444336 300.000061 -8906.377930
v -4624.445312 300.000183 -8130.888184
v -2875.555664 300.000183 -8130.888184
v -2875.555664 300.000061 -8906.377930
v -2850.000000 300.000061 -8906.377930
v -2850.000000 299.999939 -9626.377930
v -2936.944336 299.999939 -9626.377930
v -2936.944336 299.999908 -9771.632812
v -4563.055664 299.999908 -9771.632812
v -4563.055664 299.999939 -9626.377930
v -4650.000000 299.999939 -9626.377930
v -4650.000000 600.000061 -8906.377930
v -4624.444336 600.000061 -8906.377930
v -4624.445312 600.000183 -8130.888184
v -2875.555664 600.000183 -8130.888184
v -2875.555664 600.000061 -8906.377930
v -2850.000000 600.000061 -8906.377930
v -2850.000000 599.999939 -9626.377930
v -2936.944336 599.999939 -9626.377930
v -2936.944336 599.999939 -9771.632812
v -4563.055664 599.999939 -9771.632812
v -4563.055664 599.999939 -9626.377930
v -4650.000000 599.999939 -9626.377930
v -4650.000000 900.000061 -8906.377930
v -4624.444336 900.000061 -8906.377930
v -4624.445312 900.000183 -8130.888184
v -2875.555664 900.000183 -8130.888184
v -2875.555664 900.000061 -8906.377930
v -2850.000000 900.000061 -8906.377930
v -2850.000000 899.999939 -9626.377930
v -2936.944336 899.999939 -9626.377930
v -2936.944336 899.999939 -9771.632812
v -4563.055664 899.999939 -9771.632812
v -4563.055664 899.999939 -9626.377930
v -4650.000000 899.999939 -9626.377930
v -4650.000000 1200.000000 -8906.378906
v -4624.444336 1200.000000 -8906.378906
v -4624.445312 1200.000244 -8130.888184
v -2875.555664 1200.000244 -8130.888184
v -2875.555664 1200.000000 -8906.377930
v -2850.000000 1200.000000 -8906.377930
v -2850.000000 1200.000000 -9626.377930
v -2936.944336 1200.000000 -9626.377930
v -2936.944336 1199.999878 -9771.632812
v -4563.055664 1199.999878 -9771.632812
v -4563.055664 1200.000000 -9626.377930
v -4650.000000 1200.000000 -9626.377930
v -4650.000000 1500.000000 -8906.378906
v -4624.444336 1500.000000 -8906.378906
v -4624.445312 1500.000244 -8130.888184
v -2875.555664 1500.000244 -8130.888184
v -2875.555664 1500.000000 -8906.377930
v -2850.000000 1500.000000 -8906.377930
v -2850.000000 1500.000000 -9626.377930
v -2936.944336 1500.000000 -9626.377930
v -2936.944336 1499.999878 -9771.632812
v -4563.055664 1499.999878 -9771.632812
v -4563.055664 1500.000000 -9626.377930
v -4650.000000 1500.000000 -9626.377930
v 5468.250000 0.000073 550.000000
v 6981.750000 0.000073 550.000000
v 5468.250000 -0.000073 -349.999878
v 6981.750000 -0.000073 -350.000000
v 5468.250000 690.000061 549.999756
v 6981.750000 690.000061 550.000000
v 6981.750000 689.999939 -350.000000
v 5468.250000 689.999939 -350.000000
v 5468.250000 1380.000122 549.999756
v 6981.750000 1380.000122 549.999756
v 6981.750000 1379.999878 -350.000122
v 5468.250000 1379.999878 -350.000122
v 5468.250000 2070.000000 549.999756
v 6981.750000 2070.000000 549.999756
v 6981.750000 2070.000000 -350.000244
v 5468.250000 2070.000000 -350.000122
v 5468.250000 2760.000000 549.999512
v 6981.750000 2760.000000 549.999756
v 6981.750000 2760.000000 -350.000366
v 5468.250000 2760.000000 -350.000244
v 5468.250000 3450.000000 549.999512
v 6981.750000 3450.000000 549.999512
v 6981.750000 3450.000000 -350.000610
v 5468.250000 3450.000000 -350.000488
v -2036.793945 0.000085 -3990.664795
v -523.293945 0.000085 -3990.664795
v -2036.793945 -0.000085 -5040.665039
v -523.293945 -0.000085 -5040.665039
v -2036.793945 900.000061 -3990.665039
v -523.293945 900.000061 -3990.665039
v -523.293945 899.999939 -5040.665039
v -2036.793945 899.999939 -5040.665039
v -2036.793945 1800.000122 -3990.665039
v -523.293945 1800.000122 -3990.665039
v -523.293945 1799.999878 -5040.665039
v -2036.793945 1799.999878 -5040.665039
v -2036.793945 2700.000000 -3990.665283
v -523.293945 2700.000000 -3990.665283
v -523.293945 2700.000000 -5040.665039
v -2036.793945 2700.000000 -5040.665039
v -2036.793945 3600.000000 -3990.665527
v -523.293945 3600.000000 -3990.665283
v -523.293945 3600.000000 -5040.665039
v -2036.793945 3600.000000 -5040.665039
v 5575.000000 0.000110 -3824.999756
v 6925.000000 0.000110 -3825.000000
v 5575.000000 -0.000110 -5175.000000
v 6925.000000 -0.000110 -5175.000000
v 5575.000000 450.000122 -3825.000000
v 6925.000000 450.000122 -3825.000000
v 6925.000000 449.999878 -5175.000000
v 5575.000000 449.999878 -5175.000000
v 5575.000000 900.000122 -3825.000000
v 6925.000000 900.000122 -3825.000244
v 6925.000000 899.999878 -5175.000000
v 5575.000000 899.999878 -5175.000000
v 5575.000000 1350.000122 -3825.000000
v 6925.000000 1350.000122 -3825.000244
v 6925.000000 1349.999878 -5175.000488
v 5575.000000 1349.999878 -5175.000488
v 5575.000000 1800.000122 -3825.000000
v 6925.000000 1800.000122 -3825.000244
v 6925.000000 1799.999878 -5175.000488
v 5575.000000 1799.999878 -5175.000488
v 5575.000000 2250.000000 -3825.000244
v 6925.000000 2250.000000 -3825.000488
v 6925.000000 2250.000000 -5175.000488
v 5575.000000 2250.000000 -5175.000488
v 5575.000000 2700.000000 -3825.000488
v 6925.000000 2700.000000 -3825.000488
v 6925.000000 2700.000000 -5175.000488
v 5575.000000 2700.000000 -5175.000488
v 5575.000000 3150.000000 -3825.000488
v 6925.000000 3150.000000 -3825.000488
v 6925.000000 3150.000000 -5175.000488
v 5575.000000 3150.000000 -5175.000488
v 475.000000 0.000073 -1749.999878
v 1975.000000 0.000073 -1749.999878
v 475.000000 -0.000073 -2650.000000
v 1975.000000 -0.000073 -2650.000000
v 2125.000000 0.000073 -1749.999878
v 2125.000000 -0.000073 -2650.000000
v 475.000000 0.000098 -1600.000000
v 1975.000000 0.000098 -1599.999878
v 325.000000 0.000073 -1749.999878
v 325.000000 -0.000073 -2650.000000
v 475.000000 -0.000098 -2800.000000
v 1975.000000 -0.000098 -2800.000000
v 475.000000 450.000061 -1750.000000
v 475.000000 450.000092 -1600.000000
v 1975.000000 450.000092 -1600.000000
v 1975.000000 450.000061 -1750.000000
v 2125.000000 450.000061 -1750.000000
v 2125.000000 449.999939 -2650.000000
v 1975.000000 449.999939 -2650.000000
v 1975.000000 449.999908 -2800.000000
v 475.000000 449.999908 -2800.000000
v 475.000000 449.999939 -2650.000000
v 325.000000 449.999939 -2650.000000
v 325.000000 450.000061 -1750.000000
v 475.000000 900.000061 -1750.000000
v 475.000000 900.000122 -1600.000000
v 1975.000000 900.000122 -1600.000000
v 1975.000000 900.000061 -1750.000000
v 2125.000000 900.000061 -1750.000000
v 2125.000000 899.999939 -2650.000000
v 1975.000000 899.999939 -2650.000000
v 1975.000000 899.999878 -2800.000000
v 475.000000 899.999878 -2800.000000
v 475.000000 899.999939 -2650.000000
v 325.000000 899.999939 -2650.000000
v 325.000000 900.000061 -1750.000000
v 475.000000 1350.000122 -1750.000122
v 475.000000 1350.000122 -1600.000244
v 1975.000000 1350.000122 -1600.000122
v 1975.000000 1350.000122 -1750.000122
v 2125.000000 1350.000122 -1750.000122
v 2125.000000 1349.999878 -2650.000244
v 1975.000000 1349.999878 -2650.000244
v 1975.000000 1349.999878 -2800.000000
v 475.000000 1349.999878 -2800.000244
v 475.000000 1349.999878 -2650.000244
v 325.000000 1349.999878 -2650.000244
v 325.000000 1350.000122 -1750.000122
v 475.000000 1800.000122 -1750.000244
v 475.000000 1800.000122 -1600.000244
v 1975.000000 1800.000122 -1600.000244
v 1975.000000 1800.000122 -1750.000244
v 2125.000000 1800.000122 -1750.000244
v 2125.000000 1799.999878 -2650.000244
v 1975.000000 1799.999878 -2650.000244
v 1975.000000 1799.999878 -2800.000244
v 475.000000 1799.999878 -2800.000244
v 475.000000 1799.999878 -2650.000244
v 325.000000 1799.999878 -2650.000244
v 325.000000 1800.000122 -1750.000244
v 475.000000 2250.000000 -1750.000244
v 475.000000 2250.000000 -1600.000244
v 1975.000000 2250.000000 -1600.000244
v 1975.000000 2250.000000 -1750.000244
v 2125.000000 2250.000000 -1750.000244
v 2125.000000 2250.000000 -2650.000244
v 1975.000000 2250.000000 -2650.000244
v 1975.000000 2250.000000 -2800.000244
v 475.000000 2250.000000 -2800.000244
v 475.000000 2250.000000 -2650.000244
v 325.000000 2250.000000 -2650.000244
v 325.000000 2250.000000 -1750.000244
v 475.000000 2700.000000 -1750.000366
v 475.000000 2700.000000 -1600.000366
v 1975.000000 2700.000000 -1600.000244
v 1975.000000 2700.000000 -1750.000366
v 2125.000000 2700.000000 -1750.000366
v 2125.000000 2700.000000 -2650.000244
v 1975.000000 2700.000000 -2650.000244
v 1975.000000 2700.000000 -2800.000488
v 475.000000 2700.000000 -2800.000244
v 475.000000 2700.000000 -2650.000488
v 325.000000 2700.000000 -2650.000488
v 325.000000 2700.000000 -1750.000366
v 475.000000 3150.000000 -1750.000488
v 475.000000 3150.000000 -1600.000488
v 1975.000000 3150.000000 -1600.000488
v 1975.000000 3150.000000 -1750.000366
v 2125.000000 3150.000000 -1750.000366
v 2125.000000 3150.000000 -2650.000488
v 1975.000000 3150.000000 -2650.000488
v 1975.000000 3150.000000 -2800.000488
v 475.000000 3150.000000 -2800.000488
v 475.000000 3150.000000 -2650.000488
v 325.000000 3150.000000 -2650.000488
v 325.000000 3150.000000 -1750.000488
v 475.000000 3600.000000 -1750.000488
v 475.000000 3600.000000 -1600.000488
v 1975.000000 3600.000000 -1600.000488
v 1975.000000 3600.000000 -1750.000488
v 2125.000000 3600.000000 -1750.000488
v 2125.000000 3600.000000 -2650.000488
v 1975.000000 3600.000000 -2650.000488
v 1975.000000 3600.000000 -2800.000488
v 475.000000 3600.000000 -2800.000488
v 475.000000 3600.000000 -2650.000488
v 325.000000 3600.000000 -2650.000488
v 325.000000 3600.000000 -1750.000488
v 475.000000 4050.000000 -1750.000610
v 475.000000 4050.000000 -1600.000610
v 1975.000000 4050.000000 -1600.000488
v 1975.000000 4050.000000 -1750.000488
v 2125.000000 4050.000000 -1750.000488
v 2125.000000 4050.000000 -2650.000488
v 1975.000000 4050.000000 -2650.000488
v 1975.000000 4050.000000 -2800.000488
v 475.000000 4050.000000 -2800.000488
v 475.000000 4050.000000 -2650.000488
v 325.000000 4050.000000 -2650.000488
v 325.000000 4050.000000 -1750.000610
v -6750.000000 0.000122 -3738.604004
v -5250.000000 0.000122 -3738.604004
v -6750.000000 -0.000122 -5238.604004
v -5250.000000 -0.000122 -5238.604492
v -6750.000000 300.000122 -3738.604004
v -5250.000000 300.000122 -3738.604004
v -5250.000000 299.999878 -5238.604492
v -6750.000000 299.999878 -5238.604004
v -6750.000000 600.000122 -3738.604004
v -5250.000000 600.000122 -3738.604004
v -5250.000000 599.999878 -5238.604492
v -6750.000000 599.999878 -5238.604004
v -6750.000000 900.000122 -3738.604248
v -5250.000000 900.000122 -3738.604248
v -5250.000000 899.999878 -5238.604492
v -6750.000000 899.999878 -5238.604004
v -6750.000000 1200.000122 -3738.604248
v -5250.000000 1200.000122 -3738.604248
v -5250.000000 1199.999878 -5238.604492
v -6750.000000 1199.999878 -5238.604004
v -6750.000000 1500.000122 -3738.604248
v -5250.000000 1500.000122 -3738.604248
v -5250.000000 1499.999878 -5238.604492
v -6750.000000 1499.999878 -5238.604004
v -6750.000000 1800.000122 -3738.604248
v -5250.000000 1800.000122 -3738.604248
v -5250.000000 1799.999878 -5238.604492
v -6750.000000 1799.999878 -5238.604492
v -6750.000000 2100.000244 -3738.604248
v -5250.000000 2100.000244 -3738.604248
v -5250.000000 2099.999756 -5238.604492
v -6750.000000 2099.999756 -5238.604492
v -6750.000000 2400.000244 -3738.604492
v -5250.000000 2400.000244 -3738.604492
v -5250.000000 2399.999756 -5238.604492
v -6750.000000 2399.999756 -5238.604492
v -6750.000000 2700.000244 -3738.604492
v -5250.000000 2700.000244 -3738.604492
v -5250.000000 2699.999756 -5238.604492
v -6750.000000 2699.999756 -5238.604492
v -6750.000000 3000.000244 -3738.604492
v -5250.000000 3000.000244 -3738.604492
v -5250.000000 2999.999756 -5238.604492
v -6750.000000 2999.999756 -5238.604492
v 4500.000000 0.000122 -6375.000000
v 4500.000000 0.000122 -7125.000000
v 3000.000000 -0.000122 -6375.000000
v 3000.000000 -0.000122 -7125.000000
v 4500.000000 240.000122 -6375.000000
v 4500.000000 240.000122 -7125.000000
v 3000.000000 239.999878 -7125.000000
v 3000.000000 239.999878 -6375.000000
v 4500.000000 480.000122 -6375.000000
v 4500.000000 480.000122 -7125.000000
v 3000.000000 479.999878 -7125.000000
v 3000.000000 479.999878 -6375.000000
v 4500.000000 720.000122 -6375.000000
v 4500.000000 720.000122 -7125.000000
v 3000.000000 719.999878 -7125.000000
v 3000.000000 719.999878 -6375.000000
v 4500.000000 960.000122 -6375.000000
v 4500.000000 960.000122 -7125.000000
v 3000.000000 959.999878 -7125.000000
v 3000.000000 959.999878 -6375.000000
v 4500.000000 1200.000122 -6375.000000
v 4500.000000 1200.000122 -7125.000000
v 3000.000000 1199.999878 -7125.000000
v 3000.000000 1199.999878 -6375.000000
v 4500.000000 1440.000122 -6375.000000
v 4500.000000 1440.000122 -7125.000000
v 3000.000000 1439.999878 -7125.000000
v 3000.000000 1439.999878 -6375.000000
v 4500.000000 1680.000122 -6375.000000
v 4500.000000 1680.000122 -7125.000000
v 3000.000000 1679.999878 -7125.000000
v 3000.000000 1679.999878 -6375.000000
v 4500.000000 1920.000122 -6375.000000
v 4500.000000 1920.000122 -7125.000000
v 3000.000000 1919.999878 -7125.000000
v 3000.000000 1919.999878 -6375.000000
v 4500.000000 2160.000244 -6375.000000
v 4500.000000 2160.000244 -7125.000000
v 3000.000000 2159.999756 -7125.000000
v 3000.000000 2159.999756 -6375.000000
v 4500.000000 2400.000244 -6375.000000
v 4500.000000 2400.000244 -7125.000000
v 3000.000000 2399.999756 -7125.000000
v 3000.000000 2399.999756 -6375.000000
v 4499.999512 2640.000244 -6375.000000
v 4499.999512 2640.000244 -7125.000000
v 3000.000000 2639.999756 -7125.000000
v 3000.000000 2639.999756 -6375.000000
v 4499.999512 2880.000244 -6375.000000
v 4499.999512 2880.000244 -7125.000000
v 3000.000000 2879.999756 -7125.000000
v 3000.000000 2879.999756 -6375.000000
v 7000.000488 0.000122 -6375.000000
v 7000.000488 0.000122 -7125.000000
v 5500.000000 -0.000122 -6375.000000
v 5500.000000 -0.000122 -7125.000000
v 7000.000488 0.000122 -7274.999512
v 5500.000000 -0.000122 -7274.999512
v 7150.000488 0.000147 -6375.000000
v 7150.000488 0.000147 -7125.000000
v 7000.000488 0.000122 -6225.000000
v 5500.000488 -0.000122 -6225.000000
v 5350.000000 -0.000147 -6375.000000
v 5350.000000 -0.000147 -7125.000000
v 7000.000000 200.000122 -6375.000000
v 7150.000000 200.000153 -6375.000000
v 7150.000000 200.000153 -7125.000000
v 7000.000000 200.000122 -7125.000000
v 7000.000000 200.000122 -7274.999512
v 5500.000000 199.999878 -7274.999512
v 5500.000000 199.999878 -7125.000000
v 5350.000000 199.999847 -7125.000000
v 5350.000000 199.999847 -6375.000000
v 5500.000000 199.999878 -6375.000000
v 5500.000488 199.999878 -6225.000000
v 7000.000000 200.000122 -6225.000000
v 7000.000000 400.000122 -6375.000000
v 7150.000000 400.000153 -6375.000000
v 7150.000000 400.000153 -7125.000000
v 7000.000000 400.000122 -7125.000000
v 7000.000000 400.000122 -7274.999512
v 5500.000000 399.999878 -7274.999512
v 5500.000000 399.999878 -7125.000000
v 5350.000000 399.999847 -7125.000000
v 5350.000000 399.999847 -6375.000000
v 5500.000000 399.999878 -6375.000000
v 5500.000488 399.999878 -6225.000000
v 7000.000000 400.000122 -6225.000000
v 7000.000000 600.000122 -6375.000000
v 7150.000000 600.000122 -6375.000000
v 7150.000000 600.000122 -7125.000000
v 7000.000000 600.000122 -7125.000000
v 7000.000000 600.000122 -7274.999512
v 5500.000000 599.999878 -7274.999512
v 5500.000000 599.999878 -7125.000000
v 5350.000000 599.999878 -7125.000000
v 5350.000000 599.999878 -6375.000000
v 5500.000000 599.999878 -6375.000000
v 5500.000000 599.999878 -6225.000000
v 7000.000000 600.000122 -6225.000000
v 7000.000000 800.000122 -6375.000000
v 7150.000000 800.000122 -6375.000000
v 7150.000000 800.000122 -7125.000000
v 7000.000000 800.000122 -7125.000000
v 7000.000000 800.000122 -7274.999512
v 5500.000000 799.999878 -7274.999512
v 5500.000000 799.999878 -7125.000000
v 5350.000000 799.999878 -7125.000000
v 5350.000000 799.999878 -6375.000000
v 5500.000000 799.999878 -6375.000000
v 5500.000000 799.999878 -6225.000000
v 7000.000000 800.000122 -6225.000000
v 7000.000000 1000.000122 -6375.000000
v 7150.000000 1000.000122 -6375.000000
v 7150.000000 1000.000122 -7125.000000
v 7000.000000 1000.000122 -7125.000000
v 7000.000000 1000.000122 -7274.999512
v 5500.000000 999.999878 -7274.999512
v 5500.000000 999.999878 -7125.000000
v 5350.000000 999.999878 -7125.000000
v 5350.000000 999.999878 -6375.000000
v 5500.000000 999.999878 -6375.000000
v 5500.000000 999.999878 -6225.000000
v 7000.000000 1000.000122 -6225.000000
v 7000.000000 1200.000122 -6375.000000
v 7150.000000 1200.000122 -6375.000000
v 7150.000000 1200.000122 -7125.000000
v 7000.000000 1200.000122 -7125.000000
v 7000.000000 1200.000122 -7274.999512
v 5500.000000 1199.999878 -7274.999512
v 5500.000000 1199.999878 -7125.000000
v 5350.000000 1199.999878 -7125.000000
v 5350.000000 1199.999878 -6375.000000
v 5500.000000 1199.999878 -6375.000000
v 5500.000000 1199.999878 -6225.000000
v 7000.000000 1200.000122 -6225.000000
v 7000.000000 1400.000122 -6375.000000
v 7150.000000 1400.000122 -6375.000000
v 7150.000000 1400.000122 -7125.000000
v 7000.000000 1400.000122 -7125.000000
v 7000.000000 1400.000122 -7274.999512
v 5500.000000 1399.999878 -7274.999512
v 5500.000000 1399.999878 -7125.000000
v 5350.000000 1399.999878 -7125.000000
v 5350.000000 1399.999878 -6375.000000
v 5500.000000 1399.999878 -6375.000000
v 5500.000000 1399.999878 -6225.000000
v 7000.000000 1400.000122 -6225.000000
v 7000.000000 1600.000122 -6375.000000
v 7150.000000 1600.000122 -6375.000000
v 7150.000000 1600.000122 -7125.000000
v 7000.000000 1600.000122 -7125.000000
v 7000.000000 1600.000122 -7274.999512
v 5500.000000 1599.999878 -7274.999512
v 5500.000000 1599.999878 -7125.000000
v 5350.000000 1599.999878 -7125.000000
v 5350.000000 1599.999878 -6375.000000
v 5500.000000 1599.999878 -6375.000000
v 5500.000000 1599.999878 -6225.000000
v 7000.000000 1600.000122 -6225.000000
v 7000.000000 1800.000122 -6375.000000
v 7150.000000 1800.000122 -6375.000000
v 7150.000000 1800.000122 -7125.000000
v 7000.000000 1800.000122 -7125.000000
v 7000.000000 1800.000122 -7274.999512
v 5500.000000 1799.999878 -7274.999512
v 5500.000000 1799.999878 -7125.000000
v 5350.000000 1799.999878 -7125.000000
v 5350.000000 1799.999878 -6375.000000
v 5500.000000 1799.999878 -6375.000000
v 5500.000000 1799.999878 -6225.000000
v 7000.000000 1800.000122 -6225.000000
v 7000.000000 2000.000122 -6375.000000
v 7150.000000 2000.000122 -6375.000000
v 7150.000000 2000.000122 -7125.000000
v 7000.000000 2000.000122 -7125.000000
v 7000.000000 2000.000122 -7274.999512
v 5500.000000 1999.999878 -7274.999512
v 5500.000000 1999.999878 -7125.000000
v 5350.000000 1999.999878 -7125.000000
v 5350.000000 1999.999878 -6375.000000
v 5500.000000 1999.999878 -6375.000000
v 5500.000000 1999.999878 -6225.000000
v 7000.000000 2000.000122 -6225.000000
v -6750.000000 0.000114 -8300.000000
v -5750.000000 0.000114 -8300.000000
v -6750.000000 -0.000114 -9700.000000
v -5750.000000 -0.000114 -9700.000000
v -6750.000000 399.999878 -9700.000000
v -5750.000000 399.999878 -9700.000000
v -5750.000000 399.999878 -9840.000000
v -5550.000000 399.999878 -9840.000000
v -5750.000000 0.000137 -8159.999512
v -5550.000000 0.000137 -8159.999512
v -6750.000000 0.000137 -8159.999512
v -6950.000000 0.000137 -8159.999512
v -6750.000000 -0.000137 -9840.000000
v -6950.000000 -0.000137 -9840.000000
v -5750.000000 -0.000137 -9840.000000
v -5550.000000 -0.000137 -9840.000000
v -6750.000000 200.000107 -8300.000000
v -5750.000000 200.000107 -8300.000000
v -5750.000000 200.000137 -8159.999512
v -5550.000000 200.000137 -8159.999512
v -5550.000000 400.000122 -8159.999512
v -5750.000000 400.000122 -8159.999512
v -5550.000000 199.999863 -9840.000000
v -5750.000000 199.999863 -9840.000000
v -5750.000000 199.999893 -9700.000000
v -6750.000000 199.999893 -9700.000000
v -6750.000000 199.999863 -9840.000000
v -6950.000000 199.999863 -9840.000000
v -5750.000000 400.000122 -8300.000000
v -6750.000000 400.000122 -8300.000000
v -6950.000000 200.000137 -8159.999512
v -6750.000000 200.000137 -8159.999512
v -6750.000000 399.999878 -9840.000000
v -6950.000000 399.999878 -9840.000000
v -6950.000000 400.000122 -8159.999512
v -6750.000000 400.000122 -8159.999512
v -6750.000000 600.000122 -8300.000000
v -5750.000000 600.000122 -8300.000000
v -5750.000000 600.000122 -8159.999512
v -5550.000000 600.000122 -8159.999512
v -5550.000000 599.999878 -9840.000000
v -5750.000000 599.999878 -9840.000000
v -5750.000000 599.999878 -9700.000000
v -6750.000000 599.999878 -9700.000000
v -6750.000000 599.999878 -9840.000000
v -6950.000000 599.999878 -9840.000000
v -6950.000000 600.000122 -8159.999512
v -6750.000000 600.000122 -8159.999512
v -6750.000000 800.000122 -8300.000000
v -5750.000000 800.000122 -8300.000000
v -5750.000000 800.000122 -8159.999512
v -5550.000000 800.000122 -8159.999512
v -5550.000000 799.999878 -9840.000000
v -5750.000000 799.999878 -9840.000000
v -5750.000000 799.999878 -9700.000000
v -6750.000000 799.999878 -9700.000000
v -6750.000000 799.999878 -9840.000000
v -6950.000000 799.999878 -9840.000000
v -6950.000000 800.000122 -8159.999512
v -6750.000000 800.000122 -8159.999512
v -6750.000000 1000.000122 -8300.000000
v -5750.000000 1000.000122 -8300.000000
v -5750.000000 1000.000122 -8159.999512
v -5550.000000 1000.000122 -8159.999512
v -5550.000000 999.999878 -9840.000000
v -5750.000000 999.999878 -9840.000000
v -5750.000000 999.999878 -9700.000000
v -6750.000000 999.999878 -9700.000000
v -6750.000000 999.999878 -9840.000000
v -6950.000000 999.999878 -9840.000000
v -6950.000000 1000.000122 -8159.999512
v -6750.000000 1000.000122 -8159.999512
v -6750.000000 1200.000122 -8300.000000
v -5750.000000 1200.000122 -8300.000000
v -5750.000000 1200.000122 -8160.000000
v -5550.000000 1200.000122 -8160.000000
v -5550.000000 1199.999878 -9840.000000
v -5750.000000 1199.999878 -9840.000000
v -5750.000000 1199.999878 -9700.000000
v -6750.000000 1199.999878 -9700.000000
v -6750.000000 1199.999878 -9840.000000
v -6950.000000 1199.999878 -9840.000000
v -6950.000000 1200.000122 -8160.000000
v -6750.000000 1200.000122 -8160.000000
v -6750.000000 1400.000122 -8300.000000
v -5750.000000 1400.000122 -8300.000000
v -5750.000000 1400.000122 -8160.000000
v -5550.000000 1400.000122 -8160.000000
v -5550.000000 1399.999878 -9840.000000
v -5750.000000 1399.999878 -9840.000000
v -5750.000000 1399.999878 -9700.000000
v -6750.000000 1399.999878 -9700.000000
v -6750.000000 1399.999878 -9840.000000
v -6950.000000 1399.999878 -9840.000000
v -6950.000000 1400.000122 -8160.000000
v -6750.000000 1400.000122 -8160.000000
v -4500.000000 0.000061 -6374.999512
v -3000.000000 0.000061 -6374.999512
v -4500.000000 -0.000061 -7124.999512
v -3000.000000 -0.000061 -7124.999512
v -4500.000000 300.000061 -6374.999512
v -3000.000000 300.000061 -6374.999512
v -3000.000000 299.999939 -7124.999512
v -4500.000000 299.999939 -7124.999512
v -4500.000000 600.000061 -6374.999512
v -3000.000000 600.000061 -6374.999512
v -3000.000000 599.999939 -7124.999512
v -4500.000000 599.999939 -7124.999512
v -4500.000000 900.000061 -6374.999512
v -3000.000000 900.000061 -6374.999512
v -3000.000000 899.999939 -7124.999512
v -4500.000000 899.999939 -7124.999512
v -4500.000000 1200.000122 -6374.999512
v -3000.000000 1200.000122 -6374.999512
v -3000.000000 1199.999878 -7124.999512
v -4500.000000 1199.999878 -7124.999512
v -4500.000000 1500.000122 -6374.999512
v -3000.000000 1500.000122 -6374.999512
v -3000.000000 1499.999878 -7124.999512
v -4500.000000 1499.999878 -7124.999512
v -4500.000000 1800.000122 -6375.000000
v -3000.000000 1800.000122 -6374.999512
v -3000.000000 1799.999878 -7124.999512
v -4500.000000 1799.999878 -7125.000000
v -4500.000000 2100.000000 -6375.000000
v -3000.000000 2100.000000 -6375.000000
v -3000.000000 2100.000000 -7124.999512
v -4500.000000 2100.000000 -7125.000000
v -4500.000000 2400.000000 -6375.000000
v -3000.000000 2400.000000 -6375.000000
v -3000.000000 2400.000000 -7125.000000
v -4500.000000 2400.000000 -7125.000000
v -4500.000000 2700.000000 -6375.000000
v -3000.000000 2700.000000 -6375.000000
v -3000.000000 2700.000000 -7125.000000
v -4500.000000 2700.000000 -7125.000000
v -4500.000000 3000.000000 -6375.000000
v -3000.000000 3000.000000 -6375.000000
v -3000.000000 3000.000000 -7125.000000
v -4500.000000 3000.000000 -7125.000000
v -4500.000000 3300.000000 -6375.000000
v -3000.000000 3300.000000 -6375.000000
v -3000.000000 3300.000000 -7125.000000
v -4500.000000 3300.000000 -7125.000000
v -4500.000000 3600.000000 -6375.000000
v -3000.000000 3600.000000 -6375.000000
v -3000.000000 3600.000000 -7125.000000
v -4500.000000 3600.000000 -7125.000000
v -4500.000000 3900.000000 -6375.000000
v -3000.000000 3900.000000 -6375.000000
v -3000.000000 3900.000000 -7125.000000
v -4500.000000 3900.000000 -7125.000000
v 3750.000000 299.999878 -2950.000000
v 3750.000000 -0.000122 -2949.999756
v 3671.603760 -0.000122 -2945.891357
v 3594.066162 -0.000120 -2933.610596
v 3518.237305 -0.000116 -2913.292236
v 3444.947510 -0.000112 -2885.158936
v 3375.000000 -0.000106 -2849.518799
v 3309.161133 -0.000099 -2806.762695
v 3248.151855 -0.000091 -2757.358398
v 3192.641602 -0.000082 -2701.847900
v 3143.237305 -0.000072 -2640.838867
v 3100.480957 -0.000061 -2574.999756
v 3064.840820 -0.000050 -2505.052246
v 3036.707520 -0.000038 -2431.762695
v 3016.389160 -0.000025 -2355.933594
v 3004.108398 -0.000013 -2278.396240
v 3000.000000 0.000000 -2199.999756
v 3004.108398 0.000013 -2121.603516
v 3016.389160 0.000025 -2044.066040
v 3036.707520 0.000038 -1968.237061
v 3064.840820 0.000050 -1894.947388
v 3100.480957 0.000061 -1824.999878
v 3143.237305 0.000072 -1759.161011
v 3192.641113 0.000082 -1698.151978
v 3248.151855 0.000091 -1642.641357
v 3309.160645 0.000099 -1593.237305
v 3374.999512 0.000106 -1550.480957
v 3444.947021 0.000112 -1514.840942
v 3518.236816 0.000116 -1486.707642
v 3594.065674 0.000120 -1466.389404
v 3671.602783 0.000122 -1454.108398
v 3749.999023 0.000122 -1449.999878
v 3828.395508 0.000122 -1454.108398
v 3905.932861 0.000120 -1466.388916
v 3981.761719 0.000116 -1486.707153
v 4055.051270 0.000112 -1514.840332
v 4124.999023 0.000106 -1550.480225
v 4190.837891 0.000099 -1593.236328
v 4251.846680 0.000091 -1642.640259
v 4307.357422 0.000082 -1698.150757
v 4356.761719 0.000072 -1759.159668
v 4399.518066 0.000061 -1824.998413
v 4435.158203 0.000050 -1894.945801
v 4463.291992 0.000038 -1968.235352
v 4483.610352 0.000025 -2044.064209
v 4495.891113 0.000013 -2121.601562
v 4500.000000 0.000000 -2199.997803
v 4495.891602 -0.000013 -2278.394043
v 4483.611328 -0.000025 -2355.931396
v 4463.292969 -0.000038 -2431.760254
v 4435.160156 -0.000050 -2505.050049
v 4399.520508 -0.000061 -2574.997559
v 4356.764648 -0.000072 -2640.836670
v 4307.360352 -0.000082 -2701.845703
v 4251.850098 -0.000091 -2757.356689
v 4190.841309 -0.000099 -2806.760986
v 4125.002930 -0.000106 -2849.517578
v 4055.055420 -0.000112 -2885.157715
v 3981.765869 -0.000116 -2913.291260
v 3905.937012 -0.000120 -2933.609863
v 3828.399658 -0.000122 -2945.890869
v 3671.603760 299.999878 -2945.891357
v 3594.066162 299.999878 -2933.610596
v 3518.237305 299.999878 -2913.292480
v 3444.947510 299.999878 -2885.158936
v 3375.000000 299.999908 -2849.519043
v 3309.161133 299.999908 -2806.762695
v 3248.151855 299.999908 -2757.358398
v 3192.641602 299.999908 -2701.847900
v 3143.237305 299.999939 -2640.838867
v 3100.480957 299.999939 -2575.000000
v 3064.840820 299.999939 -2505.052490
v 3036.707520 299.999969 -2431.762695
v 3016.389160 299.999969 -2355.933594
v 3004.108398 300.000000 -2278.396240
v 3000.000000 300.000000 -2200.000000
v 3004.108398 300.000000 -2121.603516
v 3016.389160 300.000031 -2044.066162
v 3036.707520 300.000031 -1968.237183
v 3064.840820 300.000061 -1894.947388
v 3100.480957 300.000061 -1824.999878
v 3143.237305 300.000061 -1759.161011
v 3192.641113 300.000092 -1698.152100
v 3248.151855 300.000092 -1642.641479
v 3309.160645 300.000092 -1593.237305
v 3374.999512 300.000092 -1550.480957
v 3444.947021 300.000122 -1514.841064
v 3518.236816 300.000122 -1486.707764
v 3594.065674 300.000122 -1466.389404
v 3671.602783 300.000122 -1454.108643
v 3749.999023 300.000122 -1450.000000
v 3828.395508 300.000122 -1454.108398
v 3905.932861 300.000122 -1466.389038
v 3981.761719 300.000122 -1486.707275
v 4055.051270 300.000122 -1514.840332
v 4124.999023 300.000092 -1550.480225
v 4190.837891 300.000092 -1593.236450
v 4251.846680 300.000092 -1642.640259
v 4307.357422 300.000092 -1698.150757
v 4356.761719 300.000061 -1759.159668
v 4399.518066 300.000061 -1824.998413
v 4435.158203 300.000061 -1894.945801
v 4463.291992 300.000031 -1968.235352
v 4483.610352 300.000031 -2044.064209
v 4495.891113 300.000000 -2121.601562
v 4500.000000 300.000000 -2199.997803
v 4495.891602 300.000000 -2278.394043
v 4483.611328 299.999969 -2355.931396
v 4463.292969 299.999969 -2431.760498
v 4435.160156 299.999939 -2505.050049
v 4399.520508 299.999939 -2574.997803
v 4356.764648 299.999939 -2640.836670
v 4307.360352 299.999908 -2701.845703
v 4251.850098 299.999908 -2757.356689
v 4190.841309 299.999908 -2806.760986
v 4125.002930 299.999908 -2849.517578
v 4055.055420 299.999878 -2885.157715
v 3981.765869 299.999878 -2913.291504
v 3905.937012 299.999878 -2933.609863
v 3828.399658 299.999878 -2945.891113
v 3750.000000 599.999878 -2950.000000
v 3671.603760 599.999878 -2945.891357
v 3594.066162 599.999878 -2933.610596
v 3518.237305 599.999878 -2913.292480
v 3444.947510 599.999878 -2885.158936
v 3375.000000 599.999878 -2849.519043
v 3309.161133 599.999878 -2806.762695
v 3248.151855 599.999939 -2757.358643
v 3192.641602 599.999939 -2701.847900
v 3143.237305 599.999939 -2640.838867
v 3100.480957 599.999939 -2575.000000
v 3064.840820 599.999939 -2505.052490
v 3036.707520 599.999939 -2431.762695
v 3016.389160 600.000000 -2355.933594
v 3004.108398 600.000000 -2278.396240
v 3000.000000 600.000000 -2200.000000
v 3004.108398 600.000000 -2121.603516
v 3016.389160 600.000000 -2044.066162
v 3036.707520 600.000061 -1968.237183
v 3064.840820 600.000061 -1894.947388
v 3100.480957 600.000061 -1825.000000
v 3143.237305 600.000061 -1759.161133
v 3192.641113 600.000061 -1698.152100
v 3248.151855 600.000061 -1642.641602
v 3309.160645 600.000122 -1593.237305
v 3374.999512 600.000122 -1550.481079
v 3444.947021 600.000122 -1514.841064
v 3518.236816 600.000122 -1486.707764
v 3594.065674 600.000122 -1466.389404
v 3671.602783 600.000122 -1454.108643
v 3749.999023 600.000122 -1450.000000
v 3828.395508 600.000122 -1454.108398
v 3905.932861 600.000122 -1466.389038
v 3981.761719 600.000122 -1486.707275
v 4055.051270 600.000122 -1514.840332
v 4124.999023 600.000122 -1550.480347
v 4190.837891 600.000122 -1593.236572
v 4251.846680 600.000061 -1642.640381
v 4307.357422 600.000061 -1698.150879
v 4356.761719 600.000061 -1759.159668
v 4399.518066 600.000061 -1824.998535
v 4435.158203 600.000061 -1894.945801
v 4463.291992 600.000061 -1968.235352
v 4483.610352 600.000000 -2044.064331
v 4495.891113 600.000000 -2121.601562
v 4500.000000 600.000000 -2199.997803
v 4495.891602 600.000000 -2278.394043
v 4483.611328 600.000000 -2355.931396
v 4463.292969 599.999939 -2431.760498
v 4435.160156 599.999939 -2505.050293
v 4399.520508 599.999939 -2574.997803
v 4356.764648 599.999939 -2640.836670
v 4307.360352 599.999939 -2701.845947
v 4251.850098 599.999939 -2757.356689
v 4190.841309 599.999878 -2806.760986
v 4125.002930 599.999878 -2849.517578
v 4055.055420 599.999878 -2885.157715
v 3981.765869 599.999878 -2913.291504
v 3905.937012 599.999878 -2933.609863
v 3828.399658 599.999878 -2945.891113
v 3750.000000 899.999878 -2950.000000
v 3671.603760 899.999878 -2945.891602
v 3594.066162 899.999878 -2933.610840
v 3518.237305 899.999878 -2913.292480
v 3444.947510 899.999878 -2885.159180
v 3375.000000 899.999878 -2849.519043
v 3309.161133 899.999878 -2806.762695
v 3248.151855 899.999939 -2757.358643
v 3192.641602 899.999939 -2701.847900
v 3143.237305 899.999939 -2640.838867
v 3100.480957 899.999939 -2575.000000
v 3064.840820 899.999939 -2505.052490
v 3036.707520 899.999939 -2431.762695
v 3016.389160 900.000000 -2355.933838
v 3004.108398 900.000000 -2278.396240
v 3000.000000 900.000000 -2200.000000
v 3004.108398 900.000000 -2121.603516
v 3016.389160 900.000000 -2044.066162
v 3036.707520 900.000061 -1968.237305
v 3064.840820 900.000061 -1894.947510
v 3100.480957 900.000061 -1825.000000
v 3143.237305 900.000061 -1759.161133
v 3192.641113 900.000061 -1698.152100
v 3248.151855 900.000061 -1642.641602
v 3309.160645 900.000122 -1593.237427
v 3374.999512 900.000122 -1550.481201
v 3444.947021 900.000122 -1514.841064
v 3518.236816 900.000122 -1486.707764
v 3594.065674 900.000122 -1466.389404
v 3671.602783 900.000122 -1454.108643
v 3749.999023 900.000122 -1450.000000
v 3828.395508 900.000122 -1454.108398
v 3905.932861 900.000122 -1466.389160
v 3981.761719 900.000122 -1486.707275
v 4055.051270 900.000122 -1514.840454
v 4124.999023 900.000122 -1550.480469
v 4190.837891 900.000122 -1593.236572
v 4251.846680 900.000061 -1642.640381
v 4307.357422 900.000061 -1698.150879
v 4356.761719 900.000061 -1759.159790
v 4399.518066 900.000061 -1824.998535
v 4435.158203 900.000061 -1894.945923
v 4463.291992 900.000061 -1968.235474
v 4483.610352 900.000000 -2044.064331
v 4495.891113 900.000000 -2121.601562
v 4500.000000 900.000000 -2199.997803
v 4495.891602 900.000000 -2278.394043
v 4483.611328 900.000000 -2355.931641
v 4463.292969 899.999939 -2431.760498
v 4435.160156 899.999939 -2505.050293
v 4399.520508 899.999939 -2574.997803
v 4356.764648 899.999939 -2640.836914
v 4307.360352 899.999939 -2701.845947
v 4251.850098 899.999939 -2757.356689
v 4190.841309 899.999878 -2806.761230
v 4125.002930 899.999878 -2849.517578
v 4055.055420 899.999878 -2885.157959
v 3981.765869 899.999878 -2913.291504
v 3905.937012 899.999878 -2933.609863
v 3828.399658 899.999878 -2945.891113
v 3750.000000 1199.999878 -2950.000000
v 3671.603760 1199.999878 -2945.891602
v 3594.066162 1199.999878 -2933.610840
v 3518.237305 1199.999878 -2913.292480
v 3444.947510 1199.999878 -2885.159180
v 3375.000000 1199.999878 -2849.519043
v 3309.161133 1199.999878 -2806.762695
v 3248.151855 1199.999878 -2757.358643
v 3192.641602 1199.999878 -2701.848145
v 3143.237305 1199.999878 -2640.839111
v 3100.480957 1199.999878 -2575.000000
v 3064.840820 1200.000000 -2505.052490
v 3036.707520 1200.000000 -2431.762695
v 3016.389160 1200.000000 -2355.933838
v 3004.108398 1200.000000 -2278.396484
v 3000.000000 1200.000000 -2200.000000
v 3004.108398 1200.000000 -2121.603760
v 3016.389160 1200.000000 -2044.066284
v 3036.707520 1200.000000 -1968.237305
v 3064.840820 1200.000000 -1894.947510
v 3100.480957 1200.000122 -1825.000000
v 3143.237305 1200.000122 -1759.161133
v 3192.641113 1200.000122 -1698.152222
v 3248.151855 1200.000122 -1642.641602
v 3309.160645 1200.000122 -1593.237427
v 3374.999512 1200.000122 -1550.481201
v 3444.947021 1200.000122 -1514.841187
v 3518.236816 1200.000122 -1486.707886
v 3594.065674 1200.000122 -1466.389526
v 3671.602783 1200.000122 -1454.108643
v 3749.999023 1200.000122 -1450.000000
v 3828.395508 1200.000122 -1454.108643
v 3905.932861 1200.000122 -1466.389160
v 3981.761719 1200.000122 -1486.707397
v 4055.051270 1200.000122 -1514.840576
v 4124.999023 1200.000122 -1550.480469
v 4190.837891 1200.000122 -1593.236572
v 4251.846680 1200.000122 -1642.640381
v 4307.357422 1200.000122 -1698.150879
v 4356.761719 1200.000122 -1759.159790
v 4399.518066 1200.000122 -1824.998535
v 4435.158203 1200.000000 -1894.945923
v 4463.291992 1200.000000 -1968.235474
v 4483.610352 1200.000000 -2044.064331
v 4495.891113 1200.000000 -2121.601562
v 4500.000000 1200.000000 -2199.998047
v 4495.891602 1200.000000 -2278.394287
v 4483.611328 1200.000000 -2355.931641
v 4463.292969 1200.000000 -2431.760498
v 4435.160156 1200.000000 -2505.050293
v 4399.520508 1199.999878 -2574.997803
v 4356.764648 1199.999878 -2640.836914
v 4307.360352 1199.999878 -2701.845947
v 4251.850098 1199.999878 -2757.356934
v 4190.841309 1199.999878 -2806.761230
v 4125.002930 1199.999878 -2849.517578
v 4055.055420 1199.999878 -2885.157959
v 3981.765869 1199.999878 -2913.291504
v 3905.937012 1199.999878 -2933.610107
v 3828.399658 1199.999878 -2945.891113
v 3750.000000 1499.999878 -2950.000000
v 3671.603760 1499.999878 -2945.891602
v 3594.066162 1499.999878 -2933.610840
v 3518.237305 1499.999878 -2913.292480
v 3444.947510 1499.999878 -2885.159180
v 3375.000000 1499.999878 -2849.519043
v 3309.161133 1499.999878 -2806.762695
v 3248.151855 1499.999878 -2757.358643
v 3192.641602 1499.999878 -2701.848145
v 3143.237305 1499.999878 -2640.839111
v 3100.480957 1499.999878 -2575.000000
v 3064.840820 1500.000000 -2505.052734
v 3036.707520 1500.000000 -2431.762939
v 3016.389160 1500.000000 -2355.933838
v 3004.108398 1500.000000 -2278.396484
v 3000.000000 1500.000000 -2200.000000
v 3004.108398 1500.000000 -2121.603760
v 3016.389160 1500.000000 -2044.066284
v 3036.707520 1500.000000 -1968.237305
v 3064.840820 1500.000000 -1894.947632
v 3100.480957 1500.000122 -1825.000122
v 3143.237305 1500.000122 -1759.161133
v 3192.641113 1500.000122 -1698.152222
v 3248.151855 1500.000122 -1642.641602
v 3309.160645 1500.000122 -1593.237549
v 3374.999512 1500.000122 -1550.481201
v 3444.947021 1500.000122 -1514.841187
v 3518.236816 1500.000122 -1486.707886
v 3594.065674 1500.000122 -1466.389526
v 3671.602783 1500.000122 -1454.108643
v 3749.999023 1500.000122 -1450.000000
v 3828.395508 1500.000122 -1454.108643
v 3905.932861 1500.000122 -1466.389160
v 3981.761719 1500.000122 -1486.707397
v 4055.051270 1500.000122 -1514.840576
v 4124.999023 1500.000122 -1550.480469
v 4190.837891 1500.000122 -1593.236572
v 4251.846680 1500.000122 -1642.640503
v 4307.357422 1500.000122 -1698.151001
v 4356.761719 1500.000122 -1759.159912
v 4399.518066 1500.000122 -1824.998657
v 4435.158203 1500.000000 -1894.946045
v 4463.291992 1500.000000 -1968.235596
v 4483.610352 1500.000000 -2044.064453
v 4495.891113 1500.000000 -2121.601807
v 4500.000000 1500.000000 -2199.998047
v 4495.891602 1500.000000 -2278.394287
v 4483.611328 1500.000000 -2355.931641
v 4463.292969 1500.000000 -2431.760498
v 4435.160156 1500.000000 -2505.050293
v 4399.520508 1499.999878 -2574.997803
v 4356.764648 1499.999878 -2640.836914
v 4307.360352 1499.999878 -2701.845947
v 4251.850098 1499.999878 -2757.356934
v 4190.841309 1499.999878 -2806.761230
v 4125.002930 1499.999878 -2849.517578
v 4055.055420 1499.999878 -2885.157959
v 3981.765869 1499.999878 -2913.291504
v 3905.937012 1499.999878 -2933.610107
v 3828.399658 1499.999878 -2945.891113
v 3750.000000 1799.999878 -2950.000244
v 3671.603760 1799.999878 -2945.891602
v 3594.066162 1799.999878 -2933.610840
v 3518.237305 1799.999878 -2913.292480
v 3444.947510 1799.999878 -2885.159180
v 3375.000000 1799.999878 -2849.519043
v 3309.161133 1799.999878 -2806.762939
v 3248.151855 1799.999878 -2757.358887
v 3192.641602 1799.999878 -2701.848145
v 3143.237305 1799.999878 -2640.839111
v 3100.480957 1799.999878 -2575.000244
v 3064.840820 1800.000000 -2505.052734
v 3036.707520 1800.000000 -2431.762939
v 3016.389160 1800.000000 -2355.933838
v 3004.108398 1800.000000 -2278.396484
v 3000.000000 1800.000000 -2200.000244
v 3004.108398 1800.000000 -2121.603760
v 3016.389160 1800.000000 -2044.066406
v 3036.707520 1800.000000 -1968.237427
v 3064.840820 1800.000000 -1894.947632
v 3100.480957 1800.000122 -1825.000122
v 3143.237305 1800.000122 -1759.161255
v 3192.641113 1800.000122 -1698.152344
v 3248.151855 1800.000122 -1642.641724
v 3309.160645 1800.000122 -1593.237549
v 3374.999512 1800.000122 -1550.481201
v 3444.947021 1800.000122 -1514.841309
v 3518.236816 1800.000122 -1486.708008
v 3594.065674 1800.000122 -1466.389648
v 3671.602783 1800.000122 -1454.108765
v 3749.999023 1800.000122 -1450.000244
v 3828.395508 1800.000122 -1454.108643
v 3905.932861 1800.000122 -1466.389160
v 3981.761719 1800.000122 -1486.707520
v 4055.051270 1800.000122 -1514.840576
v 4124.999023 1800.000122 -1550.480469
v 4190.837891 1800.000122 -1593.236694
v 4251.846680 1800.000122 -1642.640625
v 4307.357422 1800.000122 -1698.151123
v 4356.761719 1800.000122 -1759.159912
v 4399.518066 1800.000122 -1824.998779
v 4435.158203 1800.000000 -1894.946045
v 4463.291992 1800.000000 -1968.235596
v 4483.610352 1800.000000 -2044.064453
v 4495.891113 1800.000000 -2121.601807
v 4500.000000 1800.000000 -2199.998047
v 4495.891602 1800.000000 -2278.394287
v 4483.611328 1800.000000 -2355.931641
v 4463.292969 1800.000000 -2431.760742
v 4435.160156 1800.000000 -2505.050293
v 4399.520508 1799.999878 -2574.998047
v 4356.764648 1799.999878 -2640.836914
v 4307.360352 1799.999878 -2701.846191
v 4251.850098 1799.999878 -2757.356934
v 4190.841309 1799.999878 -2806.761230
v 4125.002930 1799.999878 -2849.517822
v 4055.055420 1799.999878 -2885.157959
v 3981.765869 1799.999878 -2913.291504
v 3905.937012 1799.999878 -2933.610107
v 3828.399658 1799.999878 -2945.891113
v 3750.000000 2099.999756 -2950.000244
v 3671.603760 2100.000000 -2945.891602
v 3594.066162 2100.000000 -2933.610840
v 3518.237305 2100.000000 -2913.292480
v 3444.947510 2100.000000 -2885.159180
v 3375.000000 2100.000000 -2849.519287
v 3309.161133 2100.000000 -2806.762939
v 3248.151855 2100.000000 -2757.358887
v 3192.641602 2100.000000 -2701.848145
v 3143.237305 2100.000000 -2640.839111
v 3100.480957 2100.000000 -2575.000244
v 3064.840820 2100.000000 -2505.052734
v 3036.707520 2100.000000 -2431.762939
v 3016.389160 2100.000000 -2355.933838
v 3004.108398 2100.000000 -2278.396484
v 3000.000000 2100.000000 -2200.000244
v 3004.108398 2100.000000 -2121.603760
v 3016.389160 2100.000000 -2044.066406
v 3036.707520 2100.000000 -1968.237427
v 3064.840820 2100.000000 -1894.947754
v 3100.480957 2100.000000 -1825.000244
v 3143.237305 2100.000000 -1759.161377
v 3192.641113 2100.000000 -1698.152344
v 3248.151855 2100.000000 -1642.641846
v 3309.160645 2100.000000 -1593.237549
v 3374.999512 2100.000000 -1550.481323
v 3444.947021 2100.000000 -1514.841309
v 3518.236816 2100.000000 -1486.708008
v 3594.065674 2100.000000 -1466.389648
v 3671.602783 2100.000000 -1454.108765
v 3749.999023 2100.000244 -1450.000244
v 3828.395508 2100.000000 -1454.108643
v 3905.932861 2100.000000 -1466.389160
v 3981.761719 2100.000000 -1486.707520
v 4055.051270 2100.000000 -1514.840576
v 4124.999023 2100.000000 -1550.480591
v 4190.837891 2100.000000 -1593.236816
v 4251.846680 2100.000000 -1642.640625
v 4307.357422 2100.000000 -1698.151123
v 4356.761719 2100.000000 -1759.159912
v 4399.518066 2100.000000 -1824.998779
v 4435.158203 2100.000000 -1894.946045
v 4463.291992 2100.000000 -1968.235718
v 4483.610352 2100.000000 -2044.064575
v 4495.891113 2100.000000 -2121.601807
v 4500.000000 2100.000000 -2199.998047
v 4495.891602 2100.000000 -2278.394287
v 4483.611328 2100.000000 -2355.931641
v 4463.292969 2100.000000 -2431.760742
v 4435.160156 2100.000000 -2505.050537
v 4399.520508 2100.000000 -2574.998047
v 4356.764648 2100.000000 -2640.836914
v 4307.360352 2100.000000 -2701.846191
v 4251.850098 2100.000000 -2757.356934
v 4190.841309 2100.000000 -2806.761230
v 4125.002930 2100.000000 -2849.517822
v 4055.055420 2100.000000 -2885.157959
v 3981.765869 2100.000000 -2913.291504
v 3905.937012 2100.000000 -2933.610107
v 3828.399658 2100.000000 -2945.891113
v 3750.000000 2399.999756 -2950.000244
v 3671.603760 2400.000000 -2945.891602
v 3594.066162 2400.000000 -2933.610840
v 3518.237305 2400.000000 -2913.292725
v 3444.947510 2400.000000 -2885.159180
v 3375.000000 2400.000000 -2849.519287
v 3309.161133 2400.000000 -2806.762939
v 3248.151855 2400.000000 -2757.358887
v 3192.641602 2400.000000 -2701.848145
v 3143.237305 2400.000000 -2640.839355
v 3100.480957 2400.000000 -2575.000244
v 3064.840820 2400.000000 -2505.052734
v 3036.707520 2400.000000 -2431.762939
v 3016.389160 2400.000000 -2355.934082
v 3004.108398 2400.000000 -2278.396484
v 3000.000000 2400.000000 -2200.000244
v 3004.108398 2400.000000 -2121.604004
v 3016.389160 2400.000000 -2044.066406
v 3036.707520 2400.000000 -1968.237549
v 3064.840820 2400.000000 -1894.947754
v 3100.480957 2400.000000 -1825.000244
v 3143.237305 2400.000000 -1759.161377
v 3192.641113 2400.000000 -1698.152344
v 3248.151855 2400.000000 -1642.641846
v 3309.160645 2400.000000 -1593.237671
v 3374.999512 2400.000000 -1550.481323
v 3444.947021 2400.000000 -1514.841309
v 3518.236816 2400.000000 -1486.708008
v 3594.065674 2400.000000 -1466.389648
v 3671.602783 2400.000000 -1454.108887
v 3749.999023 2400.000244 -1450.000244
v 3828.395508 2400.000000 -1454.108643
v 3905.932861 2400.000000 -1466.389404
v 3981.761719 2400.000000 -1486.707520
v 4055.051270 2400.000000 -1514.840698
v 4124.999023 2400.000000 -1550.480713
v 4190.837891 2400.000000 -1593.236816
v 4251.846680 2400.000000 -1642.640625
v 4307.357422 2400.000000 -1698.151123
v 4356.761719 2400.000000 -1759.160034
v 4399.518066 2400.000000 -1824.998779
v 4435.158203 2400.000000 -1894.946167
v 4463.291992 2400.000000 -1968.235718
v 4483.610352 2400.000000 -2044.064575
v 4495.891113 2400.000000 -2121.601807
v 4500.000000 2400.000000 -2199.998047
v 4495.891602 2400.000000 -2278.394531
v 4483.611328 2400.000000 -2355.931641
v 4463.292969 2400.000000 -2431.760742
v 4435.160156 2400.000000 -2505.050537
v 4399.520508 2400.000000 -2574.998047
v 4356.764648 2400.000000 -2640.836914
v 4307.360352 2400.000000 -2701.846191
v 4251.850098 2400.000000 -2757.356934
v 4190.841309 2400.000000 -2806.761230
v 4125.002930 2400.000000 -2849.517822
v 4055.055420 2400.000000 -2885.158203
v 3981.765869 2400.000000 -2913.291748
v 3905.937012 2400.000000 -2933.610352
v 3828.399658 2400.000000 -2945.891357
v 3750.000000 2699.999756 -2950.000244
v 3671.603760 2700.000000 -2945.891846
v 3594.066162 2700.000000 -2933.611084
v 3518.237305 2700.000000 -2913.292725
v 3444.947510 2700.000000 -2885.159424
v 3375.000000 2700.000000 -2849.519287
v 3309.161133 2700.000000 -2806.762939
v 3248.151855 2700.000000 -2757.358887
v 3192.641602 2700.000000 -2701.848145
v 3143.237305 2700.000000 -2640.839355
v 3100.480957 2700.000000 -2575.000244
v 3064.840820 2700.000000 -2505.052734
v 3036.707520 2700.000000 -2431.763184
v 3016.389160 2700.000000 -2355.934082
v 3004.108398 2700.000000 -2278.396729
v 3000.000000 2700.000000 -2200.000244
v 3004.108398 2700.000000 -2121.604004
v 3016.389160 2700.000000 -2044.066528
v 3036.707520 2700.000000 -1968.237549
v 3064.840820 2700.000000 -1894.947754
v 3100.480957 2700.000000 -1825.000244
v 3143.237305 2700.000000 -1759.161377
v 3192.641113 2700.000000 -1698.152466
v 3248.151855 2700.000000 -1642.641846
v 3309.160645 2700.000000 -1593.237671
v 3374.999512 2700.000000 -1550.481445
v 3444.947021 2700.000000 -1514.841431
v 3518.236816 2700.000000 -1486.708008
v 3594.065674 2700.000000 -1466.389771
v 3671.602783 2700.000000 -1454.108887
v 3749.999023 2700.000244 -1450.000244
v 3828.395508 2700.000000 -1454.108765
v 3905.932861 2700.000000 -1466.389404
v 3981.761719 2700.000000 -1486.707642
v 4055.051270 2700.000000 -1514.840820
v 4124.999023 2700.000000 -1550.480713
v 4190.837891 2700.000000 -1593.236816
v 4251.846680 2700.000000 -1642.640625
v 4307.357422 2700.000000 -1698.151123
v 4356.761719 2700.000000 -1759.160034
v 4399.518066 2700.000000 -1824.998779
v 4435.158203 2700.000000 -1894.946167
v 4463.291992 2700.000000 -1968.235718
v 4483.610352 2700.000000 -2044.064575
v 4495.891113 2700.000000 -2121.601807
v 4500.000000 2700.000000 -2199.998291
v 4495.891602 2700.000000 -2278.394531
v 4483.611328 2700.000000 -2355.931885
v 4463.292969 2700.000000 -2431.760742
v 4435.160156 2700.000000 -2505.050537
v 4399.520508 2700.000000 -2574.998047
v 4356.764648 2700.000000 -2640.837158
v 4307.360352 2700.000000 -2701.846191
v 4251.850098 2700.000000 -2757.356934
v 4190.841309 2700.000000 -2806.761475
v 4125.002930 2700.000000 -2849.518066
v 4055.055420 2700.000000 -2885.158203
v 3981.765869 2700.000000 -2913.291748
v 3905.937012 2700.000000 -2933.610352
v 3828.399658 2700.000000 -2945.891357
v 3750.000000 2999.999756 -2950.000244
v 3671.603760 3000.000000 -2945.891846
v 3594.066162 3000.000000 -2933.611084
v 3518.237305 3000.000000 -2913.292725
v 3444.947510 3000.000000 -2885.159424
v 3375.000000 3000.000000 -2849.519287
v 3309.161133 3000.000000 -2806.763184
v 3248.151855 3000.000000 -2757.358887
v 3192.641602 3000.000000 -2701.848389
v 3143.237305 3000.000000 -2640.839355
v 3100.480957 3000.000000 -2575.000488
v 3064.840820 3000.000000 -2505.052734
v 3036.707520 3000.000000 -2431.763184
v 3016.389160 3000.000000 -2355.934082
v 3004.108398 3000.000000 -2278.396729
v 3000.000000 3000.000000 -2200.000244
v 3004.108398 3000.000000 -2121.604004
v 3016.389160 3000.000000 -2044.066528
v 3036.707520 3000.000000 -1968.237549
v 3064.840820 3000.000000 -1894.947876
v 3100.480957 3000.000000 -1825.000366
v 3143.237305 3000.000000 -1759.161499
v 3192.641113 3000.000000 -1698.152466
v 3248.151855 3000.000000 -1642.641968
v 3309.160645 3000.000000 -1593.237793
v 3374.999512 3000.000000 -1550.481445
v 3444.947021 3000.000000 -1514.841431
v 3518.236816 3000.000000 -1486.708008
v 3594.065674 3000.000000 -1466.389771
v 3671.602783 3000.000000 -1454.108887
v 3749.999023 3000.000244 -1450.000244
v 3828.395508 3000.000000 -1454.108765
v 3905.932861 3000.000000 -1466.389404
v 3981.761719 3000.000000 -1486.707642
v 4055.051270 3000.000000 -1514.840820
v 4124.999023 3000.000000 -1550.480713
v 4190.837891 3000.000000 -1593.236816
v 4251.846680 3000.000000 -1642.640747
v 4307.357422 3000.000000 -1698.151245
v 4356.761719 3000.000000 -1759.160156
v 4399.518066 3000.000000 -1824.998901
v 4435.158203 3000.000000 -1894.946289
v 4463.291992 3000.000000 -1968.235840
v 4483.610352 3000.000000 -2044.064697
v 4495.891113 3000.000000 -2121.602051
v 4500.000000 3000.000000 -2199.998291
v 4495.891602 3000.000000 -2278.394531
v 4483.611328 3000.000000 -2355.931885
v 4463.292969 3000.000000 -2431.760742
v 4435.160156 3000.000000 -2505.050537
v 4399.520508 3000.000000 -2574.998047
v 4356.764648 3000.000000 -2640.837158
v 4307.360352 3000.000000 -2701.846191
v 4251.850098 3000.000000 -2757.357178
v 4190.841309 3000.000000 -2806.761475
v 4125.002930 3000.000000 -2849.518066
v 4055.055420 3000.000000 -2885.158203
v 3981.765869 3000.000000 -2913.291748
v 3905.937012 3000.000000 -2933.610352
v 3828.399658 3000.000000 -2945.891357
v 3750.000000 3299.999756 -2950.000488
v 3671.603760 3300.000000 -2945.891846
v 3594.066162 3300.000000 -2933.611084
v 3518.237305 3300.000000 -2913.292969
v 3444.947510 3300.000000 -2885.159424
v 3375.000000 3300.000000 -2849.519531
v 3309.161133 3300.000000 -2806.763184
v 3248.151855 3300.000000 -2757.358887
v 3192.641602 3300.000000 -2701.848389
v 3143.237305 3300.000000 -2640.839355
v 3100.480957 3300.000000 -2575.000488
v 3064.840820 3300.000000 -2505.052979
v 3036.707520 3300.000000 -2431.763184
v 3016.389160 3300.000000 -2355.934082
v 3004.108398 3300.000000 -2278.396729
v 3000.000000 3300.000000 -2200.000488
v 3004.108398 3300.000000 -2121.604004
v 3016.389160 3300.000000 -2044.066650
v 3036.707520 3300.000000 -1968.237671
v 3064.840820 3300.000000 -1894.947876
v 3100.480957 3300.000000 -1825.000366
v 3143.237305 3300.000000 -1759.161499
v 3192.641113 3300.000000 -1698.152588
v 3248.151855 3300.000000 -1642.641968
v 3309.160645 3300.000000 -1593.237793
v 3374.999512 3300.000000 -1550.481445
v 3444.947021 3300.000000 -1514.841553
v 3518.236816 3300.000000 -1486.708252
v 3594.065674 3300.000000 -1466.389893
v 3671.602783 3300.000000 -1454.109009
v 3749.999023 3300.000244 -1450.000488
v 3828.395508 3300.000000 -1454.108887
v 3905.932861 3300.000000 -1466.389404
v 3981.761719 3300.000000 -1486.707764
v 4055.051270 3300.000000 -1514.840820
v 4124.999023 3300.000000 -1550.480713
v 4190.837891 3300.000000 -1593.236938
v 4251.846680 3300.000000 -1642.640869
v 4307.357422 3300.000000 -1698.151245
v 4356.761719 3300.000000 -1759.160156
v 4399.518066 3300.000000 -1824.999023
v 4435.158203 3300.000000 -1894.946289
v 4463.291992 3300.000000 -1968.235840
v 4483.610352 3300.000000 -2044.064697
v 4495.891113 3300.000000 -2121.602051
v 4500.000000 3300.000000 -2199.998291
v 4495.891602 3300.000000 -2278.394531
v 4483.611328 3300.000000 -2355.931885
v 4463.292969 3300.000000 -2431.760986
v 4435.160156 3300.000000 -2505.050537
v 4399.520508 3300.000000 -2574.998291
v 4356.764648 3300.000000 -2640.837158
v 4307.360352 3300.000000 -2701.846191
v 4251.850098 3300.000000 -2757.357178
v 4190.841309 3300.000000 -2806.761475
v 4125.002930 3300.000000 -2849.518066
v 4055.055420 3300.000000 -2885.158203
v 3981.765869 3300.000000 -2913.291992
v 3905.937012 3300.000000 -2933.610352
v 3828.399658 3300.000000 -2945.891602
v 3750.000000 3599.999756 -2950.000488
v 3671.603760 3600.000000 -2945.891846
v 3594.066162 3600.000000 -2933.611084
v 3518.237305 3600.000000 -2913.292969
v 3444.947510 3600.000000 -2885.159668
v 3375.000000 3600.000000 -2849.519531
v 3309.161133 3600.000000 -2806.763184
v 3248.151855 3600.000000 -2757.359131
v 3192.641602 3600.000000 -2701.848389
v 3143.237305 3600.000000 -2640.839355
v 3100.480957 3600.000000 -2575.000488
v 3064.840820 3600.000000 -2505.052979
v 3036.707520 3600.000000 -2431.763184
v 3016.389160 3600.000000 -2355.934326
v 3004.108398 3600.000000 -2278.396729
v 3000.000000 3600.000000 -2200.000488
v 3004.108398 3600.000000 -2121.604004
v 3016.389160 3600.000000 -2044.066650
v 3036.707520 3600.000000 -1968.237671
v 3064.840820 3600.000000 -1894.947876
v 3100.480957 3600.000000 -1825.000488
v 3143.237305 3600.000000 -1759.161621
v 3192.641113 3600.000000 -1698.152588
v 3248.151855 3600.000000 -1642.641968
v 3309.160645 3600.000000 -1593.237793
v 3374.999512 3600.000000 -1550.481567
v 3444.947021 3600.000000 -1514.841553
v 3518.236816 3600.000000 -1486.708252
v 3594.065674 3600.000000 -1466.389893
v 3671.602783 3600.000000 -1454.109131
v 3749.999023 3600.000244 -1450.000488
v 3828.395508 3600.000000 -1454.108887
v 3905.932861 3600.000000 -1466.389526
v 3981.761719 3600.000000 -1486.707764
v 4055.051270 3600.000000 -1514.840942
v 4124.999023 3600.000000 -1550.480835
v 4190.837891 3600.000000 -1593.236938
v 4251.846680 3600.000000 -1642.640869
v 4307.357422 3600.000000 -1698.151367
v 4356.761719 3600.000000 -1759.160156
v 4399.518066 3600.000000 -1824.999023
v 4435.158203 3600.000000 -1894.946289
v 4463.291992 3600.000000 -1968.235840
v 4483.610352 3600.000000 -2044.064819
v 4495.891113 3600.000000 -2121.602051
v 4500.000000 3600.000000 -2199.998291
v 4495.891602 3600.000000 -2278.394531
v 4483.611328 3600.000000 -2355.931885
v 4463.292969 3600.000000 -2431.760986
v 4435.160156 3600.000000 -2505.050781
v 4399.520508 3600.000000 -2574.998291
v 4356.764648 3600.000000 -2640.837158
v 4307.360352 3600.000000 -2701.846436
v 4251.850098 3600.000000 -2757.357178
v 4190.841309 3600.000000 -2806.761475
v 4125.002930 3600.000000 -2849.518066
v 4055.055420 3600.000000 -2885.158203
v 3981.765869 3600.000000 -2913.291992
v 3905.937012 3600.000000 -2933.610352
v 3828.399658 3600.000000 -2945.891602
v 3750.000000 3899.999756 -2950.000488
v 3671.603760 3900.000000 -2945.891846
v 3594.066162 3900.000000 -2933.611084
v 3518.237305 3900.000000 -2913.292969
v 3444.947510 3900.000000 -2885.159668
v 3375.000000 3900.000000 -2849.519531
v 3309.161133 3900.000000 -2806.763184
v 3248.151855 3900.000000 -2757.359131
v 3192.641602 3900.000000 -2701.848389
v 3143.237305 3900.000000 -2640.839355
v 3100.480957 3900.000000 -2575.000488
v 3064.840820 3900.000000 -2505.052979
v 3036.707520 3900.000000 -2431.763184
v 3016.389160 3900.000000 -2355.934326
v 3004.108398 3900.000000 -2278.396729
v 3000.000000 3900.000000 -2200.000488
v 3004.108398 3900.000000 -2121.604004
v 3016.389160 3900.000000 -2044.066650
v 3036.707520 3900.000000 -1968.237793
v 3064.840820 3900.000000 -1894.947998
v 3100.480957 3900.000000 -1825.000488
v 3143.237305 3900.000000 -1759.161621
v 3192.641113 3900.000000 -1698.152588
v 3248.151855 3900.000000 -1642.642090
v 3309.160645 3900.000000 -1593.237793
v 3374.999512 3900.000000 -1550.481567
v 3444.947021 3900.000000 -1514.841553
v 3518.236816 3900.000000 -1486.708252
v 3594.065674 3900.000000 -1466.389893
v 3671.602783 3900.000000 -1454.109131
v 3749.999023 3900.000244 -1450.000488
v 3828.395508 3900.000000 -1454.108887
v 3905.932861 3900.000000 -1466.389526
v 3981.761719 3900.000000 -1486.707764
v 4055.051270 3900.000000 -1514.840942
v 4124.999023 3900.000000 -1550.480957
v 4190.837891 3900.000000 -1593.237061
v 4251.846680 3900.000000 -1642.640869
v 4307.357422 3900.000000 -1698.151367
v 4356.761719 3900.000000 -1759.160156
v 4399.518066 3900.000000 -1824.999023
v 4435.158203 3900.000000 -1894.946411
v 4463.291992 3900.000000 -1968.235962
v 4483.610352 3900.000000 -2044.064819
v 4495.891113 3900.000000 -2121.602051
v 4500.000000 3900.000000 -2199.998291
v 4495.891602 3900.000000 -2278.394531
v 4483.611328 3900.000000 -2355.932129
v 4463.292969 3900.000000 -2431.760986
v 4435.160156 3900.000000 -2505.050781
v 4399.520508 3900.000000 -2574.998291
v 4356.764648 3900.000000 -2640.837158
v 4307.360352 3900.000000 -2701.846436
v 4251.850098 3900.000000 -2757.357178
v 4190.841309 3900.000000 -2806.761719
v 4125.002930 3900.000000 -2849.518066
v 4055.055420 3900.000000 -2885.158203
v 3981.765869 3900.000000 -2913.291992
v 3905.937012 3900.000000 -2933.610352
v 3828.399658 3900.000000 -2945.891602
v 3750.000000 4200.000000 -2950.000488
v 3671.603760 4200.000000 -2945.892090
v 3594.066162 4200.000000 -2933.611328
v 3518.237305 4200.000000 -2913.292969
v 3444.947510 4200.000000 -2885.159668
v 3375.000000 4200.000000 -2849.519531
v 3309.161133 4200.000000 -2806.763184
v 3248.151855 4200.000000 -2757.359131
v 3192.641602 4200.000000 -2701.848633
v 3143.237305 4200.000000 -2640.839600
v 3100.480957 4200.000000 -2575.000488
v 3064.840820 4200.000000 -2505.052979
v 3036.707520 4200.000000 -2431.763184
v 3016.389160 4200.000000 -2355.934326
v 3004.108398 4200.000000 -2278.396973
v 3000.000000 4200.000000 -2200.000488
v 3004.108398 4200.000000 -2121.604248
v 3016.389160 4200.000000 -2044.066772
v 3036.707520 4200.000000 -1968.237793
v 3064.840820 4200.000000 -1894.947998
v 3100.480957 4200.000000 -1825.000488
v 3143.237305 4200.000000 -1759.161621
v 3192.641113 4200.000000 -1698.152710
v 3248.151855 4200.000000 -1642.642090
v 3309.160645 4200.000000 -1593.238037
v 3374.999512 4200.000000 -1550.481689
v 3444.947021 4200.000000 -1514.841675
v 3518.236816 4200.000000 -1486.708252
v 3594.065674 4200.000000 -1466.390015
v 3671.602783 4200.000000 -1454.109131
v 3749.999023 4200.000000 -1450.000488
v 3828.395508 4200.000000 -1454.109009
v 3905.932861 4200.000000 -1466.389648
v 3981.761719 4200.000000 -1486.707886
v 4055.051270 4200.000000 -1514.841064
v 4124.999023 4200.000000 -1550.480957
v 4190.837891 4200.000000 -1593.237061
v 4251.846680 4200.000000 -1642.640991
v 4307.357422 4200.000000 -1698.151489
v 4356.761719 4200.000000 -1759.160278
v 4399.518066 4200.000000 -1824.999146
v 4435.158203 4200.000000 -1894.946411
v 4463.291992 4200.000000 -1968.235962
v 4483.610352 4200.000000 -2044.064819
v 4495.891113 4200.000000 -2121.602051
v 4500.000000 4200.000000 -2199.998535
v 4495.891602 4200.000000 -2278.394775
v 4483.611328 4200.000000 -2355.932129
v 4463.292969 4200.000000 -2431.760986
v 4435.160156 4200.000000 -2505.050781
v 4399.520508 4200.000000 -2574.998291
v 4356.764648 4200.000000 -2640.837402
v 4307.360352 4200.000000 -2701.846436
v 4251.850098 4200.000000 -2757.357422
v 4190.841309 4200.000000 -2806.761719
v 4125.002930 4200.000000 -2849.518066
v 4055.055420 4200.000000 -2885.158447
v 3981.765869 4200.000000 -2913.291992
v 3905.937012 4200.000000 -2933.610596
v 3828.399658 4200.000000 -2945.891602
v 3750.000000 4500.000000 -2950.000488
v 3671.603760 4500.000000 -2945.892090
v 3594.066162 4500.000000 -2933.611328
v 3518.237305 4500.000000 -2913.292969
v 3444.947510 4500.000000 -2885.159668
v 3375.000000 4500.000000 -2849.519531
v 3309.161133 4500.000000 -2806.763428
v 3248.151855 4500.000000 -2757.359131
v 3192.641602 4500.000000 -2701.848633
v 3143.237305 4500.000000 -2640.839600
v 3100.480957 4500.000000 -2575.000488
v 3064.840820 4500.000000 -2505.053223
v 3036.707520 4500.000000 -2431.763428
v 3016.389160 4500.000000 -2355.934326
v 3004.108398 4500.000000 -2278.396973
v 3000.000000 4500.000000 -2200.000488
v 3004.108398 4500.000000 -2121.604248
v 3016.389160 4500.000000 -2044.066772
v 3036.707520 4500.000000 -1968.237793
v 3064.840820 4500.000000 -1894.948120
v 3100.480957 4500.000000 -1825.000610
v 3143.237305 4500.000000 -1759.161743
v 3192.641113 4500.000000 -1698.152710
v 3248.151855 4500.000000 -1642.642090
v 3309.160645 4500.000000 -1593.238037
v 3374.999512 4500.000000 -1550.481689
v 3444.947021 4500.000000 -1514.841675
v 3518.236816 4500.000000 -1486.708252
v 3594.065674 4500.000000 -1466.390015
v 3671.602783 4500.000000 -1454.109131
v 3749.999023 4500.000000 -1450.000488
v 3828.395508 4500.000000 -1454.109009
v 3905.932861 4500.000000 -1466.389648
v 3981.761719 4500.000000 -1486.707886
v 4055.051270 4500.000000 -1514.841064
v 4124.999023 4500.000000 -1550.480957
v 4190.837891 4500.000000 -1593.237061
v 4251.846680 4500.000000 -1642.640991
v 4307.357422 4500.000000 -1698.151489
v 4356.761719 4500.000000 -1759.160400
v 4399.518066 4500.000000 -1824.999146
v 4435.158203 4500.000000 -1894.946533
v 4463.291992 4500.000000 -1968.236084
v 4483.610352 4500.000000 -2044.064941
v 4495.891113 4500.000000 -2121.602295
v 4500.000000 4500.000000 -2199.998535
v 4495.891602 4500.000000 -2278.394775
v 4483.611328 4500.000000 -2355.932129
v 4463.292969 4500.000000 -2431.760986
v 4435.160156 4500.000000 -2505.050781
v 4399.520508 4500.000000 -2574.998535
v 4356.764648 4500.000000 -2640.837402
v 4307.360352 4500.000000 -2701.846680
v 4251.850098 4500.000000 -2757.357422
v 4190.841309 4500.000000 -2806.761719
v 4125.002930 4500.000000 -2849.518311
v 4055.055420 4500.000000 -2885.158447
v 3981.765869 4500.000000 -2913.291992
v 3905.937012 4500.000000 -2933.610596
v 3828.399658 4500.000000 -2945.891602
v 5500.000000 0.000061 -8625.000000
v 7000.000000 0.000061 -8625.000000
v 5500.000000 -0.000061 -9375.000000
v 7000.000000 -0.000061 -9375.000000
v 7150.000000 0.000061 -8625.000000
v 7150.000000 -0.000061 -9375.000000
v 5500.000000 0.000085 -8475.000000
v 7000.000000 0.000085 -8475.000000
v 5350.000000 0.000061 -8625.000000
v 5350.000000 -0.000061 -9375.000000
v 5500.000000 -0.000085 -9525.000000
v 7000.000000 -0.000085 -9525.000000
v 5500.000000 300.000061 -8625.000000
v 5500.000000 300.000092 -8475.000000
v 7000.000000 300.000092 -8475.000000
v 7000.000000 300.000061 -8625.000000
v 7150.000000 300.000061 -8625.000000
v 7150.000000 299.999939 -9375.000000
v 7000.000000 299.999939 -9375.000000
v 7000.000000 299.999908 -9525.000000
v 5500.000000 299.999908 -9525.000000
v 5500.000000 299.999939 -9375.000000
v 5350.000000 299.999939 -9375.000000
v 5350.000000 300.000061 -8625.000000
v 5500.000000 600.000061 -8625.000000
v 5500.000000 600.000061 -8475.000000
v 7000.000000 600.000061 -8475.000000
v 7000.000000 600.000061 -8625.000000
v 7150.000000 600.000061 -8625.000000
v 7150.000000 599.999939 -9375.000000
v 7000.000000 599.999939 -9375.000000
v 7000.000000 599.999939 -9525.000000
v 5500.000000 599.999939 -9525.000000
v 5500.000000 599.999939 -9375.000000
v 5350.000000 599.999939 -9375.000000
v 5350.000000 600.000061 -8625.000000
v 5500.000000 900.000061 -8625.000000
v 5500.000000 900.000061 -8475.000000
v 7000.000000 900.000061 -8475.000000
v 7000.000000 900.000061 -8625.000000
v 7150.000000 900.000061 -8625.000000
v 7150.000000 899.999939 -9375.000000
v 7000.000000 899.999939 -9375.000000
v 7000.000000 899.999939 -9525.000000
v 5500.000000 899.999939 -9525.000000
v 5500.000000 899.999939 -9375.000000
v 5350.000000 899.999939 -9375.000000
v 5350.000000 900.000061 -8625.000000
v 5500.000000 1200.000122 -8625.000000
v 5500.000000 1200.000122 -8475.000000
v 7000.000000 1200.000122 -8475.000000
v 7000.000000 1200.000122 -8625.000000
v 7150.000000 1200.000122 -8625.000000
v 7150.000000 1199.999878 -9375.000000
v 7000.000000 1199.999878 -9375.000000
v 7000.000000 1199.999878 -9525.000000
v 5500.000000 1199.999878 -9525.000000
v 5500.000000 1199.999878 -9375.000000
v 5350.000000 1199.999878 -9375.000000
v 5350.000000 1200.000122 -8625.000000
v 5500.000000 1500.000122 -8625.000000
v 5500.000000 1500.000122 -8475.000000
v 7000.000000 1500.000122 -8475.000000
v 7000.000000 1500.000122 -8625.000000
v 7150.000000 1500.000122 -8625.000000
v 7150.000000 1499.999878 -9375.000000
v 7000.000000 1499.999878 -9375.000000
v 7000.000000 1499.999878 -9525.000000
v 5500.000000 1499.999878 -9525.000000
v 5500.000000 1499.999878 -9375.000000
v 5350.000000 1499.999878 -9375.000000
v 5350.000000 1500.000122 -8625.000000
v -1825.000000 0.000106 -8350.000000
v -775.000000 0.000106 -8350.000000
v -1825.000000 -0.000106 -9650.000000
v -775.000000 -0.000106 -9650.000000
v -625.000488 0.000106 -8350.000000
v -625.000488 -0.000106 -9650.000000
v -1825.000000 0.000127 -8220.000000
v -775.000000 0.000127 -8220.000000
v -1975.000000 0.000106 -8350.000000
v -1975.000000 -0.000106 -9650.000000
v -1825.000000 -0.000127 -9780.000000
v -775.000000 -0.000127 -9780.000000
v -1825.000000 300.000092 -8350.000000
v -1825.000000 300.000122 -8220.000000
v -775.000000 300.000122 -8220.000000
v -775.000000 300.000092 -8350.000000
v -625.000488 300.000092 -8350.000000
v -625.000488 299.999908 -9650.000000
v -775.000000 299.999908 -9650.000000
v -775.000000 299.999878 -9780.000000
v -1825.000000 299.999878 -9780.000000
v -1825.000000 299.999908 -9650.000000
v -1975.000000 299.999908 -9650.000000
v -1975.000000 300.000092 -8350.000000
v -1825.000000 600.000122 -8350.000000
v -1825.000000 600.000122 -8220.000000
v -775.000000 600.000122 -8220.000000
v -775.000000 600.000122 -8350.000000
v -625.000488 600.000122 -8350.000000
v -625.000488 599.999878 -9650.000000
v -775.000000 599.999878 -9650.000000
v -775.000000 599.999878 -9780.000000
v -1825.000000 599.999878 -9780.000000
v -1825.000000 599.999878 -9650.000000
v -1975.000000 599.999878 -9650.000000
v -1975.000000 600.000122 -8350.000000
v -1825.000000 900.000122 -8350.000000
v -1825.000000 900.000122 -8220.000000
v -775.000000 900.000122 -8220.000000
v -775.000000 900.000122 -8350.000000
v -625.000488 900.000122 -8350.000000
v -625.000488 899.999878 -9650.000000
v -775.000000 899.999878 -9650.000000
v -775.000000 899.999878 -9780.000000
v -1825.000000 899.999878 -9780.000000
v -1825.000000 899.999878 -9650.000000
v -1975.000000 899.999878 -9650.000000
v -1975.000000 900.000122 -8350.000000
v -1825.000000 1200.000122 -8350.000000
v -1825.000000 1200.000122 -8220.000000
v -775.000000 1200.000122 -8220.000000
v -775.000000 1200.000122 -8350.000000
v -625.000488 1200.000122 -8350.000000
v -625.000488 1199.999878 -9650.000000
v -775.000000 1199.999878 -9650.000000
v -775.000000 1199.999878 -9780.000000
v -1825.000000 1199.999878 -9780.000000
v -1825.000000 1199.999878 -9650.000000
v -1975.000000 1199.999878 -9650.000000
v -1975.000000 1200.000122 -8350.000000
v -1825.000000 1500.000122 -8350.000000
v -1825.000000 1500.000122 -8220.000000
v -775.000000 1500.000122 -8220.000000
v -775.000000 1500.000122 -8350.000000
v -625.000488 1500.000122 -8350.000000
v -625.000488 1499.999878 -9650.000000
v -775.000000 1499.999878 -9650.000000
v -775.000000 1499.999878 -9780.000000
v -1825.000000 1499.999878 -9780.000000
v -1825.000000 1499.999878 -9650.000000
v -1975.000000 1499.999878 -9650.000000
v -1975.000000 1500.000122 -8350.000000
v -1825.000000 1800.000122 -8350.000000
v -1825.000000 1800.000122 -8220.000000
v -775.000000 1800.000122 -8220.000000
v -775.000000 1800.000122 -8350.000000
v -625.000488 1800.000122 -8350.000000
v -625.000488 1799.999878 -9650.000000
v -775.000000 1799.999878 -9650.000000
v -775.000000 1799.999878 -9780.000000
v -1825.000000 1799.999878 -9780.000000
v -1825.000000 1799.999878 -9650.000000
v -1975.000000 1799.999878 -9650.000000
v -1975.000000 1800.000122 -8350.000000
v 8175.000000 0.000102 -8375.000000
v 9225.000000 0.000102 -8375.000000
v 8174.999512 -0.000102 -9625.000000
v 9225.000000 -0.000102 -9625.000000
v 9375.000000 0.000102 -8375.000000
v 9375.000000 -0.000102 -9625.000000
v 8174.999512 0.000122 -8250.000000
v 9225.000000 0.000122 -8250.000000
v 8025.000000 0.000102 -8375.000000
v 8024.999512 -0.000102 -9625.000000
v 8175.000000 -0.000122 -9750.000000
v 9225.000000 -0.000122 -9750.000000
v 8175.000000 250.000107 -8375.000000
v 8174.999512 250.000122 -8250.000000
v 9225.000000 250.000122 -8250.000000
v 9225.000000 250.000107 -8375.000000
v 9375.000000 250.000107 -8375.000000
v 9375.000000 249.999893 -9625.000000
v 9225.000000 249.999893 -9625.000000
v 9225.000000 249.999878 -9750.000000
v 8175.000000 249.999878 -9750.000000
v 8174.999512 249.999893 -9625.000000
v 8024.999512 249.999893 -9625.000000
v 8025.000000 250.000107 -8375.000000
v 8175.000000 500.000092 -8375.000000
v 8174.999512 500.000122 -8250.000000
v 9225.000000 500.000122 -8250.000000
v 9225.000000 500.000092 -8375.000000
v 9375.000000 500.000092 -8375.000000
v 9375.000000 499.999908 -9625.000000
v 9225.000000 499.999908 -9625.000000
v 9225.000000 499.999878 -9750.000000
v 8175.000000 499.999878 -9750.000000
v 8174.999512 499.999908 -9625.000000
v 8024.999512 499.999908 -9625.000000
v 8025.000000 500.000092 -8375.000000
v 8175.000000 750.000122 -8375.000000
v 8174.999512 750.000122 -8250.000000
v 9225.000000 750.000122 -8250.000000
v 9225.000000 750.000122 -8375.000000
v 9375.000000 750.000122 -8375.000000
v 9375.000000 749.999878 -9625.000000
v 9225.000000 749.999878 -9625.000000
v 9225.000000 749.999878 -9750.000000
v 8175.000000 749.999878 -9750.000000
v 8174.999512 749.999878 -9625.000000
v 8024.999512 749.999878 -9625.000000
v 8025.000000 750.000122 -8375.000000
v 4500.000000 0.000122 -8475.000000
v 4500.000000 0.000122 -9525.000000
v 3000.000000 -0.000122 -8475.000000
v 3000.000000 -0.000122 -9525.000000
v 3000.000000 399.999878 -8475.000000
v 3000.000000 399.999878 -9525.000000
v 2850.000000 399.999847 -9525.000000
v 2850.000000 399.999847 -9675.000000
v 4650.000000 0.000147 -9525.000000
v 4650.000000 0.000147 -9675.000000
v 4650.000000 0.000147 -8475.000000
v 4650.000000 0.000147 -8325.000000
v 2850.000000 -0.000147 -8475.000000
v 2850.000000 -0.000147 -8325.000000
v 2850.000000 -0.000147 -9525.000000
v 2850.000000 -0.000147 -9675.000000
v 4500.000000 200.000122 -8475.000000
v 4500.000000 200.000122 -9525.000000
v 4650.000000 200.000153 -9525.000000
v 4650.000000 200.000153 -9675.000000
v 4650.000000 400.000153 -9675.000000
v 4650.000000 400.000153 -9525.000000
v 2850.000000 199.999847 -9675.000000
v 2850.000000 199.999847 -9525.000000
v 3000.000000 199.999878 -9525.000000
v 3000.000000 199.999878 -8475.000000
v 2850.000000 199.999847 -8475.000000
v 2850.000000 199.999847 -8325.000000
v 4500.000000 400.000122 -9525.000000
v 4500.000000 400.000122 -8475.000000
v 4650.000000 200.000153 -8325.000000
v 4650.000000 200.000153 -8475.000000
v 2850.000000 399.999847 -8475.000000
v 2850.000000 399.999847 -8325.000000
v 4650.000000 400.000153 -8325.000000
v 4650.000000 400.000153 -8475.000000
v 4500.000000 600.000122 -8475.000000
v 4500.000000 600.000122 -9525.000000
v 4650.000000 600.000122 -9525.000000
v 4650.000000 600.000122 -9675.000000
v 2850.000000 599.999878 -9675.000000
v 2850.000000 599.999878 -9525.000000
v 3000.000000 599.999878 -9525.000000
v 3000.000000 599.999878 -8475.000000
v 2850.000000 599.999878 -8475.000000
v 2850.000000 599.999878 -8325.000000
v 4650.000000 600.000122 -8325.000000
v 4650.000000 600.000122 -8475.000000
v 4500.000000 800.000122 -8475.000000
v 4500.000000 800.000122 -9525.000000
v 4650.000000 800.000122 -9525.000000
v 4650.000000 800.000122 -9675.000000
v 2850.000000 799.999878 -9675.000000
v 2850.000000 799.999878 -9525.000000
v 3000.000000 799.999878 -9525.000000
v 3000.000000 799.999878 -8475.000000
v 2850.000000 799.999878 -8475.000000
v 2850.000000 799.999878 -8325.000000
v 4650.000000 800.000122 -8325.000000
v 4650.000000 800.000122 -8475.000000
v 4500.000000 1000.000122 -8475.000000
v 4500.000000 1000.000122 -9525.000000
v 4650.000000 1000.000122 -9525.000000
v 4650.000000 1000.000122 -9675.000000
v 2850.000000 999.999878 -9675.000000
v 2850.000000 999.999878 -9525.000000
v 3000.000000 999.999878 -9525.000000
v 3000.000000 999.999878 -8475.000000
v 2850.000000 999.999878 -8475.000000
v 2850.000000 999.999878 -8325.000000
v 4650.000000 1000.000122 -8325.000000
v 4650.000000 1000.000122 -8475.000000
v -6678.482422 -72.153381 -4000.000000
v -6678.482422 -72.153381 -5000.000000
v -7278.482422 -72.153473 -4000.000000
v -7278.482422 -72.153473 -5000.000000
v -6678.482422 227.846634 -4000.000000
v -6678.482422 227.846634 -5000.000000
v -7278.482422 227.846512 -5000.000000
v -7278.482422 227.846512 -4000.000000
v -6678.482422 527.846619 -4000.000000
v -6678.482422 527.846619 -5000.000000
v -7278.482422 527.846497 -5000.000000
v -7278.482422 527.846497 -4000.000000
v -6678.482422 827.846619 -4000.000000
v -6678.482422 827.846619 -5000.000000
v -7278.482422 827.846497 -5000.000000
v -7278.482422 827.846497 -4000.000000
v -6678.482422 1127.846558 -4000.000000
v -6678.482422 1127.846558 -5000.000000
v -7278.482422 1127.846558 -5000.000000
v -7278.482422 1127.846558 -4000.000000
v -6678.482422 1427.846558 -4000.000000
v -6678.482422 1427.846558 -5000.000000
v -7278.482422 1427.846558 -5000.000000
v -7278.482422 1427.846558 -4000.000000
v -1975.000000 0.000073 -1749.999756
v -475.000000 0.000073 -1749.999756
v -1975.000000 -0.000073 -2649.999756
v -475.000000 -0.000073 -2649.999756
v -1975.000000 240.000076 -1749.999756
v -475.000000 240.000076 -1749.999878
v -475.000000 239.999924 -2650.000000
v -1975.000000 239.999924 -2649.999756
v -1975.000000 480.000061 -1749.999878
v -475.000000 480.000061 -1749.999878
v -475.000000 479.999939 -2650.000000
v -1975.000000 479.999939 -2650.000000
v -1975.000000 720.000061 -1749.999878
v -475.000000 720.000061 -1749.999878
v -475.000000 719.999939 -2650.000000
v -1975.000000 719.999939 -2650.000000
v -1975.000000 960.000061 -1750.000000
v -475.000000 960.000061 -1750.000000
v -475.000000 959.999939 -2650.000000
v -1975.000000 959.999939 -2650.000000
v -1975.000000 1200.000122 -1750.000000
v -475.000000 1200.000122 -1750.000000
v -475.000000 1199.999878 -2650.000000
v -1975.000000 1199.999878 -2650.000000
v -1975.000000 1440.000122 -1750.000000
v -475.000000 1440.000122 -1750.000000
v -475.000000 1439.999878 -2650.000000
v -1975.000000 1439.999878 -2650.000000
v -1975.000000 1680.000122 -1750.000000
v -475.000000 1680.000122 -1750.000000
v -475.000000 1679.999878 -2650.000000
v -1975.000000 1679.999878 -2650.000000
v -1975.000000 1920.000122 -1750.000122
v -475.000000 1920.000122 -1750.000122
v -475.000000 1919.999878 -2650.000244
v -1975.000000 1919.999878 -2650.000000
v -1975.000000 2160.000000 -1750.000122
v -475.000000 2160.000000 -1750.000122
v -475.000000 2160.000000 -2650.000244
v -1975.000000 2160.000000 -2650.000244
v -1975.000000 2400.000000 -1750.000244
v -475.000000 2400.000000 -1750.000244
v -475.000000 2400.000000 -2650.000244
v -1975.000000 2400.000000 -2650.000244
v -1975.000000 2640.000000 -1750.000244
v -475.000000 2640.000000 -1750.000244
v -475.000000 2640.000000 -2650.000244
v -1975.000000 2640.000000 -2650.000244
v -1975.000000 2880.000000 -1750.000244
v -475.000000 2880.000000 -1750.000244
v -475.000000 2880.000000 -2650.000244
v -1975.000000 2880.000000 -2650.000244
v -1975.000000 3120.000000 -1750.000244
v -475.000000 3120.000000 -1750.000244
v -475.000000 3120.000000 -2650.000244
v -1975.000000 3120.000000 -2650.000244
v -1975.000000 3360.000000 -1750.000366
v -475.000000 3360.000000 -1750.000366
v -475.000000 3360.000000 -2650.000488
v -1975.000000 3360.000000 -2650.000488
v -1975.000000 3600.000000 -1750.000366
v -475.000000 3600.000000 -1750.000366
v -475.000000 3600.000000 -2650.000488
v -1975.000000 3600.000000 -2650.000488
v -1975.000000 3840.000000 -1750.000366
v -475.000000 3840.000000 -1750.000488
v -475.000000 3840.000000 -2650.000488
v -1975.000000 3840.000000 -2650.000488
v -1975.000000 4080.000000 -1750.000488
v -475.000000 4080.000000 -1750.000488
v -475.000000 4080.000000 -2650.000488
v -1975.000000 4080.000000 -2650.000488
v -1975.000000 4320.000000 -1750.000488
v -475.000000 4320.000000 -1750.000488
v -475.000000 4320.000000 -2650.000488
v -1975.000000 4320.000000 -2650.000488
v -1975.000000 4560.000000 -1750.000488
v -475.000000 4560.000000 -1750.000488
v -475.000000 4560.000000 -2650.000488
v -1975.000000 4560.000000 -2650.000488
v -1975.000000 4800.000000 -1750.000610
v -475.000000 4800.000000 -1750.000610
v -475.000000 4800.000000 -2650.000488
v -1975.000000 4800.000000 -2650.000488
v -1975.000000 5040.000000 -1750.000610
v -475.000000 5040.000000 -1750.000610
v -475.000000 5040.000000 -2650.000732
v -1975.000000 5040.000000 -2650.000732
v -1975.000000 5280.000000 -1750.000610
v -475.000000 5280.000000 -1750.000732
v -475.000000 5280.000000 -2650.000732
v -1975.000000 5280.000000 -2650.000732
v -4500.000000 0.000122 850.000244
v -3000.000000 0.000122 850.000244
v -4500.000000 -0.000122 -650.000000
v -3000.000000 -0.000122 -650.000000
v -4500.000000 300.000122 850.000244
v -3000.000000 300.000122 850.000244
v -3000.000000 299.999878 -650.000000
v -4500.000000 299.999878 -650.000000
v -4500.000000 600.000122 850.000244
v -3000.000000 600.000122 850.000244
v -3000.000000 599.999878 -650.000000
v -4500.000000 599.999878 -650.000000
v -4500.000000 900.000122 849.999756
v -3000.000000 900.000122 849.999756
v -3000.000000 899.999878 -650.000000
v -4500.000000 899.999878 -650.000000
v -4500.000000 1200.000122 849.999756
v -3000.000000 1200.000122 849.999756
v -3000.000000 1199.999878 -650.000122
v -4500.000000 1199.999878 -650.000122
v -4500.000000 1500.000122 849.999756
v -3000.000000 1500.000122 849.999756
v -3000.000000 1499.999878 -650.000122
v -4500.000000 1499.999878 -650.000122
v -4500.000000 1800.000122 849.999756
v -3000.000000 1800.000122 849.999756
v -3000.000000 1799.999878 -650.000244
v -4500.000000 1799.999878 -650.000244
v -4500.000000 2100.000244 849.999756
v -3000.000000 2100.000244 849.999756
v -3000.000000 2099.999756 -650.000244
v -4500.000000 2099.999756 -650.000244
v -4500.000000 2400.000244 849.999512
v -3000.000000 2400.000244 849.999512
v -3000.000000 2399.999756 -650.000244
v -4500.000000 2399.999756 -650.000244
v -4500.000000 2700.000244 849.999512
v -3000.000000 2700.000244 849.999512
v -3000.000000 2699.999756 -650.000244
v -4500.000000 2699.999756 -650.000244
v -4500.000000 3000.000244 849.999512
v -3000.000000 3000.000244 849.999512
v -3000.000000 2999.999756 -650.000244
v -4500.000000 2999.999756 -650.000244
v -4500.000000 3300.000244 849.999512
v -3000.000000 3300.000244 849.999512
v -3000.000000 3299.999756 -650.000488
v -4500.000000 3299.999756 -650.000488
v -4500.000000 3600.000244 849.999512
v -3000.000000 3600.000244 849.999512
v -3000.000000 3599.999756 -650.000610
v -4500.000000 3599.999756 -650.000610
v 3750.000244 -0.000082 1850.000000
v 3656.000244 -0.000081 1853.942383
v 3563.482910 -0.000079 1865.708496
v 3473.906738 -0.000076 1885.111816
v 3388.684570 -0.000072 1911.846924
v 3309.161133 -0.000066 1945.491699
v 3236.589844 -0.000060 1985.515625
v 3172.115234 -0.000052 2031.287598
v 3116.753906 -0.000044 2082.086426
v 3071.379883 -0.000035 2137.109863
v 3036.707520 -0.000025 2195.491211
v 3013.284668 -0.000015 2256.309082
v 3001.479980 -0.000005 2318.604492
v 3001.479980 0.000005 2381.395508
v 3013.284668 0.000015 2443.690430
v 3036.707520 0.000025 2504.508301
v 3071.379883 0.000035 2562.889648
v 3116.754395 0.000044 2617.913574
v 3172.115234 0.000052 2668.711914
v 3236.589844 0.000060 2714.484375
v 3309.161133 0.000066 2754.508301
v 3388.685059 0.000072 2788.153320
v 3473.907227 0.000076 2814.888184
v 3563.483398 0.000079 2834.291504
v 3656.000732 0.000081 2846.057129
v 3750.000732 0.000082 2850.000000
v 3844.000732 0.000081 2846.057129
v 3936.518311 0.000079 2834.291504
v 4026.094238 0.000076 2814.887695
v 4111.316406 0.000072 2788.152832
v 4190.839844 0.000066 2754.507812
v 4263.411133 0.000060 2714.483887
v 4327.885742 0.000052 2668.711426
v 4383.247070 0.000044 2617.912598
v 4428.621094 0.000035 2562.889160
v 4463.292969 0.000025 2504.507812
v 4486.715820 0.000015 2443.689941
v 4498.520508 0.000005 2381.394531
v 4498.520508 -0.000005 2318.603516
v 4486.715820 -0.000015 2256.308105
v 4463.291992 -0.000025 2195.490723
v 4428.620117 -0.000035 2137.109375
v 4383.245605 -0.000044 2082.085449
v 4327.884277 -0.000052 2031.287109
v 4263.409668 -0.000060 1985.514648
v 4190.837891 -0.000066 1945.490967
v 4111.314453 -0.000072 1911.846191
v 4026.092285 -0.000076 1885.111328
v 3936.516357 -0.000079 1865.708252
v 3843.998779 -0.000081 1853.942383
v 3750.000244 399.999908 1850.000000
v 3656.000244 399.999908 1853.942383
v 3563.482910 399.999908 1865.708252
v 3473.906738 399.999939 1885.111816
v 3388.684570 399.999939 1911.846680
v 3309.161133 399.999939 1945.491211
v 3236.589844 399.999939 1985.515625
v 3172.115234 399.999939 2031.287598
v 3116.753906 399.999969 2082.086426
v 3071.379883 399.999969 2137.109863
v 3036.707520 399.999969 2195.491211
v 3013.284668 399.999969 2256.309082
v 3001.479980 400.000000 2318.604492
v 3001.479980 400.000000 2381.395020
v 3013.284668 400.000031 2443.690430
v 3036.707520 400.000031 2504.508301
v 3071.379883 400.000031 2562.889648
v 3116.754395 400.000031 2617.913574
v 3172.115234 400.000061 2668.711914
v 3236.589844 400.000061 2714.484375
v 3309.161133 400.000061 2754.508301
v 3388.685059 400.000061 2788.153320
v 3473.907227 400.000061 2814.888184
v 3563.483398 400.000092 2834.291504
v 3656.000732 400.000092 2846.057129
v 3750.000732 400.000092 2850.000000
v 3844.000732 400.000092 2846.057129
v 3936.518311 400.000092 2834.291504
v 4026.094238 400.000061 2814.887695
v 4111.316406 400.000061 2788.152832
v 4190.839844 400.000061 2754.507812
v 4263.411133 400.000061 2714.483398
v 4327.885742 400.000061 2668.711426
v 4383.247070 400.000031 2617.912598
v 4428.621094 400.000031 2562.889160
v 4463.292969 400.000031 2504.507812
v 4486.715820 400.000031 2443.689941
v 4498.520508 400.000000 2381.394531
v 4498.520508 400.000000 2318.603516
v 4486.715820 399.999969 2256.308105
v 4463.291992 399.999969 2195.490723
v 4428.620117 399.999969 2137.109375
v 4383.245605 399.999969 2082.085449
v 4327.884277 399.999939 2031.287109
v 4263.409668 399.999939 1985.514648
v 4190.837891 399.999939 1945.490967
v 4111.314453 399.999939 1911.846191
v 4026.092285 399.999939 1885.111328
v 3936.516357 399.999908 1865.708008
v 3843.998779 399.999908 1853.942383
v 3750.000244 799.999939 1850.000000
v 3656.000244 799.999939 1853.942383
v 3563.482910 799.999939 1865.708252
v 3473.906738 799.999939 1885.111816
v 3388.684570 799.999939 1911.846680
v 3309.161133 799.999939 1945.491211
v 3236.589844 799.999939 1985.515625
v 3172.115234 799.999939 2031.287598
v 3116.753906 799.999939 2082.086426
v 3071.379883 799.999939 2137.109863
v 3036.707520 800.000000 2195.491211
v 3013.284668 800.000000 2256.309082
v 3001.479980 800.000000 2318.604492
v 3001.479980 800.000000 2381.395020
v 3013.284668 800.000000 2443.690430
v 3036.707520 800.000000 2504.508301
v 3071.379883 800.000061 2562.889648
v 3116.754395 800.000061 2617.913574
v 3172.115234 800.000061 2668.711914
v 3236.589844 800.000061 2714.484375
v 3309.161133 800.000061 2754.508301
v 3388.685059 800.000061 2788.153320
v 3473.907227 800.000061 2814.888184
v 3563.483398 800.000061 2834.291504
v 3656.000732 800.000061 2846.057129
v 3750.000732 800.000061 2850.000000
v 3844.000732 800.000061 2846.057129
v 3936.518311 800.000061 2834.291504
v 4026.094238 800.000061 2814.887695
v 4111.316406 800.000061 2788.152832
v 4190.839844 800.000061 2754.507812
v 4263.411133 800.000061 2714.483398
v 4327.885742 800.000061 2668.711426
v 4383.247070 800.000061 2617.912598
v 4428.621094 800.000061 2562.888672
v 4463.292969 800.000000 2504.507812
v 4486.715820 800.000000 2443.689941
v 4498.520508 800.000000 2381.394531
v 4498.520508 800.000000 2318.603516
v 4486.715820 800.000000 2256.308105
v 4463.291992 800.000000 2195.490723
v 4428.620117 799.999939 2137.109375
v 4383.245605 799.999939 2082.085449
v 4327.884277 799.999939 2031.287109
v 4263.409668 799.999939 1985.514648
v 4190.837891 799.999939 1945.490967
v 4111.314453 799.999939 1911.846191
v 4026.092285 799.999939 1885.111328
v 3936.516357 799.999939 1865.708008
v 3843.998779 799.999939 1853.942383
v 3750.000244 1199.999878 1850.000000
v 3656.000244 1199.999878 1853.942383
v 3563.482910 1199.999878 1865.708252
v 3473.906738 1199.999878 1885.111816
v 3388.684570 1199.999878 1911.846680
v 3309.161133 1199.999878 1945.491211
v 3236.589844 1200.000000 1985.515625
v 3172.115234 1200.000000 2031.287598
v 3116.753906 1200.000000 2082.086426
v 3071.379883 1200.000000 2137.109863
v 3036.707520 1200.000000 2195.491211
v 3013.284668 1200.000000 2256.309082
v 3001.479980 1200.000000 2318.604492
v 3001.479980 1200.000000 2381.395020
v 3013.284668 1200.000000 2443.690430
v 3036.707520 1200.000000 2504.508301
v 3071.379883 1200.000000 2562.889160
v 3116.754395 1200.000000 2617.913086
v 3172.115234 1200.000000 2668.711426
v 3236.589844 1200.000000 2714.484375
v 3309.161133 1200.000122 2754.508301
v 3388.685059 1200.000122 2788.152832
v 3473.907227 1200.000122 2814.888184
v 3563.483398 1200.000122 2834.291504
v 3656.000732 1200.000122 2846.057129
v 3750.000732 1200.000122 2849.999512
v 3844.000732 1200.000122 2846.057129
v 3936.518311 1200.000122 2834.291016
v 4026.094238 1200.000122 2814.887695
v 4111.316406 1200.000122 2788.152832
v 4190.839844 1200.000122 2754.507812
v 4263.411133 1200.000000 2714.483398
v 4327.885742 1200.000000 2668.710938
v 4383.247070 1200.000000 2617.912598
v 4428.621094 1200.000000 2562.888672
v 4463.292969 1200.000000 2504.507812
v 4486.715820 1200.000000 2443.689941
v 4498.520508 1200.000000 2381.394043
v 4498.520508 1200.000000 2318.603516
v 4486.715820 1200.000000 2256.308105
v 4463.291992 1200.000000 2195.490723
v 4428.620117 1200.000000 2137.109375
v 4383.245605 1200.000000 2082.085449
v 4327.884277 1200.000000 2031.287109
v 4263.409668 1200.000000 1985.514648
v 4190.837891 1199.999878 1945.490723
v 4111.314453 1199.999878 1911.845947
v 4026.092285 1199.999878 1885.111084
v 3936.516357 1199.999878 1865.708008
v 3843.998779 1199.999878 1853.942383
v 3750.000244 1599.999878 1849.999756
v 3656.000244 1599.999878 1853.942383
v 3563.482910 1599.999878 1865.708252
v 3473.906738 1599.999878 1885.111328
v 3388.684570 1599.999878 1911.846680
v 3309.161133 1599.999878 1945.491211
v 3236.589844 1600.000000 1985.515137
v 3172.115234 1600.000000 2031.287598
v 3116.753906 1600.000000 2082.086426
v 3071.379883 1600.000000 2137.109863
v 3036.707520 1600.000000 2195.491211
v 3013.284668 1600.000000 2256.309082
v 3001.479980 1600.000000 2318.604492
v 3001.479980 1600.000000 2381.395020
v 3013.284668 1600.000000 2443.690430
v 3036.707520 1600.000000 2504.508301
v 3071.379883 1600.000000 2562.889160
v 3116.754395 1600.000000 2617.913086
v 3172.115234 1600.000000 2668.711426
v 3236.589844 1600.000000 2714.483887
v 3309.161133 1600.000122 2754.508301
v 3388.685059 1600.000122 2788.152832
v 3473.907227 1600.000122 2814.887695
v 3563.483398 1600.000122 2834.291504
v 3656.000732 1600.000122 2846.057129
v 3750.000732 1600.000122 2849.999512
v 3844.000732 1600.000122 2846.056641
v 3936.518311 1600.000122 2834.291016
v 4026.094238 1600.000122 2814.887695
v 4111.316406 1600.000122 2788.152832
v 4190.839844 1600.000122 2754.507812
v 4263.411133 1600.000000 2714.483398
v 4327.885742 1600.000000 2668.710938
v 4383.247070 1600.000000 2617.912598
v 4428.621094 1600.000000 2562.888672
v 4463.292969 1600.000000 2504.507812
v 4486.715820 1600.000000 2443.689453
v 4498.520508 1600.000000 2381.394043
v 4498.520508 1600.000000 2318.603516
v 4486.715820 1600.000000 2256.308105
v 4463.291992 1600.000000 2195.490234
v 4428.620117 1600.000000 2137.108887
v 4383.245605 1600.000000 2082.085449
v 4327.884277 1600.000000 2031.287109
v 4263.409668 1600.000000 1985.514648
v 4190.837891 1599.999878 1945.490723
v 4111.314453 1599.999878 1911.845947
v 4026.092285 1599.999878 1885.111084
v 3936.516357 1599.999878 1865.708008
v 3843.998779 1599.999878 1853.942139
v 3750.000244 1999.999878 1849.999756
v 3656.000244 1999.999878 1853.942383
v 3563.482910 1999.999878 1865.708008
v 3473.906738 1999.999878 1885.111328
v 3388.684570 1999.999878 1911.846191
v 3309.161133 1999.999878 1945.491211
v 3236.589844 2000.000000 1985.515137
v 3172.115234 2000.000000 2031.287109
v 3116.753906 2000.000000 2082.085938
v 3071.379883 2000.000000 2137.109863
v 3036.707520 2000.000000 2195.491211
v 3013.284668 2000.000000 2256.309082
v 3001.479980 2000.000000 2318.604492
v 3001.479980 2000.000000 2381.395020
v 3013.284668 2000.000000 2443.690430
v 3036.707520 2000.000000 2504.508301
v 3071.379883 2000.000000 2562.889160
v 3116.754395 2000.000000 2617.913086
v 3172.115234 2000.000000 2668.711426
v 3236.589844 2000.000000 2714.483887
v 3309.161133 2000.000122 2754.508301
v 3388.685059 2000.000122 2788.152832
v 3473.907227 2000.000122 2814.887695
v 3563.483398 2000.000122 2834.291504
v 3656.000732 2000.000122 2846.057129
v 3750.000732 2000.000122 2849.999512
v 3844.000732 2000.000122 2846.056641
v 3936.518311 2000.000122 2834.291016
v 4026.094238 2000.000122 2814.887695
v 4111.316406 2000.000122 2788.152832
v 4190.839844 2000.000122 2754.507812
v 4263.411133 2000.000000 2714.483398
v 4327.885742 2000.000000 2668.710938
v 4383.247070 2000.000000 2617.912598
v 4428.621094 2000.000000 2562.888672
v 4463.292969 2000.000000 2504.507324
v 4486.715820 2000.000000 2443.689453
v 4498.520508 2000.000000 2381.394043
v 4498.520508 2000.000000 2318.603516
v 4486.715820 2000.000000 2256.308105
v 4463.291992 2000.000000 2195.490234
v 4428.620117 2000.000000 2137.108887
v 4383.245605 2000.000000 2082.085449
v 4327.884277 2000.000000 2031.286621
v 4263.409668 2000.000000 1985.514648
v 4190.837891 1999.999878 1945.490723
v 4111.314453 1999.999878 1911.845947
v 4026.092285 1999.999878 1885.111084
v 3936.516357 1999.999878 1865.708008
v 3843.998779 1999.999878 1853.942139
v 3750.000244 2400.000000 1849.999756
v 3656.000244 2400.000000 1853.942139
v 3563.482910 2400.000000 1865.708008
v 3473.906738 2400.000000 1885.111328
v 3388.684570 2400.000000 1911.846191
v 3309.161133 2400.000000 1945.491211
v 3236.589844 2400.000000 1985.515137
v 3172.115234 2400.000000 2031.287109
v 3116.753906 2400.000000 2082.085938
v 3071.379883 2400.000000 2137.109863
v 3036.707520 2400.000000 2195.491211
v 3013.284668 2400.000000 2256.309082
v 3001.479980 2400.000000 2318.604492
v 3001.479980 2400.000000 2381.394531
v 3013.284668 2400.000000 2443.690430
v 3036.707520 2400.000000 2504.508301
v 3071.379883 2400.000000 2562.889160
v 3116.754395 2400.000000 2617.913086
v 3172.115234 2400.000000 2668.711426
v 3236.589844 2400.000000 2714.483887
v 3309.161133 2400.000000 2754.507812
v 3388.685059 2400.000000 2788.152832
v 3473.907227 2400.000000 2814.887695
v 3563.483398 2400.000000 2834.291016
v 3656.000732 2400.000000 2846.056641
v 3750.000732 2400.000000 2849.999512
v 3844.000732 2400.000000 2846.056641
v 3936.518311 2400.000000 2834.291016
v 4026.094238 2400.000000 2814.887695
v 4111.316406 2400.000000 2788.152344
v 4190.839844 2400.000000 2754.507812
v 4263.411133 2400.000000 2714.483398
v 4327.885742 2400.000000 2668.710938
v 4383.247070 2400.000000 2617.912598
v 4428.621094 2400.000000 2562.888672
v 4463.292969 2400.000000 2504.507324
v 4486.715820 2400.000000 2443.689453
v 4498.520508 2400.000000 2381.394043
v 4498.520508 2400.000000 2318.603516
v 4486.715820 2400.000000 2256.308105
v 4463.291992 2400.000000 2195.490234
v 4428.620117 2400.000000 2137.108887
v 4383.245605 2400.000000 2082.085449
v 4327.884277 2400.000000 2031.286621
v 4263.409668 2400.000000 1985.514648
v 4190.837891 2400.000000 1945.490723
v 4111.314453 2400.000000 1911.845947
v 4026.092285 2400.000000 1885.111084
v 3936.516357 2400.000000 1865.708008
v 3843.998779 2400.000000 1853.942139
v 3750.000244 2800.000000 1849.999756
v 3656.000244 2800.000000 1853.942139
v 3563.482910 2800.000000 1865.708008
v 3473.906738 2800.000000 1885.111328
v 3388.684570 2800.000000 1911.846191
v 3309.161133 2800.000000 1945.490967
v 3236.589844 2800.000000 1985.515137
v 3172.115234 2800.000000 2031.287109
v 3116.753906 2800.000000 2082.085938
v 3071.379883 2800.000000 2137.109863
v 3036.707520 2800.000000 2195.490723
v 3013.284668 2800.000000 2256.308594
v 3001.479980 2800.000000 2318.604492
v 3001.479980 2800.000000 2381.394531
v 3013.284668 2800.000000 2443.689941
v 3036.707520 2800.000000 2504.507812
v 3071.379883 2800.000000 2562.889160
v 3116.754395 2800.000000 2617.913086
v 3172.115234 2800.000000 2668.711426
v 3236.589844 2800.000000 2714.483887
v 3309.161133 2800.000000 2754.507812
v 3388.685059 2800.000000 2788.152832
v 3473.907227 2800.000000 2814.887695
v 3563.483398 2800.000000 2834.291016
v 3656.000732 2800.000000 2846.056641
v 3750.000732 2800.000000 2849.999023
v 3844.000732 2800.000000 2846.056641
v 3936.518311 2800.000000 2834.290527
v 4026.094238 2800.000000 2814.887695
v 4111.316406 2800.000000 2788.152344
v 4190.839844 2800.000000 2754.507812
v 4263.411133 2800.000000 2714.483398
v 4327.885742 2800.000000 2668.710938
v 4383.247070 2800.000000 2617.912109
v 4428.621094 2800.000000 2562.888184
v 4463.292969 2800.000000 2504.507324
v 4486.715820 2800.000000 2443.689453
v 4498.520508 2800.000000 2381.394043
v 4498.520508 2800.000000 2318.603516
v 4486.715820 2800.000000 2256.308105
v 4463.291992 2800.000000 2195.490234
v 4428.620117 2800.000000 2137.108887
v 4383.245605 2800.000000 2082.085449
v 4327.884277 2800.000000 2031.286621
v 4263.409668 2800.000000 1985.514648
v 4190.837891 2800.000000 1945.490723
v 4111.314453 2800.000000 1911.845703
v 4026.092285 2800.000000 1885.111084
v 3936.516357 2800.000000 1865.707764
v 3843.998779 2800.000000 1853.942139
v 3750.000244 3200.000000 1849.999268
v 3656.000244 3200.000000 1853.942139
v 3563.482910 3200.000000 1865.708008
v 3473.906738 3200.000000 1885.111328
v 3388.684570 3200.000000 1911.846191
v 3309.161133 3200.000000 1945.490967
v 3236.589844 3200.000000 1985.514648
v 3172.115234 3200.000000 2031.287109
v 3116.753906 3200.000000 2082.085938
v 3071.379883 3200.000000 2137.109863
v 3036.707520 3200.000000 2195.490723
v 3013.284668 3200.000000 2256.308594
v 3001.479980 3200.000000 2318.604004
v 3001.479980 3200.000000 2381.394531
v 3013.284668 3200.000000 2443.689941
v 3036.707520 3200.000000 2504.507812
v 3071.379883 3200.000000 2562.889160
v 3116.754395 3200.000000 2617.912598
v 3172.115234 3200.000000 2668.711426
v 3236.589844 3200.000000 2714.483887
v 3309.161133 3200.000000 2754.507812
v 3388.685059 3200.000000 2788.152832
v 3473.907227 3200.000000 2814.887695
v 3563.483398 3200.000000 2834.291016
v 3656.000732 3200.000000 2846.056641
v 3750.000732 3200.000000 2849.999023
v 3844.000732 3200.000000 2846.056641
v 3936.518311 3200.000000 2834.290527
v 4026.094238 3200.000000 2814.887695
v 4111.316406 3200.000000 2788.152344
v 4190.839844 3200.000000 2754.507812
v 4263.411133 3200.000000 2714.483398
v 4327.885742 3200.000000 2668.710938
v 4383.247070 3200.000000 2617.912109
v 4428.621094 3200.000000 2562.888184
v 4463.292969 3200.000000 2504.507324
v 4486.715820 3200.000000 2443.689453
v 4498.520508 3200.000000 2381.393555
v 4498.520508 3200.000000 2318.603516
v 4486.715820 3200.000000 2256.308105
v 4463.291992 3200.000000 2195.490234
v 4428.620117 3200.000000 2137.108887
v 4383.245605 3200.000000 2082.085449
v 4327.884277 3200.000000 2031.286621
v 4263.409668 3200.000000 1985.514648
v 4190.837891 3200.000000 1945.490479
v 4111.314453 3200.000000 1911.845703
v 4026.092285 3200.000000 1885.110840
v 3936.516357 3200.000000 1865.707764
v 3843.998779 3200.000000 1853.942139
v -6750.000000 0.000082 -1649.999878
v -5750.000000 0.000082 -1649.999878
v -6750.000000 -0.000082 -2650.000000
v -5750.000000 -0.000082 -2649.999756
v -6750.000000 499.999908 -2650.000000
v -5750.000000 499.999908 -2650.000000
v -5750.000000 499.999908 -2750.000000
v -5650.000000 499.999908 -2750.000000
v -5750.000000 0.000098 -1549.999756
v -5650.000000 0.000098 -1549.999756
v -6750.000000 0.000098 -1549.999878
v -6850.000000 0.000098 -1549.999878
v -6750.000000 -0.000098 -2750.000000
v -6850.000000 -0.000098 -2750.000000
v -5750.000000 -0.000098 -2750.000000
v -5650.000000 -0.000098 -2750.000000
v -6750.000000 250.000076 -1649.999878
v -5750.000000 250.000076 -1649.999878
v -5750.000000 250.000092 -1549.999878
v -5650.000000 250.000092 -1549.999878
v -5650.000000 500.000092 -1550.000000
v -5750.000000 500.000092 -1550.000000
v -5650.000000 249.999908 -2750.000000
v -5750.000000 249.999908 -2750.000000
v -5750.000000 249.999924 -2650.000000
v -6750.000000 249.999924 -2650.000000
v -6750.000000 249.999908 -2750.000000
v -6850.000000 249.999908 -2750.000000
v -5750.000000 500.000092 -1649.999878
v -6750.000000 500.000092 -1650.000000
v -6850.000000 250.000092 -1549.999878
v -6750.000000 250.000092 -1549.999878
v -6750.000000 499.999908 -2750.000000
v -6850.000000 499.999908 -2750.000000
v -6850.000000 500.000092 -1550.000000
v -6750.000000 500.000092 -1550.000000
v -6750.000000 750.000061 -1650.000000
v -5750.000000 750.000061 -1650.000000
v -5750.000000 750.000122 -1550.000000
v -5650.000000 750.000122 -1550.000000
v -5650.000000 749.999878 -2750.000000
v -5750.000000 749.999878 -2750.000000
v -5750.000000 749.999939 -2650.000000
v -6750.000000 749.999939 -2650.000000
v -6750.000000 749.999878 -2750.000000
v -6850.000000 749.999878 -2750.000000
v -6850.000000 750.000122 -1550.000000
v -6750.000000 750.000122 -1550.000000
v -6750.000000 1000.000061 -1650.000000
v -5750.000000 1000.000061 -1650.000000
v -5750.000000 1000.000122 -1550.000000
v -5650.000000 1000.000122 -1550.000000
v -5650.000000 999.999878 -2750.000000
v -5750.000000 999.999878 -2750.000000
v -5750.000000 999.999939 -2650.000000
v -6750.000000 999.999939 -2650.000000
v -6750.000000 999.999878 -2750.000000
v -6850.000000 999.999878 -2750.000000
v -6850.000000 1000.000122 -1550.000000
v -6750.000000 1000.000122 -1550.000000
v -6750.000000 1250.000122 -1650.000122
v -5750.000000 1250.000122 -1650.000000
v -5750.000000 1250.000122 -1550.000000
v -5650.000000 1250.000122 -1550.000000
v -5650.000000 1249.999878 -2750.000000
v -5750.000000 1249.999878 -2750.000000
v -5750.000000 1249.999878 -2650.000000
v -6750.000000 1249.999878 -2650.000000
v -6750.000000 1249.999878 -2750.000000
v -6850.000000 1249.999878 -2750.000000
v -6850.000000 1250.000122 -1550.000000
v -6750.000000 1250.000122 -1550.000000
v -6750.000000 1500.000122 -1650.000122
v -5750.000000 1500.000122 -1650.000000
v -5750.000000 1500.000122 -1550.000000
v -5650.000000 1500.000122 -1550.000000
v -5650.000000 1499.999878 -2750.000000
v -5750.000000 1499.999878 -2750.000000
v -5750.000000 1499.999878 -2650.000000
v -6750.000000 1499.999878 -2650.000000
v -6750.000000 1499.999878 -2750.000244
v -6850.000000 1499.999878 -2750.000244
v -6850.000000 1500.000122 -1550.000000
v -6750.000000 1500.000122 -1550.000000
v -6750.000000 1750.000122 -1650.000122
v -5750.000000 1750.000122 -1650.000122
v -5750.000000 1750.000122 -1550.000122
v -5650.000000 1750.000122 -1550.000122
v -5650.000000 1749.999878 -2750.000244
v -5750.000000 1749.999878 -2750.000244
v -5750.000000 1749.999878 -2650.000000
v -6750.000000 1749.999878 -2650.000244
v -6750.000000 1749.999878 -2750.000244
v -6850.000000 1749.999878 -2750.000244
v -6850.000000 1750.000122 -1550.000122
v -6750.000000 1750.000122 -1550.000122
v -6750.000000 2000.000122 -1650.000244
v -5750.000000 2000.000122 -1650.000122
v -5750.000000 2000.000122 -1550.000122
v -5650.000000 2000.000122 -1550.000122
v -5650.000000 1999.999878 -2750.000244
v -5750.000000 1999.999878 -2750.000244
v -5750.000000 1999.999878 -2650.000244
v -6750.000000 1999.999878 -2650.000244
v -6750.000000 1999.999878 -2750.000244
v -6850.000000 1999.999878 -2750.000244
v -6850.000000 2000.000122 -1550.000244
v -6750.000000 2000.000122 -1550.000244
v -6750.000000 2250.000000 -1650.000244
v -5750.000000 2250.000000 -1650.000244
v -5750.000000 2250.000000 -1550.000244
v -5650.000000 2250.000000 -1550.000244
v -5650.000000 2250.000000 -2750.000244
v -5750.000000 2250.000000 -2750.000244
v -5750.000000 2250.000000 -2650.000244
v -6750.000000 2250.000000 -2650.000244
v -6750.000000 2250.000000 -2750.000244
v -6850.000000 2250.000000 -2750.000244
v -6850.000000 2250.000000 -1550.000244
v -6750.000000 2250.000000 -1550.000244
v -6750.000000 2500.000000 -1650.000244
v -5750.000000 2500.000000 -1650.000244
v -5750.000000 2500.000000 -1550.000244
v -5650.000000 2500.000000 -1550.000244
v -5650.000000 2500.000000 -2750.000488
v -5750.000000 2500.000000 -2750.000488
v -5750.000000 2500.000000 -2650.000244
v -6750.000000 2500.000000 -2650.000244
v -6750.000000 2500.000000 -2750.000488
v -6850.000000 2500.000000 -2750.000488
v -6850.000000 2500.000000 -1550.000244
v -6750.000000 2500.000000 -1550.000244
v -6750.000000 2750.000000 -1650.000366
v -5750.000000 2750.000000 -1650.000244
v -5750.000000 2750.000000 -1550.000244
v -5650.000000 2750.000000 -1550.000244
v -5650.000000 2750.000000 -2750.000488
v -5750.000000 2750.000000 -2750.000488
v -5750.000000 2750.000000 -2650.000244
v -6750.000000 2750.000000 -2650.000488
v -6750.000000 2750.000000 -2750.000488
v -6850.000000 2750.000000 -2750.000488
v -6850.000000 2750.000000 -1550.000244
v -6750.000000 2750.000000 -1550.000244
v -6750.000000 3000.000000 -1650.000366
v -5750.000000 3000.000000 -1650.000366
v -5750.000000 3000.000000 -1550.000366
v -5650.000000 3000.000000 -1550.000366
v -5650.000000 3000.000000 -2750.000488
v -5750.000000 3000.000000 -2750.000488
v -5750.000000 3000.000000 -2650.000488
v -6750.000000 3000.000000 -2650.000488
v -6750.000000 3000.000000 -2750.000488
v -6850.000000 3000.000000 -2750.000488
v -6850.000000 3000.000000 -1550.000366
v -6750.000000 3000.000000 -1550.000366
v -6750.000000 3250.000000 -1650.000488
v -5750.000000 3250.000000 -1650.000366
v -5750.000000 3250.000000 -1550.000366
v -5650.000000 3250.000000 -1550.000366
v -5650.000000 3250.000000 -2750.000488
v -5750.000000 3250.000000 -2750.000488
v -5750.000000 3250.000000 -2650.000488
v -6750.000000 3250.000000 -2650.000488
v -6750.000000 3250.000000 -2750.000488
v -6850.000000 3250.000000 -2750.000488
v -6850.000000 3250.000000 -1550.000366
v -6750.000000 3250.000000 -1550.000366
v -6750.000000 3500.000000 -1650.000488
v -5750.000000 3500.000000 -1650.000488
v -5750.000000 3500.000000 -1550.000488
v -5650.000000 3500.000000 -1550.000488
v -5650.000000 3500.000000 -2750.000488
v -5750.000000 3500.000000 -2750.000488
v -5750.000000 3500.000000 -2650.000488
v -6750.000000 3500.000000 -2650.000488
v -6750.000000 3500.000000 -2750.000488
v -6850.000000 3500.000000 -2750.000488
v -6850.000000 3500.000000 -1550.000488
v -6750.000000 3500.000000 -1550.000488
v -3275.000000 0.000069 -1599.999756
v -3275.000000 0.000069 -2699.999756
v -4125.000000 -0.000069 -1599.999756
v -4125.000000 -0.000069 -2699.999756
v -3275.000000 0.000069 -1730.050781
v -3275.000000 0.000069 -2569.948975
v -2922.975586 0.000126 -1730.050781
v -2922.975586 0.000126 -2569.948975
v -4125.000000 -0.000069 -2591.800049
v -4125.000000 -0.000069 -1708.199585
v -4617.266602 -0.000149 -2591.800049
v -4617.266602 -0.000149 -1708.199585
v -3275.000000 360.000031 -1599.999756
v -3275.000000 360.000031 -1730.050781
v -2922.975586 360.000092 -1730.050781
v -2922.975586 360.000092 -2569.948975
v -3275.000000 360.000031 -2569.948975
v -3275.000000 360.000031 -2699.999756
v -4125.000000 359.999908 -2699.999756
v -4125.000000 359.999908 -2591.800049
v -4617.266602 359.999817 -2591.800049
v -4617.266602 359.999817 -1708.199585
v -4125.000000 359.999908 -1708.199585
v -4125.000000 359.999908 -1599.999756
v -3275.000000 720.000000 -1599.999756
v -3275.000000 720.000000 -1730.050781
v -2922.976562 720.000061 -1730.050781
v -2922.976562 720.000061 -2569.948975
v -3275.000000 720.000000 -2569.948975
v -3275.000000 720.000000 -2699.999756
v -4125.000000 719.999878 -2699.999756
v -4125.000000 719.999878 -2591.800049
v -4617.266602 719.999817 -2591.800049
v -4617.266602 719.999817 -1708.199585
v -4125.000000 719.999878 -1708.199585
v -4125.000000 719.999878 -1599.999756
v -3275.000000 1080.000000 -1599.999756
v -3275.000000 1080.000000 -1730.050781
v -2922.976562 1080.000000 -1730.050781
v -2922.976562 1080.000000 -2569.948975
v -3275.000000 1080.000000 -2569.948975
v -3275.000000 1080.000000 -2699.999756
v -4125.000000 1079.999756 -2699.999756
v -4125.000000 1079.999756 -2591.800049
v -4617.266602 1079.999756 -2591.800049
v -4617.266602 1079.999756 -1708.199585
v -4125.000000 1079.999756 -1708.199585
v -4125.000000 1079.999756 -1599.999756
v -3275.000000 1440.000000 -1599.999756
v -3275.000000 1440.000000 -1730.050781
v -2922.976562 1440.000000 -1730.050781
v -2922.976562 1440.000000 -2569.948975
v -3275.000000 1440.000000 -2569.948975
v -3275.000000 1440.000000 -2699.999756
v -4125.000000 1439.999756 -2699.999756
v -4125.000000 1439.999756 -2591.800049
v -4617.266602 1439.999756 -2591.800049
v -4617.266602 1439.999756 -1708.199585
v -4125.000000 1439.999756 -1708.199585
v -4125.000000 1439.999756 -1599.999756
v -3275.000000 1800.000000 -1599.999756
v -3275.000000 1800.000000 -1730.050781
v -2922.976562 1800.000000 -1730.050781
v -2922.976562 1800.000000 -2569.948975
v -3275.000000 1800.000000 -2569.948975
v -3275.000000 1800.000000 -2699.999756
v -4125.000000 1799.999756 -2699.999756
v -4125.000000 1799.999756 -2591.800049
v -4617.266602 1799.999756 -2591.800049
v -4617.266602 1799.999756 -1708.199585
v -4125.000000 1799.999756 -1708.199585
v -4125.000000 1799.999756 -1599.999756
v -3275.000000 2159.999756 -1599.999756
v -3275.000000 2159.999756 -1730.050781
v -2922.976562 2160.000000 -1730.050781
v -2922.976562 2160.000000 -2569.948975
v -3275.000000 2159.999756 -2569.948975
v -3275.000000 2159.999756 -2699.999756
v -4125.000000 2159.999756 -2699.999756
v -4125.000000 2159.999756 -2591.800049
v -4617.266602 2159.999512 -2591.800049
v -4617.266602 2159.999512 -1708.199585
v -4125.000000 2159.999756 -1708.199585
v -4125.000000 2159.999756 -1599.999756
v -3275.000000 2519.999756 -1599.999756
v -3275.000000 2519.999756 -1730.050781
v -2922.976562 2520.000000 -1730.050781
v -2922.976562 2520.000000 -2569.948975
v -3275.000000 2519.999756 -2569.948975
v -3275.000000 2519.999756 -2699.999756
v -4125.000000 2519.999756 -2699.999756
v -4125.000000 2519.999756 -2591.800049
v -4617.266602 2519.999512 -2591.800049
v -4617.266602 2519.999512 -1708.199585
v -4125.000000 2519.999756 -1708.199585
v -4125.000000 2519.999756 -1599.999756
v -3275.000000 2879.999756 -1599.999756
v -3275.000000 2879.999756 -1730.050781
v -2922.976562 2880.000000 -1730.050781
v -2922.976562 2880.000000 -2569.948975
v -3275.000000 2879.999756 -2569.948975
v -3275.000000 2879.999756 -2699.999756
v -4125.000000 2879.999756 -2699.999756
v -4125.000000 2879.999756 -2591.800049
v -4617.266602 2879.999512 -2591.800049
v -4617.266602 2879.999512 -1708.199585
v -4125.000000 2879.999756 -1708.199585
v -4125.000000 2879.999756 -1599.999756
v -3275.000977 3239.999756 -1599.999756
v -3275.000977 3239.999756 -1730.050781
v -2922.976562 3240.000000 -1730.050781
v -2922.976562 3240.000000 -2569.948975
v -3275.000977 3239.999756 -2569.948975
v -3275.000977 3239.999756 -2699.999756
v -4125.000977 3239.999756 -2699.999756
v -4125.000977 3239.999756 -2591.800049
v -4617.266602 3239.999512 -2591.800049
v -4617.266602 3239.999512 -1708.199585
v -4125.000977 3239.999756 -1708.199585
v -4125.000977 3239.999756 -1599.999756
v -3275.000977 3599.999756 -1599.999756
v -3275.000977 3599.999756 -1730.050781
v -2922.976562 3600.000000 -1730.050781
v -2922.976562 3600.000000 -2569.948975
v -3275.000977 3599.999756 -2569.948975
v -3275.000977 3599.999756 -2699.999756
v -4125.000977 3599.999756 -2699.999756
v -4125.000977 3599.999756 -2591.800049
v -4617.267578 3599.999512 -2591.800049
v -4617.267578 3599.999512 -1708.199585
v -4125.000977 3599.999756 -1708.199585
v -4125.000977 3599.999756 -1599.999756
v -3275.000977 3959.999756 -1599.999756
v -3275.000977 3959.999756 -1730.050781
v -2922.976562 3960.000000 -1730.050781
v -2922.976562 3960.000000 -2569.948975
v -3275.000977 3959.999756 -2569.948975
v -3275.000977 3959.999756 -2699.999756
v -4125.000977 3959.999756 -2699.999756
v -4125.000977 3959.999756 -2591.800049
v -4617.267578 3959.999512 -2591.800049
v -4617.267578 3959.999512 -1708.199585
v -4125.000977 3959.999756 -1708.199585
v -4125.000977 3959.999756 -1599.999756
v -3275.000977 4319.999512 -1599.999756
v -3275.000977 4319.999512 -1730.050781
v -2922.976562 4319.999512 -1730.050781
v -2922.976562 4319.999512 -2569.948975
v -3275.000977 4319.999512 -2569.948975
v -3275.000977 4319.999512 -2699.999756
v -4125.000977 4319.999512 -2699.999756
v -4125.000977 4319.999512 -2591.800049
v -4617.267578 4319.999512 -2591.800049
v -4617.267578 4319.999512 -1708.199585
v -4125.000977 4319.999512 -1708.199585
v -4125.000977 4319.999512 -1599.999756
v -9500.000000 0.000082 -1625.000000
v -8500.000000 0.000082 -1625.000000
v -9500.000000 -0.000082 -2625.000000
v -8500.000000 -0.000082 -2625.000000
v -8500.000000 0.000050 -1819.294189
v -8500.000000 -0.000066 -2527.859863
v -7888.738281 0.000050 -1819.294067
v -7888.738281 -0.000066 -2527.859863
v -9500.000000 200.000076 -1625.000000
v -8500.000000 200.000076 -1625.000000
v -8500.000000 200.000046 -1819.294189
v -7888.738281 200.000046 -1819.294189
v -7888.738281 199.999939 -2527.859863
v -8500.000000 199.999939 -2527.859863
v -8500.000000 199.999924 -2625.000000
v -9500.000000 199.999924 -2625.000000
v -9500.000000 400.000092 -1625.000000
v -8500.000000 400.000092 -1625.000000
v -8500.000000 400.000061 -1819.294189
v -7888.738281 400.000061 -1819.294189
v -7888.738281 399.999939 -2527.859863
v -8500.000000 399.999939 -2527.859863
v -8500.000000 399.999908 -2625.000000
v -9500.000000 399.999908 -2625.000000
v -9500.000000 600.000061 -1625.000122
v -8500.000000 600.000061 -1625.000000
v -8500.000000 600.000061 -1819.294189
v -7888.738281 600.000061 -1819.294189
v -7888.738281 599.999939 -2527.860107
v -8500.000000 599.999939 -2527.860107
v -8500.000000 599.999939 -2625.000000
v -9500.000000 599.999939 -2625.000000
v -9500.000000 800.000061 -1625.000122
v -8500.000000 800.000061 -1625.000000
v -8500.000000 800.000061 -1819.294312
v -7888.738281 800.000061 -1819.294189
v -7888.738281 799.999939 -2527.860107
v -8500.000000 799.999939 -2527.860107
v -8500.000000 799.999939 -2625.000000
v -9500.000000 799.999939 -2625.000000
v -9500.000000 1000.000061 -1625.000122
v -8500.000000 1000.000061 -1625.000122
v -8500.000000 1000.000061 -1819.294312
v -7888.738281 1000.000061 -1819.294189
v -7888.738281 999.999939 -2527.860107
v -8500.000000 999.999939 -2527.860107
v -8500.000000 999.999939 -2625.000000
v -9500.000000 999.999939 -2625.000244
v -9500.000000 1200.000122 -1625.000244
v -8500.000000 1200.000122 -1625.000244
v -8500.000000 1200.000000 -1819.294312
v -7888.738281 1200.000000 -1819.294312
v -7888.738281 1199.999878 -2527.860107
v -8500.000000 1199.999878 -2527.860107
v -8500.000000 1199.999878 -2625.000244
v -9500.000000 1199.999878 -2625.000244
v -9500.000000 1400.000122 -1625.000244
v -8500.000000 1400.000122 -1625.000244
v -8500.000000 1400.000000 -1819.294434
v -7888.738281 1400.000000 -1819.294312
v -7888.738281 1399.999878 -2527.860107
v -8500.000000 1399.999878 -2527.860107
v -8500.000000 1399.999878 -2625.000244
v -9500.000000 1399.999878 -2625.000244
v -9500.000000 1600.000122 -1625.000244
v -8500.000000 1600.000122 -1625.000244
v -8500.000000 1600.000000 -1819.294434
v -7888.738281 1600.000000 -1819.294434
v -7888.738281 1599.999878 -2527.860107
v -8500.000000 1599.999878 -2527.860107
v -8500.000000 1599.999878 -2625.000244
v -9500.000000 1599.999878 -2625.000244
v -9500.000000 1800.000122 -1625.000244
v -8500.000000 1800.000122 -1625.000244
v -8500.000000 1800.000000 -1819.294434
v -7888.738281 1800.000000 -1819.294434
v -7888.738281 1799.999878 -2527.860352
v -8500.000000 1799.999878 -2527.860107
v -8500.000000 1799.999878 -2625.000244
v -9500.000000 1799.999878 -2625.000244
v -9500.000000 2000.000122 -1625.000244
v -8500.000000 2000.000122 -1625.000244
v -8500.000000 2000.000000 -1819.294434
v -7888.738281 2000.000000 -1819.294434
v -7888.738281 1999.999878 -2527.860352
v -8500.000000 1999.999878 -2527.860107
v -8500.000000 1999.999878 -2625.000244
v -9500.000000 1999.999878 -2625.000244
v -9500.000000 0.000082 2900.000488
v -8500.000000 0.000082 2900.000000
v -9500.000000 -0.000082 1900.000000
v -8500.000000 -0.000082 1900.000000
v -8500.000000 0.000053 2727.740723
v -8500.000000 -0.000053 2072.259277
v -8173.963867 0.000053 2727.740723
v -8173.963867 -0.000053 2072.259277
v -9500.000000 300.000092 2900.000488
v -8500.000000 300.000092 2900.000000
v -8500.000000 300.000061 2727.740234
v -8173.963867 300.000061 2727.740234
v -8173.963867 299.999939 2072.258789
v -8500.000000 299.999939 2072.258789
v -8500.000000 299.999908 1900.000000
v -9500.000000 299.999908 1900.000000
v -9500.000000 600.000061 2900.000000
v -8500.000000 600.000061 2900.000000
v -8500.000000 600.000061 2727.740234
v -8173.963867 600.000061 2727.740234
v -8173.963867 599.999939 2072.258789
v -8500.000000 599.999939 2072.258789
v -8500.000000 599.999939 1900.000000
v -9500.000000 599.999939 1900.000000
v -9500.000000 900.000061 2900.000000
v -8500.000000 900.000061 2900.000000
v -8500.000000 900.000061 2727.740234
v -8173.963867 900.000061 2727.740234
v -8173.963867 899.999939 2072.258789
v -8500.000000 899.999939 2072.258789
v -8500.000000 899.999939 1900.000000
v -9500.000000 899.999939 1900.000000
v -9500.000000 1200.000122 2900.000000
v -8500.000000 1200.000122 2899.999512
v -8500.000000 1200.000000 2727.740234
v -8173.963867 1200.000000 2727.740234
v -8173.963867 1200.000000 2072.258789
v -8500.000000 1200.000000 2072.258789
v -8500.000000 1199.999878 1900.000000
v -9500.000000 1199.999878 1899.999756
v -9500.000000 1500.000122 2900.000000
v -8500.000000 1500.000122 2899.999512
v -8500.000000 1500.000000 2727.740234
v -8173.963867 1500.000000 2727.740234
v -8173.963867 1500.000000 2072.258789
v -8500.000000 1500.000000 2072.258789
v -8500.000000 1499.999878 1900.000000
v -9500.000000 1499.999878 1899.999756
v -9500.000000 1800.000122 2900.000000
v -8500.000000 1800.000122 2899.999512
v -8500.000000 1800.000000 2727.740234
v -8173.963867 1800.000000 2727.740234
v -8173.963867 1800.000000 2072.258789
v -8500.000000 1800.000000 2072.258789
v -8500.000000 1799.999878 1899.999756
v -9500.000000 1799.999878 1899.999756
v -9500.000000 2100.000000 2900.000000
v -8500.000000 2100.000000 2899.999512
v -8500.000000 2100.000000 2727.740234
v -8173.963867 2100.000000 2727.740234
v -8173.963867 2100.000000 2072.258789
v -8500.000000 2100.000000 2072.258789
v -8500.000000 2100.000000 1899.999756
v -9500.000000 2100.000000 1899.999756
v -6750.000000 0.000082 2600.000000
v -5750.000000 0.000082 2600.000000
v -6750.000000 -0.000082 1600.000244
v -5750.000000 -0.000082 1600.000000
v -6605.748047 0.000082 2600.000000
v -5894.251953 0.000082 2600.000000
v -6605.748047 0.000169 3135.498047
v -5894.251953 0.000169 3135.498047
v -6750.000000 400.000092 2600.000000
v -6605.748047 400.000092 2600.000000
v -6605.748047 400.000183 3135.498047
v -5894.251953 400.000183 3135.498047
v -5894.251953 400.000092 2600.000000
v -5750.000000 400.000092 2600.000000
v -5750.000000 399.999908 1600.000000
v -6750.000000 399.999908 1600.000244
v -6750.000000 800.000061 2599.999512
v -6605.748047 800.000061 2600.000000
v -6605.748047 800.000183 3135.498047
v -5894.251953 800.000183 3135.498047
v -5894.251953 800.000061 2600.000000
v -5750.000000 800.000061 2600.000000
v -5750.000000 799.999939 1600.000000
v -6750.000000 799.999939 1600.000244
v -6750.000000 1200.000122 2599.999512
v -6605.748047 1200.000122 2599.999512
v -6605.748047 1200.000122 3135.498047
v -5894.251953 1200.000122 3135.498047
v -5894.251953 1200.000122 2599.999512
v -5750.000000 1200.000122 2599.999512
v -5750.000000 1199.999878 1600.000000
v -6750.000000 1199.999878 1599.999756
v -6750.000000 1600.000122 2599.999512
v -6605.748047 1600.000122 2599.999512
v -6605.748047 1600.000122 3135.498047
v -5894.251953 1600.000122 3135.498047
v -5894.251953 1600.000122 2599.999512
v -5750.000000 1600.000122 2599.999512
v -5750.000000 1599.999878 1599.999512
v -6750.000000 1599.999878 1599.999756
v -6750.000000 2000.000122 2599.999512
v -6605.748047 2000.000122 2599.999512
v -6605.748047 2000.000122 3135.498047
v -5894.251953 2000.000122 3135.498047
v -5894.251953 2000.000122 2599.999512
v -5750.000000 2000.000122 2599.999512
v -5750.000000 1999.999878 1599.999512
v -6750.000000 1999.999878 1599.999756
v -6750.000000 2400.000000 2599.999512
v -6605.748047 2400.000000 2599.999512
v -6605.748047 2400.000244 3135.498047
v -5894.251953 2400.000244 3135.498047
v -5894.251953 2400.000000 2599.999512
v -5750.000000 2400.000000 2599.999512
v -5750.000000 2400.000000 1599.999512
v -6750.000000 2400.000000 1599.999756
v -6750.000000 2800.000000 2599.999512
v -6605.748047 2800.000000 2599.999512
v -6605.748047 2800.000244 3135.498047
v -5894.251953 2800.000244 3135.498047
v -5894.251953 2800.000000 2599.999512
v -5750.000000 2800.000000 2599.999512
v -5750.000000 2800.000000 1599.999512
v -6750.000000 2800.000000 1599.999512
v -6750.000000 3200.000000 2599.999512
v -6605.748047 3200.000000 2599.999512
v -6605.748047 3200.000244 3135.497559
v -5894.251953 3200.000244 3135.497559
v -5894.251953 3200.000000 2599.999512
v -5750.000000 3200.000000 2599.999512
v -5750.000000 3200.000000 1599.999512
v -6750.000000 3200.000000 1599.999512
v -6750.000000 3600.000000 2599.999512
v -6605.748047 3600.000000 2599.999512
v -6605.748047 3600.000244 3135.497559
v -5894.251953 3600.000244 3135.497559
v -5894.251953 3600.000000 2599.999512
v -5750.000000 3600.000000 2599.999512
v -5750.000000 3600.000000 1599.999268
v -6750.000000 3600.000000 1599.999512
v -6750.000000 4000.000000 2599.999512
v -6605.748047 4000.000000 2599.999512
v -6605.748047 4000.000244 3135.497559
v -5894.251953 4000.000244 3135.497559
v -5894.251953 4000.000000 2599.999512
v -5750.000000 4000.000000 2599.999512
v -5750.000000 4000.000000 1599.999268
v -6750.000000 4000.000000 1599.999512
v 4650.000000 0.000082 575.000000
v 4650.000000 0.000082 -425.000000
v 3650.000000 -0.000082 575.000000
v 3650.000000 -0.000082 -425.000000
v 3650.000000 -0.000082 -370.339722
v 3650.000000 -0.000082 520.340088
v 2942.873047 -0.000196 -370.339600
v 2942.873047 -0.000196 520.340088
v 4650.000000 350.000092 575.000000
v 4650.000000 350.000092 -425.000000
v 3650.000000 349.999908 -425.000000
v 3650.000000 349.999908 -370.339722
v 2942.873047 349.999817 -370.339600
v 2942.873047 349.999817 520.340088
v 3650.000000 349.999908 520.340088
v 3650.000000 349.999908 575.000000
v 4650.000000 700.000061 575.000000
v 4650.000000 700.000061 -425.000000
v 3650.000000 699.999939 -425.000000
v 3650.000000 699.999939 -370.339722
v 2942.873047 699.999817 -370.339600
v 2942.873047 699.999817 520.340088
v 3650.000000 699.999939 520.340088
v 3650.000000 699.999939 575.000000
v 4650.000000 1050.000122 575.000000
v 4650.000000 1050.000122 -425.000000
v 3649.999756 1049.999878 -425.000000
v 3649.999756 1049.999878 -370.339722
v 2942.873047 1049.999756 -370.339600
v 2942.873047 1049.999756 520.340088
v 3649.999756 1049.999878 520.340088
v 3649.999756 1049.999878 575.000000
v 4650.000000 1400.000122 575.000000
v 4650.000000 1400.000122 -425.000000
v 3649.999756 1399.999878 -425.000000
v 3649.999756 1399.999878 -370.339722
v 2942.873047 1399.999756 -370.339600
v 2942.873047 1399.999756 520.340088
v 3649.999756 1399.999878 520.340088
v 3649.999756 1399.999878 575.000000
v 4650.000000 1750.000122 575.000000
v 4650.000000 1750.000122 -425.000000
v 3649.999756 1749.999878 -425.000000
v 3649.999756 1749.999878 -370.339722
v 2942.873047 1749.999756 -370.339600
v 2942.873047 1749.999756 520.340088
v 3649.999756 1749.999878 520.340088
v 3649.999756 1749.999878 575.000000
v 4650.000000 2100.000000 575.000000
v 4650.000000 2100.000000 -425.000000
v 3649.999756 2100.000000 -425.000000
v 3649.999756 2100.000000 -370.339722
v 2942.873047 2099.999756 -370.339600
v 2942.873047 2099.999756 520.340088
v 3649.999756 2100.000000 520.340088
v 3649.999756 2100.000000 575.000000
v 4649.999512 2450.000000 575.000000
v 4649.999512 2450.000000 -425.000000
v 3649.999512 2450.000000 -425.000000
v 3649.999512 2450.000000 -370.339722
v 2942.873047 2449.999756 -370.339600
v 2942.873047 2449.999756 520.340088
v 3649.999512 2450.000000 520.340088
v 3649.999512 2450.000000 575.000000
v 4649.999512 2800.000000 575.000000
v 4649.999512 2800.000000 -425.000000
v 3649.999512 2800.000000 -425.000000
v 3649.999512 2800.000000 -370.339722
v 2942.872559 2799.999756 -370.339600
v 2942.872559 2799.999756 520.340088
v 3649.999512 2800.000000 520.340088
v 3649.999512 2800.000000 575.000000
v 4649.999512 3150.000000 575.000000
v 4649.999512 3150.000000 -425.000000
v 3649.999512 3150.000000 -425.000000
v 3649.999512 3150.000000 -370.339722
v 2942.872559 3149.999756 -370.339600
v 2942.872559 3149.999756 520.340088
v 3649.999512 3150.000000 520.340088
v 3649.999512 3150.000000 575.000000
v 5650.000000 0.000098 2950.000000
v 6850.000000 0.000098 2950.000000
v 5650.000000 -0.000098 1750.000000
v 6850.000000 -0.000098 1750.000000
v 6850.000000 0.000032 2550.000488
v 6850.000000 -0.000032 2150.000488
v 7218.104004 0.000032 2550.000488
v 7218.104004 -0.000032 2150.000488
v 5650.000000 -0.000032 2150.000000
v 5650.000000 0.000032 2550.000000
v 5344.730957 -0.000032 2150.000000
v 5344.730957 0.000032 2550.000000
v 5650.000000 400.000092 2950.000000
v 6850.000000 400.000092 2950.000000
v 6850.000000 400.000031 2550.000000
v 7218.104004 400.000031 2550.000000
v 7218.104004 399.999969 2150.000000
v 6850.000000 399.999969 2150.000000
v 6850.000000 399.999908 1750.000000
v 5650.000000 399.999908 1750.000000
v 5650.000000 399.999969 2150.000000
v 5344.730957 399.999969 2150.000000
v 5344.730957 400.000031 2550.000000
v 5650.000000 400.000031 2550.000000
v 5650.000000 800.000122 2950.000000
v 6850.000000 800.000122 2950.000000
v 6850.000000 800.000061 2550.000000
v 7218.104004 800.000061 2550.000000
v 7218.104004 799.999939 2150.000000
v 6850.000000 799.999939 2150.000000
v 6850.000000 799.999878 1750.000000
v 5650.000000 799.999878 1750.000000
v 5650.000000 799.999939 2150.000000
v 5344.730957 799.999939 2150.000000
v 5344.730957 800.000061 2550.000000
v 5650.000000 800.000061 2550.000000
v 5650.000000 1200.000122 2950.000000
v 6850.000000 1200.000122 2950.000000
v 6850.000000 1200.000000 2550.000000
v 7218.104004 1200.000000 2550.000000
v 7218.104004 1200.000000 2150.000000
v 6850.000000 1200.000000 2150.000000
v 6850.000000 1199.999878 1750.000000
v 5650.000000 1199.999878 1750.000000
v 5650.000000 1200.000000 2150.000000
v 5344.730957 1200.000000 2150.000000
v 5344.730957 1200.000000 2550.000000
v 5650.000000 1200.000000 2550.000000
v 5650.000000 1600.000122 2950.000000
v 6850.000000 1600.000122 2950.000000
v 6850.000000 1600.000000 2550.000000
v 7218.104004 1600.000000 2550.000000
v 7218.104004 1600.000000 2150.000000
v 6850.000000 1600.000000 2150.000000
v 6850.000000 1599.999878 1750.000000
v 5650.000000 1599.999878 1749.999756
v 5650.000000 1600.000000 2150.000000
v 5344.730957 1600.000000 2150.000000
v 5344.730957 1600.000000 2550.000000
v 5650.000000 1600.000000 2550.000000
v 5650.000000 2000.000122 2949.999512
v 6850.000000 2000.000122 2950.000000
v 6850.000000 2000.000000 2550.000000
v 7218.104004 2000.000000 2550.000000
v 7218.104004 2000.000000 2149.999512
v 6850.000000 2000.000000 2149.999512
v 6850.000000 1999.999878 1750.000000
v 5650.000000 1999.999878 1749.999756
v 5650.000000 2000.000000 2149.999512
v 5344.730957 2000.000000 2149.999512
v 5344.730957 2000.000000 2549.999512
v 5650.000000 2000.000000 2549.999512
v 8375.000000 0.000098 2950.000000
v 9225.000000 0.000098 2950.000000
v 8375.000000 -0.000098 1750.000000
v 9225.000000 -0.000098 1750.000000
v 8375.000000 -0.000077 1878.169434
v 8375.000000 0.000077 2821.831055
v 7840.028809 -0.000077 1878.169434
v 7840.028809 0.000077 2821.831055
v 9225.000000 0.000062 2726.652832
v 9225.000000 -0.000062 1973.347656
v 9592.671875 0.000062 2726.652832
v 9592.671875 -0.000062 1973.347656
v 8375.000000 400.000092 2950.000000
v 9225.000000 400.000092 2950.000000
v 9225.000000 400.000061 2726.652344
v 9592.671875 400.000061 2726.652344
v 9592.671875 399.999939 1973.347656
v 9225.000000 399.999939 1973.347656
v 9225.000000 399.999908 1750.000000
v 8375.000000 399.999908 1750.000000
v 8375.000000 399.999908 1878.169434
v 7840.028809 399.999908 1878.169434
v 7840.028809 400.000092 2821.831055
v 8375.000000 400.000092 2821.831055
v 8375.000000 800.000122 2950.000000
v 9225.000000 800.000122 2950.000000
v 9225.000000 800.000061 2726.652344
v 9592.671875 800.000061 2726.652344
v 9592.671875 799.999939 1973.347656
v 9225.000000 799.999939 1973.347656
v 9225.000000 799.999878 1750.000000
v 8375.000000 799.999878 1750.000000
v 8375.000000 799.999939 1878.169434
v 7840.028809 799.999939 1878.169434
v 7840.028809 800.000061 2821.831055
v 8375.000000 800.000061 2821.831055
v 8375.000000 1200.000122 2950.000000
v 9225.000000 1200.000122 2950.000000
v 9225.000000 1200.000122 2726.652344
v 9592.671875 1200.000122 2726.652344
v 9592.671875 1199.999878 1973.347656
v 9225.000000 1199.999878 1973.347656
v 9225.000000 1199.999878 1750.000000
v 8375.000000 1199.999878 1750.000000
v 8375.000000 1199.999878 1878.168945
v 7840.028809 1199.999878 1878.168945
v 7840.028809 1200.000122 2821.830566
v 8375.000000 1200.000122 2821.830566
v 8375.000000 1600.000122 2950.000000
v 9225.000000 1600.000122 2950.000000
v 9225.000000 1600.000122 2726.652344
v 9592.671875 1600.000122 2726.652344
v 9592.671875 1599.999878 1973.347656
v 9225.000000 1599.999878 1973.347168
v 9225.000000 1599.999878 1750.000000
v 8375.000000 1599.999878 1750.000000
v 8375.000000 1599.999878 1878.168945
v 7840.028809 1599.999878 1878.168945
v 7840.028809 1600.000122 2821.830566
v 8375.000000 1600.000122 2821.830566
v -6800.000000 0.000122 850.000488
v -5300.000000 0.000122 850.000244
v -6800.000000 -0.000122 -649.999878
v -5300.000000 -0.000122 -649.999878
v -6800.000000 -0.000116 -614.030273
v -6800.000000 0.000078 580.039551
v -7189.300781 -0.000116 -614.030273
v -7189.300781 0.000078 580.039551
v -6800.000000 300.000122 850.000488
v -5300.000000 300.000122 850.000244
v -5300.000000 299.999878 -649.999878
v -6800.000000 299.999878 -649.999878
v -6800.000000 299.999878 -614.030273
v -7189.300781 299.999878 -614.030273
v -7189.300781 300.000092 580.039551
v -6800.000000 300.000092 580.039551
v -6800.000000 600.000122 850.000488
v -5300.000000 600.000122 850.000244
v -5300.000000 599.999878 -649.999878
v -6800.000000 599.999878 -649.999878
v -6800.000000 599.999878 -614.030273
v -7189.300781 599.999878 -614.030273
v -7189.300781 600.000061 580.039307
v -6800.000000 600.000061 580.039307
v -6800.000000 900.000122 850.000000
v -5300.000000 900.000122 849.999756
v -5300.000000 899.999878 -649.999878
v -6800.000000 899.999878 -649.999878
v -6800.000000 899.999878 -614.030273
v -7189.300781 899.999878 -614.030396
v -7189.300781 900.000061 580.039307
v -6800.000000 900.000061 580.039307
v -6800.000000 1200.000122 850.000000
v -5300.000000 1200.000122 849.999756
v -5300.000000 1199.999878 -650.000000
v -6800.000000 1199.999878 -650.000000
v -6800.000000 1199.999878 -614.030396
v -7189.300781 1199.999878 -614.030518
v -7189.300781 1200.000122 580.039307
v -6800.000000 1200.000122 580.039307
v -6800.000000 1500.000122 850.000000
v -5300.000000 1500.000122 849.999756
v -5300.000000 1499.999878 -650.000000
v -6800.000000 1499.999878 -650.000000
v -6800.000000 1499.999878 -614.030396
v -7189.300781 1499.999878 -614.030518
v -7189.300781 1500.000122 580.039307
v -6800.000000 1500.000122 580.039307
v -6800.000000 1800.000122 850.000000
v -5300.000000 1800.000122 849.999756
v -5300.000000 1799.999878 -650.000122
v -6800.000000 1799.999878 -650.000122
v -6800.000000 1799.999878 -614.030518
v -7189.300781 1799.999878 -614.030518
v -7189.300781 1800.000122 580.039307
v -6800.000000 1800.000122 580.039307
v -6800.000000 2100.000244 850.000000
v -5300.000000 2100.000244 849.999756
v -5300.000000 2099.999756 -650.000122
v -6800.000000 2099.999756 -650.000122
v -6800.000000 2100.000000 -614.030518
v -7189.300781 2100.000000 -614.030518
v -7189.300781 2100.000000 580.039062
v -6800.000000 2100.000000 580.039062
v -4000.000000 0.000082 2900.000000
v -3000.000000 0.000082 2900.000000
v -4000.000000 -0.000082 1900.000244
v -3000.000000 -0.000082 1900.000244
v -3973.663086 0.000082 2900.000000
v -3026.336914 0.000082 2900.000000
v -3973.663086 0.000098 3001.803223
v -3026.336914 0.000098 3001.803223
v -4000.000000 -0.000071 1965.664551
v -4000.000000 0.000024 2549.307617
v -4498.719727 -0.000071 1965.664551
v -4498.719727 0.000024 2549.307617
v -4000.000000 400.000092 2900.000000
v -3973.663086 400.000092 2900.000000
v -3973.663086 400.000092 3001.802734
v -3026.336914 400.000092 3001.803223
v -3026.336914 400.000092 2900.000000
v -3000.000000 400.000092 2900.000000
v -3000.000000 399.999908 1900.000244
v -4000.000000 399.999908 1900.000244
v -4000.000000 399.999939 1965.664551
v -4498.719727 399.999939 1965.664551
v -4498.719727 400.000031 2549.307617
v -4000.000000 400.000031 2549.307617
v -4000.000000 800.000061 2900.000000
v -3973.663086 800.000061 2900.000000
v -3973.663086 800.000122 3001.802734
v -3026.336914 800.000122 3001.802734
v -3026.336914 800.000061 2900.000000
v -3000.000000 800.000061 2900.000000
v -3000.000000 799.999939 1900.000244
v -4000.000000 799.999939 1900.000244
v -4000.000000 799.999939 1965.664551
v -4498.719727 799.999939 1965.664551
v -4498.719727 800.000000 2549.307129
v -4000.000000 800.000000 2549.307617
v -4000.000000 1200.000122 2900.000000
v -3973.663086 1200.000122 2900.000000
v -3973.663086 1200.000122 3001.802734
v -3026.336914 1200.000122 3001.802734
v -3026.336914 1200.000122 2900.000000
v -3000.000000 1200.000122 2900.000000
v -3000.000000 1199.999878 1900.000244
v -4000.000000 1199.999878 1899.999756
v -4000.000000 1199.999878 1965.664062
v -4498.719727 1199.999878 1965.664062
v -4498.719727 1200.000000 2549.307129
v -4000.000000 1200.000000 2549.307129
v -4000.000000 1600.000122 2900.000000
v -3973.663086 1600.000122 2900.000000
v -3973.663086 1600.000122 3001.802734
v -3026.336914 1600.000122 3001.802734
v -3026.336914 1600.000122 2900.000000
v -3000.000000 1600.000122 2900.000000
v -3000.000000 1599.999878 1899.999756
v -4000.000000 1599.999878 1899.999756
v -4000.000000 1599.999878 1965.664062
v -4498.719727 1599.999878 1965.664062
v -4498.719727 1600.000000 2549.307129
v -4000.000000 1600.000000 2549.307129
v -4000.000000 2000.000122 2900.000000
v -3973.663086 2000.000122 2900.000000
v -3973.663086 2000.000122 3001.802734
v -3026.336914 2000.000122 3001.802734
v -3026.336914 2000.000122 2900.000000
v -3000.000000 2000.000122 2900.000000
v -3000.000000 1999.999878 1899.999756
v -4000.000000 1999.999878 1899.999756
v -4000.000000 1999.999878 1965.664062
v -4498.719727 1999.999878 1965.664062
v -4498.719727 2000.000000 2549.307129
v -4000.000000 2000.000000 2549.307129
v -4000.000000 2400.000000 2900.000000
v -3973.663086 2400.000000 2900.000000
v -3973.663086 2400.000000 3001.802734
v -3026.336914 2400.000000 3001.802734
v -3026.336914 2400.000000 2900.000000
v -3000.000000 2400.000000 2900.000000
v -3000.000000 2400.000000 1899.999756
v -4000.000000 2400.000000 1899.999756
v -4000.000000 2400.000000 1965.664062
v -4498.719727 2400.000000 1965.664062
v -4498.719727 2400.000000 2549.307129
v -4000.000000 2400.000000 2549.307129
v 7900.000000 0.000090 950.000244
v 9400.000000 0.000090 950.000244
v 7900.000000 -0.000090 -149.999756
v 9400.000000 -0.000090 -149.999756
v 9065.785156 -0.000090 -149.999878
v 8234.215820 -0.000090 -149.999756
v 9065.785156 -0.000191 -769.298096
v 8234.215820 -0.000191 -769.297974
v 7900.000000 400.000092 950.000000
v 9400.000000 400.000092 950.000244
v 9400.000000 399.999908 -149.999878
v 9065.785156 399.999908 -149.999878
v 9065.785156 399.999817 -769.298096
v 8234.215820 399.999817 -769.297974
v 8234.215820 399.999908 -149.999756
v 7900.000000 399.999908 -149.999756
v 7900.000000 800.000061 950.000000
v 9400.000000 800.000061 950.000000
v 9400.000000 799.999939 -149.999878
v 9065.785156 799.999939 -149.999878
v 9065.785156 799.999817 -769.298096
v 8234.215820 799.999817 -769.297974
v 8234.215820 799.999939 -149.999756
v 7900.000000 799.999939 -149.999756
v 7900.000000 1200.000122 950.000000
v 9400.000000 1200.000122 950.000000
v 9400.000000 1199.999878 -149.999878
v 9065.785156 1199.999878 -150.000122
v 9065.785156 1199.999756 -769.298218
v 8234.215820 1199.999756 -769.298096
v 8234.215820 1199.999878 -150.000000
v 7900.000000 1199.999878 -150.000000
v 7900.000000 1600.000122 950.000000
v 9400.000000 1600.000122 950.000000
v 9400.000000 1599.999878 -150.000122
v 9065.785156 1599.999878 -150.000122
v 9065.785156 1599.999756 -769.298218
v 8234.215820 1599.999756 -769.298096
v 8234.215820 1599.999878 -150.000000
v 7900.000000 1599.999878 -150.000122
v -9250.000000 0.000082 500.000244
v -8250.000000 0.000082 500.000244
v -9250.000000 -0.000082 -499.999756
v -8250.000000 -0.000082 -499.999756
v -9222.275391 0.000082 500.000244
v -8238.941406 0.000082 500.000244
v -9222.275391 0.000126 772.687012
v -8238.941406 0.000126 772.687012
v -9250.000000 200.000076 500.000244
v -9222.275391 200.000076 500.000244
v -9222.275391 200.000122 772.687012
v -8238.941406 200.000122 772.687012
v -8238.941406 200.000076 500.000244
v -8250.000000 200.000076 500.000244
v -8250.000000 199.999924 -499.999756
v -9250.000000 199.999924 -499.999756
v -9250.000000 400.000092 500.000244
v -9222.275391 400.000092 500.000244
v -9222.275391 400.000122 772.687012
v -8238.941406 400.000122 772.687012
v -8238.941406 400.000092 500.000244
v -8250.000000 400.000092 500.000244
v -8250.000000 399.999908 -499.999756
v -9250.000000 399.999908 -499.999756
v -9250.000000 600.000061 500.000000
v -9222.275391 600.000061 500.000000
v -9222.275391 600.000122 772.687012
v -8238.941406 600.000122 772.687012
v -8238.941406 600.000061 500.000244
v -8250.000000 600.000061 500.000244
v -8250.000000 599.999939 -499.999756
v -9250.000000 599.999939 -500.000000
v -9250.000000 800.000061 500.000000
v -9222.275391 800.000061 500.000000
v -9222.275391 800.000122 772.687012
v -8238.941406 800.000122 772.687012
v -8238.941406 800.000061 500.000244
v -8250.000000 800.000061 500.000244
v -8250.000000 799.999939 -499.999756
v -9250.000000 799.999939 -500.000000
v -9250.000000 1000.000061 500.000000
v -9222.275391 1000.000061 500.000000
v -9222.275391 1000.000122 772.687012
v -8238.941406 1000.000122 772.687012
v -8238.941406 1000.000061 500.000244
v -8250.000000 1000.000061 500.000244
v -8250.000000 999.999939 -499.999756
v -9250.000000 999.999939 -500.000000
v -9250.000000 1200.000122 500.000000
v -9222.275391 1200.000122 500.000000
v -9222.275391 1200.000122 772.686768
v -8238.941406 1200.000122 772.686768
v -8238.941406 1200.000122 500.000000
v -8250.000000 1200.000122 500.000000
v -8250.000000 1199.999878 -500.000000
v -9250.000000 1199.999878 -500.000000
v -9250.000000 1400.000122 500.000000
v -9222.275391 1400.000122 500.000000
v -9222.275391 1400.000122 772.686768
v -8238.941406 1400.000122 772.686768
v -8238.941406 1400.000122 500.000000
v -8250.000000 1400.000122 500.000000
v -8250.000000 1399.999878 -500.000000
v -9250.000000 1399.999878 -500.000122
v -9250.000000 1600.000122 500.000000
v -9222.275391 1600.000122 500.000000
v -9222.275391 1600.000122 772.686768
v -8238.941406 1600.000122 772.686768
v -8238.941406 1600.000122 500.000000
v -8250.000000 1600.000122 500.000000
v -8250.000000 1599.999878 -500.000000
v -9250.000000 1599.999878 -500.000122
v -9250.000000 1800.000122 500.000000
v -9222.275391 1800.000122 500.000000
v -9222.275391 1800.000122 772.686768
v -8238.941406 1800.000122 772.686768
v -8238.941406 1800.000122 500.000000
v -8250.000000 1800.000122 500.000000
v -8250.000000 1799.999878 -500.000122
v -9250.000000 1799.999878 -500.000122
v -9250.000000 2000.000122 500.000000
v -9222.275391 2000.000122 500.000000
v -9222.275391 2000.000122 772.686768
v -8238.941406 2000.000122 772.686768
v -8238.941406 2000.000122 500.000000
v -8250.000000 2000.000122 500.000000
v -8250.000000 1999.999878 -500.000122
v -9250.000000 1999.999878 -500.000122
v -9250.000000 2200.000000 500.000000
v -9222.275391 2200.000000 500.000000
v -9222.275391 2200.000244 772.686768
v -8238.941406 2200.000244 772.686768
v -8238.941406 2200.000000 500.000000
v -8250.000000 2200.000000 500.000000
v -8250.000000 2200.000000 -500.000122
v -9250.000000 2200.000000 -500.000122
v -9250.000000 2400.000000 499.999756
v -9222.275391 2400.000000 499.999756
v -9222.275391 2400.000244 772.686768
v -8238.941406 2400.000244 772.686768
v -8238.941406 2400.000000 500.000000
v -8250.000000 2400.000000 500.000000
v -8250.000000 2400.000000 -500.000122
v -9250.000000 2400.000000 -500.000122
v -1450.000000 0.000082 3000.000488
v -450.000000 0.000082 3000.000488
v -1450.000000 -0.000082 2000.000000
v -450.000000 -0.000082 2000.000000
v -1450.000000 -0.000107 1840.214111
v -1450.000000 0.000023 2643.866699
v -2083.763672 -0.000107 1840.214111
v -2083.763672 0.000023 2643.866699
v -1450.000000 300.000092 3000.000488
v -450.000000 300.000092 3000.000488
v -450.000000 299.999908 2000.000000
v -1450.000000 299.999908 2000.000000
v -1450.000000 299.999878 1840.214111
v -2083.763672 299.999878 1840.214111
v -2083.763672 300.000031 2643.866699
v -1450.000000 300.000031 2643.866699
v -1450.000000 600.000061 3000.000000
v -450.000000 600.000061 3000.000488
v -450.000000 599.999939 2000.000000
v -1450.000000 599.999939 2000.000000
v -1450.000000 599.999878 1840.214111
v -2083.763672 599.999878 1840.214111
v -2083.763672 600.000000 2643.866699
v -1450.000000 600.000000 2643.866699
v -1450.000000 900.000061 3000.000000
v -450.000000 900.000061 3000.000488
v -450.000000 899.999939 2000.000000
v -1450.000000 899.999939 2000.000000
v -1450.000000 899.999878 1840.214111
v -2083.763672 899.999878 1840.214111
v -2083.763672 900.000000 2643.866211
v -1450.000000 900.000000 2643.866211
v -1450.000000 1200.000122 3000.000000
v -450.000000 1200.000122 3000.000000
v -450.000000 1199.999878 2000.000000
v -1450.000000 1199.999878 2000.000000
v -1450.000000 1199.999878 1840.214111
v -2083.763672 1199.999878 1840.214111
v -2083.763672 1200.000000 2643.866211
v -1450.000000 1200.000000 2643.866211
v -1450.000000 1500.000122 3000.000000
v -450.000000 1500.000122 3000.000000
v -450.000000 1499.999878 2000.000000
v -1450.000000 1499.999878 2000.000000
v -1450.000000 1499.999878 1840.214111
v -2083.763672 1499.999878 1840.214111
v -2083.763672 1500.000000 2643.866211
v -1450.000000 1500.000000 2643.866211
v -1450.000000 1800.000122 3000.000000
v -450.000000 1800.000122 3000.000000
v -450.000000 1799.999878 2000.000000
v -1450.000000 1799.999878 2000.000000
v -1450.000000 1799.999878 1840.214111
v -2083.763672 1799.999878 1840.213867
v -2083.763672 1800.000000 2643.866211
v -1450.000000 1800.000000 2643.866211
v -1450.000000 2100.000000 3000.000000
v -450.000000 2100.000000 3000.000000
v -450.000000 2100.000000 2000.000000
v -1450.000000 2100.000000 2000.000000
v -1450.000000 2100.000000 1840.214111
v -2083.763672 2100.000000 1840.213867
v -2083.763672 2100.000000 2643.866211
v -1450.000000 2100.000000 2643.866211
v -1450.000000 2400.000000 2999.999512
v -450.000000 2400.000000 3000.000000
v -450.000000 2400.000000 2000.000000
v -1450.000000 2400.000000 2000.000000
v -1450.000000 2400.000000 1840.213867
v -2083.763672 2400.000000 1840.213867
v -2083.763672 2400.000000 2643.866211
v -1450.000000 2400.000000 2643.866211
v -1450.000000 2700.000000 2999.999512
v -450.000000 2700.000000 3000.000000
v -450.000000 2700.000000 2000.000000
v -1450.000000 2700.000000 2000.000000
v -1450.000000 2700.000000 1840.213867
v -2083.763672 2700.000000 1840.213867
v -2083.763672 2700.000000 2643.866211
v -1450.000000 2700.000000 2643.866211
v -6850.000000 0.000098 5270.000488
v -5650.000000 0.000098 5270.000488
v -6850.000000 -0.000098 4070.000488
v -5650.000000 -0.000098 4070.000488
v -5530.000000 0.000098 5270.000488
v -5530.000000 -0.000098 4070.000488
v -6850.000000 0.000117 5390.000977
v -5650.000000 0.000117 5390.000977
v -6970.000000 0.000098 5270.000488
v -6970.000000 -0.000098 4070.000488
v -6850.000000 -0.000117 3950.000000
v -5650.000000 -0.000117 3950.000000
v -6850.000000 400.000092 5270.000488
v -6850.000000 400.000122 5390.000977
v -5650.000000 400.000122 5390.000977
v -5650.000000 400.000092 5270.000488
v -5530.000000 400.000092 5270.000488
v -5530.000000 399.999908 4070.000488
v -5650.000000 399.999908 4070.000488
v -5650.000000 399.999878 3950.000000
v -6850.000000 399.999878 3950.000000
v -6850.000000 399.999908 4070.000488
v -6970.000000 399.999908 4070.000488
v -6970.000000 400.000092 5270.000488
v -6850.000000 800.000122 5270.000488
v -6850.000000 800.000122 5390.000000
v -5650.000000 800.000122 5390.000000
v -5650.000000 800.000122 5270.000488
v -5530.000000 800.000122 5270.000488
v -5530.000000 799.999878 4070.000488
v -5650.000000 799.999878 4070.000488
v -5650.000000 799.999878 3950.000000
v -6850.000000 799.999878 3950.000000
v -6850.000000 799.999878 4070.000000
v -6970.000000 799.999878 4070.000000
v -6970.000000 800.000122 5270.000488
v -6850.000000 1200.000122 5270.000488
v -6850.000000 1200.000122 5390.000000
v -5650.000000 1200.000122 5390.000000
v -5650.000000 1200.000122 5270.000488
v -5530.000000 1200.000122 5270.000488
v -5530.000000 1199.999878 4070.000000
v -5650.000000 1199.999878 4070.000000
v -5650.000000 1199.999878 3950.000000
v -6850.000000 1199.999878 3950.000000
v -6850.000000 1199.999878 4070.000000
v -6970.000000 1199.999878 4070.000000
v -6970.000000 1200.000122 5270.000488
v -6850.000000 1600.000122 5270.000488
v -6850.000000 1600.000122 5390.000000
v -5650.000000 1600.000122 5390.000000
v -5650.000000 1600.000122 5270.000488
v -5530.000000 1600.000122 5270.000488
v -5530.000000 1599.999878 4070.000000
v -5650.000000 1599.999878 4070.000000
v -5650.000000 1599.999878 3950.000000
v -6850.000000 1599.999878 3950.000000
v -6850.000000 1599.999878 4070.000000
v -6970.000000 1599.999878 4070.000000
v -6970.000000 1600.000122 5270.000488
v -9100.000000 0.000057 -6400.000000
v -8400.000000 0.000057 -6400.000000
v -9100.000000 -0.000057 -7100.000000
v -8400.000000 -0.000057 -7100.000000
v -8054.000000 0.000057 -6400.000000
v -8054.000000 -0.000057 -7100.000000
v -9100.000000 0.000114 -6049.000000
v -8400.000000 0.000114 -6049.000000
v -9451.000000 0.000057 -6399.999512
v -9451.000000 -0.000057 -7099.999512
v -9100.000000 -0.000114 -7452.000488
v -8400.000000 -0.000114 -7452.000488
v -9100.000000 300.000061 -6400.000000
v -9100.000000 300.000122 -6049.000000
v -8400.000000 300.000122 -6049.000000
v -8400.000000 300.000061 -6400.000000
v -8054.000000 300.000061 -6400.000000
v -8054.000000 299.999939 -7100.000000
v -8400.000000 299.999939 -7100.000000
v -8400.000000 299.999878 -7452.000488
v -9100.000000 299.999878 -7452.000488
v -9100.000000 299.999939 -7100.000000
v -9451.000000 299.999939 -7099.999512
v -9451.000000 300.000061 -6399.999512
v -9100.000000 600.000061 -6400.000000
v -9100.000000 600.000122 -6049.000000
v -8400.000000 600.000122 -6049.000000
v -8400.000000 600.000061 -6400.000000
v -8054.000000 600.000061 -6400.000000
v -8054.000000 599.999939 -7100.000000
v -8400.000000 599.999939 -7100.000000
v -8400.000000 599.999878 -7452.000488
v -9100.000000 599.999878 -7452.000488
v -9100.000000 599.999939 -7100.000000
v -9451.000000 599.999939 -7099.999512
v -9451.000000 600.000061 -6399.999512
v -9100.000000 900.000061 -6400.000000
v -9100.000000 900.000122 -6049.000000
v -8400.000000 900.000122 -6049.000000
v -8400.000000 900.000061 -6400.000000
v -8054.000000 900.000061 -6400.000000
v -8054.000000 899.999939 -7100.000000
v -8400.000000 899.999939 -7100.000000
v -8400.000000 899.999878 -7452.000488
v -9100.000000 899.999878 -7452.000488
v -9100.000000 899.999939 -7100.000000
v -9451.000000 899.999939 -7099.999512
v -9451.000000 900.000061 -6399.999512
v -9100.000000 1200.000000 -6400.000000
v -9100.000000 1200.000122 -6049.000000
v -8400.000000 1200.000122 -6049.000000
v -8400.000000 1200.000000 -6400.000000
v -8054.000000 1200.000000 -6400.000000
v -8054.000000 1200.000000 -7100.000000
v -8400.000000 1200.000000 -7100.000000
v -8400.000000 1199.999878 -7452.000488
v -9100.000000 1199.999878 -7452.000488
v -9100.000000 1200.000000 -7100.000000
v -9451.000000 1200.000000 -7100.000000
v -9451.000000 1200.000000 -6399.999512
v -9100.000000 1500.000000 -6400.000000
v -9100.000000 1500.000122 -6049.000000
v -8400.000000 1500.000122 -6049.000000
v -8400.000000 1500.000000 -6400.000000
v -8054.000000 1500.000000 -6400.000000
v -8054.000000 1500.000000 -7100.000000
v -8400.000000 1500.000000 -7100.000488
v -8400.000000 1499.999878 -7452.000488
v -9100.000000 1499.999878 -7452.000488
v -9100.000000 1500.000000 -7100.000488
v -9451.000000 1500.000000 -7100.000000
v -9451.000000 1500.000000 -6399.999512
v -9100.000000 1800.000000 -6400.000000
v -9100.000000 1800.000122 -6049.000000
v -8400.000000 1800.000122 -6049.000000
v -8400.000000 1800.000000 -6400.000000
v -8054.000000 1800.000000 -6400.000000
v -8054.000000 1800.000000 -7100.000488
v -8400.000000 1800.000000 -7100.000488
v -8400.000000 1799.999878 -7452.000488
v -9100.000000 1799.999878 -7452.000488
v -9100.000000 1800.000000 -7100.000488
v -9451.000000 1800.000000 -7100.000000
v -9451.000000 1800.000000 -6399.999512
v -9100.000000 2100.000000 -6400.000000
v -9100.000000 2100.000000 -6049.000000
v -8400.000000 2100.000000 -6049.000000
v -8400.000000 2100.000000 -6400.000000
v -8054.000000 2100.000000 -6400.000000
v -8054.000000 2100.000000 -7100.000488
v -8400.000000 2100.000000 -7100.000488
v -8400.000000 2100.000000 -7452.000488
v -9100.000000 2100.000000 -7452.000488
v -9100.000000 2100.000000 -7100.000488
v -9451.000000 2100.000000 -7100.000000
v -9451.000000 2100.000000 -6399.999512
v -9100.000000 2400.000000 -6400.000000
v -9100.000000 2400.000000 -6049.000000
v -8400.000000 2400.000000 -6049.000000
v -8400.000000 2400.000000 -6400.000000
v -8054.000000 2400.000000 -6400.000000
v -8054.000000 2400.000000 -7100.000488
v -8400.000000 2400.000000 -7100.000488
v -8400.000000 2400.000000 -7452.000488
v -9100.000000 2400.000000 -7452.000488
v -9100.000000 2400.000000 -7100.000488
v -9451.000000 2400.000000 -7100.000000
v -9451.000000 2400.000000 -6400.000000
v -8562.500000 400.000061 -4237.500000
v -8562.500000 0.000071 -4237.500000
v -9437.500000 -0.000071 -5112.500000
v -8562.500000 400.000153 -3798.749512
v -8130.000000 0.000071 -4237.499512
v -8130.000000 -0.000071 -5112.499512
v -9437.500000 0.000143 -3798.749512
v -8562.500000 0.000143 -3798.749512
v -9437.500000 400.000153 -3798.749512
v -9437.500000 199.999924 -5112.500000
v -9437.500000 399.999939 -5112.500000
v -9437.500000 200.000137 -3798.749512
v -8562.500000 200.000137 -3798.749512
v -8562.500000 200.000076 -4237.500000
v -8130.000000 200.000076 -4237.500000
v -8130.000000 199.999924 -5112.500000
v -8130.000000 400.000061 -4237.500000
v -8130.000000 399.999939 -5112.500000
v -9437.500000 599.999939 -5112.500000
v -9437.500000 600.000122 -3798.749512
v -8562.500000 600.000122 -3798.749512
v -8562.500000 600.000061 -4237.500000
v -8130.000000 600.000061 -4237.500000
v -8130.000000 599.999939 -5112.500000
v -9437.500000 799.999939 -5112.500000
v -9437.500000 800.000122 -3798.749512
v -8562.500000 800.000122 -3798.749512
v -8562.500000 800.000061 -4237.500000
v -8130.000000 800.000061 -4237.500000
v -8130.000000 799.999939 -5112.500000
v -9437.500000 999.999939 -5112.500000
v -9437.500000 1000.000122 -3798.749512
v -8562.500000 1000.000122 -3798.749512
v -8562.500000 1000.000061 -4237.500000
v -8130.000000 1000.000061 -4237.500000
v -8130.000000 999.999939 -5112.500000
v -9437.500000 1199.999878 -5112.500000
v -9437.500000 1200.000122 -3798.750000
v -8562.500000 1200.000122 -3798.750000
v -8562.500000 1200.000122 -4237.500000
v -8130.000000 1200.000122 -4237.500000
v -8130.000000 1199.999878 -5112.500000
v 8250.000000 0.000082 -2050.000000
v 9250.000000 0.000082 -2049.999756
v 8250.000000 -0.000082 -3050.000000
v 9250.000000 -0.000082 -3050.000000
v 8508.358398 0.000082 -2049.999756
v 9257.337891 0.000082 -2049.999756
v 8508.358398 0.000207 -1280.400146
v 9257.337891 0.000207 -1280.400146
v 8250.000000 300.000092 -2050.000000
v 8508.358398 300.000092 -2050.000000
v 8508.358398 300.000214 -1280.400146
v 9257.337891 300.000214 -1280.400146
v 9257.337891 300.000092 -2050.000000
v 9250.000000 300.000092 -2050.000000
v 9250.000000 299.999908 -3050.000000
v 8250.000000 299.999908 -3050.000000
v 8250.000000 600.000061 -2050.000000
v 8508.358398 600.000061 -2050.000000
v 8508.358398 600.000183 -1280.400146
v 9257.337891 600.000183 -1280.400146
v 9257.337891 600.000061 -2050.000000
v 9250.000000 600.000061 -2050.000000
v 9250.000000 599.999939 -3050.000000
v 8250.000000 599.999939 -3050.000000
v 8250.000000 900.000061 -2050.000000
v 8508.358398 900.000061 -2050.000000
v 8508.358398 900.000183 -1280.400269
v 9257.337891 900.000183 -1280.400269
v 9257.337891 900.000061 -2050.000000
v 9250.000000 900.000061 -2050.000000
v 9250.000000 899.999939 -3050.000000
v 8250.000000 899.999939 -3050.000000
v 8250.000000 1200.000122 -2050.000000
v 8508.358398 1200.000122 -2050.000000
v 8508.358398 1200.000244 -1280.400391
v 9257.337891 1200.000244 -1280.400391
v 9257.337891 1200.000122 -2050.000000
v 9250.000000 1200.000122 -2050.000000
v 9250.000000 1199.999878 -3050.000000
v 8250.000000 1199.999878 -3050.000000
v 8250.000000 1500.000122 -2050.000000
v 8508.358398 1500.000122 -2050.000000
v 8508.358398 1500.000244 -1280.400391
v 9257.337891 1500.000244 -1280.400391
v 9257.337891 1500.000122 -2050.000000
v 9250.000000 1500.000122 -2050.000000
v 9250.000000 1499.999878 -3050.000000
v 8250.000000 1499.999878 -3050.000244
v 8250.000000 1800.000122 -2050.000244
v 8508.358398 1800.000122 -2050.000244
v 8508.358398 1800.000244 -1280.400391
v 9257.337891 1800.000244 -1280.400391
v 9257.337891 1800.000122 -2050.000244
v 9250.000000 1800.000122 -2050.000244
v 9250.000000 1799.999878 -3050.000244
v 8250.000000 1799.999878 -3050.000244
v 8250.000000 2100.000000 -2050.000244
v 8508.358398 2100.000000 -2050.000244
v 8508.358398 2100.000244 -1280.400391
v 9257.337891 2100.000244 -1280.400391
v 9257.337891 2100.000000 -2050.000244
v 9250.000000 2100.000000 -2050.000244
v 9250.000000 2100.000000 -3050.000244
v 8250.000000 2100.000000 -3050.000244
v 8250.000000 0.000082 5000.000488
v 9250.000000 0.000082 5000.000488
v 8250.000000 -0.000082 4000.000488
v 9250.000000 -0.000082 4000.000488
v 8413.117188 0.000082 5000.000488
v 9098.642578 0.000082 5000.000488
v 8413.117188 0.000134 5325.194824
v 9098.642578 0.000134 5325.194824
v 8250.000000 450.000092 5000.000488
v 8413.117188 450.000092 5000.000488
v 8413.117188 450.000122 5325.194824
v 9098.642578 450.000122 5325.194824
v 9098.642578 450.000092 5000.000488
v 9250.000000 450.000092 5000.000488
v 9250.000000 449.999908 4000.000488
v 8250.000000 449.999908 4000.000488
v 8250.000000 900.000061 5000.000488
v 8413.117188 900.000061 5000.000488
v 8413.117188 900.000122 5325.194824
v 9098.642578 900.000122 5325.194824
v 9098.642578 900.000061 5000.000488
v 9250.000000 900.000061 5000.000488
v 9250.000000 899.999939 4000.000488
v 8250.000000 899.999939 4000.000488
v 8250.000000 1350.000122 5000.000000
v 8413.117188 1350.000122 5000.000488
v 8413.117188 1350.000122 5325.194824
v 9098.642578 1350.000122 5325.194824
v 9098.642578 1350.000122 5000.000488
v 9250.000000 1350.000122 5000.000488
v 9250.000000 1349.999878 4000.000488
v 8250.000000 1349.999878 4000.000488
v 8250.000000 1800.000122 5000.000000
v 8413.117188 1800.000122 5000.000000
v 8413.117188 1800.000122 5325.194824
v 9098.642578 1800.000122 5325.194824
v 9098.642578 1800.000122 5000.000000
v 9250.000000 1800.000122 5000.000000
v 9250.000000 1799.999878 4000.000488
v 8250.000000 1799.999878 4000.000000
v -1900.000000 0.000082 5100.000488
v -900.000000 0.000082 5100.000488
v -1900.000000 -0.000082 4100.000000
v -900.000000 -0.000082 4100.000000
v -900.000000 0.000010 4662.543457
v -900.000000 -0.000085 4075.052734
v -550.630371 0.000010 4662.543457
v -550.630371 -0.000085 4075.052734
v -1900.000000 450.000092 5100.000488
v -900.000000 450.000092 5100.000488
v -900.000000 450.000000 4662.543457
v -550.630371 450.000000 4662.543457
v -550.630371 449.999908 4075.052734
v -900.000000 449.999908 4075.052734
v -900.000000 449.999908 4100.000000
v -1900.000000 449.999908 4100.000000
v -1900.000000 900.000061 5100.000488
v -900.000000 900.000061 5100.000488
v -900.000000 900.000000 4662.543457
v -550.630371 900.000000 4662.543457
v -550.630371 899.999939 4075.052734
v -900.000000 899.999939 4075.052734
v -900.000000 899.999939 4100.000000
v -1900.000000 899.999939 4100.000000
v -1900.000000 1350.000122 5099.999512
v -900.000000 1350.000122 5100.000488
v -900.000000 1350.000000 4662.543457
v -550.630371 1350.000000 4662.543457
v -550.630371 1349.999878 4075.052734
v -900.000000 1349.999878 4075.052734
v -900.000000 1349.999878 4100.000000
v -1900.000000 1349.999878 4100.000000
v -1900.000000 1800.000122 5099.999512
v -900.000000 1800.000122 5099.999512
v -900.000000 1800.000000 4662.542480
v -550.630371 1800.000000 4662.542480
v -550.630371 1799.999878 4075.052734
v -900.000000 1799.999878 4075.052734
v -900.000000 1799.999878 4100.000000
v -1900.000000 1799.999878 4099.999512
v -1900.000000 2250.000000 5099.999512
v -900.000000 2250.000000 5099.999512
v -900.000000 2250.000000 4662.542480
v -550.630371 2250.000000 4662.542480
v -550.630371 2250.000000 4075.052734
v -900.000000 2250.000000 4075.052734
v -900.000000 2250.000000 4100.000000
v -1900.000000 2250.000000 4099.999512
v -1900.000000 2700.000000 5099.999512
v -900.000000 2700.000000 5099.999512
v -900.000000 2700.000000 4662.542480
v -550.630371 2700.000000 4662.542480
v -550.630371 2700.000000 4075.052734
v -900.000000 2700.000000 4075.052734
v -900.000000 2700.000000 4099.999512
v -1900.000000 2700.000000 4099.999512
v 8250.000000 0.000082 -4400.000000
v 9250.000000 0.000082 -4400.000000
v 8250.000000 -0.000082 -5400.000000
v 9250.000000 -0.000082 -5400.000000
v 8377.917969 0.000082 -4400.000000
v 9122.082031 0.000082 -4400.000000
v 8377.917969 0.000216 -3577.556152
v 9122.082031 0.000216 -3577.556152
v 8250.000000 300.000092 -4400.000000
v 8377.917969 300.000092 -4400.000000
v 8377.917969 300.000214 -3577.556152
v 9122.082031 300.000214 -3577.556152
v 9122.082031 300.000092 -4400.000000
v 9250.000000 300.000092 -4400.000000
v 9250.000000 299.999908 -5400.000000
v 8250.000000 299.999908 -5400.000000
v 8250.000000 600.000061 -4400.000000
v 8377.917969 600.000061 -4400.000000
v 8377.917969 600.000244 -3577.556152
v 9122.082031 600.000244 -3577.556396
v 9122.082031 600.000061 -4400.000000
v 9250.000000 600.000061 -4400.000000
v 9250.000000 599.999939 -5400.000000
v 8250.000000 599.999939 -5400.000000
v 8250.000000 900.000061 -4400.000000
v 8377.917969 900.000061 -4400.000000
v 8377.917969 900.000244 -3577.556152
v 9122.082031 900.000244 -3577.556396
v 9122.082031 900.000061 -4400.000000
v 9250.000000 900.000061 -4400.000000
v 9250.000000 899.999939 -5400.000000
v 8250.000000 899.999939 -5400.000000
v 8250.000000 1200.000122 -4400.000000
v 8377.917969 1200.000122 -4400.000000
v 8377.917969 1200.000244 -3577.556152
v 9122.082031 1200.000244 -3577.556396
v 9122.082031 1200.000122 -4400.000000
v 9250.000000 1200.000122 -4400.000000
v 9250.000000 1199.999878 -5400.000000
v 8250.000000 1199.999878 -5400.000000
v 8250.000000 1500.000122 -4400.000000
v 8377.917969 1500.000122 -4400.000000
v 8377.917969 1500.000244 -3577.556396
v 9122.082031 1500.000244 -3577.556641
v 9122.082031 1500.000122 -4400.000000
v 9250.000000 1500.000122 -4400.000000
v 9250.000000 1499.999878 -5400.000000
v 8250.000000 1499.999878 -5400.000000
v 725.000488 0.000082 5400.000000
v 1725.000488 0.000082 5400.000000
v 725.000488 -0.000082 4400.000000
v 1725.000488 -0.000082 4400.000000
v 1649.066406 -0.000082 4400.000000
v 800.934570 -0.000082 4400.000000
v 1649.066406 -0.000170 3859.299316
v 800.934570 -0.000170 3859.299316
v 725.000488 300.000092 5400.000000
v 1725.000488 300.000092 5400.000000
v 1725.000488 299.999908 4400.000000
v 1649.066406 299.999908 4400.000000
v 1649.066406 299.999817 3859.298828
v 800.934570 299.999817 3859.298828
v 800.934570 299.999908 4400.000000
v 725.000488 299.999908 4400.000000
v 725.000488 600.000061 5400.000000
v 1725.000488 600.000061 5400.000000
v 1725.000488 599.999939 4400.000000
v 1649.066406 599.999939 4400.000000
v 1649.066406 599.999817 3859.298828
v 800.934570 599.999817 3859.298828
v 800.934570 599.999939 4400.000000
v 725.000488 599.999939 4400.000000
v 725.000488 900.000061 5400.000000
v 1725.000488 900.000061 5400.000000
v 1725.000488 899.999939 4400.000000
v 1649.066406 899.999939 4400.000000
v 1649.066406 899.999817 3859.298828
v 800.934570 899.999817 3859.298828
v 800.934570 899.999939 4400.000000
v 725.000488 899.999939 4400.000000
v 725.000488 1200.000122 5400.000000
v 1725.000488 1200.000122 5400.000000
v 1725.000488 1199.999878 4400.000000
v 1649.066406 1199.999878 4400.000000
v 1649.066406 1199.999878 3859.298828
v 800.934570 1199.999878 3859.298828
v 800.934570 1199.999878 4400.000000
v 725.000488 1199.999878 4400.000000
v -2150.000000 0.000073 500.000000
v -1250.000000 0.000073 500.000488
v -2150.000000 -0.000073 -399.999878
v -1250.000000 -0.000073 -399.999878
v -1250.000000 0.000070 479.188232
v -1250.000000 -0.000070 -379.188110
v -329.228516 0.000070 479.188232
v -329.228516 -0.000070 -379.187988
v -2150.000000 450.000061 500.000000
v -1250.000000 450.000061 500.000000
v -1250.000000 450.000061 479.188232
v -329.228516 450.000061 479.187988
v -329.228516 449.999939 -379.188110
v -1250.000000 449.999939 -379.188110
v -1250.000000 449.999939 -399.999878
v -2150.000000 449.999939 -400.000122
v -2150.000000 900.000061 500.000000
v -1250.000000 900.000061 500.000000
v -1250.000000 900.000061 479.188232
v -329.228516 900.000061 479.187988
v -329.228516 899.999939 -379.188232
v -1250.000000 899.999939 -379.188232
v -1250.000000 899.999939 -400.000122
v -2150.000000 899.999939 -400.000122
v -2150.000000 1350.000122 500.000000
v -1250.000000 1350.000122 500.000000
v -1250.000000 1350.000122 479.188232
v -329.228516 1350.000122 479.187988
v -329.228516 1349.999878 -379.188232
v -1250.000000 1349.999878 -379.188232
v -1250.000000 1349.999878 -400.000122
v -2150.000000 1349.999878 -400.000244
v -2150.000000 1800.000122 499.999756
v -1250.000000 1800.000122 500.000000
v -1250.000000 1800.000122 479.187988
v -329.228516 1800.000122 479.187744
v -329.228516 1799.999878 -379.188232
v -1250.000000 1799.999878 -379.188477
v -1250.000000 1799.999878 -400.000244
v -2150.000000 1799.999878 -400.000244
v -2150.000000 2250.000000 499.999756
v -1250.000000 2250.000000 500.000000
v -1250.000000 2250.000000 479.187988
v -329.228516 2250.000000 479.187744
v -329.228516 2250.000000 -379.188477
v -1250.000000 2250.000000 -379.188477
v -1250.000000 2250.000000 -400.000244
v -2150.000000 2250.000000 -400.000366
v -2150.000000 2700.000000 499.999756
v -1250.000000 2700.000000 499.999756
v -1250.000000 2700.000000 479.187988
v -329.228516 2700.000000 479.187744
v -329.228516 2700.000000 -379.188477
v -1250.000000 2700.000000 -379.188599
v -1250.000000 2700.000000 -400.000366
v -2150.000000 2700.000000 -400.000366
v -2150.000000 3150.000000 499.999756
v -1250.000000 3150.000000 499.999756
v -1250.000000 3150.000000 479.187988
v -329.228516 3150.000000 479.187744
v -329.228516 3150.000000 -379.188599
v -1250.000000 3150.000000 -379.188599
v -1250.000000 3150.000000 -400.000366
v -2150.000000 3150.000000 -400.000366
v -2150.000000 3600.000000 499.999512
v -1250.000000 3600.000000 499.999756
v -1250.000000 3600.000000 479.187988
v -329.228516 3600.000000 479.187744
v -329.228516 3600.000000 -379.188599
v -1250.000000 3600.000000 -379.188599
v -1250.000000 3600.000000 -400.000366
v -2150.000000 3600.000000 -400.000610
v -2150.000000 4050.000000 499.999512
v -1250.000000 4050.000000 499.999512
v -1250.000000 4050.000000 479.187500
v -329.228516 4050.000000 479.187256
v -329.228516 4050.000000 -379.188721
v -1250.000000 4050.000000 -379.188721
v -1250.000000 4050.000000 -400.000610
v -2150.000000 4050.000000 -400.000732
v -2150.000000 4500.000000 499.999512
v -1250.000000 4500.000000 499.999512
v -1250.000000 4500.000000 479.187500
v -329.228516 4500.000000 479.187256
v -329.228516 4500.000000 -379.188721
v -1250.000000 4500.000000 -379.188843
v -1250.000000 4500.000000 -400.000732
v -2150.000000 4500.000000 -400.000732
v -2150.000000 4950.000000 499.999512
v -1250.000000 4950.000000 499.999512
v -1250.000000 4950.000000 479.187500
v -329.228516 4950.000000 479.187256
v -329.228516 4950.000000 -379.188843
v -1250.000000 4950.000000 -379.188843
v -1250.000000 4950.000000 -400.000732
v -2150.000000 4950.000000 -400.000732
v -2150.000000 5400.000000 499.999512
v -1250.000000 5400.000000 499.999512
v -1250.000000 5400.000000 479.187256
v -329.228516 5400.000000 479.187256
v -329.228516 5400.000000 -379.188843
v -1250.000000 5400.000000 -379.188843
v -1250.000000 5400.000000 -400.000732
v -2150.000000 5400.000000 -400.000854
v -2150.000000 5850.000000 499.999023
v -1250.000000 5850.000000 499.999512
v -1250.000000 5850.000000 479.187256
v -329.228516 5850.000000 479.187012
v -329.228516 5850.000000 -379.189087
v -1250.000000 5850.000000 -379.189087
v -1250.000000 5850.000000 -400.000854
v -2150.000000 5850.000000 -400.000977
v 2900.000488 0.000082 5250.000488
v 3900.000244 0.000082 5250.000488
v 2900.000488 -0.000082 4250.000000
v 3900.000244 -0.000082 4250.000000
v 3900.000244 0.000056 5091.273438
v 3900.000244 -0.000104 4107.939941
v 4590.753906 0.000056 5091.273438
v 4590.753906 -0.000104 4107.939941
v 2900.000488 300.000092 5250.000488
v 3900.000244 300.000092 5250.000488
v 3900.000244 300.000061 5091.273438
v 4590.753906 300.000061 5091.273438
v 4590.753906 299.999908 4107.939941
v 3900.000244 299.999908 4107.939941
v 3900.000244 299.999908 4250.000000
v 2900.000488 299.999908 4250.000000
v 2900.000488 600.000061 5250.000488
v 3900.000244 600.000061 5250.000488
v 3900.000244 600.000061 5091.273438
v 4590.753906 600.000061 5091.273438
v 4590.753906 599.999878 4107.939941
v 3900.000244 599.999878 4107.939941
v 3900.000244 599.999939 4250.000000
v 2900.000488 599.999939 4250.000000
v 2900.000488 900.000061 5250.000488
v 3900.000244 900.000061 5250.000488
v 3900.000244 900.000061 5091.273438
v 4590.753906 900.000061 5091.273438
v 4590.753906 899.999878 4107.939941
v 3900.000244 899.999878 4107.939941
v 3900.000244 899.999939 4250.000000
v 2900.000488 899.999939 4250.000000
v 2900.000488 1200.000122 5250.000488
v 3900.000244 1200.000122 5250.000488
v 3900.000244 1200.000000 5091.272949
v 4590.753906 1200.000000 5091.272949
v 4590.753906 1199.999878 4107.939941
v 3900.000244 1199.999878 4107.939941
v 3900.000244 1199.999878 4250.000000
v 2900.000488 1199.999878 4250.000000
v 2900.000488 1500.000122 5249.999512
v 3900.000244 1500.000122 5250.000488
v 3900.000244 1500.000000 5091.272949
v 4590.753906 1500.000000 5091.272949
v 4590.753906 1499.999878 4107.939941
v 3900.000244 1499.999878 4107.939941
v 3900.000244 1499.999878 4250.000000
v 2900.000488 1499.999878 4250.000000
v 2900.000488 1800.000122 5249.999512
v 3900.000244 1800.000122 5249.999512
v 3900.000244 1800.000000 5091.272949
v 4590.753906 1800.000000 5091.272949
v 4590.753906 1799.999878 4107.939941
v 3900.000244 1799.999878 4107.939941
v 3900.000244 1799.999878 4250.000000
v 2900.000488 1799.999878 4249.999512
v 6000.000488 0.000082 5100.000000
v 7000.000488 0.000082 5100.000000
v 6000.000000 -0.000082 4099.999512
v 7000.000488 -0.000082 4099.999512
v 6000.000000 -0.000052 4277.039062
v 6000.000488 0.000052 4922.960449
v 5542.792969 -0.000052 4277.039062
v 5542.792969 0.000052 4922.960449
v 6000.000488 450.000092 5100.000000
v 7000.000488 450.000092 5100.000000
v 7000.000488 449.999908 4099.999512
v 6000.000000 449.999908 4099.999512
v 6000.000000 449.999939 4277.039062
v 5542.792969 449.999939 4277.039062
v 5542.792969 450.000061 4922.960449
v 6000.000488 450.000061 4922.960449
v 6000.000488 900.000061 5100.000000
v 7000.000488 900.000061 5100.000000
v 7000.000488 899.999939 4099.999512
v 6000.000000 899.999939 4099.999512
v 6000.000000 899.999939 4277.038574
v 5542.792969 899.999939 4277.038574
v 5542.792969 900.000061 4922.960449
v 6000.000488 900.000061 4922.960449
v 6000.000488 1350.000122 5099.999023
v 7000.000488 1350.000122 5100.000000
v 7000.000488 1349.999878 4099.999512
v 6000.000000 1349.999878 4099.999512
v 6000.000000 1350.000000 4277.038574
v 5542.792969 1350.000000 4277.038574
v 5542.792969 1350.000000 4922.960449
v 6000.000488 1350.000000 4922.960449
v 6000.000488 1800.000122 5099.999023
v 7000.000488 1800.000122 5099.999023
v 7000.000488 1799.999878 4099.999512
v 6000.000000 1799.999878 4099.999023
v 6000.000000 1800.000000 4277.038574
v 5542.792969 1800.000000 4277.038574
v 5542.792969 1800.000000 4922.960449
v 6000.000488 1800.000000 4922.960449
v 6000.000488 2250.000000 5099.999023
v 7000.000488 2250.000000 5099.999023
v 7000.000488 2250.000000 4099.999512
v 6000.000000 2250.000000 4099.999023
v 6000.000000 2250.000000 4277.038574
v 5542.792969 2250.000000 4277.038574
v 5542.792969 2250.000000 4922.960449
v 6000.000488 2250.000000 4922.960449
v 6000.000488 2700.000000 5099.999023
v 7000.000488 2700.000000 5099.999023
v 7000.000488 2700.000000 4099.999023
v 6000.000000 2700.000000 4099.999023
v 6000.000000 2700.000000 4277.038574
v 5542.792969 2700.000000 4277.038574
v 5542.792969 2700.000000 4922.960449
v 6000.000488 2700.000000 4922.960449
v 6000.000488 3150.000000 5099.999023
v 7000.000488 3150.000000 5099.999023
v 7000.000488 3150.000000 4099.999023
v 6000.000000 3150.000000 4099.999023
v 6000.000000 3150.000000 4277.038574
v 5542.792969 3150.000000 4277.038574
v 5542.792969 3150.000000 4922.960449
v 6000.000488 3150.000000 4922.960449
v 1250.000000 0.000082 575.000000
v 2150.000000 0.000082 575.000000
v 1250.000000 -0.000082 -424.999878
v 2150.000000 -0.000082 -424.999634
v 1250.000000 -0.000080 -414.369507
v 1250.000000 0.000080 564.369873
v 349.880859 -0.000080 -414.369385
v 349.880859 0.000080 564.369873
v 1250.000000 390.000092 575.000000
v 2150.000000 390.000092 575.000000
v 2150.000000 389.999908 -424.999878
v 1250.000000 389.999908 -425.000000
v 1250.000000 389.999908 -414.369507
v 349.880859 389.999908 -414.369507
v 349.880859 390.000092 564.369629
v 1250.000000 390.000092 564.369873
v 1250.000000 780.000061 575.000000
v 2150.000000 780.000061 575.000000
v 2150.000000 779.999939 -424.999878
v 1250.000000 779.999939 -425.000000
v 1250.000000 779.999939 -414.369629
v 349.880859 779.999939 -414.369507
v 349.880859 780.000061 564.369629
v 1250.000000 780.000061 564.369629
v 1250.000000 1170.000122 575.000000
v 2150.000000 1170.000122 575.000000
v 2150.000000 1169.999878 -425.000000
v 1250.000000 1169.999878 -425.000000
v 1250.000000 1169.999878 -414.369629
v 349.880859 1169.999878 -414.369751
v 349.880859 1170.000122 564.369629
v 1250.000000 1170.000122 564.369629
v 1250.000000 1560.000122 574.999756
v 2150.000000 1560.000122 575.000000
v 2150.000000 1559.999878 -425.000000
v 1250.000000 1559.999878 -425.000122
v 1250.000000 1559.999878 -414.369873
v 349.880859 1559.999878 -414.369751
v 349.880859 1560.000122 564.369629
v 1250.000000 1560.000122 564.369629
v 1250.000000 1950.000122 574.999756
v 2150.000000 1950.000122 575.000000
v 2150.000000 1949.999878 -425.000000
v 1250.000000 1949.999878 -425.000122
v 1250.000000 1949.999878 -414.369873
v 349.880859 1949.999878 -414.369751
v 349.880859 1950.000122 564.369629
v 1250.000000 1950.000122 564.369629
v 1250.000000 2340.000000 574.999756
v 2150.000000 2340.000000 574.999756
v 2150.000000 2340.000000 -425.000122
v 1250.000000 2340.000000 -425.000244
v 1250.000000 2340.000000 -414.369873
v 349.880859 2340.000000 -414.369873
v 349.880859 2340.000000 564.369629
v 1250.000000 2340.000000 564.369629
v 1250.000000 2730.000000 574.999756
v 2150.000000 2730.000000 574.999756
v 2150.000000 2730.000000 -425.000122
v 1250.000000 2730.000000 -425.000244
v 1250.000000 2730.000000 -414.369995
v 349.880859 2730.000000 -414.369873
v 349.880859 2730.000000 564.369385
v 1250.000000 2730.000000 564.369629
v 1250.000000 3120.000000 574.999756
v 2150.000000 3120.000000 574.999756
v 2150.000000 3120.000000 -425.000244
v 1250.000000 3120.000000 -425.000244
v 1250.000000 3120.000000 -414.369995
v 349.880859 3120.000000 -414.369995
v 349.880859 3120.000000 564.369385
v 1250.000000 3120.000000 564.369385
v 1250.000000 3510.000000 574.999512
v 2150.000000 3510.000000 574.999756
v 2150.000000 3510.000000 -425.000244
v 1250.000000 3510.000000 -425.000488
v 1250.000000 3510.000000 -414.370117
v 349.880859 3510.000000 -414.369995
v 349.880859 3510.000000 564.369385
v 1250.000000 3510.000000 564.369385
v 1250.000000 3900.000000 574.999512
v 2150.000000 3900.000000 574.999512
v 2150.000000 3900.000000 -425.000244
v 1250.000000 3900.000000 -425.000488
v 1250.000000 3900.000000 -414.370117
v 349.880859 3900.000000 -414.369995
v 349.880859 3900.000000 564.369385
v 1250.000000 3900.000000 564.369385
v 1250.000000 4290.000000 574.999512
v 2150.000000 4290.000000 574.999512
v 2150.000000 4290.000000 -425.000488
v 1250.000000 4290.000000 -425.000610
v 1250.000000 4290.000000 -414.370117
v 349.880859 4290.000000 -414.370239
v 349.880859 4290.000000 564.368896
v 1250.000000 4290.000000 564.369385
v 1250.000000 4680.000000 574.999512
v 2150.000000 4680.000000 574.999512
v 2150.000000 4680.000000 -425.000610
v 1250.000000 4680.000000 -425.000610
v 1250.000000 4680.000000 -414.370361
v 349.880859 4680.000000 -414.370239
v 349.880859 4680.000000 564.368896
v 1250.000000 4680.000000 564.368896
v 1250.000000 5070.000000 574.999512
v 2150.000000 5070.000000 574.999512
v 2150.000000 5070.000000 -425.000610
v 1250.000000 5070.000000 -425.000610
v 1250.000000 5070.000000 -414.370361
v 349.880859 5070.000000 -414.370361
v 349.880859 5070.000000 564.368896
v 1250.000000 5070.000000 564.368896
v 1250.000000 5460.000000 574.999268
v 2150.000000 5460.000000 574.999512
v 2150.000000 5460.000000 -425.000610
v 1250.000000 5460.000000 -425.000732
v 1250.000000 5460.000000 -414.370483
v 349.880859 5460.000000 -414.370361
v 349.880859 5460.000000 564.368896
v 1250.000000 5460.000000 564.368896
v -4250.000000 0.000082 5400.000000
v -3250.000000 0.000082 5400.000000
v -4250.000000 -0.000082 4400.000000
v -3250.000000 -0.000082 4400.000000
v -3396.605469 -0.000082 4400.000000
v -4103.394531 -0.000082 4400.000000
v -3396.605469 -0.000154 3953.074219
v -4103.394531 -0.000154 3953.074219
v -4250.000000 375.000092 5400.000000
v -3250.000000 375.000092 5400.000000
v -3250.000000 374.999908 4400.000000
v -3396.605469 374.999908 4400.000000
v -3396.605469 374.999847 3953.074219
v -4103.394531 374.999847 3953.074219
v -4103.394531 374.999908 4400.000000
v -4250.000000 374.999908 4400.000000
v -4250.000000 750.000061 5400.000000
v -3250.000000 750.000061 5400.000000
v -3250.000000 749.999939 4400.000000
v -3396.605469 749.999939 4400.000000
v -3396.605469 749.999817 3953.074219
v -4103.394531 749.999817 3953.074219
v -4103.394531 749.999939 4400.000000
v -4250.000000 749.999939 4400.000000
v -4250.000000 1125.000122 5400.000000
v -3250.000000 1125.000122 5400.000000
v -3250.000000 1124.999878 4400.000000
v -3396.605469 1124.999878 4400.000000
v -3396.605469 1124.999878 3953.074219
v -4103.394531 1124.999878 3953.074219
v -4103.394531 1124.999878 4400.000000
v -4250.000000 1124.999878 4400.000000
v -4250.000000 1500.000122 5399.999512
v -3250.000000 1500.000122 5400.000000
v -3250.000000 1499.999878 4400.000000
v -3396.605469 1499.999878 4400.000000
v -3396.605469 1499.999878 3953.073730
v -4103.394531 1499.999878 3953.073730
v -4103.394531 1499.999878 4400.000000
v -4250.000000 1499.999878 4400.000000
v -9000.000000 0.000082 5150.000488
v -8000.000000 0.000082 5150.000488
v -9000.000000 -0.000082 4150.000488
v -8000.000000 -0.000082 4150.000488
v -9000.000000 -0.000040 4405.973145
v -9000.000000 0.000040 4894.027344
v -9267.699219 -0.000040 4405.973633
v -9267.699219 0.000040 4894.027832
v -9000.000000 300.000092 5150.000488
v -8000.000000 300.000092 5150.000488
v -8000.000000 299.999908 4150.000488
v -9000.000000 299.999908 4150.000488
v -9000.000000 299.999969 4405.973145
v -9267.699219 299.999969 4405.973633
v -9267.699219 300.000031 4894.027832
v -9000.000000 300.000031 4894.027344
v -9000.000000 600.000061 5150.000488
v -8000.000000 600.000061 5150.000488
v -8000.000000 599.999939 4150.000488
v -9000.000000 599.999939 4150.000488
v -9000.000000 599.999939 4405.973145
v -9267.699219 599.999939 4405.973633
v -9267.699219 600.000061 4894.027832
v -9000.000000 600.000061 4894.027344
v -9000.000000 900.000061 5150.000488
v -8000.000000 900.000061 5150.000488
v -8000.000000 899.999939 4150.000488
v -9000.000000 899.999939 4150.000488
v -9000.000000 899.999939 4405.973145
v -9267.699219 899.999939 4405.973633
v -9267.699219 900.000061 4894.027832
v -9000.000000 900.000061 4894.027344
v -9000.000000 1200.000122 5150.000488
v -8000.000000 1200.000122 5150.000488
v -8000.000000 1199.999878 4150.000488
v -9000.000000 1199.999878 4150.000488
v -9000.000000 1200.000000 4405.973145
v -9267.699219 1200.000000 4405.973633
v -9267.699219 1200.000000 4894.027832
v -9000.000000 1200.000000 4894.027344
v -9000.000000 1500.000122 5150.000000
v -8000.000000 1500.000122 5150.000488
v -8000.000000 1499.999878 4150.000488
v -9000.000000 1499.999878 4150.000488
v -9000.000000 1500.000000 4405.972656
v -9267.699219 1500.000000 4405.973145
v -9267.699219 1500.000000 4894.027832
v -9000.000000 1500.000000 4894.027344
v -9000.000000 1800.000122 5150.000000
v -8000.000000 1800.000122 5150.000000
v -8000.000000 1799.999878 4150.000488
v -9000.000000 1799.999878 4149.999512
v -9000.000000 1800.000000 4405.972656
v -9267.699219 1800.000000 4405.973145
v -9267.699219 1800.000000 4894.027832
v -9000.000000 1800.000000 4894.027344
v 683.326660 0.000082 2889.947754
v 1683.326660 0.000082 2889.947754
v 683.326660 -0.000082 1889.947510
v 1683.326660 -0.000082 1889.947510
v 683.326660 499.999908 1889.947510
v 1683.326660 499.999908 1889.947510
v 1683.326660 499.999908 1789.947510
v 1783.326660 499.999908 1789.947510
v 1683.326660 0.000098 2989.947754
v 1783.326660 0.000098 2989.947754
v 683.326660 0.000098 2989.947754
v 583.326660 0.000098 2989.947754
v 683.326660 -0.000098 1789.947510
v 583.326660 -0.000098 1789.947510
v 1683.326660 -0.000098 1789.947510
v 1783.326660 -0.000098 1789.947510
v 683.326660 250.000076 2889.947754
v 1683.326660 250.000076 2889.947754
v 1683.326660 250.000092 2989.947754
v 1783.326660 250.000092 2989.947754
v 1783.326660 500.000092 2989.947754
v 1683.326660 500.000092 2989.947754
v 1783.326660 249.999908 1789.947510
v 1683.326660 249.999908 1789.947510
v 1683.326660 249.999924 1889.947510
v 683.326660 249.999924 1889.947510
v 683.326660 249.999908 1789.947510
v 583.326660 249.999908 1789.947510
v 1683.326660 500.000092 2889.947754
v 683.326660 500.000092 2889.947754
v 583.326660 250.000092 2989.947754
v 683.326660 250.000092 2989.947754
v 683.326660 499.999908 1789.947510
v 583.326660 499.999908 1789.947510
v 583.326660 500.000092 2989.947754
v 683.326660 500.000092 2989.947754
v 683.326660 750.000061 2889.947266
v 1683.326660 750.000061 2889.947754
v 1683.326660 750.000122 2989.947754
v 1783.326660 750.000122 2989.947754
v 1783.326660 749.999878 1789.947510
v 1683.326660 749.999878 1789.947510
v 1683.326660 749.999939 1889.947510
v 683.326660 749.999939 1889.947510
v 683.326660 749.999878 1789.947510
v 583.326660 749.999878 1789.947510
v 583.326660 750.000122 2989.947754
v 683.326660 750.000122 2989.947754
v 683.326660 1000.000061 2889.947266
v 1683.326660 1000.000061 2889.947754
v 1683.326660 1000.000122 2989.947754
v 1783.326660 1000.000122 2989.947754
v 1783.326660 999.999878 1789.947510
v 1683.326660 999.999878 1789.947510
v 1683.326660 999.999939 1889.947510
v 683.326660 999.999939 1889.947510
v 683.326660 999.999878 1789.947510
v 583.326660 999.999878 1789.947510
v 583.326660 1000.000122 2989.947754
v 683.326660 1000.000122 2989.947754
v 683.326660 1250.000122 2889.947266
v 1683.326660 1250.000122 2889.947266
v 1683.326660 1250.000122 2989.947754
v 1783.326660 1250.000122 2989.947754
v 1783.326660 1249.999878 1789.947510
v 1683.326660 1249.999878 1789.947510
v 1683.326660 1249.999878 1889.947510
v 683.326660 1249.999878 1889.947266
v 683.326660 1249.999878 1789.947021
v 583.326660 1249.999878 1789.947021
v 583.326660 1250.000122 2989.947754
v 683.326660 1250.000122 2989.947754
v 683.326660 1500.000122 2889.947266
v 1683.326660 1500.000122 2889.947266
v 1683.326660 1500.000122 2989.947754
v 1783.326660 1500.000122 2989.947754
v 1783.326660 1499.999878 1789.947510
v 1683.326660 1499.999878 1789.947510
v 1683.326660 1499.999878 1889.947510
v 683.326660 1499.999878 1889.947266
v 683.326660 1499.999878 1789.947021
v 583.326660 1499.999878 1789.947021
v 583.326660 1500.000122 2989.947754
v 683.326660 1500.000122 2989.947754
v 683.326660 1750.000122 2889.947266
v 1683.326660 1750.000122 2889.947266
v 1683.326660 1750.000122 2989.947754
v 1783.326660 1750.000122 2989.947754
v 1783.326660 1749.999878 1789.947021
v 1683.326660 1749.999878 1789.947021
v 1683.326660 1749.999878 1889.947266
v 683.326660 1749.999878 1889.947266
v 683.326660 1749.999878 1789.947021
v 583.326660 1749.999878 1789.947021
v 583.326660 1750.000122 2989.947754
v 683.326660 1750.000122 2989.947754
v 683.326660 2000.000122 2889.947266
v 1683.326660 2000.000122 2889.947266
v 1683.326660 2000.000122 2989.947754
v 1783.326660 2000.000122 2989.947754
v 1783.326660 1999.999878 1789.947021
v 1683.326660 1999.999878 1789.947021
v 1683.326660 1999.999878 1889.947266
v 683.326660 1999.999878 1889.947266
v 683.326660 1999.999878 1789.947021
v 583.326660 1999.999878 1789.947021
v 583.326660 2000.000122 2989.947754
v 683.326660 2000.000122 2989.947754
v 683.326660 2250.000000 2889.947266
v 1683.326660 2250.000000 2889.947266
v 1683.326660 2250.000000 2989.947754
v 1783.326660 2250.000000 2989.947754
v 1783.326660 2250.000000 1789.947021
v 1683.326660 2250.000000 1789.947021
v 1683.326660 2250.000000 1889.947266
v 683.326660 2250.000000 1889.947266
v 683.326660 2250.000000 1789.947021
v 583.326660 2250.000000 1789.947021
v 583.326660 2250.000000 2989.947754
v 683.326660 2250.000000 2989.947754
v 683.326660 2500.000000 2889.947266
v 1683.326660 2500.000000 2889.947266
v 1683.326660 2500.000000 2989.947754
v 1783.326660 2500.000000 2989.947754
v 1783.326660 2500.000000 1789.947021
v 1683.326660 2500.000000 1789.947021
v 1683.326660 2500.000000 1889.947266
v 683.326660 2500.000000 1889.947266
v 683.326660 2500.000000 1789.947021
v 583.326660 2500.000000 1789.947021
v 583.326660 2500.000000 2989.947266
v 683.326660 2500.000000 2989.947266
v 683.326660 2750.000000 2889.947266
v 1683.326660 2750.000000 2889.947266
v 1683.326660 2750.000000 2989.947266
v 1783.326660 2750.000000 2989.947266
v 1783.326660 2750.000000 1789.947021
v 1683.326660 2750.000000 1789.947021
v 1683.326660 2750.000000 1889.947266
v 683.326660 2750.000000 1889.946777
v 683.326660 2750.000000 1789.947021
v 583.326660 2750.000000 1789.947021
v 583.326660 2750.000000 2989.947266
v 683.326660 2750.000000 2989.947266
v 683.326660 3000.000000 2889.947266
v 1683.326660 3000.000000 2889.947266
v 1683.326660 3000.000000 2989.947266
v 1783.326660 3000.000000 2989.947266
v 1783.326660 3000.000000 1789.947021
v 1683.326660 3000.000000 1789.947021
v 1683.326660 3000.000000 1889.947266
v 683.326660 3000.000000 1889.946777
v 683.326660 3000.000000 1789.947021
v 583.326660 3000.000000 1789.947021
v 583.326660 3000.000000 2989.947266
v 683.326660 3000.000000 2989.947266
v 683.326660 3250.000000 2889.947266
v 1683.326660 3250.000000 2889.947266
v 1683.326660 3250.000000 2989.947266
v 1783.326660 3250.000000 2989.947266
v 1783.326660 3250.000000 1789.947021
v 1683.326660 3250.000000 1789.947021
v 1683.326660 3250.000000 1889.946777
v 683.326660 3250.000000 1889.946777
v 683.326660 3250.000000 1789.946777
v 583.326660 3250.000000 1789.946777
v 583.326660 3250.000000 2989.947266
v 683.326660 3250.000000 2989.947266
v 683.326660 3500.000000 2889.947266
v 1683.326660 3500.000000 2889.947266
v 1683.326660 3500.000000 2989.947266
v 1783.326660 3500.000000 2989.947266
v 1783.326660 3500.000000 1789.947021
v 1683.326660 3500.000000 1789.947021
v 1683.326660 3500.000000 1889.946777
v 683.326660 3500.000000 1889.946777
v 683.326660 3500.000000 1789.946777
v 583.326660 3500.000000 1789.946777
v 583.326660 3500.000000 2989.947266
v 683.326660 3500.000000 2989.947266
vn -0.0980 -0.0000 -0.9952
vn 0.0980 -0.0000 -0.9952
vn -0.0000 1.0000 -0.0000
vn 0.2903 -0.0000 -0.9569
vn 0.4714 -0.0000 -0.8819
vn 0.6344 -0.0000 -0.7730
vn 0.7730 -0.0000 -0.6344
vn 0.8819 -0.0000 -0.4714
vn 0.9569 -0.0000 -0.2903
vn 0.9952 -0.0000 -0.0980
vn 0.9952 -0.0000 0.0980
vn 0.9569 -0.0000 0.2903
vn 0.8819 -0.0000 0.4714
vn 0.7730 -0.0000 0.6344
vn 0.6344 -0.0000 0.7730
vn 0.4714 -0.0000 0.8819
vn 0.2903 -0.0000 0.9569
vn 0.0980 -0.0000 0.9952
vn -0.0980 -0.0000 0.9952
vn -0.2903 -0.0000 0.9569
vn -0.4714 -0.0000 0.8819
vn -0.6344 -0.0000 0.7730
vn -0.7730 -0.0000 0.6344
vn -0.8819 -0.0000 0.4714
vn -0.9569 -0.0000 0.2903
vn -0.9952 -0.0000 0.0980
vn -0.9952 -0.0000 -0.0980
vn -0.9569 -0.0000 -0.2903
vn -0.8819 -0.0000 -0.4714
vn -0.7730 -0.0000 -0.6344
vn -0.6344 -0.0000 -0.7730
vn -0.4714 -0.0000 -0.8819
vn -0.2903 -0.0000 -0.9569
vn 1.0000 -0.0000 -0.0000
vn -1.0000 -0.0000 -0.0000
vn -0.0000 -0.0000 -1.0000
vn -0.0000 -0.0000 1.0000
vn 0.1874 -0.0000 0.9823
vn -0.9921 -0.0000 0.1253
vn 0.9298 -0.0000 -0.3681
vn -0.0628 -0.0000 -0.9980
vn 0.3090 -0.0000 0.9511
vn -0.9686 -0.0000 0.2487
vn 0.8763 -0.0000 -0.4818
vn -0.1874 -0.0000 -0.9823
vn 0.4258 -0.0000 0.9048
vn -0.9298 -0.0000 0.3681
vn 0.8090 -0.0000 -0.5878
vn -0.3090 -0.0000 -0.9511
vn 0.5358 -0.0000 0.8443
vn -0.8763 -0.0000 0.4818
vn 0.7290 -0.0000 -0.6846
vn -0.4258 -0.0000 -0.9048
vn 0.6374 -0.0000 0.7705
vn -0.8090 -0.0000 0.5878
vn 0.6374 -0.0000 -0.7705
vn -0.5358 -0.0000 -0.8443
vn 0.7290 -0.0000 0.6845
vn -0.7290 -0.0000 0.6845
vn 0.5358 -0.0000 -0.8443
vn -0.6374 -0.0000 -0.7705
vn 0.8090 -0.0000 0.5878
vn -0.6374 -0.0000 0.7705
vn 0.4258 -0.0000 -0.9048
vn -0.7290 -0.0000 -0.6845
vn 0.8763 -0.0000 0.4818
vn -0.5358 -0.0000 0.8443
vn 0.3090 -0.0000 -0.9511
vn -0.8090 -0.0000 -0.5878
vn 0.9298 -0.0000 0.3681
vn -0.4258 -0.0000 0.9048
vn 0.1874 -0.0000 -0.9823
vn -0.8763 -0.0000 -0.4818
vn 0.9686 -0.0000 0.2487
vn -0.3090 -0.0000 0.9511
vn 0.0628 -0.0000 -0.9980
vn -0.9298 -0.0000 -0.3681
vn 0.9921 -0.0000 0.1253
vn -0.1874 -0.0000 0.9823
vn -0.9686 -0.0000 -0.2487
vn -0.0628 -0.0000 0.9980
vn -0.9921 -0.0000 -0.1253
vn 0.9921 -0.0000 -0.1253
vn 0.0628 -0.0000 0.9980
vn 0.9686 -0.0000 -0.2487
vn -0.8763 -0.0000 0.4817
vn 0.7290 -0.0000 -0.6845
vn -0.9877 -0.0000 -0.1564
vn 0.6293 -0.0000 -0.7771
vn 0.8387 -0.0000 0.5446
vn 0.7071 -0.0000 -0.7071
vn -0.0523 -0.0000 -0.9986
vn -0.9659 -0.0000 -0.2588
vn -0.4540 -0.0000 0.8910
vn 0.7771 -0.0000 0.6293
vn 0.7772 -0.0000 -0.6293
vn 0.7771 -0.0000 -0.6293
vn -0.9336 -0.0000 -0.3584
vn -0.5446 -0.0000 0.8387
vn 0.7071 -0.0000 0.7071
vn 0.8387 -0.0000 -0.5446
vn -0.8910 -0.0000 -0.4540
vn -0.6293 -0.0000 0.7771
vn 0.6293 -0.0000 0.7771
vn 0.8910 -0.0000 -0.4540
vn -0.8387 -0.0000 -0.5446
vn -0.7071 -0.0000 0.7071
vn 0.5446 -0.0000 0.8387
vn 0.9336 -0.0000 -0.3584
vn 0.9336 -0.0000 -0.3583
vn -0.7771 -0.0000 -0.6293
vn -0.7772 -0.0000 0.6293
vn -0.7771 -0.0000 0.6293
vn 0.4540 -0.0000 0.8910
vn 0.9659 -0.0000 -0.2588
vn -0.7071 -0.0000 -0.7071
vn -0.8387 -0.0000 0.5446
vn 0.3584 -0.0000 0.9336
vn 0.9877 -0.0000 -0.1564
vn 0.0523 -0.0000 -0.9986
vn -0.6293 -0.0000 -0.7771
vn -0.8910 -0.0000 0.4540
vn 0.2588 -0.0000 0.9659
vn 0.9986 -0.0000 -0.0523
vn 0.1564 -0.0000 -0.9877
vn -0.5446 -0.0000 -0.8387
vn -0.9336 -0.0000 0.3584
vn 0.1564 -0.0000 0.9877
vn 0.9986 -0.0000 0.0523
vn 0.2588 -0.0000 -0.9659
vn -0.4540 -0.0000 -0.8910
vn -0.9659 -0.0000 0.2588
vn 0.0523 -0.0000 0.9986
vn 0.9877 -0.0000 0.1564
vn 0.3584 -0.0000 -0.9336
vn -0.3584 -0.0000 -0.9336
vn -0.9877 -0.0000 0.1564
vn -0.0523 -0.0000 0.9986
vn 0.9659 -0.0000 0.2588
vn 0.4540 -0.0000 -0.8910
vn -0.2588 -0.0000 -0.9659
vn -0.9986 -0.0000 0.0523
vn -0.1564 -0.0000 0.9877
vn 0.9336 -0.0000 0.3584
vn 0.5446 -0.0000 -0.8387
vn -0.1564 -0.0000 -0.9877
vn -0.9986 -0.0000 -0.0523
vn -0.2588 -0.0000 0.9659
vn -0.3584 -0.0000 0.9336
vn 0.8910 -0.0000 0.4540
vn 0.5789 -0.0000 0.8154
vn -0.5789 -0.0000 0.8154
vn 0.3896 -0.0000 -0.9210
vn -0.4829 -0.0000 -0.8757
vn 0.6761 -0.0000 0.7368
vn -0.4829 -0.0000 0.8757
vn 0.2993 -0.0000 -0.9542
vn -0.5789 -0.0000 -0.8154
vn 0.7715 -0.0000 0.6362
vn -0.3896 -0.0000 0.9210
vn 0.2117 -0.0000 -0.9773
vn -0.6761 -0.0000 -0.7368
vn 0.8598 -0.0000 0.5106
vn -0.2993 -0.0000 0.9542
vn 0.1262 -0.0000 -0.9920
vn -0.7715 -0.0000 -0.6362
vn 0.9332 -0.0000 0.3594
vn -0.2117 -0.0000 0.9773
vn 0.0419 -0.0000 -0.9991
vn -0.8598 -0.0000 -0.5106
vn 0.9825 -0.0000 0.1862
vn -0.1262 -0.0000 0.9920
vn -0.9332 -0.0000 -0.3594
vn -0.0419 -0.0000 0.9991
vn -0.9825 -0.0000 -0.1862
vn 0.9825 -0.0000 -0.1862
vn 0.0419 -0.0000 0.9991
vn 0.9332 -0.0000 -0.3594
vn 0.1262 -0.0000 0.9920
vn -0.9825 -0.0000 0.1862
vn 0.8598 -0.0000 -0.5106
vn -0.0419 -0.0000 -0.9991
vn 0.2117 -0.0000 0.9773
vn -0.9332 -0.0000 0.3594
vn 0.7715 -0.0000 -0.6362
vn -0.1262 -0.0000 -0.9920
vn 0.2993 -0.0000 0.9542
vn -0.8598 -0.0000 0.5106
vn 0.6761 -0.0000 -0.7368
vn -0.2117 -0.0000 -0.9773
vn 0.3896 -0.0000 0.9210
vn -0.7715 -0.0000 0.6362
vn 0.5789 -0.0000 -0.8154
vn -0.2993 -0.0000 -0.9542
vn 0.4829 -0.0000 0.8757
vn -0.6761 -0.0000 0.7368
vn 0.4829 -0.0000 -0.8757
vn -0.3896 -0.0000 -0.9210
vn -0.2993 -0.0000 0.9541
vn 0.2993 -0.0000 0.9541
vn 0.0001 1.0000 -0.0000
vn -0.0001 1.0000 -0.0000
vn 0.8763 -0.0000 -0.4817
vt 0.599428 0.752491
vt 0.604852 0.738193
vt 0.604852 0.752491
vt 0.610276 0.738193
vt 0.610276 0.752491
vt 0.610276 0.723894
vt 0.599428 0.738193
vt 0.604852 0.723894
vt 0.610276 0.709595
vt 0.599428 0.723894
vt 0.604852 0.709595
vt 0.599428 0.709595
vt 0.604852 0.695296
vt 0.610276 0.695296
vt 0.543138 0.707629
vt 0.526689 0.694129
vt 0.575729 0.667916
vt 0.615492 0.695296
vt 0.615492 0.709595
vt 0.620299 0.695296
vt 0.620299 0.709595
vt 0.615492 0.723894
vt 0.620299 0.723894
vt 0.624512 0.709595
vt 0.624512 0.723894
vt 0.624512 0.695296
vt 0.627970 0.709595
vt 0.627970 0.723894
vt 0.627970 0.695296
vt 0.630539 0.709595
vt 0.630539 0.695296
vt 0.632121 0.695296
vt 0.632121 0.709595
vt 0.630539 0.723894
vt 0.632121 0.723894
vt 0.632655 0.709595
vt 0.632655 0.723894
vt 0.632655 0.695296
vt 0.670575 0.712773
vt 0.671718 0.698474
vt 0.671718 0.712773
vt 0.670575 0.698474
vt 0.671718 0.684175
vt 0.673879 0.684175
vt 0.673879 0.698474
vt 0.676974 0.698474
vt 0.676974 0.684175
vt 0.673879 0.712773
vt 0.676974 0.712773
vt 0.680885 0.698474
vt 0.680885 0.712773
vt 0.680885 0.684175
vt 0.685461 0.698474
vt 0.685461 0.712773
vt 0.685461 0.684175
vt 0.690527 0.684175
vt 0.690527 0.698474
vt 0.695888 0.684175
vt 0.695888 0.698474
vt 0.690527 0.712773
vt 0.695888 0.712773
vt 0.701338 0.698474
vt 0.701338 0.712773
vt 0.701338 0.684175
vt 0.706667 0.698474
vt 0.706667 0.712773
vt 0.706667 0.684175
vt 0.711671 0.684175
vt 0.711671 0.698474
vt 0.716157 0.684175
vt 0.716157 0.698474
vt 0.711671 0.712773
vt 0.716157 0.712773
vt 0.719953 0.712773
vt 0.719953 0.698474
vt 0.719953 0.684175
vt 0.155586 0.790517
vt 0.159800 0.776218
vt 0.159800 0.790517
vt 0.155586 0.776218
vt 0.159800 0.761919
vt 0.164606 0.761919
vt 0.164606 0.776218
vt 0.169822 0.761919
vt 0.169822 0.776218
vt 0.164606 0.790517
vt 0.169822 0.790517
vt 0.175246 0.776218
vt 0.175246 0.790517
vt 0.175246 0.761919
vt 0.180670 0.776218
vt 0.180670 0.790517
vt 0.180670 0.761919
vt 0.185886 0.761919
vt 0.185886 0.776218
vt 0.190693 0.761919
vt 0.190693 0.776218
vt 0.185886 0.790517
vt 0.190693 0.790517
vt 0.194906 0.776218
vt 0.194906 0.790517
vt 0.194906 0.761919
vt 0.585192 0.723894
vt 0.589406 0.709595
vt 0.589406 0.723894
vt 0.585192 0.709595
vt 0.589406 0.695296
vt 0.594212 0.695296
vt 0.594212 0.709595
vt 0.599428 0.695296
vt 0.594212 0.723894
vt 0.589406 0.738193
vt 0.594212 0.738193
vt 0.589406 0.752491
vt 0.594212 0.752491
vt 0.585192 0.752491
vt 0.194906 0.819114
vt 0.190693 0.804815
vt 0.194906 0.804815
vt 0.185886 0.804815
vt 0.185886 0.819114
vt 0.190693 0.819114
vt 0.180670 0.819114
vt 0.180670 0.804815
vt 0.175246 0.804815
vt 0.175246 0.819114
vt 0.169822 0.819114
vt 0.164606 0.819114
vt 0.169822 0.804815
vt 0.159800 0.804815
vt 0.164606 0.804815
vt 0.159800 0.819114
vt 0.155586 0.804815
vt 0.155586 0.819114
vt 0.716157 0.741370
vt 0.719953 0.727071
vt 0.719953 0.741370
vt 0.711671 0.741370
vt 0.716157 0.727071
vt 0.711671 0.727071
vt 0.706667 0.727071
vt 0.701338 0.727071
vt 0.701338 0.741370
vt 0.706667 0.741370
vt 0.695888 0.741370
vt 0.690527 0.741370
vt 0.695888 0.727071
vt 0.690527 0.727071
vt 0.685461 0.741370
vt 0.685461 0.727071
vt 0.680885 0.741370
vt 0.676974 0.741370
vt 0.680885 0.727071
vt 0.673879 0.727071
vt 0.676974 0.727071
vt 0.671718 0.741370
vt 0.673879 0.741370
vt 0.671718 0.727071
vt 0.670575 0.727071
vt 0.632121 0.752491
vt 0.632655 0.738193
vt 0.632655 0.752491
vt 0.630539 0.752491
vt 0.632121 0.738193
vt 0.630539 0.738193
vt 0.627970 0.738193
vt 0.624512 0.752491
vt 0.627970 0.752491
vt 0.620299 0.752491
vt 0.624512 0.738193
vt 0.615492 0.752491
vt 0.620299 0.738193
vt 0.615492 0.738193
vt 0.955538 0.589063
vt 0.936473 0.541400
vt 0.955538 0.541400
vt 0.258513 0.548388
vt 0.260664 0.538855
vt 0.260664 0.548388
vt 0.839541 0.569572
vt 0.858606 0.560040
vt 0.858606 0.569572
vt 0.558398 0.096861
vt 0.606061 0.087329
vt 0.606061 0.096861
vt 0.308022 0.538855
vt 0.308022 0.548388
vt 0.308022 0.529323
vt 0.839541 0.560040
vt 0.858606 0.550507
vt 0.258513 0.529323
vt 0.260664 0.529323
vt 0.558398 0.087329
vt 0.606061 0.077796
vt 0.839541 0.550507
vt 0.858606 0.540975
vt 0.258513 0.519790
vt 0.260664 0.519790
vt 0.558398 0.077796
vt 0.606061 0.068264
vt 0.308022 0.519790
vt 0.558398 0.068264
vt 0.606061 0.058731
vt 0.308022 0.510258
vt 0.839541 0.540975
vt 0.858606 0.531442
vt 0.258513 0.510258
vt 0.260664 0.510258
vt 0.839541 0.521910
vt 0.858606 0.521910
vt 0.260664 0.500725
vt 0.558398 0.058731
vt 0.606061 0.049199
vt 0.308022 0.500725
vt 0.258513 0.500725
vt 0.260664 0.491193
vt 0.558398 0.049199
vt 0.606061 0.039666
vt 0.308022 0.491193
vt 0.858606 0.512377
vt 0.558398 0.039666
vt 0.606061 0.030134
vt 0.308022 0.481660
vt 0.839541 0.502845
vt 0.858606 0.502845
vt 0.258513 0.491193
vt 0.260664 0.481660
vt 0.858606 0.493312
vt 0.258513 0.481660
vt 0.260664 0.472128
vt 0.558398 0.030134
vt 0.606061 0.020601
vt 0.308022 0.472128
vt 0.558398 0.020601
vt 0.606061 0.011069
vt 0.308022 0.462595
vt 0.839541 0.493312
vt 0.858606 0.483779
vt 0.258513 0.472128
vt 0.260664 0.462595
vt 0.558398 0.011069
vt 0.558398 0.001536
vt 0.606061 0.001536
vt 0.308022 0.453063
vt 0.839541 0.483779
vt 0.858606 0.474247
vt 0.258513 0.462595
vt 0.258513 0.453063
vt 0.260664 0.453063
vt 0.240338 0.909805
vt 0.202208 0.865320
vt 0.240338 0.865320
vt 0.267523 0.154057
vt 0.271825 0.134992
vt 0.271825 0.154057
vt 0.154112 0.357312
vt 0.115981 0.338247
vt 0.154112 0.338247
vt 0.267523 0.309649
vt 0.312008 0.290584
vt 0.312008 0.309649
vt 0.316026 0.134992
vt 0.316026 0.154057
vt 0.316026 0.115926
vt 0.154112 0.319182
vt 0.267523 0.134992
vt 0.271825 0.115926
vt 0.267523 0.290584
vt 0.312008 0.271519
vt 0.115981 0.319182
vt 0.154112 0.300117
vt 0.267523 0.096861
vt 0.271825 0.096861
vt 0.267523 0.271519
vt 0.312008 0.252454
vt 0.316026 0.096861
vt 0.267523 0.252454
vt 0.312008 0.233389
vt 0.316026 0.077796
vt 0.115981 0.281052
vt 0.154112 0.281052
vt 0.271825 0.077796
vt 0.154112 0.261987
vt 0.267523 0.077796
vt 0.271825 0.058731
vt 0.267523 0.233389
vt 0.312008 0.214324
vt 0.316026 0.058731
vt 0.267523 0.058731
vt 0.271825 0.039666
vt 0.267523 0.214324
vt 0.312008 0.195259
vt 0.316026 0.039666
vt 0.115981 0.261987
vt 0.154112 0.242922
vt 0.267523 0.195259
vt 0.312008 0.176194
vt 0.316026 0.020601
vt 0.115981 0.242922
vt 0.154112 0.223857
vt 0.267523 0.039666
vt 0.271825 0.020601
vt 0.115981 0.223857
vt 0.154111 0.204792
vt 0.267523 0.020601
vt 0.271825 0.001536
vt 0.267523 0.176194
vt 0.312008 0.157129
vt 0.316026 0.001536
vt 0.697672 0.260293
vt 0.716833 0.296040
vt 0.697672 0.296040
vt 0.498271 0.823350
vt 0.496109 0.813817
vt 0.498271 0.813817
vt 0.936473 0.538328
vt 0.955633 0.528795
vt 0.955633 0.538328
vt 0.801741 0.656531
vt 0.837488 0.646998
vt 0.837488 0.656531
vt 0.533789 0.813817
vt 0.533789 0.823350
vt 0.936473 0.519263
vt 0.955633 0.519263
vt 0.496109 0.804285
vt 0.498271 0.804285
vt 0.801741 0.646998
vt 0.837488 0.637466
vt 0.533789 0.804285
vt 0.498271 0.794752
vt 0.801741 0.637466
vt 0.837488 0.627933
vt 0.533789 0.794752
vt 0.955633 0.509730
vt 0.801741 0.627933
vt 0.837488 0.618401
vt 0.533789 0.785220
vt 0.936473 0.509730
vt 0.955633 0.500198
vt 0.496109 0.794752
vt 0.498271 0.785220
vt 0.936473 0.500198
vt 0.955633 0.490665
vt 0.496109 0.785220
vt 0.498271 0.775687
vt 0.801741 0.618401
vt 0.837488 0.608868
vt 0.533789 0.775687
vt 0.801741 0.608868
vt 0.837488 0.599336
vt 0.533789 0.766155
vt 0.936473 0.490665
vt 0.955633 0.481133
vt 0.496109 0.775687
vt 0.498271 0.766155
vt 0.065246 0.201719
vt 0.107869 0.173122
vt 0.107869 0.201719
vt 0.370889 0.357312
vt 0.399582 0.328714
vt 0.399582 0.357312
vt 0.055620 0.517671
vt 0.061339 0.489073
vt 0.061339 0.517671
vt 0.434984 0.474775
vt 0.440704 0.446177
vt 0.440704 0.474775
vt 0.889656 0.522863
vt 0.908816 0.522863
vt 0.884889 0.528582
vt 0.311095 0.484307
vt 0.311632 0.455710
vt 0.311632 0.484307
vt 0.108407 0.173122
vt 0.108406 0.201719
vt 0.430173 0.788820
vt 0.435856 0.760223
vt 0.435856 0.788820
vt 0.426936 0.788820
vt 0.430173 0.817418
vt 0.426936 0.817418
vt 0.435856 0.817418
vt 0.117162 0.201719
vt 0.160058 0.173122
vt 0.160058 0.201719
vt 0.311095 0.512905
vt 0.311632 0.512905
vt 0.065246 0.173122
vt 0.107869 0.144524
vt 0.434984 0.503372
vt 0.440704 0.503372
vt 0.928634 0.579845
vt 0.933400 0.551248
vt 0.933400 0.579845
vt 0.927083 0.884358
vt 0.931849 0.855760
vt 0.931849 0.884358
vt 0.114090 0.173122
vt 0.114089 0.201719
vt 0.370889 0.328714
vt 0.399582 0.300117
vt 0.430173 0.760223
vt 0.055620 0.489073
vt 0.061339 0.460476
vt 0.928634 0.522650
vt 0.933400 0.522650
vt 0.927083 0.855760
vt 0.931849 0.827163
vt 0.114090 0.144524
vt 0.117162 0.173122
vt 0.160058 0.144524
vt 0.108407 0.144524
vt 0.370889 0.271519
vt 0.399582 0.271519
vt 0.311095 0.427112
vt 0.311632 0.427112
vt 0.434984 0.446177
vt 0.440704 0.417580
vt 0.065246 0.144524
vt 0.107869 0.115927
vt 0.055620 0.460476
vt 0.061339 0.431878
vt 0.114090 0.115927
vt 0.426936 0.760223
vt 0.430173 0.731625
vt 0.108407 0.115927
vt 0.933400 0.494052
vt 0.117162 0.144524
vt 0.160058 0.115926
vt 0.435856 0.731625
vt 0.927083 0.827163
vt 0.931849 0.798565
vt 0.435856 0.703027
vt 0.399582 0.242922
vt 0.117162 0.115926
vt 0.160058 0.087329
vt 0.426936 0.731625
vt 0.430173 0.703027
vt 0.114090 0.087329
vt 0.065246 0.115927
vt 0.107869 0.087329
vt 0.311632 0.398515
vt 0.434984 0.417580
vt 0.440704 0.388982
vt 0.108407 0.087329
vt 0.928634 0.494052
vt 0.933400 0.465455
vt 0.055620 0.431878
vt 0.061339 0.403281
vt 0.927083 0.798565
vt 0.931849 0.769968
vt 0.927083 0.769968
vt 0.931849 0.741370
vt 0.435856 0.674430
vt 0.370889 0.214324
vt 0.399582 0.214324
vt 0.117162 0.087329
vt 0.160058 0.058731
vt 0.426936 0.703027
vt 0.430173 0.674430
vt 0.114090 0.058731
vt 0.065246 0.087329
vt 0.107869 0.058731
vt 0.311095 0.398515
vt 0.311632 0.369917
vt 0.434984 0.388982
vt 0.440704 0.360384
vt 0.108407 0.058731
vt 0.928634 0.465455
vt 0.933400 0.436857
vt 0.055620 0.403281
vt 0.061339 0.374683
vt 0.927083 0.741370
vt 0.931849 0.712773
vt 0.435856 0.645832
vt 0.370889 0.185727
vt 0.399582 0.185727
vt 0.117162 0.058731
vt 0.160058 0.030134
vt 0.426936 0.674430
vt 0.430173 0.645832
vt 0.114090 0.030134
vt 0.065246 0.058731
vt 0.107869 0.030134
vt 0.311095 0.369917
vt 0.311632 0.341319
vt 0.434984 0.360384
vt 0.440704 0.331787
vt 0.108407 0.030134
vt 0.928634 0.436857
vt 0.933400 0.408260
vt 0.055620 0.374683
vt 0.061339 0.346086
vt 0.055620 0.346086
vt 0.061339 0.317488
vt 0.927083 0.712773
vt 0.931849 0.684175
vt 0.435856 0.617235
vt 0.399582 0.157129
vt 0.117162 0.030134
vt 0.160058 0.001536
vt 0.426936 0.645832
vt 0.430173 0.617235
vt 0.114090 0.001536
vt 0.065246 0.030134
vt 0.107869 0.001536
vt 0.311095 0.341319
vt 0.311632 0.312722
vt 0.434984 0.331787
vt 0.440704 0.303189
vt 0.108407 0.001536
vt 0.928634 0.408260
vt 0.933400 0.379662
vt 0.296643 0.888686
vt 0.258513 0.841023
vt 0.296643 0.841023
vt 0.438929 0.802227
vt 0.448461 0.806529
vt 0.438929 0.806529
vt 0.466032 0.114233
vt 0.475564 0.152363
vt 0.466032 0.152363
vt 0.574992 0.883617
vt 0.565459 0.835955
vt 0.574992 0.835955
vt 0.448461 0.853887
vt 0.438929 0.853887
vt 0.485097 0.114233
vt 0.485097 0.152363
vt 0.448461 0.802227
vt 0.457994 0.806529
vt 0.565459 0.883617
vt 0.555927 0.835955
vt 0.457994 0.853887
vt 0.457994 0.802227
vt 0.467526 0.806529
vt 0.555927 0.883617
vt 0.546394 0.835955
vt 0.467526 0.853887
vt 0.494629 0.114233
vt 0.494629 0.152363
vt 0.546394 0.883617
vt 0.536862 0.835955
vt 0.477059 0.853887
vt 0.504162 0.114233
vt 0.504162 0.152363
vt 0.467526 0.802227
vt 0.477059 0.806529
vt 0.009498 0.544575
vt 0.010036 0.530276
vt 0.010036 0.544575
vt 0.983939 0.128637
vt 0.988675 0.114338
vt 0.988675 0.128637
vt 0.199135 0.739569
vt 0.198597 0.725270
vt 0.199135 0.725270
vt 0.004763 0.544575
vt 0.001536 0.530276
vt 0.004763 0.530276
vt 0.006303 0.906915
vt 0.034900 0.871168
vt 0.034900 0.906915
vt 0.966333 0.662145
vt 0.971099 0.647847
vt 0.971099 0.662145
vt 0.972328 0.367057
vt 0.977094 0.352758
vt 0.977094 0.367057
vt 0.980867 0.128636
vt 0.976101 0.114338
vt 0.980867 0.114338
vt 0.009498 0.530276
vt 0.609133 0.115926
vt 0.644880 0.101628
vt 0.644880 0.115926
vt 0.708221 0.115926
vt 0.679623 0.101628
vt 0.708221 0.101628
vt 0.045555 0.530276
vt 0.045555 0.544575
vt 0.976101 0.246099
vt 0.980867 0.231800
vt 0.980867 0.246099
vt 0.972328 0.352758
vt 0.977094 0.338460
vt 0.009498 0.515977
vt 0.198597 0.710971
vt 0.199135 0.710971
vt 0.708221 0.087329
vt 0.609133 0.101628
vt 0.644880 0.087329
vt 0.010036 0.515977
vt 0.004763 0.515977
vt 0.983939 0.114338
vt 0.988675 0.100039
vt 0.045555 0.515977
vt 0.976101 0.231800
vt 0.980867 0.217502
vt 0.966333 0.647847
vt 0.971099 0.633548
vt 0.980867 0.100039
vt 0.009498 0.501679
vt 0.010036 0.501679
vt 0.972328 0.338460
vt 0.977094 0.324161
vt 0.198597 0.696672
vt 0.199135 0.696672
vt 0.679623 0.087329
vt 0.708221 0.073030
vt 0.976101 0.100039
vt 0.980867 0.085740
vt 0.609133 0.087329
vt 0.644880 0.073030
vt 0.001536 0.501679
vt 0.004763 0.501679
vt 0.983939 0.100039
vt 0.988675 0.085740
vt 0.045555 0.501679
vt 0.976101 0.203203
vt 0.980867 0.203203
vt 0.966333 0.633548
vt 0.971099 0.619249
vt 0.010036 0.487380
vt 0.972328 0.324161
vt 0.977094 0.309862
vt 0.199135 0.682374
vt 0.009498 0.487380
vt 0.679623 0.058731
vt 0.708221 0.058731
vt 0.976101 0.085740
vt 0.980867 0.071441
vt 0.609133 0.073030
vt 0.644880 0.058731
vt 0.001536 0.487380
vt 0.004763 0.487380
vt 0.983939 0.085740
vt 0.988675 0.071441
vt 0.045555 0.487380
vt 0.976101 0.188904
vt 0.980867 0.188904
vt 0.966333 0.619249
vt 0.971099 0.604950
vt 0.966333 0.604950
vt 0.971099 0.590651
vt 0.010036 0.473081
vt 0.972328 0.309862
vt 0.977094 0.295563
vt 0.198597 0.682374
vt 0.199135 0.668075
vt 0.009498 0.473081
vt 0.708221 0.044433
vt 0.976101 0.071441
vt 0.980867 0.057143
vt 0.609133 0.058731
vt 0.644880 0.044433
vt 0.004763 0.473081
vt 0.983939 0.071441
vt 0.988675 0.057143
vt 0.045555 0.473081
vt 0.980867 0.174605
vt 0.966333 0.590651
vt 0.971099 0.576353
vt 0.010036 0.458782
vt 0.972328 0.295563
vt 0.977094 0.281265
vt 0.198597 0.668075
vt 0.199135 0.653776
vt 0.009498 0.458782
vt 0.679623 0.044433
vt 0.708221 0.030134
vt 0.976101 0.042844
vt 0.980867 0.042844
vt 0.609133 0.044433
vt 0.644880 0.030134
vt 0.001536 0.473081
vt 0.004763 0.458782
vt 0.983939 0.057143
vt 0.988675 0.042844
vt 0.045555 0.458782
vt 0.976101 0.174605
vt 0.980867 0.160307
vt 0.976101 0.160307
vt 0.980867 0.146008
vt 0.966333 0.576353
vt 0.971099 0.562054
vt 0.010036 0.444483
vt 0.972328 0.281265
vt 0.977094 0.266966
vt 0.198597 0.653776
vt 0.199135 0.639477
vt 0.009498 0.444483
vt 0.679623 0.030134
vt 0.708221 0.015835
vt 0.980867 0.028545
vt 0.609133 0.030134
vt 0.644880 0.015835
vt 0.001536 0.458782
vt 0.004763 0.444483
vt 0.983939 0.042844
vt 0.988675 0.028545
vt 0.045555 0.444483
vt 0.045555 0.430185
vt 0.976101 0.131709
vt 0.980867 0.131709
vt 0.966333 0.562054
vt 0.971099 0.547755
vt 0.010036 0.430185
vt 0.972328 0.266966
vt 0.977094 0.252667
vt 0.198597 0.639477
vt 0.199135 0.625178
vt 0.009498 0.430185
vt 0.679623 0.015835
vt 0.708221 0.001536
vt 0.976101 0.014246
vt 0.980867 0.014246
vt 0.609133 0.015835
vt 0.644880 0.001536
vt 0.001536 0.444483
vt 0.004763 0.430185
vt 0.983939 0.028545
vt 0.988675 0.014246
vt 0.917618 0.431525
vt 0.893787 0.469655
vt 0.893787 0.431525
vt 0.594525 0.683645
vt 0.598827 0.669346
vt 0.598827 0.683645
vt 0.555326 0.130225
vt 0.517196 0.115926
vt 0.555326 0.115926
vt 0.706423 0.429019
vt 0.730254 0.414720
vt 0.730254 0.429019
vt 0.622506 0.669346
vt 0.622506 0.683645
vt 0.555326 0.101628
vt 0.594525 0.655047
vt 0.598827 0.655047
vt 0.706423 0.414720
vt 0.730254 0.400421
vt 0.622506 0.655047
vt 0.598827 0.640748
vt 0.706423 0.400421
vt 0.730254 0.386122
vt 0.622506 0.640748
vt 0.517196 0.101628
vt 0.555326 0.087329
vt 0.706423 0.386122
vt 0.730254 0.371824
vt 0.622506 0.626449
vt 0.517196 0.087329
vt 0.555326 0.073030
vt 0.594525 0.640748
vt 0.598827 0.626449
vt 0.517196 0.073030
vt 0.555326 0.058731
vt 0.594525 0.626449
vt 0.598827 0.612151
vt 0.706423 0.371824
vt 0.730254 0.357525
vt 0.622506 0.612151
vt 0.706423 0.357525
vt 0.730254 0.343226
vt 0.622506 0.597852
vt 0.517196 0.058731
vt 0.555326 0.044433
vt 0.594525 0.612151
vt 0.598827 0.597852
vt 0.706423 0.343226
vt 0.730254 0.328927
vt 0.622506 0.583553
vt 0.517196 0.044433
vt 0.555326 0.030134
vt 0.594525 0.597852
vt 0.598827 0.583553
vt 0.517196 0.015835
vt 0.555326 0.015835
vt 0.594525 0.583553
vt 0.598827 0.569254
vt 0.706423 0.328927
vt 0.730254 0.314628
vt 0.622506 0.569254
vt 0.706423 0.314628
vt 0.730254 0.300330
vt 0.622506 0.554956
vt 0.555326 0.001536
vt 0.594525 0.569254
vt 0.598827 0.554956
vt 0.760789 0.973146
vt 0.765555 0.963614
vt 0.765555 0.973146
vt 0.210708 0.748996
vt 0.253330 0.739464
vt 0.253330 0.748996
vt 0.202208 0.748996
vt 0.205434 0.739464
vt 0.205434 0.748996
vt 0.871687 0.820703
vt 0.900284 0.811170
vt 0.900284 0.820703
vt 0.006303 0.858563
vt 0.034900 0.815666
vt 0.034900 0.858563
vt 0.792144 0.973146
vt 0.796880 0.963614
vt 0.796880 0.973146
vt 0.210170 0.739464
vt 0.210708 0.739464
vt 0.971969 0.934988
vt 0.971431 0.925456
vt 0.971969 0.925456
vt 0.356283 0.983607
vt 0.361050 0.974074
vt 0.361050 0.983607
vt 0.768628 0.973146
vt 0.773394 0.963614
vt 0.773394 0.973146
vt 0.776466 0.973146
vt 0.781233 0.963614
vt 0.781233 0.973146
vt 0.210170 0.748996
vt 0.104567 0.804815
vt 0.147463 0.795283
vt 0.147463 0.804815
vt 0.253330 0.729931
vt 0.760789 0.963614
vt 0.765555 0.954081
vt 0.776466 0.963614
vt 0.781233 0.954081
vt 0.356283 0.974074
vt 0.361050 0.964542
vt 0.768628 0.963614
vt 0.773394 0.954081
vt 0.971431 0.915923
vt 0.971969 0.915923
vt 0.210170 0.729931
vt 0.871687 0.811170
vt 0.900284 0.801638
vt 0.210708 0.729931
vt 0.104567 0.795283
vt 0.147463 0.785750
vt 0.202208 0.739464
vt 0.205434 0.729931
vt 0.792144 0.963614
vt 0.796880 0.954081
vt 0.253330 0.720399
vt 0.760789 0.954081
vt 0.765555 0.944549
vt 0.356283 0.964542
vt 0.361050 0.955009
vt 0.210170 0.720399
vt 0.210708 0.720399
vt 0.768628 0.954081
vt 0.773394 0.944549
vt 0.971431 0.906390
vt 0.971969 0.906390
vt 0.871687 0.801638
vt 0.900284 0.792105
vt 0.776466 0.954081
vt 0.781233 0.944549
vt 0.104567 0.785750
vt 0.147463 0.776218
vt 0.202208 0.729931
vt 0.205434 0.720399
vt 0.792144 0.954081
vt 0.796880 0.944549
vt 0.792144 0.944549
vt 0.796880 0.935016
vt 0.253330 0.710866
vt 0.760789 0.944549
vt 0.765555 0.935016
vt 0.356283 0.955009
vt 0.361050 0.945477
vt 0.210170 0.710866
vt 0.210708 0.710866
vt 0.768628 0.944549
vt 0.773394 0.935016
vt 0.971431 0.896858
vt 0.971969 0.896858
vt 0.871687 0.792105
vt 0.900284 0.782573
vt 0.776466 0.944549
vt 0.781233 0.935016
vt 0.104567 0.776218
vt 0.147463 0.766685
vt 0.202208 0.710866
vt 0.205434 0.710866
vt 0.202208 0.701334
vt 0.205434 0.701334
vt 0.792144 0.935016
vt 0.796880 0.925484
vt 0.253330 0.701334
vt 0.760789 0.935016
vt 0.765555 0.925484
vt 0.356283 0.945477
vt 0.361050 0.935944
vt 0.210708 0.701334
vt 0.768628 0.935016
vt 0.773394 0.925484
vt 0.971969 0.887325
vt 0.210170 0.701334
vt 0.871687 0.782573
vt 0.900284 0.773040
vt 0.776466 0.935016
vt 0.781233 0.925484
vt 0.104567 0.766685
vt 0.147463 0.757153
vt 0.202208 0.691801
vt 0.205434 0.691801
vt 0.792144 0.925484
vt 0.796880 0.915951
vt 0.253330 0.691801
vt 0.760789 0.925484
vt 0.765555 0.915951
vt 0.356283 0.935944
vt 0.361050 0.926412
vt 0.210708 0.691801
vt 0.768628 0.925484
vt 0.773394 0.915951
vt 0.971431 0.887325
vt 0.971969 0.877793
vt 0.210170 0.691801
vt 0.871687 0.773040
vt 0.900284 0.763508
vt 0.776466 0.925484
vt 0.781233 0.915951
vt 0.104567 0.757153
vt 0.147463 0.747620
vt 0.776355 0.566502
vt 0.750046 0.576919
vt 0.737486 0.538263
vt 0.390556 0.138805
vt 0.393570 0.121646
vt 0.393570 0.138805
vt 0.556643 0.294397
vt 0.559642 0.277239
vt 0.559642 0.294397
vt 0.305779 0.449990
vt 0.306892 0.432832
vt 0.306892 0.449990
vt 0.280983 0.449990
vt 0.284000 0.432832
vt 0.284000 0.449990
vt 0.387594 0.138805
vt 0.390556 0.121646
vt 0.553716 0.294397
vt 0.556643 0.277239
vt 0.304323 0.449990
vt 0.305779 0.432832
vt 0.278014 0.449990
vt 0.280983 0.432832
vt 0.384731 0.138805
vt 0.387594 0.121646
vt 0.550905 0.277239
vt 0.553716 0.277239
vt 0.302546 0.449990
vt 0.304323 0.432832
vt 0.275139 0.449990
vt 0.278014 0.432832
vt 0.382012 0.138805
vt 0.384731 0.121646
vt 0.548256 0.294397
vt 0.550905 0.294397
vt 0.300477 0.449990
vt 0.302546 0.432832
vt 0.272404 0.449990
vt 0.275139 0.432832
vt 0.379481 0.138805
vt 0.382012 0.121646
vt 0.545811 0.294397
vt 0.548256 0.277239
vt 0.298148 0.432832
vt 0.300477 0.432832
vt 0.269852 0.449990
vt 0.272404 0.432832
vt 0.377176 0.138805
vt 0.379481 0.121646
vt 0.543608 0.277239
vt 0.545811 0.277239
vt 0.295596 0.449990
vt 0.298148 0.449990
vt 0.267523 0.432832
vt 0.269852 0.432832
vt 0.375135 0.138805
vt 0.377176 0.121646
vt 0.410127 0.138805
vt 0.412224 0.121646
vt 0.412224 0.138805
vt 0.292861 0.449990
vt 0.295596 0.432832
vt 0.576496 0.294397
vt 0.578700 0.277239
vt 0.578700 0.294397
vt 0.373389 0.138805
vt 0.375135 0.121646
vt 0.407774 0.138805
vt 0.410127 0.121646
vt 0.289986 0.449990
vt 0.292861 0.432832
vt 0.574051 0.294397
vt 0.576496 0.277239
vt 0.371967 0.138805
vt 0.373389 0.121646
vt 0.405202 0.138805
vt 0.407774 0.121646
vt 0.287017 0.449990
vt 0.289986 0.432832
vt 0.571402 0.294397
vt 0.574051 0.277239
vt 0.370889 0.138805
vt 0.371967 0.121646
vt 0.402451 0.138805
vt 0.405202 0.121646
vt 0.287017 0.432832
vt 0.568591 0.294397
vt 0.571402 0.277239
vt 0.370175 0.138805
vt 0.370889 0.121646
vt 0.399565 0.138805
vt 0.402451 0.121646
vt 0.565664 0.294397
vt 0.568591 0.277239
vt 0.369834 0.138805
vt 0.370175 0.121646
vt 0.396588 0.138805
vt 0.399565 0.121646
vt 0.562665 0.294397
vt 0.565664 0.277239
vt 0.307643 0.449990
vt 0.308022 0.432832
vt 0.308022 0.449990
vt 0.396588 0.121646
vt 0.562665 0.277239
vt 0.307643 0.432832
vt 0.550905 0.260080
vt 0.302546 0.415673
vt 0.275139 0.415673
vt 0.382012 0.104487
vt 0.548256 0.260080
vt 0.300477 0.415673
vt 0.272404 0.415673
vt 0.379481 0.104487
vt 0.543608 0.260080
vt 0.545811 0.260080
vt 0.298148 0.415673
vt 0.267523 0.415673
vt 0.269852 0.415673
vt 0.377176 0.104487
vt 0.412224 0.104487
vt 0.295596 0.415673
vt 0.578700 0.260080
vt 0.375135 0.104487
vt 0.410127 0.104487
vt 0.292861 0.415673
vt 0.576496 0.260080
vt 0.373389 0.104487
vt 0.407774 0.104487
vt 0.289986 0.415673
vt 0.574051 0.260080
vt 0.371967 0.104487
vt 0.405202 0.104487
vt 0.287017 0.415673
vt 0.571402 0.260080
vt 0.370889 0.104487
vt 0.402451 0.104487
vt 0.568591 0.260080
vt 0.369834 0.121646
vt 0.370175 0.104487
vt 0.399565 0.104487
vt 0.565664 0.260080
vt 0.308022 0.415673
vt 0.396588 0.104487
vt 0.562665 0.260080
vt 0.307643 0.415673
vt 0.393570 0.104487
vt 0.559642 0.260080
vt 0.306892 0.415673
vt 0.284000 0.415673
vt 0.390556 0.104487
vt 0.556643 0.260080
vt 0.305779 0.415673
vt 0.280983 0.415673
vt 0.387594 0.104487
vt 0.553716 0.260080
vt 0.304323 0.415673
vt 0.278014 0.415673
vt 0.384731 0.104487
vt 0.568591 0.242922
vt 0.369834 0.104487
vt 0.370175 0.087329
vt 0.399565 0.087329
vt 0.565664 0.242922
vt 0.308022 0.398514
vt 0.396588 0.087329
vt 0.559642 0.242922
vt 0.562665 0.242922
vt 0.307643 0.398514
vt 0.393570 0.087329
vt 0.306892 0.398514
vt 0.284000 0.398514
vt 0.390556 0.087329
vt 0.556643 0.242922
vt 0.304323 0.398514
vt 0.305779 0.398514
vt 0.280983 0.398514
vt 0.387594 0.087329
vt 0.553716 0.242922
vt 0.278014 0.398514
vt 0.384731 0.087329
vt 0.550905 0.242922
vt 0.302546 0.398514
vt 0.275139 0.398514
vt 0.382012 0.087329
vt 0.548256 0.242922
vt 0.300477 0.398514
vt 0.272404 0.398514
vt 0.379481 0.087329
vt 0.545811 0.242922
vt 0.298148 0.398514
vt 0.269852 0.398514
vt 0.377176 0.087329
vt 0.412224 0.087329
vt 0.295596 0.398514
vt 0.578700 0.242922
vt 0.373389 0.087329
vt 0.375135 0.087329
vt 0.410127 0.087329
vt 0.292861 0.398514
vt 0.576496 0.242922
vt 0.407774 0.087329
vt 0.289986 0.398514
vt 0.574051 0.242922
vt 0.371967 0.087329
vt 0.405202 0.087329
vt 0.287017 0.398514
vt 0.571402 0.242922
vt 0.370889 0.087329
vt 0.402451 0.087329
vt 0.548256 0.225763
vt 0.300477 0.381356
vt 0.272404 0.381356
vt 0.379481 0.070170
vt 0.543608 0.242922
vt 0.545811 0.225763
vt 0.298148 0.381356
vt 0.267523 0.398514
vt 0.269852 0.381356
vt 0.377176 0.070170
vt 0.412224 0.070170
vt 0.295596 0.381356
vt 0.578700 0.225763
vt 0.375135 0.070170
vt 0.410127 0.070170
vt 0.292861 0.381356
vt 0.576496 0.225763
vt 0.373389 0.070170
vt 0.407774 0.070170
vt 0.287017 0.381356
vt 0.289986 0.381356
vt 0.574051 0.225763
vt 0.371967 0.070170
vt 0.405202 0.070170
vt 0.571402 0.225763
vt 0.370889 0.070170
vt 0.402451 0.070170
vt 0.565664 0.225763
vt 0.568591 0.225763
vt 0.369834 0.087329
vt 0.370175 0.070170
vt 0.399565 0.070170
vt 0.308022 0.381356
vt 0.396588 0.070170
vt 0.559642 0.225763
vt 0.562665 0.225763
vt 0.307643 0.381356
vt 0.390556 0.070170
vt 0.393570 0.070170
vt 0.306892 0.381356
vt 0.284000 0.381356
vt 0.553716 0.225763
vt 0.556643 0.225763
vt 0.304323 0.381356
vt 0.305779 0.381356
vt 0.280983 0.381356
vt 0.387594 0.070170
vt 0.278014 0.381356
vt 0.384731 0.070170
vt 0.550905 0.225763
vt 0.302546 0.381356
vt 0.275139 0.381356
vt 0.382012 0.070170
vt 0.565664 0.208605
vt 0.308022 0.364197
vt 0.396588 0.053012
vt 0.562665 0.208605
vt 0.307643 0.364197
vt 0.390556 0.053012
vt 0.393570 0.053012
vt 0.559642 0.208605
vt 0.306892 0.364197
vt 0.284000 0.364197
vt 0.556643 0.208605
vt 0.305779 0.364197
vt 0.280983 0.364197
vt 0.387594 0.053012
vt 0.553716 0.208605
vt 0.304323 0.364197
vt 0.278014 0.364197
vt 0.384731 0.053012
vt 0.550905 0.208605
vt 0.302546 0.364197
vt 0.275139 0.364197
vt 0.382012 0.053012
vt 0.548256 0.208605
vt 0.300477 0.364197
vt 0.272404 0.364197
vt 0.379481 0.053012
vt 0.543608 0.225763
vt 0.545811 0.208605
vt 0.298148 0.364197
vt 0.267523 0.364197
vt 0.269852 0.364197
vt 0.377176 0.053012
vt 0.412224 0.053012
vt 0.295596 0.364197
vt 0.578700 0.208605
vt 0.375135 0.053012
vt 0.410127 0.053012
vt 0.292861 0.364197
vt 0.574051 0.208605
vt 0.576496 0.208605
vt 0.373389 0.053012
vt 0.405202 0.053012
vt 0.407774 0.053012
vt 0.287017 0.364197
vt 0.289986 0.364197
vt 0.371967 0.053012
vt 0.571402 0.208605
vt 0.370889 0.053012
vt 0.402451 0.053012
vt 0.568591 0.208605
vt 0.369834 0.070170
vt 0.370175 0.053012
vt 0.399565 0.053012
vt 0.543608 0.208605
vt 0.545811 0.191446
vt 0.298148 0.347039
vt 0.269852 0.347039
vt 0.377176 0.035853
vt 0.412224 0.035853
vt 0.295596 0.347039
vt 0.578700 0.191446
vt 0.375135 0.035853
vt 0.410127 0.035853
vt 0.292861 0.347039
vt 0.576496 0.191446
vt 0.373389 0.035853
vt 0.407774 0.035853
vt 0.287017 0.347039
vt 0.289986 0.347039
vt 0.574051 0.191446
vt 0.371967 0.035853
vt 0.405202 0.035853
vt 0.571402 0.191446
vt 0.370889 0.035853
vt 0.402451 0.035853
vt 0.568591 0.191446
vt 0.369834 0.053012
vt 0.370175 0.035853
vt 0.399565 0.035853
vt 0.562665 0.191446
vt 0.565664 0.191446
vt 0.308022 0.347039
vt 0.396588 0.035853
vt 0.307643 0.347039
vt 0.390556 0.035853
vt 0.393570 0.035853
vt 0.559642 0.191446
vt 0.306892 0.347039
vt 0.284000 0.347039
vt 0.556643 0.191446
vt 0.305779 0.347039
vt 0.280983 0.347039
vt 0.387594 0.035853
vt 0.553716 0.191446
vt 0.304323 0.347039
vt 0.278014 0.347039
vt 0.384731 0.035853
vt 0.550905 0.191446
vt 0.302546 0.347039
vt 0.275139 0.347039
vt 0.382012 0.035853
vt 0.548256 0.191446
vt 0.300477 0.347039
vt 0.272404 0.347039
vt 0.379481 0.035853
vt 0.562665 0.174288
vt 0.307643 0.329880
vt 0.390556 0.018695
vt 0.393570 0.018695
vt 0.559642 0.174288
vt 0.306892 0.329880
vt 0.284000 0.329880
vt 0.553716 0.174288
vt 0.556643 0.174288
vt 0.305779 0.329880
vt 0.280983 0.329880
vt 0.387594 0.018695
vt 0.304323 0.329880
vt 0.278014 0.329880
vt 0.384731 0.018695
vt 0.550905 0.174288
vt 0.302546 0.329880
vt 0.275139 0.329880
vt 0.382012 0.018695
vt 0.548256 0.174288
vt 0.300477 0.329880
vt 0.272404 0.329880
vt 0.379481 0.018695
vt 0.543608 0.191446
vt 0.545811 0.174288
vt 0.298148 0.329880
vt 0.267523 0.347039
vt 0.269852 0.329880
vt 0.377176 0.018695
vt 0.412224 0.018695
vt 0.295596 0.329880
vt 0.578700 0.174288
vt 0.375135 0.018695
vt 0.410127 0.018695
vt 0.292861 0.329880
vt 0.574051 0.174288
vt 0.576496 0.174288
vt 0.373389 0.018695
vt 0.407774 0.018695
vt 0.287017 0.329880
vt 0.289986 0.329880
vt 0.371967 0.018695
vt 0.405202 0.018695
vt 0.571402 0.174288
vt 0.370889 0.018695
vt 0.402451 0.018695
vt 0.568591 0.174288
vt 0.369834 0.035853
vt 0.370175 0.018695
vt 0.399565 0.018695
vt 0.565664 0.174288
vt 0.308022 0.329880
vt 0.396588 0.018695
vt 0.412224 0.001536
vt 0.295596 0.312722
vt 0.578700 0.157129
vt 0.375135 0.001536
vt 0.410127 0.001536
vt 0.292861 0.312722
vt 0.576496 0.157129
vt 0.373389 0.001536
vt 0.407774 0.001536
vt 0.287017 0.312722
vt 0.289986 0.312722
vt 0.574051 0.157129
vt 0.371967 0.001536
vt 0.405202 0.001536
vt 0.571402 0.157129
vt 0.370889 0.001536
vt 0.402451 0.001536
vt 0.568591 0.157129
vt 0.369834 0.018695
vt 0.370175 0.001536
vt 0.399565 0.001536
vt 0.565664 0.157129
vt 0.308022 0.312722
vt 0.396588 0.001536
vt 0.562665 0.157129
vt 0.307643 0.312722
vt 0.390556 0.001536
vt 0.393570 0.001536
vt 0.559642 0.157129
vt 0.306892 0.312722
vt 0.284000 0.312722
vt 0.556643 0.157129
vt 0.305779 0.312722
vt 0.280983 0.312722
vt 0.387594 0.001536
vt 0.553716 0.157129
vt 0.304323 0.312722
vt 0.278014 0.312722
vt 0.384731 0.001536
vt 0.550905 0.157129
vt 0.302546 0.312722
vt 0.275139 0.312722
vt 0.382012 0.001536
vt 0.548256 0.157129
vt 0.300477 0.312722
vt 0.272404 0.312722
vt 0.379481 0.001536
vt 0.543608 0.174288
vt 0.545811 0.157129
vt 0.298148 0.312722
vt 0.267523 0.329880
vt 0.269852 0.312722
vt 0.377176 0.001536
vt 0.795637 0.858728
vt 0.798399 0.849195
vt 0.798399 0.858728
vt 0.036735 0.962416
vt 0.059613 0.952884
vt 0.059613 0.962416
vt 0.339722 0.678527
vt 0.362600 0.680478
vt 0.362600 0.732148
vt 0.438929 0.690025
vt 0.448461 0.687245
vt 0.448461 0.690025
vt 0.622132 0.907874
vt 0.622939 0.898342
vt 0.622939 0.907874
vt 0.306175 0.784038
vt 0.296643 0.732368
vt 0.306175 0.732368
vt 0.438929 0.686439
vt 0.438929 0.687245
vt 0.941122 0.049199
vt 0.965763 0.039666
vt 0.965763 0.049199
vt 0.527218 0.975555
vt 0.531833 0.966023
vt 0.531833 0.975555
vt 0.438929 0.683857
vt 0.448461 0.686439
vt 0.530957 0.874085
vt 0.533719 0.864552
vt 0.533719 0.874085
vt 0.448461 0.745242
vt 0.438929 0.745242
vt 0.686138 0.976513
vt 0.685618 0.966980
vt 0.686138 0.966980
vt 0.296643 0.784038
vt 0.287110 0.732368
vt 0.622132 0.898342
vt 0.622939 0.888809
vt 0.448461 0.683857
vt 0.457994 0.686439
vt 0.457994 0.745242
vt 0.527218 0.966023
vt 0.531833 0.956490
vt 0.530957 0.864552
vt 0.533719 0.855020
vt 0.457994 0.687245
vt 0.457994 0.690025
vt 0.795637 0.849195
vt 0.798399 0.839663
vt 0.941122 0.039666
vt 0.965763 0.030134
vt 0.686138 0.957448
vt 0.036735 0.952884
vt 0.059613 0.943351
vt 0.941122 0.030134
vt 0.965763 0.020601
vt 0.287110 0.784038
vt 0.277578 0.732368
vt 0.457994 0.683857
vt 0.467526 0.686439
vt 0.467526 0.745242
vt 0.527218 0.956490
vt 0.531833 0.946958
vt 0.530957 0.855020
vt 0.533719 0.845487
vt 0.467526 0.687245
vt 0.467526 0.690025
vt 0.795637 0.839663
vt 0.798399 0.830130
vt 0.622132 0.888809
vt 0.622939 0.879277
vt 0.685618 0.957448
vt 0.686138 0.947915
vt 0.036735 0.943351
vt 0.059613 0.933819
vt 0.036735 0.924286
vt 0.059613 0.924286
vt 0.941122 0.011069
vt 0.965764 0.011069
vt 0.277578 0.784038
vt 0.268045 0.732368
vt 0.467526 0.683857
vt 0.477059 0.686439
vt 0.477059 0.745242
vt 0.527218 0.946958
vt 0.531833 0.937425
vt 0.530957 0.845487
vt 0.533719 0.835955
vt 0.477059 0.687245
vt 0.477059 0.690025
vt 0.795637 0.830130
vt 0.798399 0.820598
vt 0.622132 0.879277
vt 0.622939 0.869744
vt 0.685618 0.938383
vt 0.686138 0.938383
vt 0.486591 0.687245
vt 0.059613 0.914754
vt 0.965764 0.001536
vt 0.268045 0.784038
vt 0.258513 0.732368
vt 0.477059 0.683857
vt 0.486591 0.686439
vt 0.486591 0.745242
vt 0.527218 0.937425
vt 0.531833 0.927893
vt 0.530957 0.835955
vt 0.533719 0.826422
vt 0.486591 0.690025
vt 0.795637 0.820598
vt 0.798399 0.811065
vt 0.622132 0.869744
vt 0.622939 0.860212
vt 0.685618 0.928850
vt 0.686138 0.928850
vt 0.902935 0.599336
vt 0.931533 0.647427
vt 0.902935 0.647427
vt 0.004763 0.427112
vt 0.052547 0.405187
vt 0.052547 0.427112
vt 0.001536 0.427112
vt 0.004763 0.405187
vt 0.739891 0.111160
vt 0.711293 0.089235
vt 0.739891 0.089235
vt 0.466032 0.111160
vt 0.514123 0.089235
vt 0.514123 0.111160
vt 0.466032 0.089235
vt 0.514123 0.067311
vt 0.052547 0.383263
vt 0.739891 0.067311
vt 0.001536 0.405187
vt 0.004763 0.383263
vt 0.052547 0.361338
vt 0.711293 0.067311
vt 0.739891 0.045386
vt 0.001536 0.383263
vt 0.004763 0.361338
vt 0.466032 0.067311
vt 0.514123 0.045386
vt 0.711293 0.023461
vt 0.739891 0.023461
vt 0.001536 0.361338
vt 0.004763 0.339413
vt 0.466032 0.045386
vt 0.514123 0.023461
vt 0.052547 0.339413
vt 0.466032 0.023461
vt 0.514123 0.001536
vt 0.052547 0.317488
vt 0.711293 0.001536
vt 0.739891 0.001536
vt 0.001536 0.339413
vt 0.004763 0.317488
vt 0.659559 0.909376
vt 0.626195 0.861285
vt 0.659559 0.861285
vt 0.318845 0.388982
vt 0.366629 0.360384
vt 0.366629 0.388982
vt 0.315081 0.388982
vt 0.318845 0.360384
vt 0.064817 0.671570
vt 0.098181 0.642973
vt 0.098181 0.671570
vt 0.064817 0.450943
vt 0.112909 0.422346
vt 0.112909 0.450943
vt 0.064817 0.422346
vt 0.112909 0.393748
vt 0.366629 0.331787
vt 0.064817 0.642973
vt 0.098181 0.614375
vt 0.315081 0.360384
vt 0.318845 0.331787
vt 0.366629 0.303189
vt 0.064817 0.585777
vt 0.098181 0.585777
vt 0.315081 0.331787
vt 0.318845 0.303189
vt 0.064817 0.393748
vt 0.112909 0.365151
vt 0.098181 0.557180
vt 0.315081 0.303189
vt 0.318845 0.274592
vt 0.064817 0.365151
vt 0.112909 0.336553
vt 0.366629 0.274592
vt 0.413785 0.818976
vt 0.370889 0.861872
vt 0.370889 0.818976
vt 0.069657 0.554107
vt 0.112279 0.539809
vt 0.112279 0.554107
vt 0.064817 0.554107
vt 0.069657 0.539809
vt 0.496109 0.622741
vt 0.539005 0.608443
vt 0.539005 0.622741
vt 0.370889 0.637040
vt 0.413785 0.622741
vt 0.413785 0.637040
vt 0.370889 0.622741
vt 0.413785 0.608443
vt 0.112279 0.525510
vt 0.496109 0.594144
vt 0.539005 0.594144
vt 0.064817 0.539809
vt 0.069657 0.525510
vt 0.112279 0.511211
vt 0.496109 0.579845
vt 0.539005 0.579845
vt 0.064817 0.525510
vt 0.069657 0.511211
vt 0.370889 0.608443
vt 0.413785 0.594144
vt 0.539005 0.565546
vt 0.064817 0.511211
vt 0.069657 0.496912
vt 0.370889 0.594144
vt 0.413785 0.579845
vt 0.112279 0.496912
vt 0.370889 0.579845
vt 0.413785 0.565546
vt 0.112279 0.482614
vt 0.496109 0.551248
vt 0.539005 0.551248
vt 0.064817 0.496912
vt 0.069657 0.482614
vt 0.496109 0.536949
vt 0.539005 0.536949
vt 0.064817 0.482614
vt 0.069657 0.468315
vt 0.370889 0.565546
vt 0.413785 0.551248
vt 0.112279 0.468315
vt 0.064817 0.468315
vt 0.069657 0.454016
vt 0.370889 0.551248
vt 0.413785 0.536949
vt 0.112279 0.454016
vt 0.539005 0.522650
vt 0.154474 0.489073
vt 0.159240 0.474775
vt 0.159240 0.489073
vt 0.171631 0.301070
vt 0.218989 0.286771
vt 0.218989 0.301070
vt 0.163131 0.301070
vt 0.166357 0.286771
vt 0.166357 0.301070
vt 0.794153 0.755564
vt 0.765555 0.803227
vt 0.765555 0.755564
vt 0.647953 0.130225
vt 0.676551 0.115926
vt 0.676551 0.130225
vt 0.920690 0.560214
vt 0.925426 0.545916
vt 0.925426 0.560214
vt 0.171093 0.301070
vt 0.171631 0.286771
vt 0.590327 0.667757
vt 0.589789 0.653458
vt 0.590327 0.653458
vt 0.581951 0.667757
vt 0.586717 0.653458
vt 0.586717 0.667757
vt 0.625579 0.683645
vt 0.630345 0.669346
vt 0.630345 0.683645
vt 0.514823 0.754503
vt 0.519590 0.740204
vt 0.519590 0.754503
vt 0.171093 0.286771
vt 0.065246 0.333481
vt 0.112909 0.319182
vt 0.112909 0.333481
vt 0.218989 0.272473
vt 0.154474 0.474775
vt 0.159240 0.460476
vt 0.514823 0.740204
vt 0.519590 0.725905
vt 0.581951 0.653458
vt 0.586717 0.639159
vt 0.625579 0.669346
vt 0.630345 0.655047
vt 0.589789 0.639159
vt 0.590327 0.639159
vt 0.171093 0.272473
vt 0.647953 0.115926
vt 0.676551 0.101628
vt 0.171631 0.272473
vt 0.065246 0.319182
vt 0.112909 0.304883
vt 0.163131 0.272473
vt 0.166357 0.272473
vt 0.920690 0.545916
vt 0.925426 0.531617
vt 0.218989 0.258174
vt 0.154474 0.446177
vt 0.159240 0.446177
vt 0.581951 0.639159
vt 0.586717 0.624861
vt 0.171631 0.258174
vt 0.625579 0.655047
vt 0.630345 0.640748
vt 0.590327 0.624861
vt 0.171093 0.258174
vt 0.647953 0.087329
vt 0.676551 0.087329
vt 0.514823 0.725905
vt 0.519590 0.711607
vt 0.065246 0.304883
vt 0.112909 0.290584
vt 0.166357 0.258174
vt 0.920690 0.531617
vt 0.925426 0.517318
vt 0.920690 0.517318
vt 0.925426 0.503019
vt 0.218989 0.243875
vt 0.159240 0.431878
vt 0.581951 0.624861
vt 0.586717 0.610562
vt 0.171631 0.243875
vt 0.625579 0.640748
vt 0.630345 0.626449
vt 0.589789 0.624861
vt 0.590327 0.610562
vt 0.171093 0.243875
vt 0.676551 0.073030
vt 0.514823 0.711607
vt 0.519590 0.697308
vt 0.065246 0.290584
vt 0.112909 0.276286
vt 0.163131 0.243875
vt 0.166357 0.243875
vt 0.166357 0.229576
vt 0.920690 0.503019
vt 0.925426 0.488721
vt 0.218989 0.229576
vt 0.154474 0.431878
vt 0.159240 0.417580
vt 0.581951 0.610562
vt 0.586717 0.596263
vt 0.171631 0.229576
vt 0.625579 0.626449
vt 0.630345 0.612151
vt 0.589789 0.610562
vt 0.590327 0.596263
vt 0.171093 0.229576
vt 0.647953 0.073030
vt 0.676551 0.058731
vt 0.514823 0.697308
vt 0.519590 0.683009
vt 0.065246 0.276286
vt 0.112909 0.261987
vt 0.163131 0.229576
vt 0.166357 0.215277
vt 0.920690 0.488721
vt 0.925426 0.474422
vt 0.218989 0.215277
vt 0.154474 0.403281
vt 0.159240 0.403281
vt 0.581951 0.596263
vt 0.586717 0.581964
vt 0.171631 0.215277
vt 0.625579 0.612151
vt 0.630345 0.597852
vt 0.589789 0.596263
vt 0.590327 0.581964
vt 0.171093 0.215277
vt 0.647953 0.044433
vt 0.676551 0.044433
vt 0.514823 0.668710
vt 0.519590 0.668710
vt 0.065246 0.261987
vt 0.112909 0.247688
vt 0.065246 0.247688
vt 0.112909 0.233389
vt 0.163131 0.215277
vt 0.166357 0.200979
vt 0.920690 0.474422
vt 0.925426 0.460123
vt 0.218989 0.200979
vt 0.154474 0.388982
vt 0.159240 0.388982
vt 0.581951 0.581964
vt 0.586717 0.567666
vt 0.171631 0.200979
vt 0.625579 0.597852
vt 0.630345 0.583553
vt 0.589789 0.581964
vt 0.590327 0.567666
vt 0.171093 0.200979
vt 0.647953 0.030134
vt 0.676551 0.030134
vt 0.514823 0.654411
vt 0.519590 0.654411
vt 0.519590 0.640113
vt 0.065246 0.233389
vt 0.112909 0.219090
vt 0.163131 0.200979
vt 0.166357 0.186680
vt 0.920690 0.460123
vt 0.925426 0.445824
vt 0.218989 0.186680
vt 0.159240 0.374683
vt 0.581951 0.567666
vt 0.586717 0.553367
vt 0.171631 0.186680
vt 0.625579 0.583553
vt 0.630345 0.569254
vt 0.589789 0.567666
vt 0.590327 0.553367
vt 0.171093 0.186680
vt 0.676551 0.015835
vt 0.647953 0.015835
vt 0.676551 0.001536
vt 0.514823 0.625814
vt 0.519590 0.625814
vt 0.065246 0.219090
vt 0.112909 0.204792
vt 0.163131 0.186680
vt 0.166357 0.172381
vt 0.920690 0.445824
vt 0.925426 0.431525
vt 0.218989 0.172381
vt 0.154474 0.374683
vt 0.159240 0.360384
vt 0.581951 0.553367
vt 0.586717 0.539068
vt 0.171631 0.172381
vt 0.625579 0.569254
vt 0.630345 0.554956
vt 0.589789 0.553367
vt 0.590327 0.539068
vt 0.171093 0.172381
vt 0.718238 0.744443
vt 0.670575 0.792105
vt 0.670575 0.744443
vt 0.163131 0.539809
vt 0.168508 0.530276
vt 0.168508 0.539809
vt 0.543790 0.535996
vt 0.591453 0.526463
vt 0.591453 0.535996
vt 0.315081 0.604842
vt 0.362743 0.595310
vt 0.362743 0.604842
vt 0.215866 0.530276
vt 0.215866 0.539809
vt 0.315081 0.595310
vt 0.362743 0.585777
vt 0.215866 0.520744
vt 0.543790 0.526463
vt 0.591453 0.516931
vt 0.163131 0.530276
vt 0.168508 0.520744
vt 0.543790 0.516931
vt 0.591453 0.507398
vt 0.163131 0.520744
vt 0.168508 0.511211
vt 0.315081 0.585777
vt 0.362743 0.576245
vt 0.215866 0.511211
vt 0.315081 0.576245
vt 0.362743 0.566712
vt 0.215866 0.501679
vt 0.543790 0.507398
vt 0.591453 0.497865
vt 0.163131 0.511211
vt 0.168508 0.501679
vt 0.215866 0.492146
vt 0.543790 0.497865
vt 0.591453 0.488333
vt 0.163131 0.492146
vt 0.168508 0.492146
vt 0.315081 0.566712
vt 0.362743 0.557180
vt 0.543790 0.488333
vt 0.591453 0.478800
vt 0.163131 0.482614
vt 0.168508 0.482614
vt 0.315081 0.557180
vt 0.362743 0.547647
vt 0.215866 0.482614
vt 0.315081 0.547647
vt 0.362743 0.538115
vt 0.215866 0.473081
vt 0.543790 0.478800
vt 0.591453 0.469268
vt 0.168508 0.473081
vt 0.543790 0.459735
vt 0.591453 0.459735
vt 0.163131 0.473081
vt 0.168508 0.463548
vt 0.315081 0.538115
vt 0.362743 0.528582
vt 0.215866 0.463548
vt 0.163131 0.454016
vt 0.168508 0.454016
vt 0.315081 0.528582
vt 0.362743 0.519050
vt 0.215866 0.454016
vt 0.591453 0.450203
vt 0.315081 0.519050
vt 0.362743 0.509517
vt 0.215866 0.444483
vt 0.543790 0.450203
vt 0.591453 0.440670
vt 0.163131 0.444483
vt 0.168508 0.444483
vt 0.960304 0.430397
vt 0.936473 0.478060
vt 0.936473 0.430397
vt 0.445374 0.614162
vt 0.493036 0.606536
vt 0.493036 0.614162
vt 0.546479 0.437598
vt 0.593837 0.429972
vt 0.593837 0.437598
vt 0.793573 0.471174
vt 0.817404 0.463548
vt 0.817404 0.471174
vt 0.543790 0.437598
vt 0.546479 0.429972
vt 0.793573 0.463548
vt 0.817404 0.455922
vt 0.543790 0.429972
vt 0.546479 0.422346
vt 0.593837 0.422346
vt 0.445374 0.606536
vt 0.493036 0.598910
vt 0.593837 0.414720
vt 0.445374 0.598910
vt 0.493036 0.591284
vt 0.793573 0.455922
vt 0.817404 0.448296
vt 0.543790 0.422346
vt 0.546479 0.414720
vt 0.793573 0.448296
vt 0.817404 0.440670
vt 0.543790 0.414720
vt 0.546479 0.407094
vt 0.593837 0.407094
vt 0.445374 0.591284
vt 0.493036 0.583658
vt 0.543790 0.407094
vt 0.546479 0.399468
vt 0.593837 0.399468
vt 0.445374 0.583658
vt 0.493036 0.576032
vt 0.793573 0.440670
vt 0.817404 0.433044
vt 0.593837 0.391842
vt 0.445374 0.576032
vt 0.493036 0.568406
vt 0.793573 0.433044
vt 0.817404 0.425418
vt 0.543790 0.399468
vt 0.546479 0.391842
vt 0.793573 0.425418
vt 0.817404 0.417792
vt 0.543790 0.391842
vt 0.546479 0.384216
vt 0.593837 0.384216
vt 0.445374 0.568406
vt 0.493036 0.560780
vt 0.593837 0.376590
vt 0.445374 0.560780
vt 0.493036 0.553154
vt 0.793573 0.417792
vt 0.817404 0.410166
vt 0.543790 0.384216
vt 0.546479 0.376590
vt 0.445374 0.553154
vt 0.493036 0.545528
vt 0.793573 0.410166
vt 0.817404 0.402540
vt 0.543790 0.376590
vt 0.546479 0.368964
vt 0.593837 0.368964
vt 0.793573 0.402540
vt 0.817404 0.394914
vt 0.543790 0.368964
vt 0.546479 0.361338
vt 0.593837 0.361338
vt 0.445374 0.545528
vt 0.493036 0.537902
vt 0.546479 0.353712
vt 0.593837 0.353712
vt 0.445374 0.537902
vt 0.493036 0.530276
vt 0.793573 0.394914
vt 0.817404 0.387288
vt 0.543790 0.361338
vt 0.793573 0.387288
vt 0.817404 0.379662
vt 0.543790 0.353712
vt 0.546479 0.346086
vt 0.593837 0.346086
vt 0.445374 0.530276
vt 0.493036 0.522650
vt 0.159887 0.674747
vt 0.112529 0.668392
vt 0.159887 0.668392
vt 0.903298 0.125354
vt 0.927129 0.118999
vt 0.927129 0.125354
vt 0.104567 0.674747
vt 0.107255 0.668392
vt 0.107255 0.674747
vt 0.988864 0.316217
vt 0.989402 0.309862
vt 0.989402 0.316217
vt 0.842636 0.305096
vt 0.866467 0.352758
vt 0.842636 0.352758
vt 0.652811 0.975999
vt 0.657547 0.969644
vt 0.657547 0.975999
vt 0.258513 0.729296
vt 0.306175 0.722941
vt 0.306175 0.729296
vt 0.111991 0.674747
vt 0.112529 0.674747
vt 0.152472 0.741370
vt 0.157239 0.735015
vt 0.157239 0.741370
vt 0.783977 0.122790
vt 0.788744 0.116435
vt 0.788744 0.122790
vt 0.473776 0.968067
vt 0.478543 0.961712
vt 0.478543 0.968067
vt 0.708805 0.951198
vt 0.713571 0.944843
vt 0.713571 0.951198
vt 0.111991 0.668392
vt 0.258513 0.722941
vt 0.306175 0.716586
vt 0.112529 0.662037
vt 0.104567 0.668392
vt 0.107255 0.662037
vt 0.652811 0.969644
vt 0.657547 0.963289
vt 0.111991 0.662037
vt 0.473776 0.961712
vt 0.478543 0.955357
vt 0.708805 0.944843
vt 0.713571 0.938488
vt 0.988864 0.309862
vt 0.989402 0.303507
vt 0.783977 0.116435
vt 0.788744 0.110080
vt 0.159887 0.662037
vt 0.903298 0.118999
vt 0.927129 0.112644
vt 0.152472 0.735015
vt 0.157239 0.728660
vt 0.258513 0.716586
vt 0.306175 0.710231
vt 0.112529 0.655682
vt 0.104567 0.662037
vt 0.107255 0.655682
vt 0.652811 0.963289
vt 0.657547 0.956934
vt 0.473776 0.955357
vt 0.478543 0.949002
vt 0.152472 0.728660
vt 0.157239 0.722305
vt 0.708805 0.938488
vt 0.713571 0.932133
vt 0.783977 0.103725
vt 0.788744 0.103725
vt 0.988864 0.303507
vt 0.989402 0.297152
vt 0.159887 0.655682
vt 0.111991 0.655682
vt 0.903298 0.112644
vt 0.927129 0.106289
vt 0.903298 0.106289
vt 0.927129 0.099934
vt 0.258513 0.710231
vt 0.306175 0.703876
vt 0.112529 0.649327
vt 0.104567 0.655682
vt 0.107255 0.649327
vt 0.652811 0.956934
vt 0.657547 0.950579
vt 0.473776 0.949002
vt 0.478543 0.942647
vt 0.152472 0.722305
vt 0.157239 0.715950
vt 0.708805 0.932133
vt 0.713571 0.925778
vt 0.788744 0.097370
vt 0.988864 0.297152
vt 0.989402 0.290797
vt 0.159887 0.649327
vt 0.111991 0.649327
vt 0.111991 0.642972
vt 0.903298 0.099934
vt 0.927129 0.093579
vt 0.258513 0.703876
vt 0.306175 0.697521
vt 0.112529 0.642972
vt 0.104567 0.649327
vt 0.107255 0.642972
vt 0.652811 0.950579
vt 0.657547 0.944224
vt 0.473776 0.942647
vt 0.478543 0.936292
vt 0.152472 0.715950
vt 0.157239 0.709595
vt 0.708805 0.925778
vt 0.713571 0.919423
vt 0.783977 0.097370
vt 0.788744 0.091015
vt 0.988864 0.290797
vt 0.989402 0.284442
vt 0.159887 0.642972
vt 0.159887 0.636617
vt 0.111991 0.636617
vt 0.903298 0.093579
vt 0.927129 0.087224
vt 0.258513 0.697521
vt 0.306175 0.691166
vt 0.112529 0.636617
vt 0.104567 0.642972
vt 0.107255 0.636617
vt 0.652811 0.944224
vt 0.657547 0.937869
vt 0.473776 0.936292
vt 0.478543 0.929937
vt 0.152472 0.709595
vt 0.157239 0.703240
vt 0.708805 0.919423
vt 0.713571 0.913068
vt 0.783977 0.091015
vt 0.788744 0.084660
vt 0.988864 0.284442
vt 0.989402 0.278087
vt 0.988864 0.278087
vt 0.989402 0.271732
vt 0.159887 0.630262
vt 0.111991 0.630262
vt 0.903298 0.087224
vt 0.927129 0.080869
vt 0.258513 0.691166
vt 0.306175 0.684811
vt 0.112529 0.630262
vt 0.104567 0.636617
vt 0.107255 0.630262
vt 0.652811 0.937869
vt 0.657547 0.931514
vt 0.473776 0.929937
vt 0.478543 0.923582
vt 0.152472 0.703240
vt 0.157239 0.696885
vt 0.708805 0.913068
vt 0.713571 0.906713
vt 0.783977 0.084660
vt 0.788744 0.078305
vt 0.988864 0.271732
vt 0.989402 0.265377
vt 0.159887 0.623907
vt 0.111991 0.623907
vt 0.903298 0.080869
vt 0.927129 0.074514
vt 0.258513 0.684811
vt 0.306175 0.678456
vt 0.112529 0.623907
vt 0.104567 0.630262
vt 0.107255 0.623907
vt 0.652811 0.931514
vt 0.657547 0.925159
vt 0.473776 0.923582
vt 0.478543 0.917227
vt 0.152472 0.696885
vt 0.157239 0.690530
vt 0.708805 0.906713
vt 0.713571 0.900358
vt 0.783977 0.078305
vt 0.788744 0.071950
vt 0.783977 0.071950
vt 0.788744 0.065595
vt 0.988864 0.265377
vt 0.989402 0.259022
vt 0.159887 0.617552
vt 0.111991 0.617552
vt 0.903298 0.074514
vt 0.927129 0.068159
vt 0.258513 0.678456
vt 0.306175 0.672101
vt 0.112529 0.617552
vt 0.104567 0.623907
vt 0.107255 0.617552
vt 0.652811 0.925159
vt 0.657547 0.918804
vt 0.473776 0.917227
vt 0.478543 0.910872
vt 0.152472 0.690530
vt 0.157239 0.684175
vt 0.708805 0.900358
vt 0.713571 0.894003
vt 0.783977 0.065595
vt 0.788744 0.059240
vt 0.988864 0.259022
vt 0.989402 0.252667
vt 0.159887 0.611197
vt 0.111991 0.611197
vt 0.903298 0.068159
vt 0.927129 0.061804
vt 0.258513 0.672101
vt 0.306175 0.665746
vt 0.112529 0.611197
vt 0.104567 0.617552
vt 0.107255 0.611197
vt 0.652811 0.918804
vt 0.657547 0.912449
vt 0.473776 0.910872
vt 0.478543 0.904517
vt 0.152472 0.684175
vt 0.157239 0.677820
vt 0.708805 0.894003
vt 0.713571 0.887648
vt 0.632218 0.956934
vt 0.638532 0.950579
vt 0.638532 0.956934
vt 0.678097 0.966980
vt 0.682545 0.960625
vt 0.682545 0.966980
vt 0.543608 0.341955
vt 0.575383 0.335600
vt 0.575383 0.341955
vt 0.303531 0.831596
vt 0.309886 0.825240
vt 0.309886 0.831596
vt 0.208563 0.756517
vt 0.208563 0.801002
vt 0.202208 0.752069
vt 0.558398 0.099934
vt 0.564753 0.153316
vt 0.558398 0.153316
vt 0.438929 0.901445
vt 0.470501 0.895090
vt 0.470501 0.901445
vt 0.471003 0.895090
vt 0.477317 0.888735
vt 0.477317 0.895090
vt 0.968262 0.296729
vt 0.968764 0.290374
vt 0.968764 0.296729
vt 0.626195 0.950579
vt 0.626195 0.956934
vt 0.543608 0.335600
vt 0.575383 0.329245
vt 0.852234 0.960371
vt 0.858589 0.954016
vt 0.858589 0.960371
vt 0.670575 0.973335
vt 0.675024 0.966980
vt 0.675024 0.973335
vt 0.678097 0.973336
vt 0.682545 0.973336
vt 0.471003 0.901445
vt 0.477317 0.901445
vt 0.670575 0.966980
vt 0.675024 0.960625
vt 0.470501 0.888735
vt 0.471003 0.888735
vt 0.632218 0.950579
vt 0.638532 0.944224
vt 0.968262 0.290374
vt 0.968764 0.284019
vt 0.438929 0.895090
vt 0.852234 0.954016
vt 0.858589 0.947661
vt 0.564753 0.099934
vt 0.571108 0.153316
vt 0.632218 0.944224
vt 0.303531 0.825240
vt 0.309886 0.818886
vt 0.471003 0.882379
vt 0.303531 0.818886
vt 0.309886 0.812530
vt 0.670575 0.960625
vt 0.675024 0.954270
vt 0.638532 0.937869
vt 0.543608 0.329245
vt 0.575383 0.322890
vt 0.678097 0.960625
vt 0.682545 0.954270
vt 0.477317 0.882380
vt 0.852234 0.947661
vt 0.858589 0.941306
vt 0.968262 0.284019
vt 0.968764 0.277664
vt 0.438929 0.888735
vt 0.470501 0.882379
vt 0.577463 0.099934
vt 0.577463 0.153316
vt 0.626195 0.944224
vt 0.632218 0.937869
vt 0.968262 0.277664
vt 0.968764 0.271309
vt 0.852234 0.941306
vt 0.858589 0.934951
vt 0.471003 0.876024
vt 0.670575 0.954270
vt 0.675024 0.947915
vt 0.303531 0.812530
vt 0.309886 0.806175
vt 0.678097 0.954270
vt 0.682545 0.947915
vt 0.638532 0.931514
vt 0.583818 0.153316
vt 0.543608 0.322890
vt 0.575383 0.316535
vt 0.626195 0.937869
vt 0.632218 0.931514
vt 0.477317 0.876024
vt 0.438929 0.882379
vt 0.470501 0.876024
vt 0.438929 0.876024
vt 0.470501 0.869669
vt 0.968262 0.271309
vt 0.968764 0.264954
vt 0.852234 0.934951
vt 0.858589 0.928596
vt 0.471003 0.869669
vt 0.670575 0.947915
vt 0.675024 0.941560
vt 0.303531 0.806175
vt 0.309886 0.799820
vt 0.678097 0.947915
vt 0.682545 0.941560
vt 0.638532 0.925159
vt 0.583818 0.099934
vt 0.590173 0.153316
vt 0.543608 0.316535
vt 0.575383 0.310180
vt 0.626195 0.931514
vt 0.632218 0.925159
vt 0.477317 0.869669
vt 0.477317 0.863314
vt 0.438929 0.869669
vt 0.470501 0.863314
vt 0.968262 0.264954
vt 0.968764 0.258599
vt 0.852234 0.928596
vt 0.858589 0.922241
vt 0.471003 0.863314
vt 0.670575 0.935205
vt 0.675024 0.935205
vt 0.303531 0.799820
vt 0.309886 0.793465
vt 0.678097 0.941560
vt 0.682545 0.935205
vt 0.638532 0.918804
vt 0.596528 0.099934
vt 0.596528 0.153316
vt 0.543608 0.310180
vt 0.575383 0.303825
vt 0.626195 0.925159
vt 0.632218 0.918804
vt 0.626195 0.918804
vt 0.632218 0.912449
vt 0.477317 0.856959
vt 0.438929 0.863314
vt 0.470501 0.856959
vt 0.968262 0.258599
vt 0.968764 0.252244
vt 0.852234 0.922241
vt 0.858589 0.915886
vt 0.471003 0.856959
vt 0.675024 0.928850
vt 0.303531 0.793465
vt 0.309886 0.787110
vt 0.678097 0.935205
vt 0.682545 0.928850
vt 0.638532 0.912449
vt 0.602883 0.153316
vt 0.543608 0.303825
vt 0.575383 0.297470
vt 0.936473 0.379662
vt 0.960304 0.427325
vt 0.936473 0.427325
vt 0.004225 0.314416
vt 0.001536 0.304883
vt 0.004225 0.304883
vt 0.705106 0.564593
vt 0.728938 0.555061
vt 0.728938 0.564593
vt 0.319099 0.125459
vt 0.366761 0.115926
vt 0.366761 0.125459
vt 0.051583 0.304883
vt 0.051583 0.314416
vt 0.319099 0.115926
vt 0.366761 0.106394
vt 0.051583 0.295351
vt 0.705106 0.555061
vt 0.728938 0.545528
vt 0.001536 0.295351
vt 0.004225 0.295351
vt 0.705106 0.545528
vt 0.728938 0.535996
vt 0.001536 0.285818
vt 0.004225 0.285818
vt 0.319099 0.106394
vt 0.366761 0.096861
vt 0.051583 0.285818
vt 0.319099 0.096861
vt 0.366761 0.087329
vt 0.051583 0.276286
vt 0.705106 0.535996
vt 0.728938 0.526463
vt 0.004225 0.276286
vt 0.051583 0.266753
vt 0.705106 0.526463
vt 0.728938 0.516931
vt 0.001536 0.266753
vt 0.004225 0.266753
vt 0.319099 0.087329
vt 0.366761 0.077796
vt 0.705106 0.507398
vt 0.728938 0.507398
vt 0.001536 0.257221
vt 0.004225 0.257221
vt 0.319099 0.077796
vt 0.366761 0.068264
vt 0.051583 0.257221
vt 0.319099 0.068264
vt 0.366761 0.058731
vt 0.051583 0.247688
vt 0.728938 0.497865
vt 0.004225 0.247688
vt 0.705106 0.497865
vt 0.728938 0.488333
vt 0.001536 0.247688
vt 0.004225 0.238155
vt 0.319099 0.058731
vt 0.366761 0.049199
vt 0.051583 0.238155
vt 0.001536 0.238155
vt 0.004225 0.228623
vt 0.319099 0.049199
vt 0.366761 0.039666
vt 0.051583 0.228623
vt 0.705106 0.488333
vt 0.728938 0.478800
vt 0.319099 0.039666
vt 0.366761 0.030134
vt 0.051583 0.219090
vt 0.705106 0.478800
vt 0.728938 0.469268
vt 0.001536 0.228623
vt 0.004225 0.219090
vt 0.705106 0.469268
vt 0.728938 0.459735
vt 0.001536 0.219090
vt 0.004225 0.209558
vt 0.319099 0.030134
vt 0.366761 0.020601
vt 0.051583 0.209558
vt 0.319099 0.020601
vt 0.366761 0.011069
vt 0.051583 0.200025
vt 0.705106 0.459735
vt 0.728938 0.450203
vt 0.001536 0.209558
vt 0.004225 0.200025
vt 0.319099 0.011069
vt 0.366761 0.001536
vt 0.051583 0.190493
vt 0.705106 0.450203
vt 0.728938 0.440670
vt 0.001536 0.200025
vt 0.004225 0.190493
vt 0.136183 0.503372
vt 0.138646 0.493840
vt 0.138646 0.503372
vt 0.432608 0.300117
vt 0.434547 0.290584
vt 0.434547 0.300117
vt 0.226730 0.315369
vt 0.228316 0.305836
vt 0.228316 0.315369
vt 0.436311 0.290584
vt 0.436311 0.300117
vt 0.416110 0.300117
vt 0.418601 0.290584
vt 0.418601 0.300117
vt 0.141056 0.493840
vt 0.141056 0.503372
vt 0.257980 0.315369
vt 0.260060 0.305836
vt 0.260060 0.315369
vt 0.230094 0.305836
vt 0.230094 0.315369
vt 0.437881 0.290584
vt 0.437881 0.300117
vt 0.143385 0.493840
vt 0.143385 0.503372
vt 0.261986 0.305836
vt 0.261986 0.315369
vt 0.232046 0.305836
vt 0.232046 0.315369
vt 0.439239 0.290584
vt 0.439239 0.300117
vt 0.145607 0.503372
vt 0.145607 0.493840
vt 0.263735 0.305836
vt 0.263735 0.315369
vt 0.234149 0.305836
vt 0.234149 0.315369
vt 0.440372 0.290584
vt 0.440372 0.300117
vt 0.147699 0.493840
vt 0.147699 0.503372
vt 0.115981 0.503372
vt 0.117745 0.493840
vt 0.117745 0.503372
vt 0.236381 0.305836
vt 0.236381 0.315369
vt 0.441265 0.290584
vt 0.441265 0.300117
vt 0.149638 0.493840
vt 0.149638 0.503372
vt 0.119684 0.493840
vt 0.119684 0.503372
vt 0.238717 0.305836
vt 0.238717 0.315369
vt 0.441911 0.290584
vt 0.441911 0.300117
vt 0.151402 0.493840
vt 0.151402 0.503372
vt 0.121776 0.493840
vt 0.121776 0.503372
vt 0.241132 0.305836
vt 0.241132 0.315369
vt 0.442301 0.290584
vt 0.442301 0.300117
vt 0.421092 0.290584
vt 0.421092 0.300117
vt 0.402654 0.300117
vt 0.404593 0.290584
vt 0.404593 0.300117
vt 0.123998 0.493840
vt 0.123998 0.503372
vt 0.243599 0.305836
vt 0.243599 0.315369
vt 0.222062 0.315369
vt 0.222213 0.305836
vt 0.222213 0.315369
vt 0.423555 0.290584
vt 0.423555 0.300117
vt 0.406685 0.300117
vt 0.406685 0.290584
vt 0.126327 0.493840
vt 0.126327 0.503372
vt 0.246091 0.305836
vt 0.246091 0.315369
vt 0.222624 0.305836
vt 0.222624 0.315369
vt 0.425965 0.290584
vt 0.425965 0.300117
vt 0.408908 0.290584
vt 0.408908 0.300117
vt 0.128737 0.503372
vt 0.128737 0.493840
vt 0.248581 0.305836
vt 0.248581 0.315369
vt 0.223289 0.305836
vt 0.223289 0.315369
vt 0.428294 0.290584
vt 0.428294 0.300117
vt 0.411236 0.290584
vt 0.411236 0.300117
vt 0.131200 0.493840
vt 0.131200 0.503372
vt 0.251041 0.305836
vt 0.251041 0.315369
vt 0.224203 0.305836
vt 0.224203 0.315369
vt 0.430516 0.290584
vt 0.430516 0.300117
vt 0.413646 0.290584
vt 0.413646 0.300117
vt 0.133692 0.493840
vt 0.133692 0.503372
vt 0.253445 0.305836
vt 0.253445 0.315369
vt 0.225354 0.305836
vt 0.225354 0.315369
vt 0.432608 0.290584
vt 0.416110 0.290584
vt 0.136183 0.493840
vt 0.255766 0.305836
vt 0.255766 0.315369
vt 0.388520 0.769085
vt 0.418225 0.788376
vt 0.395935 0.815903
vt 0.257980 0.305836
vt 0.226730 0.305836
vt 0.406685 0.281052
vt 0.126327 0.484307
vt 0.246091 0.296304
vt 0.222624 0.296304
vt 0.425965 0.281052
vt 0.408908 0.281052
vt 0.128737 0.484307
vt 0.248581 0.296304
vt 0.223289 0.296304
vt 0.428294 0.281052
vt 0.411236 0.281052
vt 0.131200 0.484307
vt 0.251041 0.296304
vt 0.224203 0.296304
vt 0.430516 0.281052
vt 0.413646 0.281052
vt 0.133692 0.484307
vt 0.253445 0.296304
vt 0.225354 0.296304
vt 0.432608 0.281052
vt 0.416110 0.281052
vt 0.136183 0.484307
vt 0.255766 0.296304
vt 0.226730 0.296304
vt 0.434547 0.281052
vt 0.418601 0.281052
vt 0.138646 0.484307
vt 0.257980 0.296304
vt 0.228316 0.296304
vt 0.436311 0.281052
vt 0.141056 0.484307
vt 0.260060 0.296304
vt 0.230094 0.296304
vt 0.437881 0.281052
vt 0.143385 0.484307
vt 0.261986 0.296304
vt 0.232046 0.296304
vt 0.439239 0.281052
vt 0.145607 0.484307
vt 0.263735 0.296304
vt 0.234149 0.296304
vt 0.440372 0.281052
vt 0.147699 0.484307
vt 0.115981 0.493840
vt 0.117745 0.484307
vt 0.236381 0.296304
vt 0.441265 0.281052
vt 0.149638 0.484307
vt 0.119684 0.484307
vt 0.238717 0.296304
vt 0.441911 0.281052
vt 0.151402 0.484307
vt 0.121776 0.484307
vt 0.241132 0.296304
vt 0.442301 0.281052
vt 0.421092 0.281052
vt 0.402654 0.290584
vt 0.404593 0.281052
vt 0.123998 0.484307
vt 0.243599 0.296304
vt 0.222062 0.305836
vt 0.222213 0.296304
vt 0.423555 0.281052
vt 0.402654 0.281052
vt 0.404593 0.271519
vt 0.421092 0.271519
vt 0.241132 0.286771
vt 0.151402 0.474775
vt 0.238717 0.286771
vt 0.149638 0.474775
vt 0.236381 0.286771
vt 0.147699 0.474775
vt 0.232046 0.286771
vt 0.234149 0.286771
vt 0.145607 0.474775
vt 0.143385 0.474775
vt 0.230094 0.286771
vt 0.141056 0.474775
vt 0.228316 0.286771
vt 0.138646 0.474775
vt 0.226730 0.286771
vt 0.136183 0.474775
vt 0.225354 0.286771
vt 0.133692 0.474775
vt 0.223289 0.286771
vt 0.224203 0.286771
vt 0.131200 0.474775
vt 0.128737 0.474775
vt 0.222624 0.286771
vt 0.123998 0.474775
vt 0.126327 0.474775
vt 0.222062 0.296304
vt 0.222213 0.286771
vt 0.442301 0.271519
vt 0.121776 0.474775
vt 0.441265 0.271519
vt 0.441911 0.271519
vt 0.119684 0.474775
vt 0.115981 0.484307
vt 0.117745 0.474775
vt 0.440372 0.271519
vt 0.263735 0.286771
vt 0.439239 0.271519
vt 0.261986 0.286771
vt 0.437881 0.271519
vt 0.260060 0.286771
vt 0.436311 0.271519
vt 0.257980 0.286771
vt 0.418601 0.271519
vt 0.432608 0.271519
vt 0.434547 0.271519
vt 0.255766 0.286771
vt 0.416110 0.271519
vt 0.253445 0.286771
vt 0.413646 0.271519
vt 0.430516 0.271519
vt 0.251041 0.286771
vt 0.411236 0.271519
vt 0.428294 0.271519
vt 0.248581 0.286771
vt 0.408908 0.271519
vt 0.425965 0.271519
vt 0.246091 0.286771
vt 0.406685 0.271519
vt 0.423555 0.271519
vt 0.243599 0.286771
vt 0.128737 0.465242
vt 0.222624 0.277239
vt 0.126327 0.465242
vt 0.222062 0.286771
vt 0.222213 0.277239
vt 0.123998 0.465242
vt 0.442301 0.261987
vt 0.121776 0.465242
vt 0.441911 0.261987
vt 0.119684 0.465242
vt 0.441265 0.261987
vt 0.115981 0.474775
vt 0.117745 0.465242
vt 0.439239 0.261987
vt 0.440372 0.261987
vt 0.263735 0.277239
vt 0.261986 0.277239
vt 0.437881 0.261987
vt 0.260060 0.277239
vt 0.436311 0.261987
vt 0.257980 0.277239
vt 0.418601 0.261987
vt 0.434547 0.261987
vt 0.255766 0.277239
vt 0.416110 0.261987
vt 0.432608 0.261987
vt 0.253445 0.277239
vt 0.413646 0.261987
vt 0.430516 0.261987
vt 0.251041 0.277239
vt 0.411236 0.261987
vt 0.428294 0.261987
vt 0.248581 0.277239
vt 0.408908 0.261987
vt 0.425965 0.261987
vt 0.246091 0.277239
vt 0.406685 0.261987
vt 0.423555 0.261987
vt 0.243599 0.277239
vt 0.402654 0.271519
vt 0.404593 0.261987
vt 0.421092 0.261987
vt 0.241132 0.277239
vt 0.149638 0.465242
vt 0.151402 0.465242
vt 0.238717 0.277239
vt 0.236381 0.277239
vt 0.147699 0.465242
vt 0.234149 0.277239
vt 0.145607 0.465242
vt 0.232046 0.277239
vt 0.143385 0.465242
vt 0.230094 0.277239
vt 0.141056 0.465242
vt 0.228316 0.277239
vt 0.138646 0.465242
vt 0.225354 0.277239
vt 0.226730 0.277239
vt 0.133692 0.465242
vt 0.136183 0.465242
vt 0.131200 0.465242
vt 0.223289 0.277239
vt 0.224203 0.277239
vt 0.253445 0.267706
vt 0.413646 0.252454
vt 0.430516 0.252454
vt 0.251041 0.267706
vt 0.411236 0.252454
vt 0.428294 0.252454
vt 0.248581 0.267706
vt 0.408908 0.252454
vt 0.425965 0.252454
vt 0.246091 0.267706
vt 0.406685 0.252454
vt 0.423555 0.252454
vt 0.243599 0.267706
vt 0.402654 0.261987
vt 0.404593 0.252454
vt 0.421092 0.252454
vt 0.241132 0.267706
vt 0.151402 0.455710
vt 0.238717 0.267706
vt 0.149638 0.455710
vt 0.236381 0.267706
vt 0.147699 0.455710
vt 0.234149 0.267706
vt 0.145607 0.455710
vt 0.232046 0.267706
vt 0.143385 0.455710
vt 0.230094 0.267706
vt 0.138646 0.455710
vt 0.141056 0.455710
vt 0.228316 0.267706
vt 0.225354 0.267706
vt 0.226730 0.267706
vt 0.136183 0.455710
vt 0.133692 0.455710
vt 0.224203 0.267706
vt 0.131200 0.455710
vt 0.223289 0.267706
vt 0.128737 0.455710
vt 0.222624 0.267706
vt 0.126327 0.455710
vt 0.222062 0.277239
vt 0.222213 0.267706
vt 0.123998 0.455710
vt 0.442301 0.252454
vt 0.121776 0.455710
vt 0.441911 0.252454
vt 0.119684 0.455710
vt 0.441265 0.252454
vt 0.115981 0.465242
vt 0.117745 0.455710
vt 0.439239 0.252454
vt 0.440372 0.252454
vt 0.263735 0.267706
vt 0.261986 0.267706
vt 0.437881 0.252454
vt 0.260060 0.267706
vt 0.436311 0.252454
vt 0.257980 0.267706
vt 0.418601 0.252454
vt 0.434547 0.252454
vt 0.255766 0.267706
vt 0.416110 0.252454
vt 0.432608 0.252454
vt 0.228316 0.258174
vt 0.138646 0.446177
vt 0.225354 0.258174
vt 0.226730 0.258174
vt 0.136183 0.446177
vt 0.131200 0.446177
vt 0.133692 0.446177
vt 0.224203 0.258174
vt 0.128737 0.446177
vt 0.223289 0.258174
vt 0.126327 0.446177
vt 0.222624 0.258174
vt 0.222062 0.267706
vt 0.222213 0.258174
vt 0.123998 0.446177
vt 0.442301 0.242922
vt 0.121776 0.446177
vt 0.441911 0.242922
vt 0.119684 0.446177
vt 0.441265 0.242922
vt 0.115981 0.446177
vt 0.117745 0.446177
vt 0.439239 0.242922
vt 0.440372 0.242922
vt 0.263735 0.258174
vt 0.261986 0.258174
vt 0.437881 0.242922
vt 0.260060 0.258174
vt 0.436311 0.242922
vt 0.257980 0.258174
vt 0.418601 0.242922
vt 0.434547 0.242922
vt 0.255766 0.258174
vt 0.416110 0.242922
vt 0.432608 0.242922
vt 0.253445 0.258174
vt 0.413646 0.242922
vt 0.430516 0.242922
vt 0.251041 0.258174
vt 0.411236 0.242922
vt 0.428294 0.242922
vt 0.248581 0.258174
vt 0.408908 0.242922
vt 0.425965 0.242922
vt 0.246091 0.258174
vt 0.406685 0.242922
vt 0.423555 0.242922
vt 0.243599 0.258174
vt 0.402654 0.242922
vt 0.404593 0.242922
vt 0.421092 0.242922
vt 0.241132 0.258174
vt 0.151402 0.446177
vt 0.238717 0.258174
vt 0.149638 0.446177
vt 0.236381 0.258174
vt 0.145607 0.446177
vt 0.147699 0.446177
vt 0.234149 0.258174
vt 0.232046 0.258174
vt 0.143385 0.446177
vt 0.230094 0.258174
vt 0.141056 0.446177
vt 0.439239 0.233389
vt 0.261986 0.248641
vt 0.437881 0.233389
vt 0.260060 0.248641
vt 0.436311 0.233389
vt 0.257980 0.248641
vt 0.418601 0.233389
vt 0.434547 0.233389
vt 0.255766 0.248641
vt 0.416110 0.233389
vt 0.432608 0.233389
vt 0.253445 0.248641
vt 0.413646 0.233389
vt 0.430516 0.233389
vt 0.251041 0.248641
vt 0.411236 0.233389
vt 0.428294 0.233389
vt 0.246091 0.248641
vt 0.248581 0.248641
vt 0.408908 0.233389
vt 0.425965 0.233389
vt 0.406685 0.233389
vt 0.423555 0.233389
vt 0.243599 0.248641
vt 0.404593 0.233389
vt 0.421092 0.233389
vt 0.241132 0.248641
vt 0.151402 0.436645
vt 0.238717 0.248641
vt 0.149638 0.436645
vt 0.236381 0.248641
vt 0.147699 0.436645
vt 0.234149 0.248641
vt 0.145607 0.436645
vt 0.232046 0.248641
vt 0.143385 0.436645
vt 0.230094 0.248641
vt 0.141056 0.436645
vt 0.228316 0.248641
vt 0.138646 0.436645
vt 0.225354 0.248641
vt 0.226730 0.248641
vt 0.136183 0.436645
vt 0.133692 0.436645
vt 0.224203 0.248641
vt 0.131200 0.436645
vt 0.223289 0.248641
vt 0.128737 0.436645
vt 0.222624 0.248641
vt 0.126327 0.436645
vt 0.222062 0.258174
vt 0.222213 0.248641
vt 0.123998 0.436645
vt 0.442301 0.233389
vt 0.119684 0.436645
vt 0.121776 0.436645
vt 0.441911 0.233389
vt 0.441265 0.233389
vt 0.117745 0.436645
vt 0.440372 0.233389
vt 0.263735 0.248641
vt 0.236381 0.239109
vt 0.147699 0.427112
vt 0.234149 0.239109
vt 0.145607 0.427112
vt 0.232046 0.239109
vt 0.143385 0.427112
vt 0.230094 0.239109
vt 0.138646 0.427112
vt 0.141056 0.427112
vt 0.228316 0.239109
vt 0.226730 0.239109
vt 0.136183 0.427112
vt 0.225354 0.239109
vt 0.131200 0.427112
vt 0.133692 0.427112
vt 0.224203 0.239109
vt 0.223289 0.239109
vt 0.128737 0.427112
vt 0.222624 0.239109
vt 0.126327 0.427112
vt 0.222062 0.248641
vt 0.222213 0.239109
vt 0.123998 0.427112
vt 0.442301 0.223857
vt 0.121776 0.427112
vt 0.441911 0.223857
vt 0.119684 0.427112
vt 0.441265 0.223857
vt 0.115981 0.436645
vt 0.117745 0.427112
vt 0.440372 0.223857
vt 0.261986 0.239109
vt 0.263735 0.239109
vt 0.439239 0.223857
vt 0.437881 0.223857
vt 0.260060 0.239109
vt 0.436311 0.223857
vt 0.257980 0.239109
vt 0.418601 0.223857
vt 0.434547 0.223857
vt 0.255766 0.239109
vt 0.416110 0.223857
vt 0.432608 0.223857
vt 0.253445 0.239109
vt 0.413646 0.223857
vt 0.430516 0.223857
vt 0.251041 0.239109
vt 0.408908 0.223857
vt 0.411236 0.223857
vt 0.428294 0.223857
vt 0.246091 0.239109
vt 0.248581 0.239109
vt 0.425965 0.223857
vt 0.406685 0.223857
vt 0.423555 0.223857
vt 0.243599 0.239109
vt 0.402654 0.233389
vt 0.404593 0.223857
vt 0.421092 0.223857
vt 0.241132 0.239109
vt 0.151402 0.427112
vt 0.238717 0.239109
vt 0.149638 0.427112
vt 0.442301 0.214324
vt 0.121776 0.417580
vt 0.441911 0.214324
vt 0.119684 0.417580
vt 0.441265 0.214324
vt 0.115981 0.427112
vt 0.117745 0.417580
vt 0.440372 0.214324
vt 0.263735 0.229576
vt 0.439239 0.214324
vt 0.261986 0.229576
vt 0.437881 0.214324
vt 0.260060 0.229576
vt 0.436311 0.214324
vt 0.257980 0.229576
vt 0.418601 0.214324
vt 0.434547 0.214324
vt 0.255766 0.229576
vt 0.413646 0.214324
vt 0.416110 0.214324
vt 0.432608 0.214324
vt 0.253445 0.229576
vt 0.411236 0.214324
vt 0.430516 0.214324
vt 0.251041 0.229576
vt 0.428294 0.214324
vt 0.246091 0.229576
vt 0.248581 0.229576
vt 0.408908 0.214324
vt 0.425965 0.214324
vt 0.406685 0.214324
vt 0.423555 0.214324
vt 0.243599 0.229576
vt 0.402654 0.223857
vt 0.404593 0.214324
vt 0.421092 0.214324
vt 0.241132 0.229576
vt 0.151402 0.417580
vt 0.238717 0.229576
vt 0.149638 0.417580
vt 0.236381 0.229576
vt 0.147699 0.417580
vt 0.234149 0.229576
vt 0.145607 0.417580
vt 0.232046 0.229576
vt 0.143385 0.417580
vt 0.230094 0.229576
vt 0.141056 0.417580
vt 0.228316 0.229576
vt 0.138646 0.417580
vt 0.226730 0.229576
vt 0.136183 0.417580
vt 0.225354 0.229576
vt 0.133692 0.417580
vt 0.224203 0.229576
vt 0.131200 0.417580
vt 0.223289 0.229576
vt 0.128737 0.417580
vt 0.222624 0.229576
vt 0.126327 0.417580
vt 0.222062 0.239109
vt 0.222213 0.229576
vt 0.123998 0.417580
vt 0.425965 0.204792
vt 0.246091 0.220044
vt 0.406685 0.204792
vt 0.423555 0.204792
vt 0.243599 0.220044
vt 0.402654 0.214324
vt 0.404593 0.204792
vt 0.418601 0.204792
vt 0.421092 0.204792
vt 0.241132 0.220044
vt 0.149638 0.408047
vt 0.151402 0.408047
vt 0.238717 0.220044
vt 0.236381 0.220044
vt 0.147699 0.408047
vt 0.234149 0.220044
vt 0.143385 0.408047
vt 0.145607 0.408047
vt 0.232046 0.220044
vt 0.230094 0.220044
vt 0.141056 0.408047
vt 0.228316 0.220044
vt 0.138646 0.408047
vt 0.226730 0.220044
vt 0.136183 0.408047
vt 0.225354 0.220044
vt 0.133692 0.408047
vt 0.224203 0.220044
vt 0.131200 0.408047
vt 0.223289 0.220044
vt 0.128737 0.408047
vt 0.222624 0.220044
vt 0.123998 0.408047
vt 0.126327 0.408047
vt 0.222062 0.229576
vt 0.222213 0.220044
vt 0.442301 0.204792
vt 0.119684 0.408047
vt 0.121776 0.408047
vt 0.441911 0.204792
vt 0.441265 0.204792
vt 0.115981 0.417580
vt 0.117745 0.408047
vt 0.440372 0.204792
vt 0.263735 0.220044
vt 0.439239 0.204792
vt 0.261986 0.220044
vt 0.437881 0.204792
vt 0.260060 0.220044
vt 0.436311 0.204792
vt 0.257980 0.220044
vt 0.434547 0.204792
vt 0.255766 0.220044
vt 0.416110 0.204792
vt 0.432608 0.204792
vt 0.253445 0.220044
vt 0.413646 0.204792
vt 0.430516 0.204792
vt 0.251041 0.220044
vt 0.411236 0.204792
vt 0.428294 0.204792
vt 0.248581 0.220044
vt 0.408908 0.204792
vt 0.224203 0.210511
vt 0.128737 0.398514
vt 0.131200 0.398514
vt 0.223289 0.210511
vt 0.126327 0.398514
vt 0.222624 0.210511
vt 0.123998 0.398515
vt 0.222062 0.220044
vt 0.222213 0.210511
vt 0.442301 0.195259
vt 0.121776 0.398515
vt 0.441911 0.195259
vt 0.119684 0.398515
vt 0.441265 0.195259
vt 0.115981 0.398515
vt 0.117745 0.398515
vt 0.440372 0.195259
vt 0.263735 0.210511
vt 0.439239 0.195259
vt 0.261986 0.210511
vt 0.437881 0.195259
vt 0.260060 0.210511
vt 0.436311 0.195259
vt 0.257980 0.210511
vt 0.418601 0.195259
vt 0.434547 0.195259
vt 0.253445 0.210511
vt 0.255766 0.210511
vt 0.416110 0.195259
vt 0.432608 0.195259
vt 0.413646 0.195259
vt 0.430516 0.195259
vt 0.251041 0.210511
vt 0.411236 0.195259
vt 0.428294 0.195259
vt 0.246091 0.210511
vt 0.248581 0.210511
vt 0.408908 0.195259
vt 0.425965 0.195259
vt 0.406685 0.195259
vt 0.423555 0.195259
vt 0.243599 0.210511
vt 0.402654 0.204792
vt 0.404593 0.195259
vt 0.421092 0.195259
vt 0.241132 0.210511
vt 0.151402 0.398514
vt 0.238717 0.210511
vt 0.149638 0.398514
vt 0.236381 0.210511
vt 0.147699 0.398514
vt 0.234149 0.210511
vt 0.143385 0.398514
vt 0.145607 0.398514
vt 0.232046 0.210511
vt 0.141056 0.398514
vt 0.230094 0.210511
vt 0.228316 0.210511
vt 0.138646 0.398514
vt 0.226730 0.210511
vt 0.136183 0.398514
vt 0.225354 0.210511
vt 0.133692 0.398514
vt 0.434547 0.185727
vt 0.255766 0.200979
vt 0.416110 0.185727
vt 0.432608 0.185727
vt 0.253445 0.200979
vt 0.413646 0.185727
vt 0.430516 0.185727
vt 0.251041 0.200979
vt 0.408908 0.185727
vt 0.411236 0.185727
vt 0.428294 0.185727
vt 0.246091 0.200979
vt 0.248581 0.200979
vt 0.425965 0.185727
vt 0.406685 0.185727
vt 0.423555 0.185727
vt 0.243599 0.200979
vt 0.402654 0.185727
vt 0.404593 0.185727
vt 0.418601 0.185727
vt 0.421092 0.185727
vt 0.241132 0.200979
vt 0.151402 0.388982
vt 0.238717 0.200979
vt 0.149638 0.388982
vt 0.236381 0.200979
vt 0.147699 0.388982
vt 0.234149 0.200979
vt 0.145607 0.388982
vt 0.232046 0.200979
vt 0.143385 0.388982
vt 0.230094 0.200979
vt 0.141056 0.388982
vt 0.228316 0.200979
vt 0.138646 0.388982
vt 0.226730 0.200979
vt 0.136183 0.388982
vt 0.225354 0.200979
vt 0.133692 0.388982
vt 0.224203 0.200979
vt 0.131200 0.388982
vt 0.223289 0.200979
vt 0.128737 0.388982
vt 0.222624 0.200979
vt 0.126327 0.388982
vt 0.222062 0.210511
vt 0.222213 0.200979
vt 0.121776 0.388982
vt 0.123998 0.388982
vt 0.442301 0.185727
vt 0.441911 0.185727
vt 0.119684 0.388982
vt 0.441265 0.185727
vt 0.117745 0.388982
vt 0.440372 0.185727
vt 0.263735 0.200979
vt 0.439239 0.185727
vt 0.261986 0.200979
vt 0.437881 0.185727
vt 0.260060 0.200979
vt 0.436311 0.185727
vt 0.257980 0.200979
vt 0.230094 0.191446
vt 0.141056 0.379449
vt 0.228316 0.191446
vt 0.138646 0.379449
vt 0.226730 0.191446
vt 0.136183 0.379449
vt 0.225354 0.191446
vt 0.133692 0.379449
vt 0.224203 0.191446
vt 0.131200 0.379449
vt 0.223289 0.191446
vt 0.128737 0.379449
vt 0.222624 0.191446
vt 0.123998 0.379449
vt 0.126327 0.379449
vt 0.222062 0.200979
vt 0.222213 0.191446
vt 0.121776 0.379449
vt 0.442301 0.176194
vt 0.441911 0.176194
vt 0.119684 0.379449
vt 0.441265 0.176194
vt 0.115981 0.379449
vt 0.117745 0.379449
vt 0.440372 0.176194
vt 0.263735 0.191446
vt 0.439239 0.176194
vt 0.261986 0.191446
vt 0.437881 0.176194
vt 0.260060 0.191446
vt 0.436311 0.176194
vt 0.257980 0.191446
vt 0.418601 0.176194
vt 0.434547 0.176194
vt 0.255766 0.191446
vt 0.416110 0.176194
vt 0.432608 0.176194
vt 0.253445 0.191446
vt 0.413646 0.176194
vt 0.430516 0.176194
vt 0.251041 0.191446
vt 0.411236 0.176194
vt 0.428294 0.176194
vt 0.246091 0.191446
vt 0.248581 0.191446
vt 0.408908 0.176194
vt 0.425965 0.176194
vt 0.406685 0.176194
vt 0.423555 0.176194
vt 0.243599 0.191446
vt 0.404593 0.176194
vt 0.421092 0.176194
vt 0.241132 0.191446
vt 0.151402 0.379449
vt 0.238717 0.191446
vt 0.149638 0.379449
vt 0.236381 0.191446
vt 0.147699 0.379449
vt 0.234149 0.191446
vt 0.145607 0.379449
vt 0.232046 0.191446
vt 0.143385 0.379449
vt 0.440372 0.166662
vt 0.263735 0.181914
vt 0.439239 0.166662
vt 0.260060 0.181914
vt 0.261986 0.181914
vt 0.437881 0.166662
vt 0.436311 0.166662
vt 0.257980 0.181914
vt 0.418601 0.166662
vt 0.434547 0.166662
vt 0.255766 0.181914
vt 0.416110 0.166662
vt 0.432608 0.166662
vt 0.253445 0.181914
vt 0.413646 0.166662
vt 0.430516 0.166662
vt 0.251041 0.181914
vt 0.411236 0.166662
vt 0.428294 0.166662
vt 0.246091 0.181914
vt 0.248581 0.181914
vt 0.408908 0.166662
vt 0.425965 0.166662
vt 0.406685 0.166662
vt 0.423555 0.166662
vt 0.243599 0.181914
vt 0.402654 0.176194
vt 0.404593 0.166662
vt 0.421092 0.166662
vt 0.241132 0.181914
vt 0.151402 0.369917
vt 0.238717 0.181914
vt 0.147699 0.369917
vt 0.149638 0.369917
vt 0.236381 0.181914
vt 0.234149 0.181914
vt 0.145607 0.369917
vt 0.232046 0.181914
vt 0.143385 0.369917
vt 0.230094 0.181914
vt 0.141056 0.369917
vt 0.228316 0.181914
vt 0.136183 0.369917
vt 0.138646 0.369917
vt 0.226730 0.181914
vt 0.225354 0.181914
vt 0.131200 0.369917
vt 0.133692 0.369917
vt 0.224203 0.181914
vt 0.128737 0.369917
vt 0.223289 0.181914
vt 0.222624 0.181914
vt 0.126327 0.369917
vt 0.222062 0.191446
vt 0.222213 0.181914
vt 0.123998 0.369917
vt 0.442301 0.166662
vt 0.121776 0.369917
vt 0.441911 0.166662
vt 0.119684 0.369917
vt 0.441265 0.166662
vt 0.117745 0.369917
vt 0.246091 0.172381
vt 0.151402 0.360384
vt 0.423555 0.157129
vt 0.243599 0.172381
vt 0.149638 0.360384
vt 0.421092 0.157129
vt 0.241132 0.172381
vt 0.147699 0.360384
vt 0.238717 0.172381
vt 0.143385 0.360384
vt 0.145607 0.360384
vt 0.236381 0.172381
vt 0.234149 0.172381
vt 0.138646 0.360384
vt 0.141056 0.360384
vt 0.232046 0.172381
vt 0.230094 0.172381
vt 0.136183 0.360384
vt 0.133692 0.360384
vt 0.228316 0.172381
vt 0.131200 0.360384
vt 0.226730 0.172381
vt 0.225354 0.172381
vt 0.128737 0.360384
vt 0.224203 0.172381
vt 0.223289 0.172381
vt 0.222624 0.172381
vt 0.123998 0.360384
vt 0.126327 0.360384
vt 0.222062 0.181914
vt 0.222213 0.172381
vt 0.121776 0.360384
vt 0.442301 0.157129
vt 0.119684 0.360384
vt 0.441911 0.157129
vt 0.441265 0.157129
vt 0.115981 0.369917
vt 0.117745 0.360384
vt 0.440372 0.157129
vt 0.263735 0.172381
vt 0.439239 0.157129
vt 0.261986 0.172381
vt 0.418601 0.157129
vt 0.437881 0.157129
vt 0.416110 0.157129
vt 0.260060 0.172381
vt 0.436311 0.157129
vt 0.413646 0.157129
vt 0.257980 0.172381
vt 0.434547 0.157129
vt 0.411236 0.157129
vt 0.255766 0.172381
vt 0.432608 0.157129
vt 0.253445 0.172381
vt 0.408908 0.157129
vt 0.430516 0.157129
vt 0.251041 0.172381
vt 0.406685 0.157129
vt 0.428294 0.157129
vt 0.248581 0.172381
vt 0.402654 0.166662
vt 0.404593 0.157129
vt 0.425965 0.157129
vt 0.231413 0.960540
vt 0.255245 0.951007
vt 0.255245 0.960540
vt 0.049199 0.807828
vt 0.039666 0.760165
vt 0.049199 0.760165
vt 0.418552 0.757271
vt 0.409019 0.709913
vt 0.418552 0.709913
vt 0.842149 0.053965
vt 0.865981 0.006303
vt 0.865981 0.053965
vt 0.418552 0.762545
vt 0.409019 0.757809
vt 0.418552 0.757809
vt 0.968262 0.249172
vt 0.973028 0.239639
vt 0.973028 0.249172
vt 0.409019 0.765233
vt 0.409019 0.762545
vt 0.503948 0.975555
vt 0.508684 0.966023
vt 0.508684 0.975555
vt 0.409019 0.757271
vt 0.259051 0.988796
vt 0.258513 0.979264
vt 0.259051 0.979264
vt 0.861661 0.963548
vt 0.866428 0.954016
vt 0.866428 0.963548
vt 0.496109 0.975555
vt 0.500875 0.966023
vt 0.500875 0.975555
vt 0.193611 0.869849
vt 0.198378 0.860317
vt 0.198378 0.869849
vt 0.399486 0.765233
vt 0.399486 0.762545
vt 0.503948 0.966023
vt 0.508684 0.956490
vt 0.399486 0.709913
vt 0.968262 0.239639
vt 0.973028 0.230107
vt 0.193611 0.860317
vt 0.198378 0.850784
vt 0.861661 0.954016
vt 0.866428 0.944483
vt 0.496109 0.966023
vt 0.500875 0.956490
vt 0.399486 0.757809
vt 0.258513 0.969731
vt 0.259051 0.969731
vt 0.231413 0.951007
vt 0.255245 0.941475
vt 0.039666 0.807828
vt 0.030134 0.760165
vt 0.399486 0.757271
vt 0.389954 0.765233
vt 0.389954 0.762545
vt 0.503948 0.956490
vt 0.508684 0.946958
vt 0.389954 0.709913
vt 0.968262 0.230107
vt 0.973028 0.220574
vt 0.861661 0.944483
vt 0.866428 0.934951
vt 0.389954 0.757271
vt 0.496109 0.956490
vt 0.500875 0.946958
vt 0.259051 0.960199
vt 0.389954 0.757809
vt 0.231413 0.941475
vt 0.255245 0.931942
vt 0.193611 0.850784
vt 0.198378 0.841252
vt 0.030134 0.807828
vt 0.020601 0.760165
vt 0.020601 0.807828
vt 0.011069 0.760165
vt 0.380421 0.762545
vt 0.503948 0.946958
vt 0.508684 0.937425
vt 0.380421 0.709913
vt 0.968262 0.220574
vt 0.973028 0.211042
vt 0.861661 0.934951
vt 0.866428 0.925418
vt 0.380421 0.757271
vt 0.496109 0.946958
vt 0.500875 0.937425
vt 0.258513 0.960199
vt 0.259051 0.950666
vt 0.380421 0.757809
vt 0.231413 0.931942
vt 0.255245 0.922410
vt 0.193611 0.841252
vt 0.198378 0.831719
vt 0.193611 0.831719
vt 0.198378 0.822187
vt 0.011069 0.807828
vt 0.001536 0.760165
vt 0.370889 0.765233
vt 0.370889 0.762545
vt 0.503948 0.937425
vt 0.508684 0.927893
vt 0.370889 0.709913
vt 0.968262 0.211042
vt 0.973028 0.201509
vt 0.861661 0.925418
vt 0.866428 0.915886
vt 0.370889 0.757271
vt 0.496109 0.937425
vt 0.500875 0.927893
vt 0.258513 0.950666
vt 0.259051 0.941134
vt 0.370889 0.757809
vt 0.231413 0.922410
vt 0.255245 0.912877
vt 0.763894 0.293657
vt 0.805201 0.284124
vt 0.805201 0.293657
vt 0.837383 0.118999
vt 0.870747 0.109466
vt 0.870747 0.118999
vt 0.591634 0.319077
vt 0.624785 0.309544
vt 0.624785 0.319077
vt 0.586432 0.319077
vt 0.591168 0.309544
vt 0.591168 0.319077
vt 0.798339 0.478378
vt 0.831703 0.519685
vt 0.798339 0.519685
vt 0.968836 0.058731
vt 0.972967 0.049199
vt 0.972967 0.058731
vt 0.581772 0.319077
vt 0.586432 0.309544
vt 0.836839 0.973081
vt 0.841575 0.963548
vt 0.841575 0.973081
vt 0.591634 0.309544
vt 0.998464 0.071441
vt 0.997998 0.061909
vt 0.998464 0.061909
vt 0.299715 0.987083
vt 0.304482 0.977551
vt 0.304482 0.987083
vt 0.784305 0.973146
vt 0.789071 0.963614
vt 0.789071 0.973146
vt 0.307554 0.987083
vt 0.311685 0.977551
vt 0.311685 0.987083
vt 0.581772 0.309544
vt 0.586432 0.300012
vt 0.836839 0.963548
vt 0.841575 0.954016
vt 0.624785 0.300012
vt 0.968836 0.049199
vt 0.972967 0.039666
vt 0.307554 0.977551
vt 0.311685 0.968018
vt 0.299715 0.977551
vt 0.304482 0.968018
vt 0.784305 0.963614
vt 0.789071 0.954081
vt 0.591168 0.300012
vt 0.997998 0.052376
vt 0.998464 0.052376
vt 0.763894 0.284124
vt 0.805201 0.274592
vt 0.837383 0.109466
vt 0.870747 0.099934
vt 0.591634 0.300012
vt 0.581772 0.300012
vt 0.586432 0.290479
vt 0.836839 0.954016
vt 0.841575 0.944483
vt 0.624785 0.290479
vt 0.968836 0.039666
vt 0.972967 0.030134
vt 0.299715 0.968018
vt 0.304482 0.958486
vt 0.591634 0.290479
vt 0.784305 0.954081
vt 0.789071 0.944549
vt 0.998464 0.042844
vt 0.591168 0.290479
vt 0.763894 0.274592
vt 0.805201 0.265059
vt 0.307554 0.968018
vt 0.311685 0.958486
vt 0.837383 0.099934
vt 0.870747 0.090401
vt 0.837383 0.090401
vt 0.870747 0.080869
vt 0.581772 0.290479
vt 0.586432 0.280947
vt 0.836839 0.944483
vt 0.841575 0.934951
vt 0.624785 0.280947
vt 0.968836 0.030134
vt 0.972967 0.020601
vt 0.299715 0.958486
vt 0.304482 0.948953
vt 0.591634 0.280947
vt 0.784305 0.944549
vt 0.789071 0.935016
vt 0.997998 0.042844
vt 0.998464 0.033311
vt 0.591168 0.280947
vt 0.763894 0.255527
vt 0.805201 0.255527
vt 0.307554 0.958486
vt 0.311685 0.948953
vt 0.307554 0.948953
vt 0.311685 0.939421
vt 0.837383 0.080869
vt 0.870747 0.071336
vt 0.581772 0.280947
vt 0.586432 0.271414
vt 0.836839 0.934951
vt 0.841575 0.925418
vt 0.624785 0.271414
vt 0.968836 0.020601
vt 0.972967 0.011069
vt 0.299715 0.948953
vt 0.304482 0.939421
vt 0.591634 0.271414
vt 0.784305 0.935016
vt 0.789071 0.925484
vt 0.997998 0.033311
vt 0.998464 0.023779
vt 0.591168 0.271414
vt 0.805201 0.245994
vt 0.763894 0.245994
vt 0.805201 0.236462
vt 0.307554 0.939421
vt 0.311685 0.929888
vt 0.837383 0.071336
vt 0.870747 0.061804
vt 0.581772 0.271414
vt 0.586432 0.261882
vt 0.836839 0.925418
vt 0.841575 0.915886
vt 0.624785 0.261882
vt 0.968836 0.011069
vt 0.972967 0.001536
vt 0.299715 0.939421
vt 0.304482 0.929888
vt 0.591634 0.261882
vt 0.784305 0.925484
vt 0.789071 0.915951
vt 0.997998 0.023779
vt 0.998464 0.014246
vt 0.591168 0.261882
vt 0.849063 0.232409
vt 0.857006 0.192690
vt 0.857006 0.232409
vt 0.629787 0.153316
vt 0.621844 0.119952
vt 0.629787 0.119952
vt 0.608824 0.944098
vt 0.600880 0.910947
vt 0.608824 0.910947
vt 0.109333 0.811860
vt 0.142697 0.851578
vt 0.109333 0.851578
vt 0.608824 0.949282
vt 0.600880 0.944546
vt 0.608824 0.944546
vt 0.349629 0.152363
vt 0.353601 0.144419
vt 0.353601 0.152363
vt 0.608824 0.953763
vt 0.600880 0.949282
vt 0.334776 0.152363
vt 0.339512 0.144419
vt 0.339512 0.152363
vt 0.600880 0.944098
vt 0.357121 0.152363
vt 0.356673 0.144419
vt 0.357121 0.144419
vt 0.319099 0.152363
vt 0.323865 0.144419
vt 0.323865 0.152363
vt 0.326937 0.152363
vt 0.331704 0.144419
vt 0.331704 0.152363
vt 0.342585 0.152363
vt 0.346556 0.144419
vt 0.346556 0.152363
vt 0.600880 0.953763
vt 0.592937 0.949282
vt 0.334776 0.144419
vt 0.339512 0.136475
vt 0.592937 0.910947
vt 0.349629 0.144419
vt 0.353601 0.136475
vt 0.342585 0.144419
vt 0.346556 0.136475
vt 0.319099 0.144419
vt 0.323865 0.136475
vt 0.326937 0.144419
vt 0.331704 0.136475
vt 0.592937 0.944546
vt 0.356673 0.136475
vt 0.357121 0.136475
vt 0.864950 0.232409
vt 0.621844 0.153316
vt 0.613900 0.119952
vt 0.592937 0.944098
vt 0.592937 0.953763
vt 0.584993 0.949282
vt 0.334776 0.136475
vt 0.339512 0.128531
vt 0.584993 0.910947
vt 0.349629 0.136475
vt 0.353601 0.128532
vt 0.319099 0.136475
vt 0.323865 0.128532
vt 0.584993 0.944098
vt 0.326937 0.136475
vt 0.331704 0.128532
vt 0.357121 0.128532
vt 0.584993 0.944546
vt 0.872894 0.192690
vt 0.872894 0.232409
vt 0.342585 0.136475
vt 0.346556 0.128532
vt 0.613900 0.153316
vt 0.605956 0.119952
vt 0.450144 0.150774
vt 0.450682 0.144419
vt 0.450682 0.150774
vt 0.627977 0.312722
vt 0.632713 0.306367
vt 0.632713 0.312722
vt 0.447072 0.152363
vt 0.440717 0.118999
vt 0.447072 0.118999
vt 0.507234 0.146008
vt 0.512001 0.139653
vt 0.512001 0.146008
vt 0.319847 0.742749
vt 0.319847 0.790412
vt 0.315081 0.737983
vt 0.836839 0.684713
vt 0.843194 0.741543
vt 0.836839 0.741543
vt 0.455418 0.150774
vt 0.459182 0.144419
vt 0.459182 0.150774
vt 0.843194 0.684175
vt 0.849549 0.684713
vt 0.843194 0.684713
vt 0.402654 0.523921
vt 0.407421 0.517566
vt 0.407421 0.523921
vt 0.872336 0.656531
vt 0.865981 0.599336
vt 0.872336 0.599336
vt 0.440717 0.152363
vt 0.434362 0.118999
vt 0.410493 0.523921
vt 0.415259 0.517566
vt 0.415259 0.523921
vt 0.455418 0.144419
vt 0.627977 0.319077
vt 0.632713 0.319077
vt 0.836839 0.684175
vt 0.050979 0.622319
vt 0.055746 0.615964
vt 0.055746 0.622319
vt 0.455418 0.138064
vt 0.050979 0.615964
vt 0.055746 0.609609
vt 0.450144 0.144419
vt 0.450682 0.138064
vt 0.402654 0.517566
vt 0.407421 0.511211
vt 0.459182 0.138064
vt 0.410493 0.517566
vt 0.415259 0.511211
vt 0.849549 0.741543
vt 0.865981 0.656531
vt 0.859626 0.599336
vt 0.507234 0.139653
vt 0.512001 0.133298
vt 0.050979 0.609609
vt 0.055746 0.603254
vt 0.507234 0.133298
vt 0.512001 0.126943
vt 0.450682 0.131709
vt 0.455418 0.131709
vt 0.450144 0.138064
vt 0.434362 0.152363
vt 0.428007 0.118999
vt 0.627977 0.306367
vt 0.632713 0.300012
vt 0.849549 0.684175
vt 0.855904 0.684713
vt 0.410493 0.511211
vt 0.415259 0.504856
vt 0.402654 0.504856
vt 0.407421 0.504856
vt 0.459182 0.131709
vt 0.855904 0.741543
vt 0.859626 0.656531
vt 0.853271 0.599336
vt 0.407421 0.498501
vt 0.410493 0.504856
vt 0.415259 0.498501
vt 0.050979 0.603254
vt 0.055746 0.596899
vt 0.455418 0.125354
vt 0.507234 0.126943
vt 0.512001 0.120588
vt 0.627977 0.300012
vt 0.632713 0.293657
vt 0.450144 0.131709
vt 0.450682 0.125354
vt 0.862259 0.741543
vt 0.428007 0.152363
vt 0.421652 0.118999
vt 0.853271 0.656531
vt 0.846916 0.599336
vt 0.855904 0.684175
vt 0.862259 0.684713
vt 0.459182 0.125354
vt 0.459182 0.118999
vt 0.402654 0.498501
vt 0.407421 0.492146
vt 0.410493 0.498501
vt 0.415259 0.492146
vt 0.050979 0.596899
vt 0.055746 0.590544
vt 0.455418 0.118999
vt 0.507234 0.120588
vt 0.512001 0.114233
vt 0.627977 0.293657
vt 0.632713 0.287302
vt 0.450144 0.125354
vt 0.450682 0.118999
vt 0.868614 0.741543
vt 0.421652 0.152363
vt 0.415297 0.118999
vt 0.846916 0.656531
vt 0.840561 0.599336
vt 0.862259 0.684175
vt 0.868614 0.684713
vt 0.687259 0.435269
vt 0.668194 0.403494
vt 0.687259 0.403494
vt 0.906992 0.179372
vt 0.938767 0.169839
vt 0.938767 0.179372
vt 0.063364 0.972021
vt 0.066949 0.962489
vt 0.066949 0.972021
vt 0.927083 0.935093
vt 0.946148 0.925560
vt 0.946148 0.935093
vt 0.085892 0.962489
vt 0.085892 0.972021
vt 0.927083 0.916028
vt 0.946148 0.916028
vt 0.906992 0.169839
vt 0.938767 0.160307
vt 0.063364 0.962489
vt 0.066949 0.952956
vt 0.085892 0.952956
vt 0.906992 0.160307
vt 0.938767 0.150774
vt 0.063364 0.952956
vt 0.066949 0.943424
vt 0.085892 0.943424
vt 0.927083 0.906495
vt 0.946148 0.906495
vt 0.085892 0.933891
vt 0.927083 0.896963
vt 0.946148 0.896963
vt 0.906992 0.150774
vt 0.938767 0.141242
vt 0.063364 0.943424
vt 0.066949 0.933891
vt 0.906992 0.141242
vt 0.938767 0.131709
vt 0.063364 0.933891
vt 0.066949 0.924359
vt 0.085892 0.924359
vt 0.946148 0.887430
vt 0.944592 0.284124
vt 0.915994 0.236462
vt 0.944592 0.236462
vt 0.216788 0.169309
vt 0.264451 0.161683
vt 0.264451 0.169309
vt 0.166357 0.169309
vt 0.213716 0.161683
vt 0.213716 0.169309
vt 0.163131 0.169309
vt 0.166357 0.161683
vt 0.512120 0.513858
vt 0.540718 0.506232
vt 0.540718 0.513858
vt 0.512120 0.498606
vt 0.540718 0.498606
vt 0.163131 0.161683
vt 0.166357 0.154057
vt 0.216788 0.161683
vt 0.264451 0.154057
vt 0.213716 0.154057
vt 0.216788 0.154057
vt 0.264451 0.146431
vt 0.213716 0.146431
vt 0.540718 0.490980
vt 0.163131 0.154057
vt 0.166357 0.146431
vt 0.512120 0.483354
vt 0.540718 0.483354
vt 0.163131 0.146431
vt 0.166357 0.138805
vt 0.216788 0.146431
vt 0.264451 0.138805
vt 0.213716 0.138805
vt 0.163131 0.138805
vt 0.166357 0.131179
vt 0.216788 0.138805
vt 0.264451 0.131178
vt 0.213716 0.131179
vt 0.540718 0.475728
vt 0.216788 0.131178
vt 0.264451 0.123552
vt 0.213716 0.123552
vt 0.512120 0.475728
vt 0.540718 0.468102
vt 0.163131 0.123553
vt 0.166357 0.123552
vt 0.512120 0.468102
vt 0.540718 0.460476
vt 0.163131 0.115926
vt 0.166357 0.115926
vt 0.216788 0.123552
vt 0.264451 0.115926
vt 0.213716 0.115926
vt 0.216788 0.115926
vt 0.264451 0.108300
vt 0.213716 0.108300
vt 0.512120 0.460476
vt 0.540718 0.452850
vt 0.166357 0.108300
vt 0.216788 0.108300
vt 0.264451 0.100674
vt 0.213716 0.100674
vt 0.512120 0.445224
vt 0.540718 0.445224
vt 0.163131 0.100674
vt 0.166357 0.100674
vt 0.512120 0.437598
vt 0.540718 0.437598
vt 0.166357 0.093048
vt 0.216788 0.100674
vt 0.264451 0.093048
vt 0.213716 0.093048
vt 0.216788 0.093048
vt 0.264451 0.085422
vt 0.213716 0.085422
vt 0.540718 0.429972
vt 0.163131 0.093048
vt 0.166357 0.085422
vt 0.213716 0.077796
vt 0.512120 0.429972
vt 0.540718 0.422346
vt 0.163131 0.085422
vt 0.166357 0.077796
vt 0.216788 0.085422
vt 0.264451 0.077796
vt 0.512120 0.422346
vt 0.540718 0.414720
vt 0.163131 0.077796
vt 0.166357 0.070170
vt 0.216788 0.077796
vt 0.264451 0.070170
vt 0.213716 0.070170
vt 0.216788 0.070170
vt 0.264451 0.062544
vt 0.213716 0.062544
vt 0.512120 0.407094
vt 0.540718 0.407094
vt 0.163131 0.070170
vt 0.166357 0.062544
vt 0.540718 0.399468
vt 0.163131 0.062544
vt 0.166357 0.054918
vt 0.216788 0.062544
vt 0.264451 0.054918
vt 0.213716 0.054918
vt 0.163131 0.054918
vt 0.166357 0.047292
vt 0.216788 0.054918
vt 0.264451 0.047292
vt 0.213716 0.047292
vt 0.512120 0.399468
vt 0.540718 0.391842
vt 0.216788 0.047292
vt 0.264451 0.039666
vt 0.213716 0.039666
vt 0.512120 0.384216
vt 0.540718 0.384216
vt 0.163131 0.047292
vt 0.166357 0.039666
vt 0.540718 0.376590
vt 0.163131 0.039666
vt 0.166357 0.032040
vt 0.216788 0.039666
vt 0.264451 0.032040
vt 0.213716 0.032040
vt 0.216788 0.032040
vt 0.264451 0.024414
vt 0.213716 0.024414
vt 0.512120 0.376590
vt 0.540718 0.368964
vt 0.163131 0.032040
vt 0.166357 0.024414
vt 0.216788 0.024414
vt 0.264451 0.016788
vt 0.213716 0.016788
vt 0.512120 0.361338
vt 0.540718 0.361338
vt 0.163131 0.024414
vt 0.166357 0.016788
vt 0.512120 0.353712
vt 0.540718 0.353712
vt 0.163131 0.016788
vt 0.166357 0.009162
vt 0.216788 0.016788
vt 0.264451 0.009162
vt 0.213716 0.009162
vt 0.216788 0.009162
vt 0.264451 0.001536
vt 0.213716 0.001536
vt 0.540718 0.346086
vt 0.163131 0.009162
vt 0.166357 0.001536
vt 0.632655 0.755564
vt 0.584993 0.803227
vt 0.584993 0.755564
vt 0.315081 0.506445
vt 0.362743 0.496912
vt 0.362743 0.506445
vt 0.320458 0.271519
vt 0.367816 0.261987
vt 0.367816 0.271519
vt 0.315081 0.261987
vt 0.320458 0.261987
vt 0.415297 0.115926
vt 0.462959 0.106394
vt 0.462959 0.115926
vt 0.415297 0.106394
vt 0.462959 0.096861
vt 0.315081 0.252454
vt 0.320458 0.252454
vt 0.315081 0.496912
vt 0.362743 0.487380
vt 0.367816 0.252454
vt 0.315081 0.487380
vt 0.362743 0.477847
vt 0.367816 0.242922
vt 0.415297 0.096861
vt 0.462959 0.087329
vt 0.320458 0.242922
vt 0.415297 0.087329
vt 0.462959 0.077796
vt 0.315081 0.242922
vt 0.320458 0.233389
vt 0.315081 0.477847
vt 0.362743 0.468315
vt 0.367816 0.233389
vt 0.315081 0.233389
vt 0.320458 0.223857
vt 0.315081 0.468315
vt 0.362743 0.458782
vt 0.367816 0.223857
vt 0.415297 0.077796
vt 0.462959 0.068264
vt 0.315081 0.458782
vt 0.362743 0.449250
vt 0.367816 0.214324
vt 0.415297 0.068264
vt 0.462959 0.058731
vt 0.315081 0.223857
vt 0.320458 0.214324
vt 0.415297 0.058731
vt 0.462959 0.049199
vt 0.315081 0.204792
vt 0.320458 0.204792
vt 0.315081 0.449250
vt 0.362743 0.439717
vt 0.367816 0.204792
vt 0.315081 0.439717
vt 0.362743 0.430185
vt 0.367816 0.195259
vt 0.415297 0.049199
vt 0.462959 0.039666
vt 0.320458 0.195259
vt 0.315081 0.430185
vt 0.362743 0.420652
vt 0.367816 0.185727
vt 0.415297 0.039666
vt 0.462959 0.030134
vt 0.315081 0.195259
vt 0.320458 0.185727
vt 0.415297 0.030134
vt 0.462959 0.020601
vt 0.315081 0.185727
vt 0.320458 0.176194
vt 0.315081 0.420652
vt 0.362743 0.411120
vt 0.367816 0.176194
vt 0.315081 0.411120
vt 0.362743 0.401587
vt 0.367816 0.166662
vt 0.415297 0.020601
vt 0.462959 0.011069
vt 0.315081 0.176194
vt 0.320458 0.166662
vt 0.367816 0.157129
vt 0.415297 0.011069
vt 0.462959 0.001536
vt 0.315081 0.157129
vt 0.320458 0.157129
vt 0.315081 0.401587
vt 0.362743 0.392055
vt 0.907491 0.212155
vt 0.907117 0.209215
vt 0.938268 0.212155
vt 0.588414 0.258809
vt 0.590614 0.246099
vt 0.590614 0.258809
vt 0.623033 0.258809
vt 0.624905 0.246099
vt 0.624905 0.258809
vt 0.147584 0.608125
vt 0.150110 0.595415
vt 0.150110 0.608125
vt 0.119789 0.608125
vt 0.122095 0.595415
vt 0.122095 0.608125
vt 0.586484 0.258809
vt 0.588414 0.246099
vt 0.620885 0.258809
vt 0.623033 0.246099
vt 0.144876 0.608125
vt 0.147584 0.595415
vt 0.117741 0.608125
vt 0.119789 0.595415
vt 0.584855 0.258809
vt 0.586484 0.246099
vt 0.618495 0.258809
vt 0.620885 0.246099
vt 0.142029 0.608125
vt 0.144876 0.595415
vt 0.115981 0.608125
vt 0.117741 0.595415
vt 0.583551 0.258809
vt 0.584855 0.246099
vt 0.615901 0.258809
vt 0.618495 0.246099
vt 0.139090 0.608125
vt 0.142029 0.595415
vt 0.844242 0.233389
vt 0.845990 0.220679
vt 0.845990 0.233389
vt 0.582593 0.258809
vt 0.583551 0.246099
vt 0.613142 0.246099
vt 0.615901 0.246099
vt 0.136103 0.608125
vt 0.139090 0.595415
vt 0.842387 0.233389
vt 0.844242 0.220679
vt 0.581997 0.246099
vt 0.582593 0.246099
vt 0.610263 0.258809
vt 0.613142 0.258809
vt 0.840454 0.233389
vt 0.842387 0.220679
vt 0.581772 0.258809
vt 0.581997 0.258809
vt 0.607310 0.258809
vt 0.610263 0.246099
vt 0.838475 0.233389
vt 0.840454 0.220679
vt 0.159512 0.608125
vt 0.159887 0.595415
vt 0.159887 0.608125
vt 0.604328 0.258809
vt 0.607310 0.246099
vt 0.836480 0.220679
vt 0.838475 0.220679
vt 0.158768 0.608125
vt 0.159512 0.595415
vt 0.601364 0.258809
vt 0.604328 0.246099
vt 0.834500 0.233389
vt 0.836480 0.233389
vt 0.157666 0.608125
vt 0.158768 0.595415
vt 0.133116 0.608125
vt 0.136103 0.595415
vt 0.598467 0.258809
vt 0.601364 0.246099
vt 0.832568 0.233389
vt 0.834500 0.220679
vt 0.156224 0.608125
vt 0.157666 0.595415
vt 0.130176 0.608125
vt 0.133116 0.595415
vt 0.595680 0.258809
vt 0.598467 0.246099
vt 0.830713 0.233389
vt 0.832568 0.220679
vt 0.154465 0.595415
vt 0.156224 0.595415
vt 0.127330 0.608125
vt 0.130176 0.595415
vt 0.593049 0.258809
vt 0.595680 0.246099
vt 0.828964 0.233389
vt 0.830713 0.220679
vt 0.152416 0.608125
vt 0.154465 0.608125
vt 0.124622 0.595415
vt 0.127330 0.595415
vt 0.593049 0.246099
vt 0.827350 0.233389
vt 0.828964 0.220679
vt 0.152416 0.595415
vt 0.124622 0.608125
vt 0.142029 0.582705
vt 0.845990 0.207969
vt 0.583551 0.233389
vt 0.615901 0.233389
vt 0.139090 0.582705
vt 0.844242 0.207969
vt 0.582593 0.233389
vt 0.613142 0.233389
vt 0.842387 0.207969
vt 0.581772 0.246099
vt 0.581997 0.233389
vt 0.610263 0.233389
vt 0.840454 0.207969
vt 0.159887 0.582705
vt 0.607310 0.233389
vt 0.838475 0.207969
vt 0.159512 0.582705
vt 0.604328 0.233389
vt 0.836480 0.207969
vt 0.157666 0.582705
vt 0.158768 0.582705
vt 0.136103 0.582705
vt 0.598467 0.233389
vt 0.601364 0.233389
vt 0.834500 0.207969
vt 0.133116 0.582705
vt 0.832568 0.207969
vt 0.156224 0.582705
vt 0.130176 0.582705
vt 0.595680 0.233389
vt 0.830713 0.207969
vt 0.154465 0.582705
vt 0.127330 0.582705
vt 0.593049 0.233389
vt 0.827350 0.220679
vt 0.828964 0.207969
vt 0.152416 0.582705
vt 0.124622 0.582705
vt 0.590614 0.233389
vt 0.624905 0.233389
vt 0.150110 0.582705
vt 0.122095 0.582705
vt 0.586484 0.233389
vt 0.588414 0.233389
vt 0.623033 0.233389
vt 0.147584 0.582705
vt 0.119789 0.582705
vt 0.620885 0.233389
vt 0.144876 0.582705
vt 0.115981 0.595415
vt 0.117741 0.582705
vt 0.584855 0.233389
vt 0.618495 0.233389
vt 0.830713 0.195259
vt 0.832568 0.195259
vt 0.156224 0.569995
vt 0.130176 0.569995
vt 0.595680 0.220679
vt 0.828964 0.195259
vt 0.154465 0.569995
vt 0.127330 0.569995
vt 0.590614 0.220679
vt 0.593049 0.220679
vt 0.827350 0.207969
vt 0.150110 0.569995
vt 0.152416 0.569995
vt 0.124622 0.569995
vt 0.623033 0.220679
vt 0.624905 0.220679
vt 0.122095 0.569995
vt 0.588414 0.220679
vt 0.147584 0.569995
vt 0.119789 0.569995
vt 0.586484 0.220679
vt 0.618495 0.220679
vt 0.620885 0.220679
vt 0.144876 0.569995
vt 0.115981 0.582705
vt 0.117741 0.569995
vt 0.583551 0.220679
vt 0.584855 0.220679
vt 0.615901 0.220679
vt 0.142029 0.569995
vt 0.845990 0.195259
vt 0.139090 0.569995
vt 0.844242 0.195259
vt 0.582593 0.220679
vt 0.613142 0.220679
vt 0.842387 0.195259
vt 0.581772 0.233389
vt 0.581997 0.220679
vt 0.610263 0.220679
vt 0.840454 0.195259
vt 0.159887 0.569995
vt 0.607310 0.220679
vt 0.838475 0.195259
vt 0.159512 0.569995
vt 0.604328 0.220679
vt 0.836480 0.195259
vt 0.157666 0.569995
vt 0.158768 0.569995
vt 0.136103 0.569995
vt 0.601364 0.220679
vt 0.834500 0.195259
vt 0.133116 0.569995
vt 0.598467 0.220679
vt 0.139090 0.557285
vt 0.844242 0.182549
vt 0.582593 0.207969
vt 0.613142 0.207969
vt 0.842387 0.182549
vt 0.581772 0.220679
vt 0.581997 0.207969
vt 0.610263 0.207969
vt 0.840454 0.182549
vt 0.159887 0.557285
vt 0.607310 0.207969
vt 0.838475 0.182549
vt 0.159512 0.557285
vt 0.604328 0.207969
vt 0.836480 0.182549
vt 0.158768 0.557285
vt 0.136103 0.557285
vt 0.601364 0.207969
vt 0.834500 0.182549
vt 0.157666 0.557285
vt 0.133116 0.557285
vt 0.598467 0.207969
vt 0.832568 0.182549
vt 0.156224 0.557285
vt 0.127330 0.557285
vt 0.130176 0.557285
vt 0.595680 0.207969
vt 0.830713 0.182549
vt 0.154465 0.557285
vt 0.124622 0.557285
vt 0.590614 0.207969
vt 0.593049 0.207969
vt 0.827350 0.195259
vt 0.828964 0.182549
vt 0.150110 0.557285
vt 0.152416 0.557285
vt 0.623033 0.207969
vt 0.624905 0.207969
vt 0.122095 0.557285
vt 0.588414 0.207969
vt 0.147584 0.557285
vt 0.117741 0.557285
vt 0.119789 0.557285
vt 0.586484 0.207969
vt 0.620885 0.207969
vt 0.144876 0.557285
vt 0.115981 0.569995
vt 0.584855 0.207969
vt 0.618495 0.207969
vt 0.142029 0.557285
vt 0.845990 0.182549
vt 0.583551 0.207969
vt 0.615901 0.207969
vt 0.830713 0.169839
vt 0.154465 0.544575
vt 0.127330 0.544575
vt 0.590614 0.195259
vt 0.593049 0.195259
vt 0.827350 0.182549
vt 0.828964 0.169839
vt 0.150110 0.544575
vt 0.152416 0.544575
vt 0.124622 0.544575
vt 0.624905 0.195259
vt 0.122095 0.544575
vt 0.588414 0.195259
vt 0.623033 0.195259
vt 0.147584 0.544575
vt 0.117741 0.544575
vt 0.119789 0.544575
vt 0.586484 0.195259
vt 0.620885 0.195259
vt 0.144876 0.544575
vt 0.115981 0.544575
vt 0.584855 0.195259
vt 0.618495 0.195259
vt 0.142029 0.544575
vt 0.845990 0.169839
vt 0.583551 0.195259
vt 0.615901 0.195259
vt 0.139090 0.544575
vt 0.844242 0.169839
vt 0.582593 0.195259
vt 0.613142 0.195259
vt 0.842387 0.169839
vt 0.581772 0.207969
vt 0.581997 0.195259
vt 0.610263 0.195259
vt 0.840454 0.169839
vt 0.159887 0.544575
vt 0.607310 0.195259
vt 0.838475 0.169839
vt 0.159512 0.544575
vt 0.604328 0.195259
vt 0.836480 0.169839
vt 0.158768 0.544575
vt 0.136103 0.544575
vt 0.601364 0.195259
vt 0.834500 0.169839
vt 0.157666 0.544575
vt 0.133116 0.544575
vt 0.598467 0.195259
vt 0.832568 0.169839
vt 0.156224 0.544575
vt 0.130176 0.544575
vt 0.595680 0.195259
vt 0.842387 0.157129
vt 0.581772 0.195259
vt 0.581997 0.182549
vt 0.610263 0.182549
vt 0.840454 0.157129
vt 0.159887 0.531865
vt 0.607310 0.182549
vt 0.836480 0.157129
vt 0.838475 0.157129
vt 0.159512 0.531865
vt 0.604328 0.182549
vt 0.158768 0.531865
vt 0.136103 0.531865
vt 0.601364 0.182549
vt 0.834500 0.157129
vt 0.157666 0.531865
vt 0.133116 0.531865
vt 0.598467 0.182549
vt 0.832568 0.157129
vt 0.156224 0.531865
vt 0.130176 0.531865
vt 0.595680 0.182549
vt 0.830713 0.157129
vt 0.154465 0.531865
vt 0.127330 0.531865
vt 0.590614 0.182549
vt 0.593049 0.182549
vt 0.827350 0.169839
vt 0.828964 0.157129
vt 0.150110 0.531865
vt 0.152416 0.531865
vt 0.124622 0.531865
vt 0.624905 0.182549
vt 0.122095 0.531865
vt 0.588414 0.182549
vt 0.623033 0.182549
vt 0.147584 0.531865
vt 0.119789 0.531865
vt 0.586485 0.182549
vt 0.620885 0.182549
vt 0.144876 0.531865
vt 0.117741 0.531865
vt 0.584855 0.182549
vt 0.618495 0.182549
vt 0.142029 0.531865
vt 0.845990 0.157129
vt 0.583551 0.182549
vt 0.615901 0.182549
vt 0.139090 0.531865
vt 0.844242 0.157129
vt 0.582593 0.182549
vt 0.613142 0.182549
vt 0.827350 0.157129
vt 0.828964 0.144419
vt 0.152416 0.519155
vt 0.124622 0.519155
vt 0.590614 0.169839
vt 0.624905 0.169839
vt 0.150110 0.519155
vt 0.119789 0.519155
vt 0.122095 0.519155
vt 0.588414 0.169839
vt 0.623033 0.169839
vt 0.147584 0.519155
vt 0.586485 0.169839
vt 0.620885 0.169839
vt 0.144876 0.519155
vt 0.115981 0.531865
vt 0.117741 0.519155
vt 0.584855 0.169839
vt 0.618495 0.169839
vt 0.142029 0.519155
vt 0.845990 0.144419
vt 0.583551 0.169839
vt 0.615901 0.169839
vt 0.139090 0.519155
vt 0.842387 0.144419
vt 0.844242 0.144419
vt 0.582593 0.169839
vt 0.613142 0.169839
vt 0.840454 0.144419
vt 0.581772 0.182549
vt 0.581997 0.169839
vt 0.610263 0.169839
vt 0.838475 0.144419
vt 0.159887 0.519155
vt 0.607310 0.169839
vt 0.159512 0.519155
vt 0.604328 0.169839
vt 0.836480 0.144419
vt 0.158768 0.519155
vt 0.136103 0.519155
vt 0.601364 0.169839
vt 0.832568 0.144419
vt 0.834500 0.144419
vt 0.157666 0.519155
vt 0.133116 0.519155
vt 0.598467 0.169839
vt 0.830713 0.144419
vt 0.156224 0.519155
vt 0.130176 0.519155
vt 0.595680 0.169839
vt 0.154465 0.519155
vt 0.127330 0.519155
vt 0.593049 0.169839
vt 0.838475 0.131709
vt 0.840454 0.131709
vt 0.159887 0.506445
vt 0.607310 0.157129
vt 0.836480 0.131709
vt 0.159512 0.506445
vt 0.604328 0.157129
vt 0.158768 0.506445
vt 0.136103 0.506445
vt 0.601364 0.157129
vt 0.834500 0.131709
vt 0.157666 0.506445
vt 0.133116 0.506445
vt 0.598467 0.157129
vt 0.832568 0.131709
vt 0.156224 0.506445
vt 0.130176 0.506445
vt 0.595680 0.157129
vt 0.830713 0.131709
vt 0.154465 0.506445
vt 0.127330 0.506445
vt 0.593049 0.157129
vt 0.827350 0.144419
vt 0.828964 0.131709
vt 0.152416 0.506445
vt 0.124622 0.506445
vt 0.590614 0.157129
vt 0.624905 0.157129
vt 0.150110 0.506445
vt 0.122095 0.506445
vt 0.588414 0.157129
vt 0.623033 0.157129
vt 0.147584 0.506445
vt 0.117741 0.506445
vt 0.119789 0.506445
vt 0.586485 0.157129
vt 0.620885 0.157129
vt 0.144876 0.506445
vt 0.115981 0.519155
vt 0.584855 0.157129
vt 0.618495 0.157129
vt 0.142029 0.506445
vt 0.845990 0.131709
vt 0.583551 0.157129
vt 0.615901 0.157129
vt 0.139090 0.506445
vt 0.844242 0.131709
vt 0.582593 0.157129
vt 0.613142 0.157129
vt 0.842387 0.131709
vt 0.581772 0.169839
vt 0.581997 0.157129
vt 0.610263 0.157129
vt 0.662825 0.260398
vt 0.694600 0.252454
vt 0.694600 0.260398
vt 0.964920 0.935728
vt 0.968098 0.927785
vt 0.968098 0.935728
vt 0.058958 0.301706
vt 0.062115 0.293762
vt 0.062115 0.301706
vt 0.543790 0.650281
vt 0.575362 0.642337
vt 0.575362 0.650281
vt 0.054656 0.293762
vt 0.054656 0.301706
vt 0.596910 0.437598
vt 0.635040 0.429654
vt 0.635040 0.437598
vt 0.058958 0.293762
vt 0.062115 0.285818
vt 0.662825 0.268342
vt 0.694600 0.268342
vt 0.990189 0.242922
vt 0.990548 0.234978
vt 0.990548 0.242922
vt 0.540489 0.921642
vt 0.572264 0.921642
vt 0.537312 0.924820
vt 0.990189 0.234978
vt 0.990548 0.227034
vt 0.974172 0.658968
vt 0.977349 0.651024
vt 0.977349 0.658968
vt 0.983939 0.242922
vt 0.987117 0.234978
vt 0.987117 0.242922
vt 0.662632 0.972497
vt 0.665809 0.964554
vt 0.665809 0.972497
vt 0.575721 0.650281
vt 0.578878 0.642337
vt 0.578878 0.650281
vt 0.575721 0.634393
vt 0.575721 0.642337
vt 0.974172 0.651024
vt 0.977349 0.643080
vt 0.543790 0.642337
vt 0.575362 0.634393
vt 0.596910 0.429654
vt 0.635040 0.421710
vt 0.058958 0.285818
vt 0.964920 0.927785
vt 0.968098 0.919841
vt 0.983939 0.227034
vt 0.987117 0.227034
vt 0.662632 0.964554
vt 0.665809 0.956610
vt 0.578878 0.634393
vt 0.987117 0.219090
vt 0.062115 0.277874
vt 0.662825 0.252454
vt 0.694600 0.244510
vt 0.662632 0.956610
vt 0.665809 0.948666
vt 0.990189 0.227034
vt 0.990548 0.219090
vt 0.974172 0.643080
vt 0.977349 0.635136
vt 0.543790 0.634393
vt 0.575362 0.626449
vt 0.596910 0.421710
vt 0.635040 0.413767
vt 0.575721 0.626449
vt 0.054656 0.285818
vt 0.058958 0.277874
vt 0.578878 0.626449
vt 0.964920 0.919841
vt 0.968098 0.911897
vt 0.983939 0.219090
vt 0.987117 0.211147
vt 0.964920 0.911897
vt 0.968098 0.903953
vt 0.662632 0.948666
vt 0.665809 0.940722
vt 0.062115 0.269931
vt 0.596910 0.413767
vt 0.635040 0.405823
vt 0.662825 0.244510
vt 0.694600 0.236567
vt 0.054656 0.277874
vt 0.058958 0.269931
vt 0.578878 0.618506
vt 0.543790 0.626449
vt 0.575362 0.618506
vt 0.990189 0.211147
vt 0.990548 0.211147
vt 0.974172 0.635136
vt 0.977349 0.627193
vt 0.575721 0.618506
vt 0.575362 0.610562
vt 0.575721 0.610562
vt 0.983939 0.211147
vt 0.987117 0.203203
vt 0.964920 0.903953
vt 0.968098 0.896010
vt 0.662632 0.940722
vt 0.665809 0.932778
vt 0.062115 0.261987
vt 0.596910 0.405823
vt 0.635040 0.397879
vt 0.662825 0.236567
vt 0.694600 0.228623
vt 0.054656 0.269931
vt 0.058958 0.261987
vt 0.578878 0.610562
vt 0.543790 0.618506
vt 0.990189 0.203203
vt 0.990548 0.203203
vt 0.974172 0.627193
vt 0.977349 0.619249
vt 0.974172 0.619249
vt 0.977349 0.611305
vt 0.575721 0.602618
vt 0.983939 0.203203
vt 0.987117 0.195259
vt 0.964920 0.896010
vt 0.968098 0.888066
vt 0.662632 0.932778
vt 0.665809 0.924835
vt 0.062115 0.254043
vt 0.596910 0.389935
vt 0.635040 0.389935
vt 0.662825 0.228623
vt 0.694600 0.220679
vt 0.054656 0.261987
vt 0.058958 0.254043
vt 0.578878 0.602618
vt 0.543790 0.610562
vt 0.575362 0.602618
vt 0.990548 0.195259
vt 0.974172 0.611305
vt 0.977349 0.603361
vt 0.575721 0.594674
vt 0.983939 0.187315
vt 0.987117 0.187315
vt 0.964920 0.888066
vt 0.968098 0.880122
vt 0.662632 0.924835
vt 0.665809 0.916891
vt 0.062115 0.246099
vt 0.635040 0.381992
vt 0.662825 0.220679
vt 0.694600 0.212735
vt 0.054656 0.254043
vt 0.058958 0.246099
vt 0.578878 0.594674
vt 0.543790 0.602618
vt 0.575362 0.594674
vt 0.990189 0.195259
vt 0.990548 0.187315
vt 0.990189 0.187315
vt 0.990548 0.179372
vt 0.974172 0.603361
vt 0.977349 0.595418
vt 0.575721 0.586731
vt 0.987117 0.179372
vt 0.964920 0.880122
vt 0.968098 0.872178
vt 0.662632 0.916891
vt 0.665809 0.908947
vt 0.062115 0.238155
vt 0.596910 0.381992
vt 0.635040 0.374048
vt 0.662825 0.212735
vt 0.694600 0.204792
vt 0.054656 0.238155
vt 0.058958 0.238155
vt 0.578878 0.586731
vt 0.543790 0.594674
vt 0.575362 0.586731
vt 0.543790 0.586731
vt 0.575362 0.578787
vt 0.990189 0.179372
vt 0.990548 0.171428
vt 0.974172 0.595418
vt 0.977349 0.587474
vt 0.575721 0.578787
vt 0.983939 0.171428
vt 0.987117 0.171428
vt 0.964920 0.872178
vt 0.968098 0.864235
vt 0.662632 0.908947
vt 0.665809 0.901003
vt 0.062115 0.230212
vt 0.596910 0.366104
vt 0.635040 0.366104
vt 0.662825 0.204792
vt 0.694600 0.196848
vt 0.058958 0.230212
vt 0.578878 0.578787
vt 0.578878 0.570843
vt 0.543790 0.578787
vt 0.575362 0.570843
vt 0.990189 0.171428
vt 0.990548 0.163484
vt 0.974172 0.587474
vt 0.977349 0.579530
vt 0.575721 0.570843
vt 0.987117 0.163484
vt 0.964920 0.864235
vt 0.968098 0.856291
vt 0.662632 0.901003
vt 0.665809 0.893060
vt 0.062115 0.222268
vt 0.596910 0.358160
vt 0.635040 0.358160
vt 0.662825 0.196848
vt 0.694600 0.188904
vt 0.054656 0.230212
vt 0.058958 0.222268
vt 0.054656 0.222268
vt 0.058958 0.214324
vt 0.578878 0.562899
vt 0.543790 0.570843
vt 0.575362 0.562899
vt 0.990189 0.163484
vt 0.990548 0.155540
vt 0.974172 0.579530
vt 0.977349 0.571586
vt 0.575721 0.562899
vt 0.983939 0.163484
vt 0.987117 0.155540
vt 0.964920 0.856291
vt 0.968098 0.848347
vt 0.662632 0.893060
vt 0.665809 0.885116
vt 0.062115 0.214324
vt 0.635040 0.350216
vt 0.662825 0.188904
vt 0.694600 0.180960
vt 0.054656 0.214324
vt 0.058958 0.206380
vt 0.578878 0.554956
vt 0.543790 0.562899
vt 0.575362 0.554956
vt 0.990189 0.155540
vt 0.990548 0.147597
vt 0.974172 0.571586
vt 0.977349 0.563643
vt 0.575721 0.554956
vt 0.983939 0.147597
vt 0.987117 0.147597
vt 0.964920 0.848347
vt 0.968098 0.840403
vt 0.662632 0.885116
vt 0.665809 0.877172
vt 0.062115 0.206380
vt 0.596910 0.342273
vt 0.635040 0.342273
vt 0.662825 0.180960
vt 0.694600 0.173017
vt 0.662825 0.173017
vt 0.694600 0.165073
vt 0.054656 0.206380
vt 0.058958 0.198437
vt 0.578878 0.547012
vt 0.543790 0.554956
vt 0.575362 0.547012
vt 0.990189 0.147597
vt 0.990548 0.139653
vt 0.974172 0.563643
vt 0.977349 0.555699
vt 0.575721 0.547012
vt 0.987117 0.139653
vt 0.964920 0.840403
vt 0.968098 0.832460
vt 0.662632 0.877172
vt 0.665809 0.869228
vt 0.062115 0.198437
vt 0.635040 0.334329
vt 0.662825 0.165073
vt 0.694600 0.157129
vt 0.054656 0.198437
vt 0.058958 0.190493
vt 0.578878 0.539068
vt 0.543790 0.547012
vt 0.575362 0.539068
vt 0.990189 0.139653
vt 0.990548 0.131709
vt 0.974172 0.555699
vt 0.977349 0.547755
vt 0.575721 0.539068
vt 0.983939 0.131709
vt 0.987117 0.131709
vt 0.964920 0.832460
vt 0.968098 0.824516
vt 0.662632 0.869228
vt 0.665809 0.861285
vt 0.062115 0.190493
vt 0.596910 0.334329
vt 0.635040 0.326385
vt 0.177722 0.441411
vt 0.204559 0.429972
vt 0.204559 0.441411
vt 0.207631 0.441411
vt 0.218817 0.429972
vt 0.218817 0.441411
vt 0.186407 0.833372
vt 0.187101 0.860381
vt 0.159024 0.860381
vt 0.177256 0.441411
vt 0.177722 0.429972
vt 0.635728 0.577939
vt 0.663804 0.566500
vt 0.663804 0.577939
vt 0.157184 0.342060
vt 0.157650 0.330621
vt 0.157650 0.342060
vt 0.166142 0.441411
vt 0.177256 0.429972
vt 0.783127 0.666804
vt 0.798669 0.655365
vt 0.798669 0.666804
vt 0.665121 0.437598
vt 0.638112 0.426159
vt 0.665121 0.426159
vt 0.975114 0.516931
vt 0.978552 0.505491
vt 0.978552 0.516931
vt 0.163131 0.441411
vt 0.166142 0.429972
vt 0.496109 0.763082
vt 0.511751 0.751643
vt 0.511751 0.763082
vt 0.964920 0.821443
vt 0.968358 0.810004
vt 0.968358 0.821443
vt 0.177722 0.418533
vt 0.638112 0.414720
vt 0.665121 0.414720
vt 0.163131 0.429972
vt 0.166142 0.418533
vt 0.783127 0.655365
vt 0.798669 0.643926
vt 0.975114 0.505491
vt 0.978552 0.494052
vt 0.207631 0.429972
vt 0.218817 0.418533
vt 0.964920 0.810004
vt 0.968358 0.798565
vt 0.177256 0.418533
vt 0.496109 0.751643
vt 0.511751 0.740204
vt 0.157184 0.330621
vt 0.157650 0.319182
vt 0.204559 0.418533
vt 0.635728 0.566500
vt 0.663804 0.555061
vt 0.635728 0.555061
vt 0.663804 0.543622
vt 0.638112 0.403281
vt 0.665121 0.403281
vt 0.163131 0.418533
vt 0.166142 0.407094
vt 0.783127 0.643926
vt 0.798669 0.632487
vt 0.975114 0.494052
vt 0.978552 0.482613
vt 0.207631 0.418533
vt 0.218817 0.407094
vt 0.964920 0.798565
vt 0.968358 0.787126
vt 0.177722 0.407094
vt 0.496109 0.728765
vt 0.511751 0.728765
vt 0.157184 0.319182
vt 0.157650 0.307743
vt 0.204559 0.407094
vt 0.177256 0.407094
vt 0.177256 0.395655
vt 0.635728 0.543622
vt 0.663804 0.532183
vt 0.638112 0.391842
vt 0.665121 0.391842
vt 0.163131 0.407094
vt 0.166142 0.395655
vt 0.783127 0.632487
vt 0.798669 0.621048
vt 0.975114 0.482613
vt 0.978552 0.471174
vt 0.207631 0.407094
vt 0.218817 0.395655
vt 0.964920 0.787126
vt 0.968358 0.775687
vt 0.177722 0.395655
vt 0.511751 0.717326
vt 0.157184 0.307743
vt 0.157650 0.296304
vt 0.204559 0.395655
vt 0.204559 0.384216
vt 0.177256 0.384216
vt 0.635728 0.532183
vt 0.663804 0.520744
vt 0.638112 0.380403
vt 0.665121 0.380403
vt 0.163131 0.395655
vt 0.166142 0.384216
vt 0.783127 0.621048
vt 0.798669 0.609609
vt 0.975114 0.471174
vt 0.978552 0.459735
vt 0.207631 0.395655
vt 0.218817 0.384216
vt 0.964920 0.775687
vt 0.968358 0.764248
vt 0.177722 0.384216
vt 0.496109 0.717326
vt 0.511751 0.705887
vt 0.157184 0.296304
vt 0.157650 0.284865
vt 0.157184 0.284865
vt 0.157650 0.273426
vt 0.204559 0.372777
vt 0.177256 0.372777
vt 0.635728 0.520744
vt 0.663804 0.509305
vt 0.665121 0.368964
vt 0.163131 0.384216
vt 0.166142 0.372777
vt 0.783127 0.609609
vt 0.798669 0.598170
vt 0.975114 0.459735
vt 0.978552 0.448296
vt 0.207631 0.372777
vt 0.218817 0.372777
vt 0.964920 0.764248
vt 0.968358 0.752809
vt 0.177722 0.372777
vt 0.496109 0.694448
vt 0.511751 0.694448
vt 0.157184 0.273426
vt 0.157650 0.261987
vt 0.204559 0.361338
vt 0.177256 0.361338
vt 0.635728 0.509305
vt 0.663804 0.497865
vt 0.638112 0.368964
vt 0.665121 0.357525
vt 0.163131 0.372777
vt 0.166142 0.361338
vt 0.783127 0.598170
vt 0.798669 0.586731
vt 0.975114 0.448296
vt 0.978552 0.436857
vt 0.207631 0.361338
vt 0.218817 0.361338
vt 0.964920 0.752809
vt 0.968358 0.741370
vt 0.177722 0.361338
vt 0.496109 0.683009
vt 0.511751 0.683009
vt 0.496109 0.671570
vt 0.511751 0.671570
vt 0.157184 0.261987
vt 0.157650 0.250548
vt 0.204559 0.349899
vt 0.177256 0.349899
vt 0.635728 0.497865
vt 0.663804 0.486427
vt 0.638112 0.357525
vt 0.665121 0.346086
vt 0.163131 0.361338
vt 0.166142 0.349899
vt 0.783127 0.586731
vt 0.798669 0.575292
vt 0.975114 0.436857
vt 0.978552 0.425418
vt 0.207631 0.349899
vt 0.218817 0.349899
vt 0.964920 0.741370
vt 0.968358 0.729931
vt 0.177722 0.349899
vt 0.177722 0.338460
vt 0.511751 0.660131
vt 0.157184 0.250548
vt 0.157650 0.239109
vt 0.204559 0.338460
vt 0.166142 0.338460
vt 0.177256 0.338460
vt 0.635728 0.486427
vt 0.663804 0.474987
vt 0.638112 0.346086
vt 0.665121 0.334647
vt 0.163131 0.349899
vt 0.783127 0.563853
vt 0.798669 0.563853
vt 0.975114 0.425418
vt 0.978552 0.413979
vt 0.218817 0.338460
vt 0.964920 0.729931
vt 0.968358 0.718492
vt 0.964920 0.718492
vt 0.968358 0.707053
vt 0.177722 0.327021
vt 0.496109 0.660131
vt 0.511751 0.648692
vt 0.157184 0.239109
vt 0.157650 0.227670
vt 0.204559 0.327021
vt 0.177256 0.327021
vt 0.635728 0.474987
vt 0.663804 0.463548
vt 0.638112 0.334647
vt 0.665121 0.323208
vt 0.163131 0.338460
vt 0.166142 0.327021
vt 0.783127 0.552414
vt 0.798669 0.552414
vt 0.975114 0.413979
vt 0.978552 0.402540
vt 0.207631 0.327021
vt 0.218817 0.327021
vt 0.207631 0.315582
vt 0.218817 0.315582
vt 0.964920 0.707053
vt 0.968358 0.695614
vt 0.177722 0.315582
vt 0.496109 0.637253
vt 0.511751 0.637253
vt 0.157184 0.227670
vt 0.157650 0.216231
vt 0.204559 0.315582
vt 0.177256 0.315582
vt 0.635728 0.463548
vt 0.663804 0.452109
vt 0.638112 0.323208
vt 0.665121 0.311769
vt 0.163131 0.327021
vt 0.166142 0.315582
vt 0.798669 0.540975
vt 0.975114 0.402540
vt 0.978552 0.391101
vt 0.207631 0.304143
vt 0.218817 0.304143
vt 0.964920 0.695614
vt 0.968358 0.684175
vt 0.177722 0.304143
vt 0.496109 0.625814
vt 0.511751 0.625814
vt 0.157184 0.216231
vt 0.157650 0.204792
vt 0.204559 0.304143
vt 0.177256 0.304143
vt 0.635728 0.452109
vt 0.663804 0.440670
vt 0.638112 0.311769
vt 0.665121 0.300330
vt 0.163131 0.315582
vt 0.166142 0.304143
vt 0.783127 0.540975
vt 0.798669 0.529536
vt 0.975114 0.391101
vt 0.978552 0.379662
vt 0.934469 0.363880
vt 0.953892 0.357525
vt 0.953892 0.363880
vt 0.877860 0.843198
vt 0.900375 0.843198
vt 0.903462 0.874973
vt 0.801991 0.814348
vt 0.833767 0.807993
vt 0.833767 0.814348
vt 0.461464 0.680785
vt 0.493036 0.674430
vt 0.493036 0.680785
vt 0.441469 0.680785
vt 0.460768 0.674430
vt 0.460768 0.680785
vt 0.438929 0.680785
vt 0.441469 0.674430
vt 0.461464 0.674430
vt 0.993620 0.195259
vt 0.993969 0.188904
vt 0.993969 0.195259
vt 0.801992 0.747725
vt 0.833767 0.741370
vt 0.833767 0.747725
vt 0.493036 0.668075
vt 0.801991 0.807993
vt 0.833767 0.801638
vt 0.934469 0.357525
vt 0.953892 0.351170
vt 0.460768 0.668075
vt 0.801992 0.741370
vt 0.833767 0.735015
vt 0.993620 0.188904
vt 0.993969 0.182549
vt 0.438929 0.668075
vt 0.441469 0.668075
vt 0.461464 0.668075
vt 0.993620 0.182549
vt 0.993969 0.176194
vt 0.441469 0.661720
vt 0.460768 0.661720
vt 0.461464 0.661720
vt 0.801991 0.801638
vt 0.833767 0.795283
vt 0.934469 0.351170
vt 0.953892 0.344815
vt 0.493036 0.661720
vt 0.801992 0.728660
vt 0.833767 0.728660
vt 0.493036 0.655365
vt 0.833767 0.722305
vt 0.993620 0.176194
vt 0.993969 0.169839
vt 0.438929 0.655365
vt 0.441469 0.655365
vt 0.461464 0.655365
vt 0.801991 0.795283
vt 0.833767 0.788928
vt 0.934469 0.344815
vt 0.953892 0.338460
vt 0.460768 0.655365
vt 0.801991 0.788928
vt 0.833767 0.782573
vt 0.934469 0.338460
vt 0.953892 0.332105
vt 0.460768 0.649010
vt 0.493036 0.649010
vt 0.801992 0.715950
vt 0.833767 0.715950
vt 0.993620 0.169839
vt 0.993969 0.163484
vt 0.438929 0.649010
vt 0.441469 0.649010
vt 0.461464 0.649010
vt 0.460768 0.642655
vt 0.461464 0.642655
vt 0.801991 0.782573
vt 0.833767 0.776218
vt 0.934469 0.332105
vt 0.953892 0.325750
vt 0.493036 0.642655
vt 0.833767 0.709595
vt 0.993620 0.163484
vt 0.993969 0.157129
vt 0.441469 0.642655
vt 0.801992 0.709595
vt 0.833767 0.703240
vt 0.993620 0.157129
vt 0.993969 0.150774
vt 0.438929 0.636300
vt 0.441469 0.636300
vt 0.460768 0.636300
vt 0.461464 0.636300
vt 0.801991 0.776218
vt 0.833767 0.769863
vt 0.934469 0.325750
vt 0.953892 0.319395
vt 0.493036 0.636300
vt 0.460768 0.629945
vt 0.493036 0.629945
vt 0.801992 0.703240
vt 0.833767 0.696885
vt 0.993620 0.150774
vt 0.993969 0.144419
vt 0.441469 0.629945
vt 0.461464 0.629945
vt 0.801991 0.769863
vt 0.833767 0.763508
vt 0.934469 0.319395
vt 0.953892 0.313040
vt 0.801991 0.763508
vt 0.833767 0.757153
vt 0.934469 0.313040
vt 0.953892 0.306685
vt 0.460768 0.623590
vt 0.493036 0.623590
vt 0.801991 0.696885
vt 0.833767 0.690530
vt 0.993620 0.144419
vt 0.993969 0.138064
vt 0.438929 0.629945
vt 0.441469 0.623590
vt 0.461464 0.623590
vt 0.438929 0.617235
vt 0.441469 0.617235
vt 0.460768 0.617235
vt 0.461464 0.617235
vt 0.801991 0.757153
vt 0.833767 0.750798
vt 0.934469 0.306685
vt 0.953892 0.300330
vt 0.493036 0.617235
vt 0.801991 0.690530
vt 0.833767 0.684175
vt 0.993620 0.138064
vt 0.993969 0.131709
vt 0.341382 0.927917
vt 0.320554 0.927917
vt 0.315081 0.896142
vt 0.050979 0.587471
vt 0.061339 0.577939
vt 0.061339 0.587471
vt 0.723026 0.830235
vt 0.754801 0.820703
vt 0.754801 0.830235
vt 0.117828 0.744548
vt 0.149400 0.735015
vt 0.149400 0.744548
vt 0.106916 0.744548
vt 0.117210 0.735015
vt 0.117210 0.744548
vt 0.104567 0.744548
vt 0.106916 0.735015
vt 0.117828 0.735015
vt 0.100615 0.991086
vt 0.101233 0.981554
vt 0.101233 0.991086
vt 0.834797 0.367057
vt 0.803022 0.357525
vt 0.834797 0.357525
vt 0.149400 0.725483
vt 0.723026 0.820703
vt 0.754801 0.811170
vt 0.050979 0.577939
vt 0.061339 0.568406
vt 0.117210 0.725483
vt 0.803022 0.347992
vt 0.834797 0.347992
vt 0.100615 0.981554
vt 0.101233 0.972021
vt 0.104567 0.725483
vt 0.106916 0.725483
vt 0.117828 0.725483
vt 0.100615 0.972021
vt 0.101233 0.962489
vt 0.104567 0.715950
vt 0.106916 0.715950
vt 0.117828 0.715950
vt 0.723026 0.811170
vt 0.754801 0.801638
vt 0.050979 0.568406
vt 0.061339 0.558874
vt 0.117210 0.715950
vt 0.149400 0.715950
vt 0.834797 0.338460
vt 0.149400 0.706418
vt 0.803022 0.328927
vt 0.834797 0.328927
vt 0.100615 0.952956
vt 0.101233 0.952956
vt 0.106916 0.706418
vt 0.117828 0.706418
vt 0.723026 0.801638
vt 0.754801 0.792105
vt 0.050979 0.558874
vt 0.061339 0.549341
vt 0.117210 0.706418
vt 0.723026 0.792105
vt 0.754801 0.782573
vt 0.050979 0.549341
vt 0.061339 0.539809
vt 0.117210 0.696885
vt 0.149400 0.696885
vt 0.834797 0.319395
vt 0.100615 0.943424
vt 0.101233 0.943424
vt 0.104567 0.706418
vt 0.106916 0.696885
vt 0.117828 0.696885
vt 0.117210 0.687353
vt 0.117828 0.687353
vt 0.723026 0.782573
vt 0.754801 0.773040
vt 0.050979 0.539809
vt 0.061339 0.530276
vt 0.149400 0.687353
vt 0.803022 0.319395
vt 0.834797 0.309862
vt 0.100615 0.933891
vt 0.101233 0.933891
vt 0.104567 0.696885
vt 0.106916 0.687353
vt 0.803022 0.309862
vt 0.834797 0.300330
vt 0.100615 0.924359
vt 0.101233 0.924359
vt 0.104567 0.687353
vt 0.106916 0.677820
vt 0.117210 0.677820
vt 0.117828 0.677820
vt 0.723026 0.773040
vt 0.754801 0.763508
vt 0.050979 0.530276
vt 0.061339 0.520744
vt 0.149400 0.677820
vt 0.230201 0.622106
vt 0.232121 0.609396
vt 0.232121 0.622106
vt 0.898370 0.396678
vt 0.920978 0.396678
vt 0.925562 0.428453
vt 0.163131 0.669981
vt 0.194906 0.657271
vt 0.194906 0.669981
vt 0.225646 0.622106
vt 0.230201 0.609396
vt 0.793698 0.128636
vt 0.810714 0.115926
vt 0.810714 0.128636
vt 0.254584 0.609396
vt 0.254584 0.622106
vt 0.958706 0.674855
vt 0.963260 0.662145
vt 0.963260 0.674855
vt 0.222062 0.622106
vt 0.225646 0.609396
vt 0.627977 0.284229
vt 0.659752 0.271519
vt 0.659752 0.284229
vt 0.958706 0.662145
vt 0.963260 0.649435
vt 0.163131 0.657271
vt 0.194906 0.644561
vt 0.230201 0.596686
vt 0.254584 0.596686
vt 0.627977 0.271519
vt 0.659752 0.258809
vt 0.222062 0.609396
vt 0.225646 0.596686
vt 0.232121 0.596686
vt 0.793698 0.115926
vt 0.810714 0.103216
vt 0.222062 0.596686
vt 0.225646 0.583976
vt 0.232121 0.583976
vt 0.793698 0.090506
vt 0.810714 0.090506
vt 0.163131 0.644561
vt 0.194906 0.631851
vt 0.230201 0.583976
vt 0.254584 0.583976
vt 0.958706 0.649435
vt 0.963260 0.636725
vt 0.627977 0.258809
vt 0.659752 0.246099
vt 0.958706 0.636725
vt 0.963260 0.624015
vt 0.627977 0.246099
vt 0.659752 0.233389
vt 0.222062 0.583976
vt 0.225646 0.571266
vt 0.232121 0.571266
vt 0.810714 0.077796
vt 0.163131 0.631851
vt 0.194906 0.619141
vt 0.230201 0.571266
vt 0.254584 0.571266
vt 0.163131 0.619141
vt 0.194906 0.606431
vt 0.230201 0.558556
vt 0.254584 0.558556
vt 0.958706 0.624015
vt 0.963260 0.611305
vt 0.627977 0.233389
vt 0.659752 0.220679
vt 0.222062 0.558556
vt 0.225646 0.558556
vt 0.232121 0.558556
vt 0.793698 0.077796
vt 0.810714 0.065086
vt 0.793698 0.065086
vt 0.810714 0.052376
vt 0.163131 0.606431
vt 0.194906 0.593721
vt 0.230201 0.545846
vt 0.254584 0.545846
vt 0.958706 0.611305
vt 0.963260 0.598595
vt 0.627977 0.220679
vt 0.659752 0.207969
vt 0.225646 0.545846
vt 0.232121 0.545846
vt 0.627977 0.195259
vt 0.659752 0.195259
vt 0.222062 0.545846
vt 0.225646 0.533136
vt 0.230201 0.533136
vt 0.232121 0.533136
vt 0.793698 0.052376
vt 0.810714 0.039666
vt 0.163131 0.593721
vt 0.194906 0.581011
vt 0.254584 0.533136
vt 0.958706 0.598595
vt 0.963260 0.585885
vt 0.254584 0.520426
vt 0.958706 0.585885
vt 0.963260 0.573175
vt 0.659752 0.182549
vt 0.222062 0.533136
vt 0.225646 0.520426
vt 0.232121 0.520426
vt 0.793698 0.039666
vt 0.810714 0.026956
vt 0.163131 0.581011
vt 0.194906 0.568301
vt 0.230201 0.520426
vt 0.163131 0.568301
vt 0.194906 0.555591
vt 0.230201 0.507716
vt 0.254584 0.507716
vt 0.958706 0.573175
vt 0.963260 0.560465
vt 0.627977 0.182549
vt 0.659752 0.169839
vt 0.222062 0.520426
vt 0.225646 0.507716
vt 0.232121 0.507716
vt 0.793698 0.026956
vt 0.810714 0.014246
vt 0.230201 0.495006
vt 0.232121 0.495006
vt 0.793698 0.014246
vt 0.810714 0.001536
vt 0.163131 0.555591
vt 0.194906 0.542881
vt 0.254584 0.495006
vt 0.958706 0.560465
vt 0.963260 0.547755
vt 0.627977 0.169839
vt 0.659752 0.157129
vt 0.222062 0.507716
vt 0.225646 0.495006
vt 0.136342 0.858623
vt 0.134605 0.890398
vt 0.106303 0.890398
vt 0.768174 0.479754
vt 0.790500 0.468633
vt 0.790500 0.479754
vt 0.150777 0.862010
vt 0.152514 0.850889
vt 0.152514 0.862010
vt 0.668194 0.400421
vt 0.671778 0.389300
vt 0.671778 0.400421
vt 0.442301 0.614162
vt 0.419832 0.603041
vt 0.442301 0.603041
vt 0.732520 0.257221
vt 0.760821 0.246099
vt 0.760821 0.257221
vt 0.309464 0.754716
vt 0.311201 0.743594
vt 0.311201 0.754716
vt 0.697672 0.257221
vt 0.729447 0.246099
vt 0.729447 0.257221
vt 0.703351 0.389300
vt 0.703351 0.400421
vt 0.668194 0.389300
vt 0.671778 0.378179
vt 0.150777 0.850889
vt 0.152514 0.839768
vt 0.732520 0.246099
vt 0.760821 0.234978
vt 0.309464 0.743594
vt 0.311201 0.732473
vt 0.703351 0.378179
vt 0.768174 0.468633
vt 0.790500 0.457511
vt 0.442301 0.591920
vt 0.697672 0.246099
vt 0.729447 0.234978
vt 0.768174 0.457511
vt 0.790500 0.446390
vt 0.419832 0.591920
vt 0.442301 0.580798
vt 0.697672 0.234978
vt 0.729447 0.223857
vt 0.150777 0.839768
vt 0.152514 0.828647
vt 0.732520 0.234978
vt 0.760821 0.223857
vt 0.309464 0.732473
vt 0.311201 0.721352
vt 0.668194 0.378179
vt 0.671778 0.367057
vt 0.703351 0.367057
vt 0.668194 0.367057
vt 0.671778 0.355936
vt 0.703351 0.355936
vt 0.768174 0.446390
vt 0.790500 0.435269
vt 0.419832 0.569677
vt 0.442301 0.569677
vt 0.697672 0.223857
vt 0.729447 0.212735
vt 0.150777 0.828647
vt 0.152514 0.817525
vt 0.732520 0.223857
vt 0.760821 0.212735
vt 0.309464 0.721352
vt 0.311201 0.710231
vt 0.150777 0.817525
vt 0.152514 0.806404
vt 0.732520 0.212735
vt 0.760821 0.201614
vt 0.309464 0.710231
vt 0.311201 0.699109
vt 0.668194 0.355936
vt 0.671778 0.344815
vt 0.703351 0.344815
vt 0.768174 0.435269
vt 0.790500 0.424147
vt 0.419832 0.558556
vt 0.442301 0.558556
vt 0.697672 0.212735
vt 0.729447 0.201614
vt 0.697672 0.190493
vt 0.729447 0.190493
vt 0.150777 0.806404
vt 0.152514 0.795283
vt 0.732520 0.201614
vt 0.760821 0.190493
vt 0.309464 0.699109
vt 0.311201 0.687988
vt 0.668194 0.344815
vt 0.671778 0.333693
vt 0.703351 0.333693
vt 0.768174 0.424147
vt 0.790500 0.413026
vt 0.419832 0.547435
vt 0.442301 0.547435
vt 0.671778 0.322572
vt 0.703351 0.322572
vt 0.768174 0.413026
vt 0.790500 0.401905
vt 0.442301 0.536313
vt 0.729447 0.179372
vt 0.150777 0.795283
vt 0.152514 0.784162
vt 0.732520 0.190493
vt 0.760821 0.179372
vt 0.309464 0.687988
vt 0.311201 0.676867
vt 0.668194 0.333693
vt 0.309464 0.676867
vt 0.311201 0.665746
vt 0.668194 0.322572
vt 0.671778 0.311451
vt 0.703351 0.311451
vt 0.768174 0.390784
vt 0.790500 0.390784
vt 0.419832 0.536313
vt 0.442301 0.525192
vt 0.697672 0.179372
vt 0.729447 0.168250
vt 0.150777 0.784162
vt 0.152514 0.773040
vt 0.732520 0.179372
vt 0.760821 0.168250
vt 0.150777 0.773040
vt 0.152514 0.761919
vt 0.732520 0.168250
vt 0.760821 0.157129
vt 0.309464 0.665746
vt 0.311201 0.654624
vt 0.668194 0.311451
vt 0.671778 0.300330
vt 0.703351 0.300330
vt 0.790500 0.379662
vt 0.419832 0.514071
vt 0.442301 0.514071
vt 0.697672 0.168250
vt 0.729447 0.157129
vt 0.949138 0.747725
vt 0.961848 0.735015
vt 0.961848 0.747725
vt 0.949138 0.880970
vt 0.960834 0.868260
vt 0.960834 0.880970
vt 0.088784 0.768849
vt 0.088784 0.806979
vt 0.076074 0.806979
vt 0.215263 0.688729
vt 0.216697 0.676019
vt 0.216697 0.688729
vt 0.949138 0.814348
vt 0.961848 0.801638
vt 0.961848 0.814348
vt 0.254584 0.676019
vt 0.254584 0.688729
vt 0.203642 0.688729
vt 0.215263 0.676019
vt 0.949221 0.950981
vt 0.958859 0.938271
vt 0.958859 0.950981
vt 0.422430 0.857349
vt 0.423864 0.844639
vt 0.423864 0.857349
vt 0.958706 0.544683
vt 0.971416 0.531973
vt 0.971416 0.544683
vt 0.202208 0.688729
vt 0.203642 0.676019
vt 0.571709 0.829705
vt 0.581409 0.816995
vt 0.581409 0.829705
vt 0.760789 0.747725
vt 0.798919 0.735015
vt 0.798919 0.747725
vt 0.254584 0.663309
vt 0.422430 0.831929
vt 0.423864 0.831929
vt 0.215263 0.663309
vt 0.949138 0.801638
vt 0.961848 0.788928
vt 0.760789 0.735015
vt 0.798919 0.722305
vt 0.202208 0.663309
vt 0.203642 0.663309
vt 0.949221 0.938271
vt 0.958859 0.925560
vt 0.216697 0.663309
vt 0.958706 0.531973
vt 0.971416 0.519263
vt 0.949138 0.868260
vt 0.960834 0.855550
vt 0.949138 0.735015
vt 0.961848 0.722305
vt 0.571709 0.816995
vt 0.581409 0.804285
vt 0.571709 0.804285
vt 0.581409 0.791575
vt 0.422430 0.819219
vt 0.423864 0.819219
vt 0.215263 0.650599
vt 0.949138 0.788928
vt 0.961848 0.776218
vt 0.760789 0.722305
vt 0.798919 0.709595
vt 0.203642 0.650599
vt 0.949221 0.925560
vt 0.958859 0.912850
vt 0.254584 0.650599
vt 0.958706 0.519263
vt 0.971416 0.506553
vt 0.949138 0.855550
vt 0.960834 0.842840
vt 0.949138 0.722305
vt 0.961848 0.709595
vt 0.216697 0.650599
vt 0.215263 0.637889
vt 0.216697 0.637889
vt 0.571709 0.791575
vt 0.581409 0.778865
vt 0.422430 0.806509
vt 0.423864 0.806509
vt 0.949138 0.776218
vt 0.961848 0.763508
vt 0.760789 0.709595
vt 0.798919 0.696885
vt 0.202208 0.650599
vt 0.203642 0.637889
vt 0.949221 0.912850
vt 0.958859 0.900140
vt 0.254584 0.637889
vt 0.958706 0.506553
vt 0.971416 0.493843
vt 0.949138 0.842840
vt 0.960834 0.830130
vt 0.949138 0.709595
vt 0.961848 0.696885
vt 0.949138 0.684175
vt 0.961848 0.684175
vt 0.215263 0.625179
vt 0.216697 0.625179
vt 0.571709 0.778865
vt 0.581409 0.766155
vt 0.423864 0.793799
vt 0.949138 0.750798
vt 0.961848 0.750798
vt 0.760789 0.696885
vt 0.798919 0.684175
vt 0.202208 0.637889
vt 0.203642 0.625179
vt 0.949221 0.900140
vt 0.958859 0.887430
vt 0.254584 0.625179
vt 0.958706 0.481133
vt 0.971416 0.481133
vt 0.949138 0.830130
vt 0.960834 0.817420
vt 0.577452 0.762604
vt 0.581525 0.749894
vt 0.581525 0.762604
vt 0.155586 0.974752
vt 0.172477 0.962042
vt 0.172477 0.974752
vt 0.839307 0.248145
vt 0.842331 0.275153
vt 0.812347 0.275153
vt 0.534906 0.978733
vt 0.538979 0.966023
vt 0.538979 0.978733
vt 0.258513 0.837951
vt 0.261213 0.825240
vt 0.261213 0.837951
vt 0.273622 0.837951
vt 0.300459 0.825240
vt 0.300459 0.837951
vt 0.955223 0.112644
vt 0.972222 0.099934
vt 0.972222 0.112644
vt 0.175549 0.974752
vt 0.187232 0.962042
vt 0.187232 0.974752
vt 0.917456 0.525087
vt 0.916655 0.512377
vt 0.917456 0.512377
vt 0.272822 0.837951
vt 0.273622 0.825240
vt 0.908065 0.052376
vt 0.938050 0.039666
vt 0.938050 0.052376
vt 0.272822 0.825240
vt 0.897002 0.735015
vt 0.924011 0.722305
vt 0.924011 0.735015
vt 0.273622 0.812530
vt 0.916655 0.499667
vt 0.917456 0.499667
vt 0.272822 0.812530
vt 0.908065 0.039666
vt 0.938050 0.026956
vt 0.897002 0.722305
vt 0.924011 0.709595
vt 0.258513 0.812530
vt 0.261213 0.812530
vt 0.155586 0.962042
vt 0.172477 0.949332
vt 0.300459 0.812530
vt 0.534906 0.966023
vt 0.538979 0.953313
vt 0.175549 0.962042
vt 0.187232 0.949332
vt 0.577452 0.749894
vt 0.581525 0.737184
vt 0.955223 0.099934
vt 0.972222 0.087224
vt 0.955223 0.087224
vt 0.972222 0.074514
vt 0.917456 0.486957
vt 0.272822 0.799820
vt 0.908065 0.014246
vt 0.938050 0.014246
vt 0.897002 0.709595
vt 0.924011 0.696885
vt 0.258513 0.799820
vt 0.261213 0.799820
vt 0.155586 0.949332
vt 0.172477 0.936622
vt 0.300459 0.799820
vt 0.534906 0.953313
vt 0.538979 0.940603
vt 0.175549 0.949332
vt 0.187232 0.936622
vt 0.577452 0.724474
vt 0.581525 0.724474
vt 0.273622 0.799820
vt 0.273622 0.787110
vt 0.955223 0.074514
vt 0.972222 0.061804
vt 0.916655 0.486957
vt 0.917456 0.474247
vt 0.272822 0.787110
vt 0.938050 0.001536
vt 0.897002 0.696885
vt 0.924011 0.684175
vt 0.258513 0.787110
vt 0.261213 0.787110
vt 0.155586 0.936622
vt 0.172477 0.923912
vt 0.300459 0.787110
vt 0.534906 0.940603
vt 0.538979 0.927893
vt 0.175549 0.936622
vt 0.187232 0.923912
vt 0.581525 0.711764
vt 0.002679 0.709430
vt 0.040621 0.697060
vt 0.040621 0.709430
vt 0.956964 0.367057
vt 0.969255 0.357525
vt 0.969255 0.367057
vt 0.370889 0.706840
vt 0.418551 0.697308
vt 0.418551 0.706840
vt 0.320458 0.674643
vt 0.367816 0.665110
vt 0.367816 0.674643
vt 0.960658 0.198437
vt 0.973028 0.188904
vt 0.973028 0.198437
vt 0.742963 0.125967
vt 0.780905 0.116435
vt 0.780905 0.125967
vt 0.981625 0.516190
vt 0.982768 0.506658
vt 0.982768 0.516190
vt 0.315081 0.674643
vt 0.320458 0.665110
vt 0.088965 0.991086
vt 0.097543 0.981554
vt 0.097543 0.991086
vt 0.367816 0.655577
vt 0.956964 0.357525
vt 0.969255 0.347992
vt 0.960658 0.188904
vt 0.973028 0.179372
vt 0.370889 0.697308
vt 0.418551 0.687775
vt 0.088965 0.972021
vt 0.097543 0.972021
vt 0.742963 0.106902
vt 0.780905 0.106902
vt 0.981625 0.506658
vt 0.982768 0.497125
vt 0.315081 0.665110
vt 0.320458 0.655577
vt 0.742963 0.097370
vt 0.780905 0.097370
vt 0.981625 0.497125
vt 0.982768 0.487593
vt 0.315081 0.655577
vt 0.320458 0.646045
vt 0.956964 0.347992
vt 0.969255 0.338460
vt 0.960658 0.179372
vt 0.973028 0.169839
vt 0.370889 0.687775
vt 0.418551 0.678243
vt 0.367816 0.646045
vt 0.088965 0.962489
vt 0.097543 0.962489
vt 0.367816 0.636512
vt 0.097543 0.952956
vt 0.780905 0.087837
vt 0.981625 0.487593
vt 0.982768 0.478060
vt 0.315081 0.636512
vt 0.320458 0.636512
vt 0.956964 0.338460
vt 0.969255 0.328927
vt 0.960658 0.169839
vt 0.973028 0.160307
vt 0.370889 0.678243
vt 0.418551 0.668710
vt 0.956964 0.328927
vt 0.969255 0.319395
vt 0.960658 0.160307
vt 0.973028 0.150774
vt 0.370889 0.668710
vt 0.418551 0.659178
vt 0.367816 0.626980
vt 0.088965 0.952956
vt 0.097543 0.943424
vt 0.742963 0.087837
vt 0.780905 0.078305
vt 0.981625 0.478060
vt 0.982768 0.468527
vt 0.315081 0.626980
vt 0.320458 0.626980
vt 0.320458 0.617447
vt 0.956964 0.319395
vt 0.969255 0.309862
vt 0.960658 0.150774
vt 0.973028 0.141242
vt 0.370889 0.659178
vt 0.418551 0.649645
vt 0.367816 0.617447
vt 0.088965 0.943424
vt 0.097543 0.933891
vt 0.742963 0.078305
vt 0.780905 0.068772
vt 0.981625 0.468527
vt 0.982768 0.458995
vt 0.088965 0.933891
vt 0.097543 0.924359
vt 0.742963 0.059240
vt 0.780905 0.059240
vt 0.981625 0.458995
vt 0.982768 0.449462
vt 0.315081 0.607915
vt 0.320458 0.607915
vt 0.956964 0.309862
vt 0.969255 0.300330
vt 0.960658 0.141242
vt 0.973028 0.131709
vt 0.370889 0.649645
vt 0.418551 0.640113
vt 0.367816 0.607915
vt 0.934922 0.760435
vt 0.946065 0.747725
vt 0.946065 0.760435
vt 0.727442 0.760435
vt 0.727807 0.747725
vt 0.727807 0.760435
vt 0.098374 0.873664
vt 0.096287 0.905439
vt 0.077742 0.905439
vt 0.666671 0.850889
vt 0.667503 0.838179
vt 0.667503 0.850889
vt 0.197978 0.619141
vt 0.216524 0.606431
vt 0.216524 0.619141
vt 0.726611 0.760435
vt 0.727442 0.747725
vt 0.367216 0.814243
vt 0.363981 0.801533
vt 0.367216 0.801533
vt 0.941840 0.207969
vt 0.957585 0.195259
vt 0.957585 0.207969
vt 0.723026 0.747725
vt 0.726611 0.747725
vt 0.293360 0.968018
vt 0.295447 0.955308
vt 0.295447 0.968018
vt 0.757716 0.747725
vt 0.757716 0.760435
vt 0.903357 0.820703
vt 0.919204 0.807993
vt 0.919204 0.820703
vt 0.635728 0.771556
vt 0.667503 0.758846
vt 0.667503 0.771556
vt 0.666671 0.838179
vt 0.667503 0.825469
vt 0.723026 0.735015
vt 0.726611 0.735015
vt 0.757716 0.735015
vt 0.197978 0.593721
vt 0.216524 0.593721
vt 0.635728 0.758846
vt 0.667503 0.746136
vt 0.727807 0.735015
vt 0.941840 0.195259
vt 0.957585 0.182549
vt 0.367216 0.788823
vt 0.293360 0.955308
vt 0.295447 0.942598
vt 0.727442 0.735015
vt 0.934922 0.747725
vt 0.946065 0.735015
vt 0.903357 0.807993
vt 0.919204 0.795283
vt 0.903357 0.795283
vt 0.919204 0.782573
vt 0.723026 0.722305
vt 0.726611 0.722305
vt 0.757716 0.722305
vt 0.197978 0.581011
vt 0.216524 0.581011
vt 0.635728 0.746136
vt 0.667503 0.733426
vt 0.727807 0.722305
vt 0.941840 0.182549
vt 0.957585 0.169839
vt 0.666671 0.825469
vt 0.667503 0.812759
vt 0.293360 0.929888
vt 0.295447 0.929888
vt 0.727442 0.722305
vt 0.934922 0.722305
vt 0.946065 0.722305
vt 0.363981 0.788823
vt 0.367216 0.776113
vt 0.363981 0.776113
vt 0.367216 0.763403
vt 0.903357 0.782573
vt 0.919204 0.769863
vt 0.726611 0.709595
vt 0.757716 0.709595
vt 0.216524 0.568301
vt 0.635728 0.733426
vt 0.667503 0.720716
vt 0.727807 0.709595
vt 0.941840 0.169839
vt 0.957585 0.157129
vt 0.666671 0.812759
vt 0.667503 0.800049
vt 0.295447 0.917178
vt 0.727442 0.709595
vt 0.946065 0.709595
vt 0.934922 0.709595
vt 0.946065 0.696885
vt 0.363981 0.763403
vt 0.367216 0.750693
vt 0.903357 0.769863
vt 0.919204 0.757153
vt 0.723026 0.696885
vt 0.726611 0.696885
vt 0.757716 0.696885
vt 0.197978 0.568301
vt 0.216524 0.555591
vt 0.635728 0.720716
vt 0.667503 0.708006
vt 0.727807 0.696885
vt 0.941840 0.157129
vt 0.957585 0.144419
vt 0.666671 0.800049
vt 0.667503 0.787339
vt 0.293360 0.917178
vt 0.295447 0.904468
vt 0.727442 0.696885
vt 0.727442 0.684175
vt 0.934922 0.696885
vt 0.946065 0.684175
vt 0.363981 0.750693
vt 0.367216 0.737983
vt 0.903357 0.757153
vt 0.919204 0.744443
vt 0.723026 0.684175
vt 0.726611 0.684175
vt 0.757716 0.684175
vt 0.197978 0.555591
vt 0.216524 0.542881
vt 0.635728 0.708006
vt 0.667503 0.695296
vt 0.727807 0.684175
vt 0.941840 0.144419
vt 0.957585 0.131709
vt 0.666671 0.787339
vt 0.667503 0.774629
vt 0.293360 0.904468
vt 0.295447 0.891758
vt 0.934605 0.650176
vt 0.954284 0.637466
vt 0.954284 0.650176
vt 0.790626 0.001536
vt 0.780006 0.036489
vt 0.753583 0.036489
vt 0.101254 0.608020
vt 0.111873 0.595310
vt 0.111873 0.608020
vt 0.523539 0.715708
vt 0.536249 0.763066
vt 0.523539 0.763066
vt 0.366342 0.977252
vt 0.364122 0.964542
vt 0.366342 0.964542
vt 0.409119 0.915785
vt 0.435542 0.903075
vt 0.435542 0.915785
vt 0.481720 0.966128
vt 0.492340 0.953418
vt 0.492340 0.966128
vt 0.523539 0.711764
vt 0.536249 0.715708
vt 0.754801 0.884148
vt 0.719848 0.871438
vt 0.754801 0.871438
vt 0.548959 0.763066
vt 0.101254 0.595310
vt 0.111873 0.582600
vt 0.409119 0.903075
vt 0.435542 0.890365
vt 0.481720 0.953418
vt 0.492340 0.940708
vt 0.754801 0.858728
vt 0.934605 0.637466
vt 0.954284 0.624756
vt 0.364122 0.951832
vt 0.366342 0.951832
vt 0.536249 0.711764
vt 0.548959 0.715708
vt 0.934605 0.612046
vt 0.954284 0.612046
vt 0.366342 0.939122
vt 0.561670 0.711764
vt 0.561670 0.715708
vt 0.101254 0.582600
vt 0.111873 0.569890
vt 0.409119 0.890365
vt 0.435542 0.877654
vt 0.481720 0.940708
vt 0.492340 0.927998
vt 0.561670 0.763066
vt 0.719848 0.846018
vt 0.754801 0.846018
vt 0.574380 0.763066
vt 0.754801 0.833308
vt 0.954284 0.599336
vt 0.364122 0.926412
vt 0.366342 0.926412
vt 0.574380 0.715708
vt 0.101254 0.569890
vt 0.111873 0.557180
vt 0.409119 0.877654
vt 0.435542 0.864944
vt 0.481720 0.927998
vt 0.492340 0.915287
vt 0.743653 0.657271
vt 0.744630 0.650916
vt 0.744630 0.657271
vt 0.033311 0.955193
vt 0.001536 0.955193
vt 0.002417 0.923418
vt 0.768174 0.376590
vt 0.799949 0.370235
vt 0.799949 0.376590
vt 0.971431 0.874720
vt 0.971782 0.868365
vt 0.971782 0.874720
vt 0.972041 0.455922
vt 0.963377 0.449567
vt 0.972041 0.449567
vt 0.775676 0.650916
vt 0.775676 0.657271
vt 0.198260 0.818901
vt 0.199135 0.812546
vt 0.199135 0.818901
vt 0.048627 0.506445
vt 0.052212 0.500090
vt 0.052212 0.506445
vt 0.763894 0.233389
vt 0.795669 0.227034
vt 0.795669 0.233389
vt 0.198260 0.812546
vt 0.199135 0.806191
vt 0.768174 0.370235
vt 0.799949 0.363880
vt 0.971431 0.868365
vt 0.971782 0.862010
vt 0.775676 0.644561
vt 0.763894 0.227034
vt 0.795669 0.220679
vt 0.048627 0.500090
vt 0.052212 0.493735
vt 0.743653 0.650916
vt 0.744630 0.644561
vt 0.972041 0.443212
vt 0.048627 0.493735
vt 0.052212 0.487380
vt 0.743653 0.638206
vt 0.744630 0.638206
vt 0.963377 0.436857
vt 0.972041 0.436857
vt 0.768174 0.363880
vt 0.799949 0.357525
vt 0.971431 0.862010
vt 0.971782 0.855655
vt 0.775676 0.638206
vt 0.198260 0.806191
vt 0.199135 0.799836
vt 0.763894 0.214324
vt 0.795669 0.214324
vt 0.198260 0.799836
vt 0.199135 0.793481
vt 0.795669 0.207969
vt 0.048627 0.487380
vt 0.052212 0.481025
vt 0.744630 0.631851
vt 0.972041 0.430502
vt 0.768174 0.357525
vt 0.799949 0.351170
vt 0.971431 0.855655
vt 0.971782 0.849300
vt 0.775676 0.631851
vt 0.768174 0.351170
vt 0.799949 0.344815
vt 0.971431 0.849300
vt 0.971782 0.842945
vt 0.775676 0.625496
vt 0.198260 0.793481
vt 0.199135 0.787126
vt 0.763894 0.207969
vt 0.795669 0.201614
vt 0.048627 0.481025
vt 0.052212 0.474670
vt 0.743653 0.631851
vt 0.744630 0.625496
vt 0.963377 0.430502
vt 0.972041 0.424147
vt 0.963377 0.417792
vt 0.972041 0.417792
vt 0.768174 0.344815
vt 0.799949 0.338460
vt 0.971431 0.842945
vt 0.971782 0.836590
vt 0.775676 0.619141
vt 0.198260 0.787126
vt 0.199135 0.780771
vt 0.763894 0.201614
vt 0.795669 0.195259
vt 0.048627 0.474670
vt 0.052212 0.468315
vt 0.743653 0.625496
vt 0.744630 0.619141
vt 0.763894 0.195259
vt 0.795669 0.188904
vt 0.048627 0.461960
vt 0.052212 0.461960
vt 0.743653 0.619141
vt 0.744630 0.612786
vt 0.972041 0.411437
vt 0.768174 0.338460
vt 0.799949 0.332105
vt 0.971431 0.836590
vt 0.971782 0.830235
vt 0.775676 0.612786
vt 0.198260 0.780771
vt 0.199135 0.774416
vt 0.775676 0.606431
vt 0.198260 0.774416
vt 0.199135 0.768061
vt 0.763894 0.188904
vt 0.795669 0.182549
vt 0.048627 0.455605
vt 0.052212 0.455605
vt 0.743653 0.612786
vt 0.744630 0.606431
vt 0.963377 0.411437
vt 0.972041 0.405082
vt 0.768174 0.332105
vt 0.799949 0.325750
vt 0.971431 0.830235
vt 0.971782 0.823880
vt 0.768174 0.325750
vt 0.799949 0.319395
vt 0.971431 0.823880
vt 0.971782 0.817525
vt 0.775676 0.600076
vt 0.198260 0.768061
vt 0.199135 0.761706
vt 0.763894 0.182549
vt 0.795669 0.176194
vt 0.052212 0.449250
vt 0.743653 0.606431
vt 0.744630 0.600076
vt 0.963377 0.405082
vt 0.972041 0.398727
vt 0.743653 0.600076
vt 0.744630 0.593721
vt 0.963377 0.398727
vt 0.972041 0.392372
vt 0.768174 0.319395
vt 0.799949 0.313040
vt 0.971431 0.817525
vt 0.971782 0.811170
vt 0.775676 0.593721
vt 0.198260 0.761706
vt 0.199135 0.755351
vt 0.763894 0.176194
vt 0.795669 0.169839
vt 0.048627 0.449250
vt 0.052212 0.442895
vt 0.763894 0.169839
vt 0.795669 0.163484
vt 0.048627 0.436540
vt 0.052212 0.436540
vt 0.743653 0.587366
vt 0.744630 0.587366
vt 0.963377 0.392372
vt 0.972041 0.386017
vt 0.768174 0.313040
vt 0.799949 0.306685
vt 0.971431 0.811170
vt 0.971782 0.804815
vt 0.775676 0.587366
vt 0.198260 0.755351
vt 0.199135 0.748996
vt 0.971431 0.804815
vt 0.971782 0.798460
vt 0.775676 0.581011
vt 0.198260 0.748996
vt 0.199135 0.742641
vt 0.763894 0.157129
vt 0.795669 0.157129
vt 0.052212 0.430185
vt 0.743653 0.581011
vt 0.744630 0.581011
vt 0.963377 0.386017
vt 0.972041 0.379662
vt 0.768174 0.306685
vt 0.799949 0.300330
vt 0.637512 0.858212
vt 0.637512 0.838074
vt 0.657970 0.838074
vt 0.883910 0.217502
vt 0.903920 0.207969
vt 0.903920 0.217502
vt 0.732010 0.526463
vt 0.763785 0.516931
vt 0.763785 0.526463
vt 0.709008 0.666804
vt 0.740580 0.657271
vt 0.740580 0.666804
vt 0.861679 0.560040
vt 0.881817 0.550507
vt 0.881817 0.560040
vt 0.798742 0.233389
vt 0.824278 0.223857
vt 0.824278 0.233389
vt 0.754696 0.973013
vt 0.755269 0.963481
vt 0.755269 0.973013
vt 0.705423 0.666804
vt 0.709008 0.657271
vt 0.481720 0.912215
vt 0.493036 0.902682
vt 0.493036 0.912215
vt 0.740580 0.647739
vt 0.883910 0.207969
vt 0.903920 0.198437
vt 0.861679 0.550507
vt 0.881817 0.540975
vt 0.732010 0.516931
vt 0.763785 0.507398
vt 0.481720 0.893150
vt 0.493036 0.893150
vt 0.798742 0.223857
vt 0.824278 0.214324
vt 0.754696 0.953948
vt 0.755269 0.953948
vt 0.705423 0.657271
vt 0.709008 0.647739
vt 0.798742 0.204792
vt 0.824278 0.204792
vt 0.754696 0.944416
vt 0.755269 0.944416
vt 0.705423 0.647739
vt 0.709008 0.638206
vt 0.883910 0.198437
vt 0.903920 0.188904
vt 0.861679 0.540975
vt 0.881817 0.531442
vt 0.732010 0.507398
vt 0.763785 0.497865
vt 0.740580 0.638206
vt 0.481720 0.883617
vt 0.493036 0.883617
vt 0.740580 0.628674
vt 0.493036 0.874085
vt 0.824278 0.195259
vt 0.754696 0.934883
vt 0.755269 0.934883
vt 0.705423 0.638206
vt 0.709008 0.628674
vt 0.883910 0.188904
vt 0.903920 0.179372
vt 0.861679 0.531442
vt 0.881817 0.521910
vt 0.732010 0.497865
vt 0.763785 0.488333
vt 0.883910 0.179372
vt 0.903920 0.169839
vt 0.861679 0.521910
vt 0.881817 0.512377
vt 0.732010 0.488333
vt 0.763785 0.478800
vt 0.740580 0.619141
vt 0.481720 0.874085
vt 0.493036 0.864552
vt 0.798742 0.195259
vt 0.824278 0.185727
vt 0.755269 0.925350
vt 0.705423 0.628674
vt 0.709008 0.619141
vt 0.705423 0.619141
vt 0.709008 0.609609
vt 0.883910 0.169839
vt 0.903920 0.160307
vt 0.861679 0.512377
vt 0.881817 0.502845
vt 0.732010 0.478800
vt 0.763785 0.469268
vt 0.740580 0.609609
vt 0.481720 0.864552
vt 0.493036 0.855020
vt 0.798742 0.176194
vt 0.824278 0.176194
vt 0.754696 0.925350
vt 0.755269 0.915818
vt 0.481720 0.855020
vt 0.493036 0.845487
vt 0.824278 0.166662
vt 0.754696 0.915818
vt 0.755269 0.906285
vt 0.705423 0.600076
vt 0.709008 0.600076
vt 0.883910 0.160307
vt 0.903920 0.150774
vt 0.861679 0.502845
vt 0.881817 0.493312
vt 0.732010 0.469268
vt 0.763785 0.459735
vt 0.740580 0.600076
vt 0.732010 0.459735
vt 0.763785 0.450203
vt 0.740580 0.590544
vt 0.481720 0.835955
vt 0.493036 0.835955
vt 0.798742 0.166662
vt 0.824278 0.157129
vt 0.754696 0.906285
vt 0.755269 0.896753
vt 0.709008 0.590544
vt 0.883910 0.150774
vt 0.903920 0.141242
vt 0.861679 0.493312
vt 0.881817 0.483780
vt 0.883910 0.141242
vt 0.903920 0.131709
vt 0.861679 0.483780
vt 0.881817 0.474247
vt 0.732010 0.450203
vt 0.763785 0.440670
vt 0.740580 0.581011
vt 0.493036 0.826422
vt 0.798742 0.157129
vt 0.824278 0.147597
vt 0.754696 0.896753
vt 0.755269 0.887220
vt 0.705423 0.590544
vt 0.709008 0.581011
vt 0.431849 0.969697
vt 0.435662 0.956987
vt 0.435662 0.969697
vt 0.447449 0.799154
vt 0.485336 0.786444
vt 0.485336 0.799154
vt 0.438929 0.799154
vt 0.443231 0.786444
vt 0.443231 0.799154
vt 0.584993 0.857139
vt 0.623123 0.844429
vt 0.623123 0.857139
vt 0.318894 0.802063
vt 0.357024 0.840193
vt 0.318894 0.840193
vt 0.562708 0.978733
vt 0.566496 0.966023
vt 0.566496 0.978733
vt 0.447019 0.786444
vt 0.447449 0.786444
vt 0.061400 0.747900
vt 0.060969 0.735190
vt 0.061400 0.735190
vt 0.548937 0.978733
vt 0.552750 0.966023
vt 0.552750 0.978733
vt 0.555822 0.978733
vt 0.559635 0.966023
vt 0.559635 0.978733
vt 0.542051 0.978733
vt 0.545864 0.966023
vt 0.545864 0.978733
vt 0.447019 0.799154
vt 0.063364 0.870592
vt 0.101494 0.857882
vt 0.101494 0.870592
vt 0.548937 0.966023
vt 0.552750 0.953313
vt 0.542051 0.953313
vt 0.545864 0.953313
vt 0.555822 0.966023
vt 0.559635 0.953313
vt 0.447019 0.773734
vt 0.060969 0.722480
vt 0.061400 0.722480
vt 0.584993 0.831719
vt 0.623123 0.831719
vt 0.063364 0.857882
vt 0.101494 0.845172
vt 0.447449 0.773734
vt 0.438929 0.786444
vt 0.443231 0.773734
vt 0.562708 0.966023
vt 0.566496 0.953313
vt 0.485336 0.773734
vt 0.431849 0.956987
vt 0.435662 0.944277
vt 0.431849 0.944277
vt 0.435662 0.931567
vt 0.548937 0.953313
vt 0.552750 0.940603
vt 0.447449 0.761024
vt 0.555822 0.953313
vt 0.559635 0.940603
vt 0.061400 0.709770
vt 0.447019 0.761024
vt 0.623123 0.819009
vt 0.545864 0.940603
vt 0.063364 0.845172
vt 0.101494 0.832462
vt 0.438929 0.773734
vt 0.443231 0.761024
vt 0.562708 0.953313
vt 0.566496 0.940603
vt 0.485336 0.761024
vt 0.485336 0.748314
vt 0.431849 0.931567
vt 0.435662 0.918857
vt 0.548937 0.940603
vt 0.552750 0.927893
vt 0.447449 0.748314
vt 0.555822 0.940603
vt 0.559635 0.927893
vt 0.060969 0.709770
vt 0.061400 0.697060
vt 0.447019 0.748314
vt 0.584993 0.819009
vt 0.623123 0.806299
vt 0.542051 0.940603
vt 0.545864 0.927893
vt 0.063364 0.832462
vt 0.101494 0.819752
vt 0.438929 0.761024
vt 0.443231 0.748314
vt 0.562708 0.940603
vt 0.566496 0.927893
vt 0.356283 0.923339
vt 0.367468 0.913807
vt 0.367468 0.923339
vt 0.079394 0.754080
vt 0.101494 0.744548
vt 0.101494 0.754080
vt 0.067211 0.754080
vt 0.064702 0.744548
vt 0.067211 0.744548
vt 0.874306 0.376590
vt 0.896548 0.367057
vt 0.896548 0.376590
vt 0.681728 0.806331
vt 0.703971 0.828573
vt 0.681728 0.828573
vt 0.934922 0.839768
vt 0.946004 0.830235
vt 0.946004 0.839768
vt 0.078135 0.754080
vt 0.079394 0.744548
vt 0.780011 0.657271
vt 0.778749 0.647739
vt 0.780011 0.647739
vt 0.244446 0.888686
vt 0.255440 0.879153
vt 0.255440 0.888686
vt 0.908051 0.900035
vt 0.919204 0.890503
vt 0.919204 0.900035
vt 0.141361 0.955355
vt 0.152514 0.945823
vt 0.152514 0.955355
vt 0.078135 0.744548
vt 0.871687 0.760435
vt 0.893929 0.750903
vt 0.893929 0.760435
vt 0.244446 0.879153
vt 0.255440 0.869621
vt 0.141361 0.945823
vt 0.152514 0.936290
vt 0.908051 0.890503
vt 0.919204 0.880970
vt 0.078135 0.735015
vt 0.778749 0.638206
vt 0.780011 0.638206
vt 0.874306 0.367057
vt 0.896548 0.357525
vt 0.871687 0.750903
vt 0.893929 0.741370
vt 0.079394 0.735015
vt 0.064702 0.735015
vt 0.067211 0.735015
vt 0.934922 0.830235
vt 0.946004 0.820703
vt 0.101494 0.735015
vt 0.356283 0.913807
vt 0.367468 0.904274
vt 0.356283 0.904274
vt 0.367468 0.894742
vt 0.244446 0.869621
vt 0.255440 0.860088
vt 0.079394 0.725483
vt 0.908051 0.880970
vt 0.919204 0.871438
vt 0.778749 0.628674
vt 0.780011 0.628674
vt 0.078135 0.725483
vt 0.874306 0.357525
vt 0.896548 0.347992
vt 0.141361 0.936290
vt 0.152514 0.926758
vt 0.871687 0.741370
vt 0.893929 0.731838
vt 0.064702 0.725483
vt 0.067211 0.725483
vt 0.934922 0.820703
vt 0.946004 0.811170
vt 0.101494 0.725483
vt 0.101494 0.715950
vt 0.356283 0.894742
vt 0.367468 0.885209
vt 0.244446 0.860088
vt 0.255440 0.850556
vt 0.078135 0.715950
vt 0.079394 0.715950
vt 0.908051 0.871438
vt 0.919204 0.861905
vt 0.780011 0.619141
vt 0.874306 0.338460
vt 0.896549 0.338460
vt 0.141361 0.926758
vt 0.152514 0.917225
vt 0.871687 0.731838
vt 0.893929 0.722305
vt 0.064702 0.715950
vt 0.067211 0.715950
vt 0.934922 0.811170
vt 0.946004 0.801638
vt 0.934922 0.801638
vt 0.946004 0.792105
vt 0.101494 0.706418
vt 0.356283 0.875677
vt 0.367468 0.875677
vt 0.244446 0.850556
vt 0.255440 0.841023
vt 0.078135 0.706418
vt 0.079394 0.706418
vt 0.908051 0.861905
vt 0.919204 0.852373
vt 0.778749 0.619141
vt 0.780011 0.609609
vt 0.896549 0.328927
vt 0.141361 0.917225
vt 0.152514 0.907693
vt 0.871687 0.722305
vt 0.893929 0.712773
vt 0.067211 0.706418
vt 0.064702 0.706418
vt 0.067211 0.696885
vt 0.934922 0.792105
vt 0.946004 0.782573
vt 0.101494 0.696885
vt 0.367468 0.866144
vt 0.244446 0.841023
vt 0.255440 0.831491
vt 0.078135 0.696885
vt 0.079394 0.696885
vt 0.908051 0.852373
vt 0.919204 0.842840
vt 0.778749 0.600076
vt 0.780011 0.600076
vt 0.874306 0.328927
vt 0.896549 0.319395
vt 0.141361 0.907693
vt 0.152514 0.898160
vt 0.871687 0.712773
vt 0.893929 0.703240
vt 0.064702 0.696885
vt 0.067211 0.687353
vt 0.934922 0.782573
vt 0.946004 0.773040
vt 0.101494 0.687353
vt 0.356283 0.866144
vt 0.367468 0.856611
vt 0.244446 0.831491
vt 0.255440 0.821958
vt 0.079394 0.687353
vt 0.908051 0.842840
vt 0.919204 0.833308
vt 0.778749 0.590544
vt 0.780011 0.590544
vt 0.078135 0.687353
vt 0.874306 0.319395
vt 0.896549 0.309862
vt 0.141361 0.898160
vt 0.152514 0.888628
vt 0.871687 0.703240
vt 0.893929 0.693708
vt 0.871687 0.693708
vt 0.893929 0.684175
vt 0.064702 0.687353
vt 0.067211 0.677820
vt 0.934922 0.773040
vt 0.946004 0.763508
vt 0.101494 0.677820
vt 0.356283 0.856611
vt 0.367468 0.847079
vt 0.244446 0.821958
vt 0.255440 0.812426
vt 0.079394 0.677820
vt 0.908051 0.833308
vt 0.919204 0.823775
vt 0.780011 0.581011
vt 0.078135 0.677820
vt 0.874306 0.300330
vt 0.896549 0.300330
vt 0.141361 0.888628
vt 0.152514 0.879095
vt 0.353211 0.893069
vt 0.346856 0.889933
vt 0.353211 0.889933
vt 0.698379 0.856772
vt 0.712121 0.856772
vt 0.712121 0.884575
vt 0.792564 0.912879
vt 0.798919 0.871333
vt 0.798919 0.912879
vt 0.786209 0.871333
vt 0.792564 0.871333
vt 0.353211 0.874705
vt 0.346856 0.847079
vt 0.353211 0.847079
vt 0.155586 0.879095
vt 0.161941 0.920840
vt 0.155586 0.920840
vt 0.340501 0.876278
vt 0.346856 0.876278
vt 0.353211 0.876278
vt 0.346856 0.874705
vt 0.340501 0.847079
vt 0.346856 0.893069
vt 0.340501 0.889933
vt 0.340501 0.874705
vt 0.161941 0.879095
vt 0.168296 0.920840
vt 0.334146 0.847079
vt 0.340501 0.893069
vt 0.334146 0.889933
vt 0.334146 0.876278
vt 0.786209 0.912879
vt 0.779854 0.871333
vt 0.334146 0.874705
vt 0.168296 0.879095
vt 0.174651 0.920840
vt 0.779854 0.912879
vt 0.773499 0.871333
vt 0.327791 0.876278
vt 0.327791 0.847079
vt 0.334146 0.893069
vt 0.327791 0.889933
vt 0.327791 0.874705
vt 0.174651 0.879095
vt 0.181006 0.920840
vt 0.327791 0.893069
vt 0.321436 0.889933
vt 0.321436 0.874705
vt 0.181006 0.879095
vt 0.187361 0.920840
vt 0.773499 0.912879
vt 0.767144 0.871333
vt 0.321436 0.876278
vt 0.321436 0.847079
vt 0.767144 0.912879
vt 0.760789 0.871333
vt 0.315081 0.876278
vt 0.315081 0.847079
vt 0.321436 0.893069
vt 0.315081 0.889933
vt 0.315081 0.874705
vt 0.187361 0.879095
vt 0.193716 0.920840
vt 0.890481 0.435891
vt 0.858706 0.435891
vt 0.866915 0.404116
vt 0.396420 0.982407
vt 0.404577 0.972875
vt 0.404577 0.982407
vt 0.981625 0.446390
vt 0.985210 0.436857
vt 0.985210 0.446390
vt 0.568637 0.832882
vt 0.536862 0.823350
vt 0.568637 0.823350
vt 0.873819 0.128532
vt 0.876578 0.118999
vt 0.876578 0.128532
vt 0.801741 0.596263
vt 0.833517 0.586731
vt 0.833517 0.596263
vt 0.980422 0.614483
vt 0.980655 0.604950
vt 0.980655 0.614483
vt 0.899863 0.666063
vt 0.875409 0.656531
vt 0.899863 0.656531
vt 0.900225 0.118999
vt 0.900225 0.128532
vt 0.568637 0.813817
vt 0.981625 0.436857
vt 0.985210 0.427325
vt 0.873819 0.109466
vt 0.876578 0.109466
vt 0.899863 0.646998
vt 0.396420 0.972875
vt 0.404577 0.963342
vt 0.801741 0.586731
vt 0.833517 0.577198
vt 0.980422 0.604950
vt 0.980655 0.595418
vt 0.900225 0.109466
vt 0.900225 0.099934
vt 0.396420 0.963342
vt 0.404577 0.953810
vt 0.536862 0.813817
vt 0.568637 0.804285
vt 0.981625 0.427325
vt 0.985210 0.417792
vt 0.876578 0.099934
vt 0.875409 0.637466
vt 0.899863 0.637466
vt 0.801741 0.577198
vt 0.833517 0.567666
vt 0.980422 0.595418
vt 0.980655 0.585885
vt 0.801741 0.567666
vt 0.833517 0.558133
vt 0.980422 0.585885
vt 0.980655 0.576353
vt 0.900225 0.090401
vt 0.396420 0.953810
vt 0.404577 0.944277
vt 0.536862 0.804285
vt 0.568637 0.794752
vt 0.981625 0.417792
vt 0.985210 0.408260
vt 0.873819 0.099934
vt 0.876578 0.090401
vt 0.899863 0.627933
vt 0.873819 0.080869
vt 0.876578 0.080869
vt 0.875409 0.627933
vt 0.899863 0.618401
vt 0.801741 0.558133
vt 0.833517 0.548601
vt 0.980422 0.576353
vt 0.980655 0.566820
vt 0.900225 0.080869
vt 0.396420 0.944277
vt 0.404577 0.934745
vt 0.536862 0.785220
vt 0.568637 0.785220
vt 0.981625 0.408260
vt 0.985210 0.398727
vt 0.536862 0.775687
vt 0.568637 0.775687
vt 0.981625 0.398727
vt 0.985210 0.389195
vt 0.876578 0.071336
vt 0.875409 0.608868
vt 0.899863 0.608868
vt 0.801741 0.548601
vt 0.833517 0.539068
vt 0.980422 0.566820
vt 0.980655 0.557288
vt 0.900225 0.071336
vt 0.396420 0.934745
vt 0.404577 0.925212
vt 0.980422 0.557288
vt 0.980655 0.547755
vt 0.900225 0.061804
vt 0.396420 0.925212
vt 0.404577 0.915680
vt 0.568637 0.766155
vt 0.981625 0.379662
vt 0.985210 0.379662
vt 0.873819 0.061804
vt 0.876578 0.061804
vt 0.899863 0.599336
vt 0.801741 0.539068
vt 0.833517 0.529536
vt 0.249765 0.809264
vt 0.254915 0.794965
vt 0.254915 0.809264
vt 0.725031 0.897554
vt 0.746814 0.897554
vt 0.751623 0.929329
vt 0.877404 0.058731
vt 0.873819 0.044433
vt 0.877404 0.044433
vt 0.801992 0.874615
vt 0.833767 0.860317
vt 0.833767 0.874615
vt 0.882183 0.058731
vt 0.883349 0.044433
vt 0.883349 0.058731
vt 0.836839 0.801810
vt 0.868614 0.787512
vt 0.868614 0.801810
vt 0.882183 0.044433
vt 0.611897 0.968142
vt 0.622230 0.953843
vt 0.622230 0.968142
vt 0.904992 0.044433
vt 0.904992 0.058731
vt 0.801992 0.860317
vt 0.833767 0.846018
vt 0.873819 0.030134
vt 0.877404 0.030134
vt 0.882183 0.030134
vt 0.883349 0.030134
vt 0.611897 0.953843
vt 0.622230 0.939544
vt 0.249765 0.794965
vt 0.254915 0.780666
vt 0.836839 0.787512
vt 0.868614 0.773213
vt 0.904992 0.030134
vt 0.904992 0.015835
vt 0.249765 0.780666
vt 0.254915 0.766368
vt 0.801992 0.831719
vt 0.833767 0.831719
vt 0.873819 0.015835
vt 0.877404 0.015835
vt 0.882183 0.015835
vt 0.883349 0.015835
vt 0.611897 0.939544
vt 0.622230 0.925246
vt 0.836839 0.773213
vt 0.868614 0.758914
vt 0.836839 0.758914
vt 0.868614 0.744615
vt 0.882183 0.001536
vt 0.904992 0.001536
vt 0.249765 0.766368
vt 0.254915 0.752069
vt 0.833767 0.817420
vt 0.877404 0.001536
vt 0.883349 0.001536
vt 0.611897 0.910947
vt 0.622230 0.910947
vt 0.014673 0.633440
vt 0.016241 0.619141
vt 0.016241 0.633440
vt 0.903462 0.889147
vt 0.903462 0.920922
vt 0.885587 0.889147
vt 0.349928 0.981934
vt 0.350721 0.967636
vt 0.350721 0.981934
vt 0.163131 0.758847
vt 0.194906 0.744548
vt 0.194906 0.758847
vt 0.299716 0.926816
vt 0.310817 0.912517
vt 0.310817 0.926816
vt 0.733327 0.386122
vt 0.765102 0.371824
vt 0.765102 0.386122
vt 0.047813 0.619141
vt 0.047813 0.633440
vt 0.003642 0.633440
vt 0.014673 0.619141
vt 0.001536 0.619141
vt 0.003642 0.619141
vt 0.163131 0.744548
vt 0.194906 0.730249
vt 0.349928 0.967636
vt 0.350721 0.953337
vt 0.003642 0.604842
vt 0.014673 0.604842
vt 0.016241 0.604842
vt 0.047813 0.604842
vt 0.733327 0.371824
vt 0.765102 0.357525
vt 0.299716 0.912517
vt 0.310817 0.898218
vt 0.014673 0.590544
vt 0.047813 0.590544
vt 0.163131 0.715950
vt 0.194906 0.715950
vt 0.349928 0.953337
vt 0.350721 0.939038
vt 0.001536 0.590544
vt 0.003642 0.590544
vt 0.016241 0.590544
vt 0.733327 0.357525
vt 0.765102 0.343226
vt 0.299716 0.898218
vt 0.310817 0.883919
vt 0.733327 0.343226
vt 0.765102 0.328927
vt 0.299716 0.883919
vt 0.310817 0.869621
vt 0.014673 0.576245
vt 0.047813 0.576245
vt 0.194906 0.701651
vt 0.349928 0.939038
vt 0.350721 0.924739
vt 0.003642 0.576245
vt 0.016241 0.576245
vt 0.001536 0.576245
vt 0.003642 0.561946
vt 0.016241 0.561946
vt 0.733327 0.328927
vt 0.765102 0.314628
vt 0.299716 0.869621
vt 0.310817 0.855322
vt 0.014673 0.561946
vt 0.047813 0.561946
vt 0.163131 0.701651
vt 0.194906 0.687353
vt 0.349928 0.924739
vt 0.350721 0.910440
vt 0.163131 0.687353
vt 0.194906 0.673054
vt 0.349928 0.896142
vt 0.350721 0.896142
vt 0.001536 0.561946
vt 0.003642 0.547647
vt 0.016241 0.547647
vt 0.733327 0.314628
vt 0.765102 0.300330
vt 0.299716 0.855322
vt 0.310817 0.841023
vt 0.014673 0.547647
vt 0.047813 0.547647
vt 0.853127 0.157842
vt 0.876773 0.157842
vt 0.880838 0.189617
vt 0.569569 0.975555
vt 0.573608 0.966023
vt 0.573608 0.975555
vt 0.584993 0.907874
vt 0.588578 0.898342
vt 0.588578 0.907874
vt 0.765102 0.436857
vt 0.733327 0.427325
vt 0.765102 0.427325
vt 0.592616 0.907874
vt 0.595565 0.898342
vt 0.595565 0.907874
vt 0.899621 0.347992
vt 0.931396 0.338460
vt 0.931396 0.347992
vt 0.592616 0.898342
vt 0.202208 0.960540
vt 0.228341 0.951007
vt 0.228341 0.960540
vt 0.619060 0.898342
vt 0.619060 0.907874
vt 0.765102 0.417792
vt 0.584993 0.898342
vt 0.588578 0.888809
vt 0.595565 0.888809
vt 0.202208 0.941475
vt 0.228341 0.941475
vt 0.569569 0.966023
vt 0.573608 0.956490
vt 0.899621 0.338460
vt 0.931396 0.328927
vt 0.592616 0.888809
vt 0.619060 0.888809
vt 0.619060 0.879277
vt 0.569569 0.956490
vt 0.573608 0.946958
vt 0.733327 0.417792
vt 0.765102 0.408260
vt 0.584993 0.888809
vt 0.588578 0.879277
vt 0.595565 0.879277
vt 0.228341 0.931942
vt 0.899621 0.328927
vt 0.931396 0.319395
vt 0.592616 0.879277
vt 0.899621 0.319395
vt 0.931396 0.309862
vt 0.592616 0.869744
vt 0.619060 0.869744
vt 0.569569 0.946958
vt 0.573608 0.937425
vt 0.733327 0.408260
vt 0.765102 0.398727
vt 0.584993 0.879277
vt 0.588578 0.869744
vt 0.595565 0.869744
vt 0.202208 0.931942
vt 0.228341 0.922410
vt 0.595565 0.860212
vt 0.202208 0.912877
vt 0.228341 0.912877
vt 0.899621 0.309862
vt 0.931396 0.300330
vt 0.592616 0.860212
vt 0.619060 0.860212
vt 0.569569 0.937425
vt 0.573608 0.927893
vt 0.733327 0.398727
vt 0.765102 0.389195
vt 0.584993 0.869744
vt 0.588578 0.860212
vt 0.058818 0.628674
vt 0.061231 0.619141
vt 0.061231 0.628674
vt 0.916664 0.531655
vt 0.914252 0.563430
vt 0.887302 0.563430
vt 0.670575 0.925778
vt 0.674160 0.916245
vt 0.674160 0.925778
vt 0.136342 0.954069
vt 0.104567 0.944537
vt 0.136342 0.944537
vt 0.784039 0.526463
vt 0.766858 0.516930
vt 0.784039 0.516930
vt 0.787111 0.526463
vt 0.789524 0.516930
vt 0.789524 0.526463
vt 0.705733 0.916245
vt 0.705733 0.925778
vt 0.813786 0.142830
vt 0.815725 0.133298
vt 0.815725 0.142830
vt 0.711293 0.152363
vt 0.738243 0.142830
vt 0.738243 0.152363
vt 0.136342 0.935004
vt 0.784039 0.507398
vt 0.813786 0.133298
vt 0.815725 0.123765
vt 0.670575 0.916245
vt 0.674160 0.906713
vt 0.705733 0.906713
vt 0.787111 0.516930
vt 0.789524 0.507398
vt 0.711293 0.142830
vt 0.738243 0.133298
vt 0.058818 0.619141
vt 0.061231 0.609609
vt 0.058818 0.609609
vt 0.061231 0.600076
vt 0.705733 0.897180
vt 0.104567 0.935004
vt 0.136342 0.925472
vt 0.766858 0.497865
vt 0.784039 0.497865
vt 0.813786 0.123765
vt 0.815725 0.114233
vt 0.670575 0.906713
vt 0.674160 0.897180
vt 0.787111 0.507398
vt 0.789524 0.497865
vt 0.711293 0.133298
vt 0.738243 0.123765
vt 0.787111 0.497865
vt 0.789524 0.488333
vt 0.711293 0.123765
vt 0.738243 0.114233
vt 0.058818 0.600076
vt 0.061231 0.590544
vt 0.705733 0.887648
vt 0.104567 0.925472
vt 0.136342 0.915939
vt 0.784039 0.488333
vt 0.813786 0.104700
vt 0.815725 0.104700
vt 0.670575 0.897180
vt 0.674160 0.887648
vt 0.884986 0.265719
vt 0.912260 0.265719
vt 0.912922 0.294317
vt 0.033684 0.187420
vt 0.033759 0.173122
vt 0.033759 0.187420
vt 0.477044 0.519578
vt 0.477119 0.505279
vt 0.477119 0.519578
vt 0.480446 0.343013
vt 0.509044 0.328714
vt 0.509044 0.343013
vt 0.402654 0.489073
vt 0.431912 0.474775
vt 0.431912 0.489073
vt 0.445374 0.519578
vt 0.473971 0.505279
vt 0.473971 0.519578
vt 0.062174 0.173122
vt 0.062174 0.187420
vt 0.004613 0.187420
vt 0.033684 0.173122
vt 0.001536 0.187420
vt 0.004613 0.173122
vt 0.480446 0.328714
vt 0.509044 0.314416
vt 0.477044 0.505279
vt 0.477119 0.490980
vt 0.001536 0.173122
vt 0.004613 0.158823
vt 0.033759 0.158823
vt 0.062174 0.158823
vt 0.445374 0.505279
vt 0.473971 0.490980
vt 0.402654 0.474775
vt 0.431912 0.460476
vt 0.033684 0.158823
vt 0.033684 0.144524
vt 0.062174 0.144524
vt 0.480446 0.314416
vt 0.509044 0.300117
vt 0.477044 0.490980
vt 0.477119 0.476681
vt 0.001536 0.158823
vt 0.004613 0.144524
vt 0.033759 0.144524
vt 0.445374 0.490980
vt 0.473971 0.476681
vt 0.402654 0.460476
vt 0.431912 0.446177
vt 0.445374 0.476681
vt 0.473971 0.462382
vt 0.402654 0.446177
vt 0.431912 0.431878
vt 0.033684 0.130225
vt 0.062174 0.130225
vt 0.480446 0.300117
vt 0.509044 0.285818
vt 0.477044 0.462382
vt 0.477119 0.462382
vt 0.001536 0.144524
vt 0.004613 0.130225
vt 0.033759 0.130225
vt 0.001536 0.130225
vt 0.004613 0.115926
vt 0.033759 0.115926
vt 0.445374 0.462382
vt 0.473971 0.448084
vt 0.402654 0.431878
vt 0.431912 0.417580
vt 0.033684 0.115926
vt 0.062174 0.115926
vt 0.480446 0.285818
vt 0.509044 0.271519
vt 0.477119 0.448084
vt 0.480446 0.271519
vt 0.509044 0.257221
vt 0.477044 0.448084
vt 0.477119 0.433785
vt 0.001536 0.115926
vt 0.004613 0.101628
vt 0.033759 0.101628
vt 0.445374 0.448084
vt 0.473971 0.433785
vt 0.402654 0.417580
vt 0.431912 0.403281
vt 0.033684 0.101628
vt 0.062174 0.101628
vt 0.402654 0.403281
vt 0.431912 0.388982
vt 0.033684 0.087329
vt 0.062174 0.087329
vt 0.480446 0.257221
vt 0.509044 0.242922
vt 0.477044 0.433785
vt 0.477119 0.419486
vt 0.001536 0.101628
vt 0.004613 0.087329
vt 0.033759 0.087329
vt 0.445374 0.433785
vt 0.473971 0.419486
vt 0.445374 0.419486
vt 0.473971 0.405187
vt 0.402654 0.388982
vt 0.431912 0.374683
vt 0.033684 0.073030
vt 0.062174 0.073030
vt 0.480446 0.228623
vt 0.509044 0.228623
vt 0.477044 0.419486
vt 0.477119 0.405187
vt 0.001536 0.087329
vt 0.004613 0.073030
vt 0.033759 0.073030
vt 0.477044 0.405187
vt 0.477119 0.390889
vt 0.001536 0.073030
vt 0.004613 0.058731
vt 0.033759 0.058731
vt 0.445374 0.405187
vt 0.473971 0.390889
vt 0.402654 0.374683
vt 0.431912 0.360384
vt 0.033684 0.058731
vt 0.062174 0.058731
vt 0.509044 0.214324
vt 0.062174 0.044433
vt 0.480446 0.214324
vt 0.509044 0.200025
vt 0.477044 0.390889
vt 0.477119 0.376590
vt 0.001536 0.058731
vt 0.004613 0.044433
vt 0.033759 0.044433
vt 0.445374 0.390889
vt 0.473971 0.376590
vt 0.402654 0.360384
vt 0.431912 0.346086
vt 0.033684 0.044433
vt 0.445374 0.376590
vt 0.473971 0.362291
vt 0.402654 0.346086
vt 0.431912 0.331787
vt 0.033684 0.030134
vt 0.062174 0.030134
vt 0.480446 0.200025
vt 0.509044 0.185727
vt 0.477044 0.376590
vt 0.477119 0.362291
vt 0.001536 0.044433
vt 0.004613 0.030134
vt 0.033759 0.030134
vt 0.033759 0.015835
vt 0.445374 0.362291
vt 0.473971 0.347992
vt 0.402654 0.331787
vt 0.431912 0.317488
vt 0.033684 0.015835
vt 0.062174 0.015835
vt 0.480446 0.171428
vt 0.509044 0.171428
vt 0.477044 0.362291
vt 0.477119 0.347992
vt 0.001536 0.030134
vt 0.004613 0.015835
vt 0.480446 0.157129
vt 0.509044 0.157129
vt 0.477044 0.333693
vt 0.477119 0.333693
vt 0.001536 0.015835
vt 0.004613 0.001536
vt 0.033759 0.001536
vt 0.445374 0.347992
vt 0.473971 0.333693
vt 0.402654 0.317488
vt 0.431912 0.303189
vt 0.033684 0.001536
vt 0.062174 0.001536
vt 0.001536 0.661846
vt 0.011069 0.662415
vt 0.001536 0.662415
vt 0.233983 0.830472
vt 0.233983 0.862247
vt 0.207251 0.830472
vt 0.844648 0.973081
vt 0.849162 0.963548
vt 0.849162 0.973081
vt 0.792564 0.868260
vt 0.760789 0.858728
vt 0.792564 0.858728
vt 0.930202 0.118999
vt 0.952150 0.109466
vt 0.952150 0.118999
vt 0.496109 0.883617
vt 0.527884 0.874085
vt 0.527884 0.883617
vt 0.011069 0.693987
vt 0.001536 0.693987
vt 0.001536 0.640038
vt 0.011069 0.661846
vt 0.001536 0.636513
vt 0.011069 0.640038
vt 0.792564 0.849195
vt 0.844648 0.963548
vt 0.849162 0.954016
vt 0.011069 0.636513
vt 0.020601 0.640038
vt 0.020601 0.662415
vt 0.020601 0.693987
vt 0.496109 0.874085
vt 0.527884 0.864552
vt 0.930202 0.109466
vt 0.952150 0.099934
vt 0.020601 0.661846
vt 0.030134 0.661846
vt 0.030134 0.693987
vt 0.760789 0.849195
vt 0.792564 0.839663
vt 0.844648 0.954016
vt 0.849162 0.944483
vt 0.020601 0.636513
vt 0.030134 0.640038
vt 0.030134 0.662415
vt 0.496109 0.864552
vt 0.527884 0.855020
vt 0.930202 0.099934
vt 0.952150 0.090401
vt 0.496109 0.855020
vt 0.527884 0.845487
vt 0.930202 0.090401
vt 0.952150 0.080869
vt 0.039666 0.661846
vt 0.039666 0.693987
vt 0.760789 0.839663
vt 0.792564 0.830130
vt 0.844648 0.944483
vt 0.849162 0.934951
vt 0.030134 0.636513
vt 0.039666 0.640038
vt 0.039666 0.662415
vt 0.039666 0.636513
vt 0.049199 0.640038
vt 0.049199 0.661846
vt 0.049199 0.662415
vt 0.496109 0.845487
vt 0.527884 0.835955
vt 0.930202 0.080869
vt 0.952150 0.071336
vt 0.049199 0.693987
vt 0.760789 0.820598
vt 0.792564 0.820598
vt 0.844648 0.934951
vt 0.849162 0.925418
vt 0.760789 0.811065
vt 0.792564 0.811065
vt 0.844648 0.925418
vt 0.849162 0.915886
vt 0.049199 0.636513
vt 0.058731 0.640038
vt 0.058731 0.662415
vt 0.496109 0.835955
vt 0.527884 0.826422
vt 0.930202 0.071336
vt 0.952150 0.061804
vt 0.058731 0.661846
vt 0.058731 0.693987
vt 0.258513 0.891758
vt 0.284662 0.923533
vt 0.264138 0.923533
vt 0.052271 0.797151
vt 0.057897 0.782853
vt 0.057897 0.797151
vt 0.666877 0.540762
vt 0.670462 0.526463
vt 0.670462 0.540762
vt 0.980166 0.352758
vt 0.985792 0.338460
vt 0.985792 0.352758
vt 0.042739 0.910992
vt 0.057174 0.896693
vt 0.057174 0.910992
vt 0.670575 0.681103
vt 0.702350 0.666804
vt 0.702350 0.681103
vt 0.702034 0.526463
vt 0.702034 0.540762
vt 0.296673 0.651552
vt 0.311201 0.637253
vt 0.311201 0.651552
vt 0.813786 0.101628
vt 0.834311 0.087329
vt 0.834311 0.101628
vt 0.980166 0.338460
vt 0.985792 0.324161
vt 0.813786 0.073030
vt 0.834311 0.073030
vt 0.052271 0.768554
vt 0.057897 0.768554
vt 0.666877 0.526463
vt 0.670462 0.512164
vt 0.702034 0.512164
vt 0.042739 0.896693
vt 0.057174 0.882394
vt 0.296673 0.637253
vt 0.311201 0.622954
vt 0.670575 0.666804
vt 0.702350 0.652505
vt 0.670575 0.652505
vt 0.702350 0.638206
vt 0.702034 0.497865
vt 0.980166 0.309862
vt 0.985792 0.309862
vt 0.834311 0.058731
vt 0.057897 0.754255
vt 0.666877 0.512164
vt 0.670462 0.497865
vt 0.042739 0.882394
vt 0.057174 0.868095
vt 0.296673 0.622954
vt 0.311201 0.608655
vt 0.042739 0.868095
vt 0.057174 0.853797
vt 0.296673 0.608655
vt 0.311201 0.594357
vt 0.670575 0.638206
vt 0.702350 0.623907
vt 0.702034 0.483567
vt 0.985792 0.295563
vt 0.813786 0.058731
vt 0.834311 0.044433
vt 0.052271 0.754255
vt 0.057897 0.739956
vt 0.666877 0.497865
vt 0.670462 0.483567
vt 0.052271 0.739956
vt 0.057897 0.725658
vt 0.666877 0.469268
vt 0.670462 0.469268
vt 0.042739 0.853797
vt 0.057174 0.839498
vt 0.296673 0.594357
vt 0.311201 0.580058
vt 0.670575 0.623907
vt 0.702350 0.609609
vt 0.702034 0.469268
vt 0.980166 0.295563
vt 0.985792 0.281265
vt 0.813786 0.044433
vt 0.834311 0.030134
vt 0.980166 0.281265
vt 0.985792 0.266966
vt 0.813786 0.030134
vt 0.834311 0.015835
vt 0.052271 0.725658
vt 0.057897 0.711359
vt 0.670462 0.454969
vt 0.042739 0.839498
vt 0.057174 0.825199
vt 0.296673 0.580058
vt 0.311201 0.565759
vt 0.670575 0.609609
vt 0.702350 0.595310
vt 0.702034 0.454969
vt 0.296673 0.565759
vt 0.311201 0.551460
vt 0.670575 0.595310
vt 0.702350 0.581011
vt 0.702034 0.440670
vt 0.980166 0.266966
vt 0.985792 0.252667
vt 0.813786 0.015835
vt 0.834311 0.001536
vt 0.052271 0.711359
vt 0.057897 0.697060
vt 0.666877 0.454969
vt 0.670462 0.440670
vt 0.042739 0.825199
vt 0.057174 0.810900
vt 0.423526 0.790727
vt 0.423864 0.778334
vt 0.423864 0.790727
vt 0.849477 0.236462
vt 0.880914 0.265059
vt 0.849814 0.265059
vt 0.445374 0.330621
vt 0.448959 0.318229
vt 0.448959 0.330621
vt 0.365816 0.565546
vt 0.366154 0.553154
vt 0.366154 0.565546
vt 0.512116 0.330621
vt 0.540535 0.318229
vt 0.540535 0.330621
vt 0.370889 0.533876
vt 0.399486 0.521484
vt 0.399486 0.533876
vt 0.477374 0.318229
vt 0.477374 0.330621
vt 0.480446 0.519577
vt 0.509048 0.507185
vt 0.509048 0.519577
vt 0.253161 0.491933
vt 0.222062 0.479541
vt 0.253161 0.479541
vt 0.365816 0.553154
vt 0.366154 0.540762
vt 0.253161 0.467149
vt 0.423526 0.778334
vt 0.423864 0.765942
vt 0.445374 0.318229
vt 0.448959 0.305836
vt 0.477374 0.305836
vt 0.512116 0.318229
vt 0.540535 0.305836
vt 0.480446 0.507185
vt 0.509048 0.494793
vt 0.370889 0.521484
vt 0.399486 0.509092
vt 0.370889 0.509092
vt 0.399486 0.496699
vt 0.477374 0.293444
vt 0.365816 0.540762
vt 0.366154 0.528370
vt 0.222062 0.467149
vt 0.253161 0.454756
vt 0.423526 0.765942
vt 0.423864 0.753550
vt 0.445374 0.305836
vt 0.448959 0.293444
vt 0.512116 0.305836
vt 0.540535 0.293444
vt 0.480446 0.494793
vt 0.509048 0.482401
vt 0.512116 0.293444
vt 0.540535 0.281052
vt 0.480446 0.482401
vt 0.509048 0.470008
vt 0.370889 0.496699
vt 0.399486 0.484307
vt 0.477374 0.281052
vt 0.365816 0.528370
vt 0.366154 0.515977
vt 0.222062 0.454756
vt 0.253161 0.442364
vt 0.423526 0.753550
vt 0.423864 0.741157
vt 0.445374 0.281052
vt 0.448959 0.281052
vt 0.423526 0.741157
vt 0.423864 0.728765
vt 0.445374 0.268660
vt 0.448959 0.268660
vt 0.512116 0.281052
vt 0.540535 0.268660
vt 0.480446 0.470008
vt 0.509048 0.457616
vt 0.370889 0.484307
vt 0.399486 0.471915
vt 0.477374 0.268660
vt 0.365816 0.515977
vt 0.366154 0.503585
vt 0.222062 0.442364
vt 0.253161 0.429972
vt 0.365816 0.503585
vt 0.366154 0.491193
vt 0.222062 0.429972
vt 0.253161 0.417580
vt 0.423526 0.728765
vt 0.423864 0.716373
vt 0.448959 0.256267
vt 0.512116 0.268660
vt 0.540535 0.256267
vt 0.480446 0.457616
vt 0.509048 0.445224
vt 0.370889 0.471915
vt 0.399486 0.459523
vt 0.477374 0.256267
vt 0.480446 0.445224
vt 0.509048 0.432832
vt 0.370889 0.459523
vt 0.399486 0.447130
vt 0.477374 0.243875
vt 0.365816 0.491193
vt 0.366154 0.478800
vt 0.222062 0.405187
vt 0.253161 0.405187
vt 0.423526 0.716373
vt 0.423864 0.703981
vt 0.445374 0.256267
vt 0.448959 0.243875
vt 0.512116 0.256267
vt 0.540535 0.243875
vt 0.512116 0.243875
vt 0.540535 0.231483
vt 0.480446 0.432832
vt 0.509048 0.420439
vt 0.370889 0.447130
vt 0.399486 0.434738
vt 0.477374 0.231483
vt 0.365816 0.478800
vt 0.366154 0.466408
vt 0.222062 0.392795
vt 0.253161 0.392795
vt 0.423526 0.703981
vt 0.423864 0.691588
vt 0.445374 0.243875
vt 0.448959 0.231483
vt 0.253161 0.380403
vt 0.423526 0.691588
vt 0.423864 0.679196
vt 0.445374 0.231483
vt 0.448959 0.219090
vt 0.512116 0.231483
vt 0.540535 0.219090
vt 0.480446 0.420439
vt 0.509048 0.408047
vt 0.370889 0.434738
vt 0.399486 0.422346
vt 0.477374 0.219090
vt 0.365816 0.466408
vt 0.366154 0.454016
vt 0.477374 0.206698
vt 0.365816 0.454016
vt 0.366154 0.441624
vt 0.222062 0.380403
vt 0.253161 0.368010
vt 0.423526 0.679196
vt 0.423864 0.666804
vt 0.445374 0.219090
vt 0.448959 0.206698
vt 0.512116 0.219090
vt 0.540535 0.206698
vt 0.480446 0.408047
vt 0.509048 0.395655
vt 0.370889 0.422346
vt 0.399486 0.409954
vt 0.512116 0.206698
vt 0.540535 0.194306
vt 0.480446 0.395655
vt 0.509048 0.383262
vt 0.370889 0.409954
vt 0.399486 0.397561
vt 0.477374 0.194306
vt 0.365816 0.441624
vt 0.366154 0.429231
vt 0.222062 0.355618
vt 0.253161 0.355618
vt 0.423526 0.666804
vt 0.423864 0.654412
vt 0.445374 0.206698
vt 0.448959 0.194306
vt 0.445374 0.194306
vt 0.448959 0.181914
vt 0.512116 0.194306
vt 0.540535 0.181914
vt 0.480446 0.383262
vt 0.509048 0.370870
vt 0.370889 0.397561
vt 0.399486 0.385169
vt 0.477374 0.181914
vt 0.365816 0.416839
vt 0.366154 0.416839
vt 0.253161 0.343226
vt 0.423526 0.654412
vt 0.423864 0.642019
vt 0.366154 0.404447
vt 0.222062 0.330834
vt 0.253161 0.330834
vt 0.423526 0.642019
vt 0.423864 0.629627
vt 0.445374 0.181914
vt 0.448959 0.169521
vt 0.512116 0.181914
vt 0.540535 0.169521
vt 0.480446 0.370870
vt 0.509048 0.358478
vt 0.370889 0.385169
vt 0.399486 0.372777
vt 0.477374 0.169521
vt 0.370889 0.372777
vt 0.399486 0.360384
vt 0.477374 0.157129
vt 0.365816 0.392055
vt 0.366154 0.392055
vt 0.253161 0.318441
vt 0.423526 0.629627
vt 0.423864 0.617235
vt 0.445374 0.169521
vt 0.448959 0.157129
vt 0.512116 0.169521
vt 0.540535 0.157129
vt 0.480446 0.358478
vt 0.509048 0.346086
vt 0.511756 0.975555
vt 0.516415 0.963640
vt 0.516415 0.975555
vt 0.833767 0.877688
vt 0.829108 0.909463
vt 0.806650 0.909463
vt 0.370889 0.912607
vt 0.374474 0.900691
vt 0.374474 0.912607
vt 0.836839 0.912813
vt 0.868614 0.900897
vt 0.868614 0.912813
vt 0.908051 0.950770
vt 0.922252 0.938855
vt 0.922252 0.950770
vt 0.519487 0.975555
vt 0.524145 0.963640
vt 0.524145 0.975555
vt 0.406046 0.900691
vt 0.406046 0.912607
vt 0.196789 0.920840
vt 0.198391 0.908924
vt 0.198391 0.920840
vt 0.370889 0.963342
vt 0.393347 0.951427
vt 0.393347 0.963342
vt 0.836839 0.900897
vt 0.868614 0.888982
vt 0.908051 0.938855
vt 0.922252 0.926939
vt 0.196789 0.908924
vt 0.198391 0.897009
vt 0.370889 0.900691
vt 0.374474 0.888776
vt 0.406046 0.888776
vt 0.519487 0.963640
vt 0.524145 0.951724
vt 0.370889 0.951427
vt 0.393347 0.939511
vt 0.511756 0.963640
vt 0.516415 0.951724
vt 0.511756 0.951724
vt 0.516415 0.939808
vt 0.406046 0.876860
vt 0.836839 0.888982
vt 0.868614 0.877066
vt 0.908051 0.926939
vt 0.922252 0.915024
vt 0.196789 0.897009
vt 0.198391 0.885093
vt 0.370889 0.888776
vt 0.374474 0.876860
vt 0.519487 0.951724
vt 0.524145 0.939808
vt 0.370889 0.939511
vt 0.393347 0.927595
vt 0.519487 0.939808
vt 0.524145 0.927893
vt 0.370889 0.927595
vt 0.393347 0.915680
vt 0.511756 0.939808
vt 0.516415 0.927893
vt 0.406046 0.864944
vt 0.836839 0.865150
vt 0.868614 0.865150
vt 0.908051 0.903108
vt 0.922252 0.903108
vt 0.196789 0.885093
vt 0.198391 0.873177
vt 0.370889 0.876860
vt 0.374474 0.864944
vt 0.649739 0.969644
vt 0.641605 0.960111
vt 0.649739 0.960111
vt 0.438929 0.904517
vt 0.462570 0.936292
vt 0.447062 0.936292
vt 0.820476 0.436857
vt 0.824061 0.427325
vt 0.824061 0.436857
vt 0.420643 0.976052
vt 0.428776 0.966520
vt 0.428776 0.976052
vt 0.409118 0.976052
vt 0.417570 0.966520
vt 0.417570 0.976052
vt 0.836839 0.862078
vt 0.868614 0.852545
vt 0.868614 0.862078
vt 0.855633 0.427325
vt 0.855633 0.436857
vt 0.190304 0.981108
vt 0.198811 0.971575
vt 0.198811 0.981108
vt 0.947664 0.293657
vt 0.963172 0.284124
vt 0.963172 0.293657
vt 0.420643 0.966520
vt 0.428776 0.956987
vt 0.947664 0.284124
vt 0.963172 0.274592
vt 0.649739 0.950579
vt 0.820476 0.427325
vt 0.824061 0.417792
vt 0.855633 0.417792
vt 0.409118 0.966520
vt 0.417570 0.956987
vt 0.190304 0.971575
vt 0.198811 0.962043
vt 0.836839 0.852545
vt 0.868614 0.843013
vt 0.836839 0.843013
vt 0.868614 0.833480
vt 0.855633 0.408260
vt 0.420643 0.956987
vt 0.428776 0.947455
vt 0.947664 0.274592
vt 0.963172 0.265059
vt 0.641605 0.950579
vt 0.649739 0.941046
vt 0.820476 0.417792
vt 0.824061 0.408260
vt 0.409118 0.956987
vt 0.417570 0.947455
vt 0.190304 0.962043
vt 0.198811 0.952510
vt 0.409118 0.947455
vt 0.417570 0.937922
vt 0.190304 0.952510
vt 0.198811 0.942977
vt 0.836839 0.833480
vt 0.868614 0.823948
vt 0.855633 0.398727
vt 0.420643 0.947455
vt 0.428776 0.937922
vt 0.947664 0.265059
vt 0.963172 0.255527
vt 0.641605 0.941046
vt 0.649739 0.931514
vt 0.820476 0.408260
vt 0.824061 0.398727
vt 0.641605 0.921981
vt 0.649739 0.921981
vt 0.820476 0.398727
vt 0.824061 0.389195
vt 0.409118 0.937922
vt 0.417570 0.928390
vt 0.190304 0.942977
vt 0.198811 0.933445
vt 0.836839 0.823948
vt 0.868614 0.814415
vt 0.855633 0.389195
vt 0.420643 0.928390
vt 0.428776 0.928390
vt 0.947664 0.245994
vt 0.963172 0.245994
vt 0.428776 0.918857
vt 0.963172 0.236462
vt 0.641605 0.912449
vt 0.649739 0.912449
vt 0.820476 0.389195
vt 0.824061 0.379662
vt 0.409118 0.928390
vt 0.417570 0.918857
vt 0.190304 0.933445
vt 0.198811 0.923912
vt 0.836839 0.814415
vt 0.868614 0.804883
vt 0.855633 0.379662
vt 0.635728 0.684280
vt 0.667503 0.676336
vt 0.667503 0.684280
vt 0.991748 0.125459
vt 0.994925 0.117515
vt 0.994925 0.125459
vt 0.260535 0.429654
vt 0.263693 0.421710
vt 0.263693 0.429654
vt 0.258513 0.662673
vt 0.290085 0.654729
vt 0.290085 0.662673
vt 0.256234 0.421710
vt 0.256234 0.429654
vt 0.594525 0.551883
vt 0.632655 0.543939
vt 0.632655 0.551883
vt 0.260535 0.421710
vt 0.263693 0.413767
vt 0.635728 0.692224
vt 0.667503 0.692224
vt 0.922276 0.855655
vt 0.922635 0.847712
vt 0.922635 0.855655
vt 0.499286 0.889867
vt 0.499286 0.921643
vt 0.496109 0.886690
vt 0.922276 0.847712
vt 0.922635 0.839768
vt 0.971431 0.795388
vt 0.974608 0.787444
vt 0.974608 0.795388
vt 0.489664 0.795070
vt 0.492841 0.787126
vt 0.492841 0.795070
vt 0.578743 0.971424
vt 0.581920 0.963481
vt 0.581920 0.971424
vt 0.290444 0.662673
vt 0.293601 0.654729
vt 0.293601 0.662673
vt 0.290444 0.646785
vt 0.290444 0.654729
vt 0.971431 0.787444
vt 0.974608 0.779500
vt 0.258513 0.654729
vt 0.290085 0.646785
vt 0.594525 0.543939
vt 0.632655 0.535996
vt 0.260535 0.413767
vt 0.991748 0.117515
vt 0.994925 0.109571
vt 0.489664 0.787126
vt 0.492841 0.779183
vt 0.578743 0.963481
vt 0.581920 0.955537
vt 0.293601 0.646785
vt 0.489664 0.779183
vt 0.492841 0.771239
vt 0.263693 0.405823
vt 0.635728 0.676336
vt 0.667503 0.668393
vt 0.578743 0.955537
vt 0.581920 0.947593
vt 0.922276 0.839768
vt 0.922635 0.831824
vt 0.971431 0.779500
vt 0.974608 0.771556
vt 0.258513 0.646785
vt 0.290085 0.638842
vt 0.594525 0.535996
vt 0.632655 0.528052
vt 0.290444 0.638842
vt 0.256234 0.413767
vt 0.260535 0.405823
vt 0.293601 0.638842
vt 0.991748 0.109571
vt 0.994925 0.101628
vt 0.489664 0.771239
vt 0.492841 0.763295
vt 0.991748 0.101628
vt 0.994925 0.093684
vt 0.578743 0.947593
vt 0.581920 0.939649
vt 0.263693 0.397879
vt 0.594525 0.528052
vt 0.632655 0.520108
vt 0.635728 0.668393
vt 0.667503 0.660449
vt 0.256234 0.405823
vt 0.260535 0.397879
vt 0.293601 0.630898
vt 0.258513 0.638842
vt 0.290085 0.630898
vt 0.922276 0.823880
vt 0.922635 0.823880
vt 0.971431 0.771556
vt 0.974608 0.763613
vt 0.290444 0.630898
vt 0.290444 0.622954
vt 0.489664 0.755351
vt 0.492841 0.755351
vt 0.991748 0.093684
vt 0.994925 0.085740
vt 0.578743 0.939649
vt 0.581920 0.931706
vt 0.263693 0.389935
vt 0.594525 0.512164
vt 0.632655 0.512164
vt 0.635728 0.660449
vt 0.667503 0.652505
vt 0.256234 0.397879
vt 0.260535 0.389935
vt 0.293601 0.622954
vt 0.258513 0.630898
vt 0.290085 0.622954
vt 0.922635 0.815937
vt 0.971431 0.763613
vt 0.974608 0.755669
vt 0.971431 0.755669
vt 0.974608 0.747725
vt 0.290444 0.615010
vt 0.492841 0.747408
vt 0.991748 0.085740
vt 0.994925 0.077796
vt 0.578743 0.931706
vt 0.581920 0.923762
vt 0.263693 0.381992
vt 0.632655 0.504220
vt 0.635728 0.652505
vt 0.667503 0.644561
vt 0.256234 0.389935
vt 0.260535 0.381992
vt 0.293601 0.615010
vt 0.258513 0.622954
vt 0.290085 0.615010
vt 0.922276 0.815937
vt 0.922635 0.807993
vt 0.971431 0.747725
vt 0.974608 0.739781
vt 0.290444 0.607067
vt 0.489664 0.747408
vt 0.492841 0.739464
vt 0.991748 0.077796
vt 0.994925 0.069853
vt 0.578743 0.915818
vt 0.581920 0.915818
vt 0.263693 0.374048
vt 0.594525 0.504220
vt 0.632655 0.496277
vt 0.635728 0.644561
vt 0.667503 0.636617
vt 0.256234 0.381992
vt 0.260535 0.374048
vt 0.293601 0.607067
vt 0.258513 0.615010
vt 0.290085 0.607067
vt 0.922276 0.807993
vt 0.922635 0.800049
vt 0.922276 0.800049
vt 0.922635 0.792105
vt 0.971431 0.739781
vt 0.974608 0.731838
vt 0.290444 0.599123
vt 0.489664 0.739464
vt 0.492841 0.731520
vt 0.991748 0.069853
vt 0.994925 0.061909
vt 0.581920 0.907874
vt 0.263693 0.366104
vt 0.594525 0.496277
vt 0.632655 0.488333
vt 0.635728 0.636617
vt 0.667503 0.628674
vt 0.256234 0.374048
vt 0.260535 0.366104
vt 0.293601 0.599123
vt 0.258513 0.607067
vt 0.290085 0.599123
vt 0.258513 0.599123
vt 0.290085 0.591179
vt 0.922276 0.792105
vt 0.922635 0.784161
vt 0.971431 0.731838
vt 0.974608 0.723894
vt 0.290444 0.591179
vt 0.489664 0.731520
vt 0.492841 0.723576
vt 0.991748 0.061909
vt 0.994925 0.053965
vt 0.578743 0.907874
vt 0.581920 0.899931
vt 0.263693 0.358160
vt 0.594525 0.480389
vt 0.632655 0.480389
vt 0.635728 0.628674
vt 0.667503 0.620730
vt 0.256234 0.366104
vt 0.260535 0.358160
vt 0.293601 0.591179
vt 0.293601 0.583235
vt 0.258513 0.591179
vt 0.290085 0.583235
vt 0.922276 0.784161
vt 0.922635 0.776218
vt 0.971431 0.723894
vt 0.974608 0.715950
vt 0.290444 0.583235
vt 0.489664 0.723576
vt 0.492841 0.715632
vt 0.991748 0.053965
vt 0.994925 0.046021
vt 0.578743 0.899931
vt 0.581920 0.891987
vt 0.263693 0.350217
vt 0.594525 0.472445
vt 0.632655 0.472445
vt 0.635728 0.620730
vt 0.667503 0.612786
vt 0.256234 0.358160
vt 0.260535 0.350217
vt 0.256234 0.350216
vt 0.260535 0.342273
vt 0.293601 0.575292
vt 0.258513 0.583235
vt 0.290085 0.575292
vt 0.922276 0.776218
vt 0.922635 0.768274
vt 0.971431 0.715950
vt 0.974608 0.708006
vt 0.290444 0.575292
vt 0.489664 0.707689
vt 0.492841 0.707689
vt 0.991748 0.046021
vt 0.994925 0.038078
vt 0.578743 0.891987
vt 0.581920 0.884043
vt 0.263693 0.342273
vt 0.632655 0.464502
vt 0.635728 0.612786
vt 0.667503 0.604842
vt 0.256234 0.342273
vt 0.260535 0.334329
vt 0.293601 0.567348
vt 0.258513 0.575292
vt 0.290085 0.567348
vt 0.922276 0.768274
vt 0.922635 0.760330
vt 0.971431 0.708006
vt 0.974608 0.700063
vt 0.290444 0.567348
vt 0.492841 0.699745
vt 0.991748 0.038078
vt 0.994925 0.030134
vt 0.578743 0.884043
vt 0.581920 0.876099
vt 0.263693 0.334329
vt 0.594525 0.464502
vt 0.632655 0.456558
vt 0.635728 0.604842
vt 0.667503 0.596899
vt 0.635728 0.596899
vt 0.667503 0.588955
vt 0.256234 0.334329
vt 0.260535 0.326385
vt 0.293601 0.559404
vt 0.258513 0.567348
vt 0.290085 0.559404
vt 0.922276 0.760330
vt 0.922635 0.752386
vt 0.971431 0.700063
vt 0.974608 0.692119
vt 0.290444 0.559404
vt 0.489664 0.699745
vt 0.492841 0.691801
vt 0.991748 0.030134
vt 0.994925 0.022190
vt 0.578743 0.868155
vt 0.581920 0.868155
vt 0.263693 0.326385
vt 0.594525 0.448614
vt 0.632655 0.448614
vt 0.635728 0.588955
vt 0.667503 0.581011
vt 0.256234 0.326385
vt 0.260535 0.318441
vt 0.293601 0.551460
vt 0.258513 0.559404
vt 0.290085 0.551460
vt 0.922276 0.752386
vt 0.922635 0.744443
vt 0.971431 0.692119
vt 0.974608 0.684175
vt 0.290444 0.551460
vt 0.489664 0.691801
vt 0.492841 0.683857
vt 0.991748 0.022190
vt 0.994925 0.014246
vt 0.581920 0.860212
vt 0.263693 0.318441
vt 0.632655 0.440670
vt 0.524603 0.689093
vt 0.523539 0.683748
vt 0.523539 0.678297
vt 0.524603 0.672952
vt 0.526689 0.667916
vt 0.529717 0.663384
vt 0.533571 0.659530
vt 0.538102 0.656502
vt 0.543138 0.654417
vt 0.559280 0.654417
vt 0.548484 0.653353
vt 0.553934 0.653353
vt 0.564315 0.656502
vt 0.568847 0.659530
vt 0.572701 0.663384
vt 0.577815 0.672952
vt 0.578878 0.678297
vt 0.578878 0.683748
vt 0.577815 0.689093
vt 0.575729 0.694129
vt 0.572701 0.698661
vt 0.568847 0.702515
vt 0.564315 0.705543
vt 0.559280 0.707629
vt 0.553934 0.708692
vt 0.548484 0.708692
vt 0.538102 0.705543
vt 0.533571 0.702515
vt 0.529717 0.698661
vt 0.670575 0.684175
vt 0.155586 0.761919
vt 0.585192 0.695296
vt 0.585192 0.738193
vt 0.670575 0.741370
vt 0.936473 0.589063
vt 0.258513 0.538855
vt 0.839541 0.531442
vt 0.839541 0.512377
vt 0.839541 0.474247
vt 0.202208 0.909805
vt 0.115981 0.357312
vt 0.267523 0.115926
vt 0.115981 0.300117
vt 0.115981 0.204792
vt 0.267523 0.001536
vt 0.267523 0.157129
vt 0.716833 0.260293
vt 0.496109 0.823350
vt 0.936473 0.528795
vt 0.801741 0.599336
vt 0.936473 0.481133
vt 0.496109 0.766155
vt 0.889656 0.479967
vt 0.884889 0.479967
vt 0.884889 0.474247
vt 0.913582 0.474247
vt 0.908816 0.479967
vt 0.913582 0.479967
vt 0.913582 0.522863
vt 0.913582 0.528582
vt 0.884889 0.522863
vt 0.311095 0.455710
vt 0.928634 0.551248
vt 0.370889 0.300117
vt 0.370889 0.242922
vt 0.055620 0.317488
vt 0.927083 0.684175
vt 0.370889 0.157129
vt 0.117162 0.001536
vt 0.426936 0.617235
vt 0.065246 0.001536
vt 0.311095 0.312722
vt 0.434984 0.303189
vt 0.928634 0.379662
vt 0.258513 0.888686
vt 0.475564 0.114233
vt 0.536862 0.883617
vt 0.477059 0.802227
vt 0.198597 0.739569
vt 0.001536 0.544575
vt 0.001536 0.906915
vt 0.001536 0.871168
vt 0.006303 0.871168
vt 0.006303 0.866402
vt 0.034900 0.866402
vt 0.034900 0.911681
vt 0.006303 0.911681
vt 0.039666 0.871168
vt 0.039666 0.906915
vt 0.976101 0.128636
vt 0.679623 0.115926
vt 0.001536 0.515977
vt 0.976101 0.217502
vt 0.679623 0.073030
vt 0.976101 0.057143
vt 0.976101 0.146008
vt 0.976101 0.028545
vt 0.966333 0.547755
vt 0.972328 0.252667
vt 0.198597 0.625178
vt 0.679623 0.001536
vt 0.609133 0.001536
vt 0.001536 0.430185
vt 0.983939 0.014246
vt 0.917618 0.469655
vt 0.594525 0.669346
vt 0.517196 0.130225
vt 0.517196 0.030134
vt 0.706423 0.300330
vt 0.517196 0.001536
vt 0.594525 0.554956
vt 0.001536 0.858563
vt 0.001536 0.815666
vt 0.006303 0.815666
vt 0.006303 0.810900
vt 0.034900 0.810900
vt 0.034900 0.863329
vt 0.006303 0.863329
vt 0.039666 0.815666
vt 0.039666 0.858563
vt 0.971431 0.934988
vt 0.202208 0.720399
vt 0.792144 0.915951
vt 0.760789 0.915951
vt 0.356283 0.926412
vt 0.768628 0.915951
vt 0.971431 0.877793
vt 0.871687 0.763508
vt 0.776466 0.915951
vt 0.104567 0.747620
vt 0.762018 0.576919
vt 0.759049 0.577485
vt 0.756032 0.577675
vt 0.753016 0.577485
vt 0.747172 0.575985
vt 0.744437 0.574698
vt 0.741885 0.573078
vt 0.739556 0.571151
vt 0.737486 0.568948
vt 0.733141 0.561043
vt 0.735710 0.566502
vt 0.734254 0.563854
vt 0.732389 0.558115
vt 0.732010 0.555117
vt 0.732010 0.552094
vt 0.732389 0.549095
vt 0.733141 0.546167
vt 0.734254 0.543357
vt 0.735710 0.540708
vt 0.739556 0.536059
vt 0.741885 0.534132
vt 0.744437 0.532513
vt 0.747172 0.531226
vt 0.750046 0.530292
vt 0.753016 0.529725
vt 0.756032 0.529536
vt 0.759049 0.529725
vt 0.762018 0.530292
vt 0.764893 0.531226
vt 0.767628 0.532513
vt 0.770180 0.534132
vt 0.772509 0.536059
vt 0.777811 0.543357
vt 0.774578 0.538263
vt 0.776355 0.540708
vt 0.778924 0.546167
vt 0.779676 0.549095
vt 0.780054 0.552094
vt 0.780054 0.555117
vt 0.779676 0.558115
vt 0.778924 0.561043
vt 0.777811 0.563854
vt 0.774578 0.568948
vt 0.767628 0.574698
vt 0.772509 0.571151
vt 0.770180 0.573078
vt 0.764893 0.575985
vt 0.543608 0.294397
vt 0.267523 0.449990
vt 0.267523 0.381356
vt 0.369834 0.001536
vt 0.543608 0.157129
vt 0.267523 0.312722
vt 0.362600 0.734910
vt 0.339722 0.734910
vt 0.339722 0.734098
vt 0.315081 0.734098
vt 0.315081 0.678527
vt 0.339722 0.677715
vt 0.362600 0.677715
vt 0.367216 0.680478
vt 0.367216 0.732148
vt 0.685618 0.976513
vt 0.941122 0.020601
vt 0.685618 0.947915
vt 0.036735 0.933819
vt 0.036735 0.914754
vt 0.941122 0.001536
vt 0.258513 0.784038
vt 0.486591 0.683857
vt 0.527218 0.927893
vt 0.530957 0.826422
vt 0.795637 0.811065
vt 0.622132 0.860212
vt 0.931533 0.599336
vt 0.711293 0.111160
vt 0.711293 0.045386
vt 0.466032 0.001536
vt 0.001536 0.317488
vt 0.626195 0.909376
vt 0.064817 0.614375
vt 0.064817 0.557180
vt 0.315081 0.274592
vt 0.064817 0.336553
vt 0.413785 0.861872
vt 0.496109 0.608443
vt 0.496109 0.565546
vt 0.064817 0.454016
vt 0.370889 0.536949
vt 0.496109 0.522650
vt 0.163131 0.286771
vt 0.798919 0.755564
vt 0.798919 0.803227
vt 0.794153 0.803227
vt 0.794153 0.807993
vt 0.765555 0.807993
vt 0.765555 0.750798
vt 0.794153 0.750798
vt 0.760789 0.803227
vt 0.760789 0.755564
vt 0.589789 0.667757
vt 0.154474 0.460476
vt 0.647953 0.101628
vt 0.163131 0.258174
vt 0.154474 0.417580
vt 0.647953 0.058731
vt 0.514823 0.683009
vt 0.514823 0.640113
vt 0.647953 0.001536
vt 0.065246 0.204792
vt 0.163131 0.172381
vt 0.920690 0.431525
vt 0.154474 0.360384
vt 0.581951 0.539068
vt 0.625579 0.554956
vt 0.589789 0.539068
vt 0.718238 0.792105
vt 0.163131 0.501679
vt 0.543790 0.469268
vt 0.163131 0.463548
vt 0.315081 0.509517
vt 0.543790 0.440670
vt 0.960304 0.478060
vt 0.793573 0.379662
vt 0.543790 0.346086
vt 0.445374 0.522650
vt 0.842636 0.300330
vt 0.866467 0.300330
vt 0.866467 0.305096
vt 0.871233 0.305096
vt 0.871233 0.352758
vt 0.837870 0.352758
vt 0.837870 0.305096
vt 0.866467 0.357525
vt 0.842636 0.357525
vt 0.783977 0.110080
vt 0.783977 0.059240
vt 0.988864 0.252667
vt 0.903298 0.061804
vt 0.258513 0.665746
vt 0.104567 0.611197
vt 0.652811 0.912449
vt 0.473776 0.904517
vt 0.152472 0.677820
vt 0.708805 0.887648
vt 0.240338 0.756517
vt 0.240338 0.752069
vt 0.246693 0.752069
vt 0.246693 0.805451
vt 0.240338 0.801002
vt 0.240338 0.805451
vt 0.208563 0.805451
vt 0.202208 0.805451
vt 0.208563 0.752069
vt 0.571108 0.099934
vt 0.670575 0.941560
vt 0.590173 0.099934
vt 0.626195 0.912449
vt 0.438929 0.856959
vt 0.968262 0.252244
vt 0.852234 0.915886
vt 0.670575 0.928850
vt 0.303531 0.787110
vt 0.678097 0.928850
vt 0.602883 0.099934
vt 0.543608 0.297470
vt 0.960304 0.379662
vt 0.001536 0.314416
vt 0.001536 0.276286
vt 0.705106 0.516931
vt 0.319099 0.001536
vt 0.705106 0.440670
vt 0.001536 0.190493
vt 0.386147 0.814353
vt 0.383868 0.813338
vt 0.377836 0.808956
vt 0.381708 0.812091
vt 0.379690 0.810625
vt 0.376167 0.807102
vt 0.374701 0.805084
vt 0.373454 0.802924
vt 0.372439 0.800645
vt 0.371668 0.798272
vt 0.371150 0.795833
vt 0.370889 0.793352
vt 0.370889 0.790857
vt 0.371150 0.788376
vt 0.373454 0.781285
vt 0.371668 0.785937
vt 0.372439 0.783564
vt 0.374701 0.779125
vt 0.376167 0.777107
vt 0.377836 0.775253
vt 0.379690 0.773584
vt 0.381708 0.772118
vt 0.383868 0.770871
vt 0.386147 0.769856
vt 0.390959 0.768567
vt 0.393440 0.768306
vt 0.395935 0.768306
vt 0.398416 0.768567
vt 0.400856 0.769085
vt 0.407667 0.772118
vt 0.403228 0.769856
vt 0.405507 0.770871
vt 0.409685 0.773584
vt 0.411539 0.775253
vt 0.413208 0.777107
vt 0.414674 0.779125
vt 0.415921 0.781285
vt 0.416936 0.783564
vt 0.417707 0.785936
vt 0.418486 0.790857
vt 0.418486 0.793352
vt 0.418225 0.795832
vt 0.417707 0.798272
vt 0.416936 0.800645
vt 0.413208 0.807102
vt 0.415921 0.802924
vt 0.414674 0.805084
vt 0.411539 0.808956
vt 0.405507 0.813338
vt 0.409685 0.810625
vt 0.407667 0.812091
vt 0.403228 0.814353
vt 0.400856 0.815124
vt 0.398416 0.815642
vt 0.393440 0.815903
vt 0.390960 0.815642
vt 0.388520 0.815124
vt 0.402654 0.252454
vt 0.115981 0.455710
vt 0.115981 0.408047
vt 0.402654 0.195259
vt 0.115981 0.388982
vt 0.222062 0.172381
vt 0.115981 0.360384
vt 0.402654 0.157129
vt 0.837383 0.053965
vt 0.837383 0.006303
vt 0.842149 0.006303
vt 0.842149 0.001536
vt 0.865981 0.001536
vt 0.865981 0.058731
vt 0.842149 0.058731
vt 0.870747 0.006303
vt 0.870747 0.053965
vt 0.418552 0.765233
vt 0.258513 0.988796
vt 0.380421 0.765233
vt 0.193611 0.822187
vt 0.001536 0.807828
vt 0.503948 0.927893
vt 0.968262 0.201509
vt 0.861661 0.915886
vt 0.496109 0.927893
vt 0.258513 0.941134
vt 0.231413 0.912877
vt 0.798339 0.474247
vt 0.831703 0.474247
vt 0.831703 0.478378
vt 0.836469 0.478378
vt 0.836469 0.519685
vt 0.793573 0.519685
vt 0.793573 0.478378
vt 0.831703 0.523816
vt 0.798339 0.523816
vt 0.997998 0.071441
vt 0.763894 0.265059
vt 0.763894 0.236462
vt 0.307554 0.929888
vt 0.837383 0.061804
vt 0.581772 0.261882
vt 0.836839 0.915886
vt 0.968836 0.001536
vt 0.299715 0.929888
vt 0.784305 0.915951
vt 0.997998 0.014246
vt 0.849063 0.192690
vt 0.109333 0.807888
vt 0.142697 0.807888
vt 0.142697 0.811860
vt 0.147463 0.811860
vt 0.147463 0.851578
vt 0.104567 0.851578
vt 0.104567 0.811860
vt 0.142697 0.855550
vt 0.109333 0.855550
vt 0.356673 0.152363
vt 0.864950 0.192690
vt 0.584993 0.953763
vt 0.334776 0.128531
vt 0.349629 0.128532
vt 0.319099 0.128532
vt 0.326937 0.128532
vt 0.356673 0.128532
vt 0.342585 0.128532
vt 0.605956 0.153316
vt 0.353211 0.742749
vt 0.353211 0.737983
vt 0.357977 0.737983
vt 0.357977 0.795178
vt 0.353211 0.790412
vt 0.353211 0.795178
vt 0.319847 0.795178
vt 0.315081 0.795178
vt 0.319847 0.737983
vt 0.402654 0.511211
vt 0.402654 0.492146
vt 0.410493 0.492146
vt 0.050979 0.590544
vt 0.507234 0.114233
vt 0.627977 0.287302
vt 0.450144 0.118999
vt 0.415297 0.152363
vt 0.840561 0.656531
vt 0.868614 0.684175
vt 0.668194 0.435269
vt 0.927083 0.925560
vt 0.906992 0.131709
vt 0.063364 0.924359
vt 0.927083 0.887430
vt 0.915994 0.284124
vt 0.512120 0.506232
vt 0.512120 0.490980
vt 0.163131 0.131179
vt 0.512120 0.452850
vt 0.163131 0.108300
vt 0.512120 0.414720
vt 0.512120 0.391842
vt 0.512120 0.368964
vt 0.216788 0.001536
vt 0.512120 0.346086
vt 0.163131 0.001536
vt 0.632655 0.803227
vt 0.315081 0.271519
vt 0.315081 0.214324
vt 0.315081 0.166662
vt 0.415297 0.001536
vt 0.315081 0.392055
vt 0.906992 0.206228
vt 0.938642 0.209215
vt 0.907117 0.203242
vt 0.938767 0.206228
vt 0.907491 0.200302
vt 0.938642 0.203242
vt 0.908108 0.197456
vt 0.938268 0.200302
vt 0.908957 0.194748
vt 0.936802 0.194748
vt 0.910026 0.192221
vt 0.935733 0.192221
vt 0.934461 0.189915
vt 0.911298 0.189915
vt 0.912753 0.187866
vt 0.914367 0.186107
vt 0.931393 0.186107
vt 0.916115 0.184665
vt 0.917970 0.183564
vt 0.927789 0.183564
vt 0.919903 0.182819
vt 0.921882 0.182444
vt 0.923877 0.182444
vt 0.925857 0.182819
vt 0.929644 0.184665
vt 0.933007 0.187866
vt 0.937652 0.197456
vt 0.937652 0.215001
vt 0.908108 0.215001
vt 0.936802 0.217709
vt 0.908957 0.217709
vt 0.910026 0.220236
vt 0.935733 0.220236
vt 0.934461 0.222542
vt 0.911298 0.222542
vt 0.912753 0.224591
vt 0.933007 0.224591
vt 0.931393 0.226350
vt 0.929644 0.227792
vt 0.914367 0.226350
vt 0.927789 0.228893
vt 0.916115 0.227792
vt 0.925857 0.229638
vt 0.919903 0.229638
vt 0.923877 0.230013
vt 0.921882 0.230013
vt 0.917970 0.228893
vt 0.115981 0.557285
vt 0.827350 0.131709
vt 0.115981 0.506445
vt 0.581772 0.157129
vt 0.540489 0.889867
vt 0.537312 0.889867
vt 0.537312 0.886690
vt 0.575442 0.886690
vt 0.572264 0.889867
vt 0.575442 0.889867
vt 0.575442 0.921642
vt 0.575442 0.924820
vt 0.537312 0.921642
vt 0.983939 0.234978
vt 0.990189 0.219090
vt 0.596910 0.397879
vt 0.983939 0.195259
vt 0.054656 0.246099
vt 0.983939 0.179372
vt 0.596910 0.374048
vt 0.983939 0.155540
vt 0.596910 0.350216
vt 0.983939 0.139653
vt 0.662825 0.157129
vt 0.054656 0.190493
vt 0.543790 0.539068
vt 0.990189 0.131709
vt 0.974172 0.547755
vt 0.964920 0.824516
vt 0.662632 0.861285
vt 0.596910 0.326385
vt 0.155586 0.860381
vt 0.155586 0.833372
vt 0.159719 0.833372
vt 0.159719 0.822187
vt 0.186407 0.822187
vt 0.190539 0.833372
vt 0.190539 0.860381
vt 0.187101 0.876023
vt 0.159024 0.876023
vt 0.638112 0.437598
vt 0.496109 0.740204
vt 0.207631 0.384216
vt 0.496109 0.705887
vt 0.783127 0.575292
vt 0.207631 0.338460
vt 0.496109 0.648692
vt 0.964920 0.684175
vt 0.157184 0.204792
vt 0.635728 0.440670
vt 0.638112 0.300330
vt 0.163131 0.304143
vt 0.783127 0.529536
vt 0.975114 0.379662
vt 0.871687 0.874973
vt 0.871687 0.843198
vt 0.877860 0.823775
vt 0.900375 0.823775
vt 0.903462 0.843198
vt 0.438929 0.674430
vt 0.801992 0.735015
vt 0.438929 0.661720
vt 0.801992 0.722305
vt 0.438929 0.642655
vt 0.438929 0.623590
vt 0.801991 0.750798
vt 0.934469 0.300330
vt 0.801991 0.684175
vt 0.993620 0.131709
vt 0.346856 0.896142
vt 0.346856 0.927917
vt 0.341382 0.938277
vt 0.320554 0.938277
vt 0.315081 0.927917
vt 0.104567 0.735015
vt 0.803022 0.367057
vt 0.100615 0.962489
vt 0.803022 0.338460
vt 0.803022 0.300330
vt 0.104567 0.677820
vt 0.723026 0.763508
vt 0.050979 0.520744
vt 0.893787 0.428453
vt 0.893787 0.396678
vt 0.898370 0.379662
vt 0.920978 0.379662
vt 0.925562 0.396678
vt 0.793698 0.103216
vt 0.222062 0.571266
vt 0.627977 0.207969
vt 0.793698 0.001536
vt 0.163131 0.542881
vt 0.958706 0.547755
vt 0.627977 0.157129
vt 0.222062 0.495006
vt 0.104567 0.890398
vt 0.104567 0.858623
vt 0.136342 0.890398
vt 0.134605 0.912867
vt 0.106303 0.912867
vt 0.419832 0.614162
vt 0.419832 0.580798
vt 0.697672 0.201614
vt 0.768174 0.401905
vt 0.419832 0.525192
vt 0.150777 0.761919
vt 0.732520 0.157129
vt 0.309464 0.654624
vt 0.668194 0.300330
vt 0.768174 0.379662
vt 0.697672 0.157129
vt 0.063364 0.806979
vt 0.076074 0.768849
vt 0.063364 0.768849
vt 0.076074 0.757153
vt 0.088784 0.757153
vt 0.088784 0.816679
vt 0.076074 0.816679
vt 0.101494 0.768849
vt 0.101494 0.806979
vt 0.422430 0.844639
vt 0.202208 0.676019
vt 0.949138 0.763508
vt 0.958706 0.493843
vt 0.949138 0.696885
vt 0.571709 0.766155
vt 0.422430 0.793799
vt 0.760789 0.684175
vt 0.202208 0.625179
vt 0.949221 0.887430
vt 0.949138 0.817420
vt 0.808274 0.275153
vt 0.808274 0.248145
vt 0.815371 0.248145
vt 0.815371 0.236462
vt 0.839307 0.236462
vt 0.842331 0.292152
vt 0.812347 0.292152
vt 0.846404 0.248145
vt 0.846404 0.275153
vt 0.258513 0.825240
vt 0.916655 0.525087
vt 0.908065 0.026956
vt 0.577452 0.737184
vt 0.955223 0.061804
vt 0.916655 0.474247
vt 0.908065 0.001536
vt 0.897002 0.684175
vt 0.155586 0.923912
vt 0.534906 0.927893
vt 0.175549 0.923912
vt 0.577452 0.711764
vt 0.049199 0.709430
vt 0.049199 0.757093
vt 0.001536 0.757093
vt 0.001536 0.709430
vt 0.002679 0.697060
vt 0.742963 0.116435
vt 0.088965 0.981554
vt 0.315081 0.646045
vt 0.315081 0.617447
vt 0.742963 0.068772
vt 0.088965 0.924359
vt 0.981625 0.449462
vt 0.956964 0.300330
vt 0.960658 0.131709
vt 0.370889 0.640113
vt 0.066599 0.905439
vt 0.066599 0.904603
vt 0.063364 0.904603
vt 0.063364 0.874501
vt 0.066599 0.874501
vt 0.066599 0.873664
vt 0.096287 0.921286
vt 0.077742 0.921286
vt 0.098374 0.905439
vt 0.197978 0.606431
vt 0.363981 0.814243
vt 0.723026 0.760435
vt 0.293360 0.942598
vt 0.934922 0.735015
vt 0.723026 0.709595
vt 0.934922 0.684175
vt 0.363981 0.737983
vt 0.903357 0.744443
vt 0.197978 0.542881
vt 0.635728 0.695296
vt 0.941840 0.131709
vt 0.666671 0.774629
vt 0.293360 0.891758
vt 0.742963 0.036489
vt 0.742963 0.001536
vt 0.790626 0.036489
vt 0.780006 0.056167
vt 0.753583 0.056167
vt 0.364122 0.977252
vt 0.719848 0.884148
vt 0.719848 0.858728
vt 0.934605 0.624756
vt 0.548959 0.711764
vt 0.364122 0.939122
vt 0.719848 0.833308
vt 0.934605 0.599336
vt 0.574380 0.711764
vt 0.101254 0.557180
vt 0.409119 0.864944
vt 0.481720 0.915287
vt 0.001536 0.923418
vt 0.002417 0.914754
vt 0.033311 0.923418
vt 0.033663 0.914754
vt 0.033663 0.923418
vt 0.963377 0.455922
vt 0.763894 0.220679
vt 0.743653 0.644561
vt 0.963377 0.443212
vt 0.963377 0.424147
vt 0.048627 0.468315
vt 0.743653 0.593721
vt 0.048627 0.442895
vt 0.763894 0.163484
vt 0.971431 0.798460
vt 0.198260 0.742641
vt 0.048627 0.430185
vt 0.963377 0.379662
vt 0.768174 0.300330
vt 0.626195 0.838074
vt 0.626195 0.806299
vt 0.657970 0.806299
vt 0.663048 0.838074
vt 0.663048 0.858212
vt 0.754696 0.963481
vt 0.481720 0.902682
vt 0.798742 0.214324
vt 0.798742 0.185727
vt 0.705423 0.609609
vt 0.481720 0.845487
vt 0.883910 0.131709
vt 0.861679 0.474247
vt 0.732010 0.440670
vt 0.481720 0.826422
vt 0.798742 0.147597
vt 0.754696 0.887220
vt 0.705423 0.581011
vt 0.584993 0.844429
vt 0.318894 0.798250
vt 0.357024 0.798250
vt 0.357024 0.802063
vt 0.360837 0.802063
vt 0.360837 0.840193
vt 0.315081 0.840193
vt 0.315081 0.802063
vt 0.357024 0.844006
vt 0.318894 0.844006
vt 0.060969 0.747900
vt 0.542051 0.966023
vt 0.431849 0.918857
vt 0.548937 0.927893
vt 0.555822 0.927893
vt 0.060969 0.697060
vt 0.584993 0.806299
vt 0.542051 0.927893
vt 0.063364 0.819752
vt 0.438929 0.748314
vt 0.562708 0.927893
vt 0.064702 0.754080
vt 0.681728 0.795178
vt 0.703971 0.795178
vt 0.703971 0.806331
vt 0.714965 0.806331
vt 0.714965 0.828573
vt 0.670575 0.828573
vt 0.670575 0.806331
vt 0.703971 0.839758
vt 0.681728 0.839758
vt 0.778749 0.657271
vt 0.874306 0.347992
vt 0.356283 0.885209
vt 0.778749 0.609609
vt 0.874306 0.309862
vt 0.871687 0.684175
vt 0.064702 0.677820
vt 0.934922 0.763508
vt 0.356283 0.847079
vt 0.244446 0.812426
vt 0.908051 0.823775
vt 0.778749 0.581011
vt 0.141361 0.879095
vt 0.670575 0.884575
vt 0.670575 0.842831
vt 0.698379 0.842831
vt 0.760789 0.912879
vt 0.315081 0.893069
vt 0.193716 0.879095
vt 0.858706 0.404116
vt 0.866915 0.379662
vt 0.890481 0.404116
vt 0.890714 0.379662
vt 0.890714 0.404116
vt 0.536862 0.832882
vt 0.873819 0.118999
vt 0.875409 0.666063
vt 0.875409 0.646998
vt 0.536862 0.794752
vt 0.873819 0.090401
vt 0.875409 0.618401
vt 0.981625 0.389195
vt 0.873819 0.071336
vt 0.980422 0.547755
vt 0.396420 0.915680
vt 0.536862 0.766155
vt 0.875409 0.599336
vt 0.801741 0.529536
vt 0.719848 0.929329
vt 0.719848 0.897554
vt 0.725031 0.887220
vt 0.746814 0.887220
vt 0.751623 0.897554
vt 0.873819 0.058731
vt 0.801992 0.846018
vt 0.611897 0.925246
vt 0.836839 0.744615
vt 0.249765 0.752069
vt 0.801992 0.817420
vt 0.873819 0.001536
vt 0.871687 0.920922
vt 0.871687 0.889147
vt 0.885587 0.878046
vt 0.904254 0.878046
vt 0.904254 0.889147
vt 0.001536 0.633440
vt 0.163131 0.730249
vt 0.001536 0.604842
vt 0.349928 0.910440
vt 0.163131 0.673054
vt 0.001536 0.547647
vt 0.733327 0.300330
vt 0.299716 0.841023
vt 0.849063 0.189617
vt 0.849063 0.157842
vt 0.853127 0.131709
vt 0.876773 0.131709
vt 0.880838 0.157842
vt 0.733327 0.436857
vt 0.202208 0.951007
vt 0.202208 0.922410
vt 0.899621 0.300330
vt 0.569569 0.927893
vt 0.733327 0.389195
vt 0.584993 0.860212
vt 0.884889 0.563430
vt 0.884889 0.531655
vt 0.916664 0.563430
vt 0.914252 0.580611
vt 0.887302 0.580611
vt 0.104567 0.954069
vt 0.766858 0.526463
vt 0.766858 0.507398
vt 0.813786 0.114233
vt 0.787111 0.488333
vt 0.711293 0.114233
vt 0.058818 0.590544
vt 0.104567 0.915939
vt 0.766858 0.488333
vt 0.670575 0.887648
vt 0.884324 0.294317
vt 0.884324 0.265719
vt 0.884986 0.236462
vt 0.912260 0.236462
vt 0.912922 0.265719
vt 0.477044 0.476681
vt 0.480446 0.242922
vt 0.480446 0.185727
vt 0.477044 0.347992
vt 0.001536 0.001536
vt 0.445374 0.333693
vt 0.402654 0.303189
vt 0.202208 0.862247
vt 0.202208 0.830472
vt 0.207251 0.808523
vt 0.238497 0.808523
vt 0.238497 0.830472
vt 0.760789 0.868260
vt 0.760789 0.830130
vt 0.844648 0.915886
vt 0.058731 0.636513
vt 0.496109 0.826422
vt 0.930202 0.061804
vt 0.258513 0.923533
vt 0.290288 0.891758
vt 0.290288 0.923533
vt 0.284662 0.938061
vt 0.264138 0.938061
vt 0.052271 0.782853
vt 0.813786 0.087329
vt 0.980166 0.324161
vt 0.666877 0.483567
vt 0.296673 0.551460
vt 0.670575 0.581011
vt 0.980166 0.252667
vt 0.813786 0.001536
vt 0.052271 0.697060
vt 0.666877 0.440670
vt 0.042739 0.810900
vt 0.849477 0.265059
vt 0.881252 0.236462
vt 0.881252 0.265059
vt 0.880914 0.293661
vt 0.849814 0.293661
vt 0.222062 0.491933
vt 0.445374 0.293444
vt 0.222062 0.417580
vt 0.222062 0.368010
vt 0.365816 0.429231
vt 0.222062 0.343226
vt 0.365816 0.404447
vt 0.370889 0.360384
vt 0.222062 0.318441
vt 0.423526 0.617235
vt 0.445374 0.157129
vt 0.512116 0.157129
vt 0.480446 0.346086
vt 0.801992 0.909463
vt 0.801992 0.877688
vt 0.833767 0.909463
vt 0.829108 0.923664
vt 0.806650 0.923664
vt 0.836839 0.877066
vt 0.908051 0.915024
vt 0.519487 0.927893
vt 0.370889 0.915680
vt 0.511756 0.927893
vt 0.196789 0.873177
vt 0.370889 0.864944
vt 0.641605 0.969644
vt 0.438929 0.936292
vt 0.470704 0.904517
vt 0.470704 0.936292
vt 0.462570 0.944798
vt 0.447062 0.944798
vt 0.420643 0.937922
vt 0.947664 0.255527
vt 0.641605 0.931514
vt 0.420643 0.918857
vt 0.947664 0.236462
vt 0.820476 0.379662
vt 0.409118 0.918857
vt 0.190304 0.923912
vt 0.836839 0.804883
vt 0.531061 0.889867
vt 0.531061 0.886690
vt 0.534239 0.886690
vt 0.534239 0.924820
vt 0.531061 0.921643
vt 0.531061 0.924820
vt 0.499286 0.924820
vt 0.496109 0.924820
vt 0.499286 0.886690
vt 0.922276 0.831824
vt 0.489664 0.763295
vt 0.594525 0.520108
vt 0.578743 0.923762
vt 0.594525 0.488333
vt 0.489664 0.715632
vt 0.578743 0.876099
vt 0.594525 0.456558
vt 0.635728 0.581011
vt 0.256234 0.318441
vt 0.258513 0.551460
vt 0.922276 0.744443
vt 0.971431 0.684175
vt 0.489664 0.683857
vt 0.991748 0.014246
vt 0.578743 0.860212
vt 0.594525 0.440670
s 1
usemtl Material.121
f 99/1/1 1/2/1 2/3/1
f 2/3/2 3/4/2 160/5/2
f 1/2/2 6/6/2 3/4/2
f 4/7/1 5/8/1 1/2/1
f 5/8/2 10/9/2 6/6/2
f 7/10/1 8/11/1 5/8/1
f 9/12/1 11/13/1 8/11/1
f 8/11/2 13/14/2 10/9/2
f 24/15/3 13/16/3 57/17/3
f 10/9/4 14/18/4 16/19/4
f 16/19/5 15/20/5 18/21/5
f 6/6/4 16/19/4 17/22/4
f 17/22/5 18/21/5 19/23/5
f 19/23/6 20/24/6 21/25/6
f 18/21/6 23/26/6 20/24/6
f 21/25/7 22/27/7 154/28/7
f 20/24/7 24/29/7 22/27/7
f 27/30/8 24/29/8 25/31/8
f 27/30/9 26/32/9 29/33/9
f 28/34/8 22/27/8 27/30/8
f 28/34/9 29/33/9 30/35/9
f 30/35/10 31/36/10 32/37/10
f 29/33/10 34/38/10 31/36/10
f 32/39/11 33/40/11 145/41/11
f 31/42/11 35/43/11 33/40/11
f 33/40/12 36/44/12 38/45/12
f 40/46/13 36/44/13 37/47/13
f 145/41/12 38/45/12 39/48/12
f 41/49/13 38/45/13 40/46/13
f 41/49/14 42/50/14 43/51/14
f 40/46/14 45/52/14 42/50/14
f 43/51/15 44/53/15 136/54/15
f 42/50/15 46/55/15 44/53/15
f 44/53/16 47/56/16 49/57/16
f 49/57/17 48/58/17 51/59/17
f 136/54/16 49/57/16 50/60/16
f 50/60/17 51/59/17 52/61/17
f 52/61/18 53/62/18 54/63/18
f 51/59/18 56/64/18 53/62/18
f 54/63/19 55/65/19 127/66/19
f 53/62/19 57/67/19 55/65/19
f 55/65/20 58/68/20 60/69/20
f 60/69/21 59/70/21 62/71/21
f 127/66/20 60/69/20 61/72/20
f 63/73/21 60/69/21 62/71/21
f 65/74/22 62/71/22 64/75/22
f 62/71/22 67/76/22 64/75/22
f 65/77/23 66/78/23 118/79/23
f 64/80/23 68/81/23 66/78/23
f 66/78/24 69/82/24 71/83/24
f 71/83/25 70/84/25 73/85/25
f 72/86/24 66/78/24 71/83/24
f 74/87/25 71/83/25 73/85/25
f 74/87/26 75/88/26 76/89/26
f 73/85/26 78/90/26 75/88/26
f 76/89/27 77/91/27 109/92/27
f 77/91/27 78/90/27 79/93/27
f 77/91/28 80/94/28 82/95/28
f 82/95/29 81/96/29 84/97/29
f 109/92/28 82/95/28 83/98/28
f 83/98/29 84/97/29 85/99/29
f 85/99/30 86/100/30 87/101/30
f 84/97/30 89/102/30 86/100/30
f 87/103/31 88/104/31 94/105/31
f 86/106/31 90/107/31 88/104/31
f 88/104/32 91/108/32 92/109/32
f 92/109/33 12/110/33 9/12/33
f 94/105/32 92/109/32 93/111/32
f 93/111/33 9/12/33 7/10/33
f 96/112/32 93/111/32 95/113/32
f 95/113/33 7/10/33 4/7/33
f 98/114/32 95/113/32 97/115/32
f 97/115/33 4/7/33 99/1/33
f 100/116/31 96/112/31 98/114/31
f 100/117/30 103/118/30 102/119/30
f 103/118/30 87/101/30 102/119/30
f 96/112/31 87/103/31 94/105/31
f 104/120/29 85/99/29 103/118/29
f 105/121/29 103/118/29 101/122/29
f 108/123/28 104/120/28 105/121/28
f 106/124/28 83/98/28 104/120/28
f 107/125/27 109/92/27 106/124/27
f 110/126/27 106/124/27 108/123/27
f 111/127/26 107/125/26 110/126/26
f 112/128/25 113/129/25 111/127/25
f 113/129/25 72/86/25 74/87/25
f 107/125/26 74/87/26 76/89/26
f 115/130/24 72/86/24 114/131/24
f 117/132/24 114/131/24 112/128/24
f 116/133/23 118/79/23 115/130/23
f 119/134/23 115/130/23 117/132/23
f 120/135/22 116/136/22 119/137/22
f 121/138/21 122/139/21 120/135/21
f 123/140/21 63/73/21 122/139/21
f 122/139/22 65/74/22 116/136/22
f 124/141/20 61/72/20 123/140/20
f 121/138/20 124/141/20 123/140/20
f 125/142/19 127/66/19 124/141/19
f 128/143/19 124/141/19 126/144/19
f 129/145/18 125/142/18 128/143/18
f 130/146/17 131/147/17 129/145/17
f 132/148/17 52/61/17 131/147/17
f 131/147/18 54/63/18 125/142/18
f 135/149/16 132/148/16 130/146/16
f 133/150/16 50/60/16 132/148/16
f 133/150/15 43/51/15 136/54/15
f 137/151/15 133/150/15 135/149/15
f 138/152/14 134/153/14 137/151/14
f 138/152/13 141/154/13 140/155/13
f 141/154/13 41/49/13 140/155/13
f 140/155/14 43/51/14 134/153/14
f 141/154/12 145/41/12 39/48/12
f 144/156/12 141/154/12 139/157/12
f 142/158/11 32/39/11 145/41/11
f 144/156/11 143/159/11 142/158/11
f 147/160/10 143/161/10 146/162/10
f 148/163/9 149/164/9 147/160/9
f 150/165/9 30/35/9 149/164/9
f 149/164/10 32/37/10 143/161/10
f 148/163/8 151/166/8 150/165/8
f 151/166/8 28/34/8 150/165/8
f 151/166/7 21/25/7 154/28/7
f 155/167/7 151/166/7 153/168/7
f 156/169/6 152/170/6 155/167/6
f 157/171/5 158/172/5 156/169/5
f 159/173/5 19/23/5 158/172/5
f 158/172/6 21/25/6 152/170/6
f 3/4/4 17/22/4 159/173/4
f 157/171/4 3/4/4 159/173/4
f 202/174/3 204/175/3 201/176/3
f 164/177/34 166/178/34 162/179/34
f 161/180/35 168/181/35 163/182/35
f 163/183/36 167/184/36 164/185/36
f 162/179/37 165/186/37 161/187/37
f 166/178/37 169/188/37 165/186/37
f 165/189/35 172/190/35 168/181/35
f 166/178/34 171/191/34 170/192/34
f 168/193/36 171/194/36 167/184/36
f 169/195/35 176/196/35 172/190/35
f 170/192/34 175/197/34 174/198/34
f 172/199/36 175/200/36 171/194/36
f 170/192/37 173/201/37 169/188/37
f 176/202/36 179/203/36 175/200/36
f 174/198/37 177/204/37 173/201/37
f 173/205/35 180/206/35 176/196/35
f 174/198/34 179/207/34 178/208/34
f 180/206/35 181/209/35 184/210/35
f 179/207/34 182/211/34 178/208/34
f 180/212/36 183/213/36 179/203/36
f 178/208/37 181/214/37 177/204/37
f 183/215/34 186/216/34 182/211/34
f 184/217/36 187/218/36 183/213/36
f 182/211/37 185/219/37 181/214/37
f 181/209/35 188/220/35 184/210/35
f 188/221/36 191/222/36 187/218/36
f 186/216/37 189/223/37 185/219/37
f 188/220/35 189/224/35 192/225/35
f 187/226/34 190/227/34 186/216/34
f 189/224/35 196/228/35 192/225/35
f 191/229/34 194/230/34 190/227/34
f 192/231/36 195/232/36 191/222/36
f 190/227/37 193/233/37 189/223/37
f 196/234/36 199/235/36 195/232/36
f 194/230/37 197/236/37 193/233/37
f 193/237/35 200/238/35 196/228/35
f 195/239/34 198/240/34 194/230/34
f 200/241/36 204/242/36 203/243/36
f 198/240/37 201/244/37 197/236/37
f 197/245/35 204/246/35 200/238/35
f 198/240/34 199/247/34 203/248/34
f 199/235/36 200/241/36 203/243/36
f 202/249/34 198/240/34 203/248/34
f 238/250/3 240/251/3 237/252/3
f 208/253/34 210/254/34 206/255/34
f 207/256/35 209/257/35 212/258/35
f 207/259/36 211/260/36 208/261/36
f 206/255/37 209/262/37 205/263/37
f 210/254/37 213/264/37 209/262/37
f 209/257/35 216/265/35 212/258/35
f 211/266/34 214/267/34 210/254/34
f 212/268/36 215/269/36 211/260/36
f 213/270/35 220/271/35 216/265/35
f 214/267/34 219/272/34 218/273/34
f 216/274/36 219/275/36 215/269/36
f 214/267/37 217/276/37 213/264/37
f 220/277/36 223/278/36 219/275/36
f 218/273/37 221/279/37 217/276/37
f 220/271/35 221/280/35 224/281/35
f 219/272/34 222/282/34 218/273/34
f 221/280/35 228/283/35 224/281/35
f 223/284/34 226/285/34 222/282/34
f 224/286/36 227/287/36 223/278/36
f 222/282/37 225/288/37 221/279/37
f 227/289/34 230/290/34 226/285/34
f 228/291/36 231/292/36 227/287/36
f 226/285/37 229/293/37 225/288/37
f 225/294/35 232/295/35 228/283/35
f 232/296/36 235/297/36 231/292/36
f 230/290/37 233/298/37 229/293/37
f 229/299/35 236/300/35 232/295/35
f 231/301/34 234/302/34 230/290/34
f 233/303/35 240/304/35 236/300/35
f 235/305/34 238/306/34 234/302/34
f 236/307/36 239/308/36 235/297/36
f 234/302/37 237/309/37 233/298/37
f 266/310/3 268/311/3 265/312/3
f 242/313/34 247/314/34 246/315/34
f 241/316/35 248/317/35 243/318/35
f 243/319/36 247/320/36 244/321/36
f 242/313/37 245/322/37 241/323/37
f 248/317/35 249/324/35 252/325/35
f 246/315/34 251/326/34 250/327/34
f 248/328/36 251/329/36 247/320/36
f 246/315/37 249/330/37 245/322/37
f 251/326/34 254/331/34 250/327/34
f 252/332/36 255/333/36 251/329/36
f 250/327/37 253/334/37 249/330/37
f 249/324/35 256/335/35 252/325/35
f 256/336/36 259/337/36 255/333/36
f 254/331/37 257/338/37 253/334/37
f 253/339/35 260/340/35 256/335/35
f 255/341/34 258/342/34 254/331/34
f 257/343/35 264/344/35 260/340/35
f 259/345/34 262/346/34 258/342/34
f 260/347/36 263/348/36 259/337/36
f 258/342/37 261/349/37 257/338/37
f 264/350/36 267/351/36 263/348/36
f 262/346/37 265/352/37 261/349/37
f 261/353/35 268/354/35 264/344/35
f 263/355/34 266/356/34 262/346/34
f 270/357/37 285/358/37 269/359/37
f 280/360/35 296/361/35 282/362/35
f 282/363/36 295/364/36 281/365/36
f 292/366/36 276/367/36 291/368/36
f 353/369/3 360/370/3 363/371/3
f 295/372/34 273/373/34 294/374/34
f 269/359/34 300/375/34 279/376/34
f 288/377/37 290/378/37 287/379/37
f 291/380/34 278/381/34 284/382/34
f 278/381/37 287/379/37 277/383/37
f 271/384/36 293/385/36 272/386/36
f 281/387/34 294/374/34 271/388/34
f 286/389/37 298/390/37 285/358/37
f 283/391/36 291/368/36 284/392/36
f 277/393/35 286/394/35 270/395/35
f 272/396/35 292/397/35 283/398/35
f 279/376/37 299/399/37 280/400/37
f 299/401/35 302/402/35 296/361/35
f 291/380/34 289/403/34 288/377/34
f 296/404/36 301/405/36 295/364/36
f 286/394/35 290/406/35 297/407/35
f 293/408/35 275/409/35 292/397/35
f 300/375/37 303/410/37 299/399/37
f 294/411/36 274/412/36 293/385/36
f 285/358/34 304/413/34 300/375/34
f 302/402/35 315/414/35 314/415/35
f 273/373/34 313/416/34 312/417/34
f 275/418/36 309/419/36 276/367/36
f 297/420/37 305/421/37 298/390/37
f 302/422/36 313/423/36 301/405/36
f 304/413/37 315/424/37 303/410/37
f 276/425/34 308/426/34 289/403/34
f 298/390/34 316/427/34 304/413/34
f 290/406/35 306/428/35 297/407/35
f 273/429/36 311/430/36 274/412/36
f 289/403/37 307/431/37 290/378/37
f 274/432/35 310/433/35 275/409/35
f 308/426/37 319/434/37 307/431/37
f 315/414/35 326/435/35 314/415/35
f 312/436/36 323/437/36 311/430/36
f 309/438/34 320/439/34 308/426/34
f 316/427/37 327/440/37 315/424/37
f 306/441/37 317/442/37 305/421/37
f 313/416/34 324/443/34 312/417/34
f 310/444/36 321/445/36 309/419/36
f 305/421/34 328/446/34 316/427/34
f 307/447/35 318/448/35 306/428/35
f 314/449/36 325/450/36 313/423/36
f 311/451/35 322/452/35 310/433/35
f 323/453/35 334/454/35 322/452/35
f 320/439/37 331/455/37 319/434/37
f 326/435/35 339/456/35 338/457/35
f 324/458/36 335/459/36 323/437/36
f 321/460/34 332/461/34 320/439/34
f 328/446/37 339/462/37 327/440/37
f 318/463/37 329/464/37 317/442/37
f 325/465/34 336/466/34 324/443/34
f 322/467/36 333/468/36 321/445/36
f 317/442/34 340/469/34 328/446/34
f 319/470/35 330/471/35 318/448/35
f 326/472/36 337/473/36 325/450/36
f 335/474/35 346/475/35 334/454/35
f 332/461/37 343/476/37 331/455/37
f 338/457/35 351/477/35 350/478/35
f 336/479/36 347/480/36 335/459/36
f 333/481/34 344/482/34 332/461/34
f 340/469/37 351/483/37 339/462/37
f 330/484/37 341/485/37 329/464/37
f 337/486/34 348/487/34 336/466/34
f 334/488/36 345/489/36 333/468/36
f 329/464/34 352/490/34 340/469/34
f 331/491/35 342/492/35 330/471/35
f 338/493/36 349/494/36 337/473/36
f 350/495/36 361/496/36 349/494/36
f 347/497/35 358/498/35 346/475/35
f 344/482/37 355/499/37 343/476/37
f 351/477/35 362/500/35 350/478/35
f 348/501/36 359/502/36 347/480/36
f 345/503/34 356/504/34 344/482/34
f 352/490/37 363/505/37 351/483/37
f 342/506/37 353/507/37 341/485/37
f 349/508/34 360/509/34 348/487/34
f 346/510/36 357/511/36 345/489/36
f 341/485/34 364/512/34 352/490/34
f 343/513/35 354/514/35 342/492/35
f 382/515/3 384/516/3 381/517/3
f 368/518/34 370/519/34 366/520/34
f 365/521/35 372/522/35 367/523/35
f 367/524/36 371/525/36 368/526/36
f 366/520/37 369/527/37 365/528/37
f 372/522/35 373/529/35 376/530/35
f 371/531/34 374/532/34 370/519/34
f 372/533/36 375/534/36 371/525/36
f 370/519/37 373/535/37 369/527/37
f 375/536/34 378/537/34 374/532/34
f 376/538/36 379/539/36 375/534/36
f 374/532/37 377/540/37 373/535/37
f 376/530/35 377/541/35 380/542/35
f 380/543/36 383/544/36 379/539/36
f 378/537/37 381/545/37 377/540/37
f 380/542/35 381/546/35 384/547/35
f 379/548/34 382/549/34 378/537/34
f 386/550/34 399/551/34 392/552/34
f 385/553/37 408/554/37 393/555/37
f 388/556/34 404/557/34 403/558/34
f 389/559/34 402/560/34 401/561/34
f 481/562/3 487/563/3 490/564/3
f 388/565/36 402/566/36 390/567/36
f 394/568/36 406/569/36 387/570/36
f 385/571/35 398/572/35 397/573/35
f 389/559/37 400/574/37 386/550/37
f 395/575/36 404/576/36 396/577/36
f 394/578/35 408/579/35 407/580/35
f 392/552/37 398/581/37 391/582/37
f 387/583/35 405/584/35 395/585/35
f 407/586/36 418/587/36 406/569/36
f 401/561/37 412/588/37 400/574/37
f 403/558/34 416/589/34 415/590/34
f 408/579/35 419/591/35 407/580/35
f 405/592/36 416/593/36 404/576/36
f 399/551/34 412/588/34 411/594/34
f 402/560/34 413/595/34 401/561/34
f 397/596/37 420/597/37 408/554/37
f 399/551/37 410/598/37 398/581/37
f 406/599/35 417/600/35 405/584/35
f 403/601/36 414/602/36 402/566/36
f 398/572/35 409/603/35 397/573/35
f 411/594/34 424/604/34 423/605/34
f 419/606/36 430/607/36 418/587/36
f 415/590/34 428/608/34 427/609/34
f 413/595/37 424/604/37 412/588/37
f 420/610/35 431/611/35 419/591/35
f 410/612/35 421/613/35 409/603/35
f 417/614/36 428/615/36 416/593/36
f 413/595/34 426/616/34 425/617/34
f 409/618/37 432/619/37 420/597/37
f 411/594/37 422/620/37 410/598/37
f 417/600/35 430/621/35 429/622/35
f 415/623/36 426/624/36 414/602/36
f 424/604/34 435/625/34 423/605/34
f 431/626/36 442/627/36 430/607/36
f 428/608/34 439/628/34 427/609/34
f 425/617/37 436/629/37 424/604/37
f 431/611/35 444/630/35 443/631/35
f 422/632/35 433/633/35 421/613/35
f 429/634/36 440/635/36 428/615/36
f 425/617/34 438/636/34 437/637/34
f 421/638/37 444/639/37 432/619/37
f 423/605/37 434/640/37 422/620/37
f 429/622/35 442/641/35 441/642/35
f 427/643/36 438/644/36 426/624/36
f 439/645/36 450/646/36 438/644/36
f 436/629/34 447/647/34 435/625/34
f 443/648/36 454/649/36 442/627/36
f 440/650/34 451/651/34 439/628/34
f 437/637/37 448/652/37 436/629/37
f 444/630/35 455/653/35 443/631/35
f 434/654/35 445/655/35 433/633/35
f 441/656/36 452/657/36 440/635/36
f 438/636/34 449/658/34 437/637/34
f 433/659/37 456/660/37 444/639/37
f 435/625/37 446/661/37 434/640/37
f 442/641/35 453/662/35 441/642/35
f 451/663/36 462/664/36 450/646/36
f 448/652/34 459/665/34 447/647/34
f 455/666/36 466/667/36 454/649/36
f 452/668/34 463/669/34 451/651/34
f 449/658/37 460/670/37 448/652/37
f 456/671/35 467/672/35 455/653/35
f 445/655/35 458/673/35 457/674/35
f 453/675/36 464/676/36 452/657/36
f 450/677/34 461/678/34 449/658/34
f 445/679/37 468/680/37 456/660/37
f 447/647/37 458/681/37 446/661/37
f 454/682/35 465/683/35 453/662/35
f 466/684/35 477/685/35 465/683/35
f 463/686/36 474/687/36 462/664/36
f 460/670/34 471/688/34 459/665/34
f 467/689/36 478/690/36 466/667/36
f 464/691/34 475/692/34 463/669/34
f 461/678/37 472/693/37 460/670/37
f 468/694/35 479/695/35 467/672/35
f 458/673/35 469/696/35 457/674/35
f 465/697/36 476/698/36 464/676/36
f 462/699/34 473/700/34 461/678/34
f 457/701/37 480/702/37 468/680/37
f 459/665/37 470/703/37 458/681/37
f 471/688/37 482/704/37 470/703/37
f 477/685/35 490/705/35 489/706/35
f 475/707/36 486/708/36 474/687/36
f 472/693/34 483/709/34 471/688/34
f 479/710/36 490/711/36 478/690/36
f 476/712/34 487/713/34 475/692/34
f 473/700/37 484/714/37 472/693/37
f 480/715/35 491/716/35 479/695/35
f 469/696/35 482/717/35 481/718/35
f 477/719/36 488/720/36 476/698/36
f 474/721/34 485/722/34 473/700/34
f 469/723/37 492/724/37 480/702/37
f 530/725/3 532/726/3 529/727/3
f 496/728/34 498/729/34 494/730/34
f 495/731/35 497/732/35 500/733/35
f 495/734/36 499/735/36 496/736/36
f 494/730/37 497/737/37 493/738/37
f 497/732/35 504/739/35 500/733/35
f 498/729/34 503/740/34 502/741/34
f 500/742/36 503/743/36 499/735/36
f 498/729/37 501/744/37 497/737/37
f 503/740/34 506/745/34 502/741/34
f 504/746/36 507/747/36 503/743/36
f 502/741/37 505/748/37 501/744/37
f 501/749/35 508/750/35 504/739/35
f 508/751/36 511/752/36 507/747/36
f 506/745/37 509/753/37 505/748/37
f 505/754/35 512/755/35 508/750/35
f 507/756/34 510/757/34 506/745/34
f 509/758/35 516/759/35 512/755/35
f 511/760/34 514/761/34 510/757/34
f 512/762/36 515/763/36 511/752/36
f 510/757/37 513/764/37 509/753/37
f 516/765/36 519/766/36 515/763/36
f 514/761/37 517/767/37 513/764/37
f 513/768/35 520/769/35 516/759/35
f 515/770/34 518/771/34 514/761/34
f 520/772/36 523/773/36 519/766/36
f 518/771/37 521/774/37 517/767/37
f 517/775/35 524/776/35 520/769/35
f 519/777/34 522/778/34 518/771/34
f 524/776/35 525/779/35 528/780/35
f 523/781/34 526/782/34 522/778/34
f 524/783/36 527/784/36 523/773/36
f 522/778/37 525/785/37 521/774/37
f 528/786/36 531/787/36 527/784/36
f 526/782/37 529/788/37 525/785/37
f 525/779/35 532/789/35 528/780/35
f 527/790/34 530/791/34 526/782/34
f 535/792/35 553/793/35 543/794/35
f 540/795/37 546/796/37 539/797/37
f 538/798/34 549/799/34 537/800/34
f 541/801/35 555/802/35 542/803/35
f 605/804/3 611/805/3 614/806/3
f 533/807/37 556/808/37 541/809/37
f 540/795/34 548/810/34 547/811/34
f 536/812/34 552/813/34 551/814/34
f 536/815/36 550/816/36 538/817/36
f 542/818/36 554/819/36 535/820/36
f 539/821/35 545/822/35 533/823/35
f 537/800/37 548/810/37 534/824/37
f 543/825/36 552/826/36 544/827/36
f 547/811/37 558/828/37 546/796/37
f 554/829/35 565/830/35 553/793/35
f 546/831/35 557/832/35 545/822/35
f 551/833/36 562/834/36 550/816/36
f 555/835/36 566/836/36 554/819/36
f 551/814/34 564/837/34 563/838/34
f 549/799/37 560/839/37 548/810/37
f 556/840/35 567/841/35 555/802/35
f 547/811/34 560/839/34 559/842/34
f 553/843/36 564/844/36 552/826/36
f 550/845/34 561/846/34 549/799/34
f 545/847/37 568/848/37 556/808/37
f 559/842/37 570/849/37 558/828/37
f 566/850/35 577/851/35 565/830/35
f 563/852/36 574/853/36 562/834/36
f 559/842/34 572/854/34 571/855/34
f 567/856/36 578/857/36 566/836/36
f 563/838/34 576/858/34 575/859/34
f 561/846/37 572/854/37 560/839/37
f 568/860/35 579/861/35 567/841/35
f 558/862/35 569/863/35 557/832/35
f 565/864/36 576/865/36 564/844/36
f 562/866/34 573/867/34 561/846/34
f 557/868/37 580/869/37 568/848/37
f 569/870/37 592/871/37 580/869/37
f 571/855/37 582/872/37 570/849/37
f 578/873/35 589/874/35 577/851/35
f 575/875/36 586/876/36 574/853/36
f 571/855/34 584/877/34 583/878/34
f 579/879/36 590/880/36 578/857/36
f 575/859/34 588/881/34 587/882/34
f 573/867/37 584/877/37 572/854/37
f 580/883/35 591/884/35 579/861/35
f 570/885/35 581/886/35 569/863/35
f 577/887/36 588/888/36 576/865/36
f 573/867/34 586/889/34 585/890/34
f 585/890/34 598/891/34 597/892/34
f 581/893/37 604/894/37 592/871/37
f 583/878/37 594/895/37 582/872/37
f 590/896/35 601/897/35 589/874/35
f 587/898/36 598/899/36 586/876/36
f 584/877/34 595/900/34 583/878/34
f 591/901/36 602/902/36 590/880/36
f 588/881/34 599/903/34 587/882/34
f 585/890/37 596/904/37 584/877/37
f 592/905/35 603/906/35 591/884/35
f 582/907/35 593/908/35 581/886/35
f 589/909/36 600/910/36 588/888/36
f 597/892/34 610/911/34 609/912/34
f 593/913/37 616/914/37 604/894/37
f 595/900/37 606/915/37 594/895/37
f 602/916/35 613/917/35 601/897/35
f 599/918/36 610/919/36 598/899/36
f 596/904/34 607/920/34 595/900/34
f 603/921/36 614/922/36 602/902/36
f 600/923/34 611/924/34 599/903/34
f 597/892/37 608/925/37 596/904/37
f 604/926/35 615/927/35 603/906/35
f 594/928/35 605/929/35 593/908/35
f 601/930/36 612/931/36 600/910/36
f 1060/932/3 1020/933/3 1036/934/3
f 644/935/38 693/936/38 643/937/38
f 631/938/39 680/939/39 630/940/39
f 658/941/40 707/942/40 657/943/40
f 618/944/41 667/945/41 617/946/41
f 645/947/42 694/948/42 644/935/42
f 632/949/43 681/950/43 631/938/43
f 659/951/44 708/952/44 658/941/44
f 619/953/45 668/954/45 618/944/45
f 646/955/46 695/956/46 645/947/46
f 632/949/47 683/957/47 682/958/47
f 660/959/48 709/960/48 659/951/48
f 620/961/49 669/962/49 619/953/49
f 647/963/50 696/964/50 646/955/50
f 634/965/51 683/957/51 633/966/51
f 661/967/52 710/968/52 660/959/52
f 621/969/53 670/970/53 620/961/53
f 648/971/54 697/972/54 647/963/54
f 635/973/55 684/974/55 634/965/55
f 661/967/56 712/975/56 711/976/56
f 622/977/57 671/978/57 621/969/57
f 649/979/58 698/980/58 648/971/58
f 635/973/59 686/981/59 685/982/59
f 663/983/60 712/975/60 662/984/60
f 622/977/61 673/985/61 672/986/61
f 650/987/62 699/988/62 649/979/62
f 637/989/63 686/990/63 636/991/63
f 664/992/64 713/993/64 663/983/64
f 624/994/65 673/995/65 623/996/65
f 651/997/66 700/998/66 650/987/66
f 638/999/67 687/1000/67 637/989/67
f 665/1001/68 714/1002/68 664/992/68
f 625/1003/69 674/1004/69 624/994/69
f 652/1005/70 701/1006/70 651/997/70
f 639/1007/71 688/1008/71 638/999/71
f 666/1009/72 715/1010/72 665/1001/72
f 626/1011/73 675/1012/73 625/1003/73
f 653/1013/74 702/1014/74 652/1005/74
f 640/1015/75 689/1016/75 639/1007/75
f 617/946/76 716/1017/76 666/1009/76
f 627/1018/77 676/1019/77 626/1011/77
f 654/1020/78 703/1021/78 653/1013/78
f 641/1022/79 690/1023/79 640/1015/79
f 628/1024/80 677/1025/80 627/1018/80
f 655/1026/34 704/1027/34 654/1020/34
f 642/1028/81 691/1029/81 641/1022/81
f 629/1030/82 678/1031/82 628/1024/82
f 656/1032/83 705/1033/83 655/1034/83
f 643/937/84 692/1035/84 642/1028/84
f 630/940/35 679/1036/35 629/1030/35
f 657/943/85 706/1037/85 656/1032/85
f 684/974/86 733/1038/51 683/957/51
f 711/976/52 760/1039/52 710/968/52
f 671/978/53 720/1040/53 670/970/53
f 698/980/54 747/1041/54 697/972/54
f 685/982/55 734/1042/55 684/974/55
f 712/975/56 761/1043/56 711/976/56
f 672/986/57 721/1044/57 671/978/57
f 699/988/58 748/1045/58 698/980/58
f 685/982/59 736/1046/59 735/1047/59
f 713/993/60 762/1048/60 712/975/60
f 672/986/61 723/1049/61 722/1050/61
f 700/998/62 749/1051/62 699/988/62
f 687/1000/63 736/1052/63 686/990/63
f 714/1002/64 763/1053/64 713/993/64
f 674/1004/65 723/1054/65 673/995/65
f 701/1006/66 750/1055/66 700/998/66
f 688/1008/67 737/1056/67 687/1000/67
f 715/1010/68 764/1057/68 714/1002/68
f 675/1012/69 724/1058/69 674/1004/69
f 702/1014/70 751/1059/70 701/1006/70
f 689/1016/71 738/1060/71 688/1008/71
f 716/1017/72 765/1061/72 715/1010/72
f 676/1019/73 725/1062/73 675/1012/73
f 703/1021/74 752/1063/74 702/1014/74
f 690/1023/75 739/1064/75 689/1016/75
f 667/945/76 766/1065/76 716/1017/76
f 677/1025/77 726/1066/77 676/1019/77
f 704/1027/78 753/1067/78 703/1021/78
f 691/1029/79 740/1068/79 690/1023/79
f 678/1031/80 727/1069/80 677/1025/80
f 705/1070/34 754/1071/34 704/1027/34
f 692/1035/81 741/1072/81 691/1029/81
f 679/1036/82 728/1073/82 678/1031/82
f 706/1037/83 755/1074/83 705/1033/83
f 693/936/84 742/1075/84 692/1035/84
f 680/939/35 729/1076/35 679/1036/35
f 707/942/85 756/1077/85 706/1037/85
f 694/948/38 743/1078/38 693/936/38
f 681/950/39 730/1079/39 680/939/39
f 708/952/40 757/1080/40 707/942/40
f 668/954/41 717/1081/41 667/945/41
f 695/956/42 744/1082/42 694/948/42
f 682/958/43 731/1083/43 681/950/43
f 709/960/44 758/1084/44 708/952/44
f 669/962/45 718/1085/45 668/954/45
f 696/964/46 745/1086/46 695/956/46
f 683/957/47 732/1087/47 682/958/47
f 710/968/48 759/1088/48 709/960/48
f 670/970/49 719/1089/49 669/962/49
f 697/972/50 746/1090/50 696/964/50
f 728/1073/80 777/1091/80 727/1069/80
f 755/1092/34 804/1093/34 754/1071/34
f 742/1075/81 791/1094/81 741/1072/81
f 729/1076/82 778/1095/82 728/1073/82
f 756/1077/83 805/1096/83 755/1074/83
f 743/1078/84 792/1097/84 742/1075/84
f 729/1076/35 780/1098/35 779/1099/35
f 757/1080/85 806/1100/85 756/1077/85
f 744/1082/38 793/1101/38 743/1078/38
f 731/1083/39 780/1098/39 730/1079/39
f 758/1084/40 807/1102/40 757/1080/40
f 718/1085/41 767/1103/41 717/1081/41
f 745/1086/42 794/1104/42 744/1082/42
f 732/1087/43 781/1105/43 731/1083/43
f 758/1084/44 809/1106/44 808/1107/44
f 719/1089/45 768/1108/45 718/1085/45
f 746/1090/46 795/1109/46 745/1086/46
f 733/1038/47 782/1110/47 732/1087/47
f 760/1039/48 809/1106/48 759/1088/48
f 720/1040/49 769/1111/49 719/1089/49
f 747/1041/50 796/1112/50 746/1090/50
f 734/1042/51 783/1113/51 733/1038/51
f 761/1043/52 810/1114/87 760/1039/52
f 721/1044/53 770/1115/53 720/1040/53
f 748/1045/54 797/1116/54 747/1041/54
f 735/1047/55 784/1117/55 734/1042/55
f 762/1048/56 811/1118/56 761/1043/56
f 722/1050/57 771/1119/57 721/1044/57
f 749/1051/58 798/1120/58 748/1045/58
f 736/1046/59 785/1121/59 735/1047/59
f 763/1053/60 812/1122/60 762/1048/60
f 723/1049/61 772/1123/61 722/1050/61
f 750/1055/62 799/1124/62 749/1051/62
f 737/1056/63 786/1125/63 736/1052/63
f 764/1057/64 813/1126/64 763/1053/64
f 724/1058/65 773/1127/65 723/1054/65
f 750/1055/66 801/1128/66 800/1129/66
f 738/1060/67 787/1130/67 737/1056/67
f 765/1061/68 814/1131/68 764/1057/68
f 725/1062/69 774/1132/69 724/1058/69
f 752/1063/70 801/1128/70 751/1059/70
f 739/1064/71 788/1133/71 738/1060/71
f 766/1065/72 815/1134/72 765/1061/72
f 726/1066/73 775/1135/73 725/1062/73
f 753/1067/74 802/1136/74 752/1063/74
f 740/1068/75 789/1137/75 739/1064/75
f 717/1081/76 816/1138/76 766/1065/76
f 726/1066/77 777/1091/77 776/1139/77
f 754/1071/78 803/1140/78 753/1067/78
f 741/1072/79 790/1141/79 740/1068/79
f 785/1121/55 834/1142/55 784/1117/55
f 812/1122/56 861/1143/56 811/1118/56
f 772/1123/57 821/1144/57 771/1119/57
f 799/1124/58 848/1145/58 798/1120/58
f 786/1146/59 835/1147/59 785/1121/59
f 813/1126/60 862/1148/60 812/1122/60
f 773/1149/61 822/1150/61 772/1123/61
f 800/1129/62 849/1151/62 799/1124/62
f 787/1130/63 836/1152/63 786/1125/63
f 814/1131/64 863/1153/64 813/1126/64
f 774/1132/65 823/1154/65 773/1127/65
f 801/1128/66 850/1155/66 800/1129/66
f 788/1133/67 837/1156/67 787/1130/67
f 815/1134/68 864/1157/68 814/1131/68
f 775/1135/69 824/1158/69 774/1132/69
f 802/1136/70 851/1159/70 801/1128/70
f 789/1137/71 838/1160/71 788/1133/71
f 815/1134/72 866/1161/72 865/1162/72
f 776/1139/73 825/1163/73 775/1135/73
f 803/1140/74 852/1164/74 802/1136/74
f 790/1141/75 839/1165/75 789/1137/75
f 767/1103/76 866/1161/76 816/1138/76
f 777/1091/77 826/1166/77 776/1139/77
f 804/1093/78 853/1167/78 803/1140/78
f 791/1094/79 840/1168/79 790/1141/79
f 777/1091/80 828/1169/80 827/1170/80
f 805/1171/34 854/1172/34 804/1093/34
f 792/1097/81 841/1173/81 791/1094/81
f 779/1099/82 828/1169/82 778/1095/82
f 806/1100/83 855/1174/83 805/1096/83
f 793/1101/84 842/1175/84 792/1097/84
f 779/1099/35 830/1176/35 829/1177/35
f 807/1102/85 856/1178/85 806/1100/85
f 793/1101/38 844/1179/38 843/1180/38
f 781/1105/39 830/1176/39 780/1098/39
f 808/1107/40 857/1181/40 807/1102/40
f 768/1108/41 817/1182/41 767/1103/41
f 795/1109/42 844/1179/42 794/1104/42
f 781/1105/43 832/1183/43 831/1184/43
f 808/1107/44 859/1185/44 858/1186/44
f 769/1111/45 818/1187/45 768/1108/45
f 796/1112/46 845/1188/46 795/1109/46
f 783/1113/47 832/1183/47 782/1110/47
f 810/1114/48 859/1185/48 809/1106/48
f 770/1115/49 819/1189/49 769/1111/49
f 797/1116/50 846/1190/50 796/1112/50
f 784/1117/51 833/1191/51 783/1113/51
f 811/1118/87 860/1192/52 810/1114/87
f 771/1119/53 820/1193/53 770/1115/53
f 798/1120/54 847/1194/54 797/1116/54
f 829/1177/82 878/1195/82 828/1169/82
f 856/1178/83 905/1196/83 855/1174/83
f 843/1180/84 892/1197/84 842/1175/84
f 830/1176/35 879/1198/35 829/1177/35
f 857/1181/85 906/1199/85 856/1178/85
f 843/1180/38 894/1200/38 893/1201/38
f 831/1184/39 880/1202/39 830/1176/39
f 858/1186/40 907/1203/40 857/1181/40
f 818/1187/41 867/1204/41 817/1182/41
f 845/1188/42 894/1200/42 844/1179/42
f 832/1183/43 881/1205/43 831/1184/43
f 859/1185/44 908/1206/44 858/1186/44
f 819/1189/45 868/1207/45 818/1187/45
f 846/1190/46 895/1208/46 845/1188/46
f 833/1191/47 882/1209/47 832/1183/47
f 860/1192/48 909/1210/48 859/1185/48
f 820/1193/49 869/1211/49 819/1189/49
f 847/1194/50 896/1212/50 846/1190/50
f 834/1142/51 883/1213/51 833/1191/51
f 861/1143/52 910/1214/52 860/1192/52
f 821/1144/53 870/1215/53 820/1193/53
f 848/1145/54 897/1216/54 847/1194/54
f 835/1147/55 884/1217/55 834/1142/55
f 862/1148/56 911/1218/56 861/1143/56
f 822/1150/57 871/1219/57 821/1144/57
f 849/1151/58 898/1220/58 848/1145/58
f 836/1221/59 885/1222/59 835/1147/59
f 863/1153/60 912/1223/60 862/1148/60
f 822/1150/61 873/1224/61 872/1225/61
f 850/1155/62 899/1226/62 849/1151/62
f 837/1156/63 886/1227/63 836/1152/63
f 864/1157/64 913/1228/64 863/1153/64
f 824/1158/65 873/1229/65 823/1154/65
f 851/1159/66 900/1230/66 850/1155/66
f 838/1160/67 887/1231/67 837/1156/67
f 865/1162/68 914/1232/68 864/1157/68
f 824/1158/69 875/1233/69 874/1234/69
f 852/1164/70 901/1235/70 851/1159/70
f 838/1160/71 889/1236/71 888/1237/71
f 865/1162/72 916/1238/72 915/1239/72
f 826/1166/73 875/1233/73 825/1163/73
f 853/1167/74 902/1240/74 852/1164/74
f 840/1168/75 889/1236/75 839/1165/75
f 817/1182/76 916/1238/76 866/1161/76
f 827/1170/77 876/1241/77 826/1166/77
f 854/1172/78 903/1242/78 853/1167/78
f 841/1173/79 890/1243/79 840/1168/79
f 828/1169/80 877/1244/80 827/1170/80
f 855/1245/34 904/1246/34 854/1172/34
f 842/1175/81 891/1247/81 841/1173/81
f 886/1248/59 935/1249/59 885/1222/59
f 913/1228/60 962/1250/60 912/1223/60
f 873/1224/61 922/1251/61 872/1225/61
f 900/1230/62 949/1252/62 899/1226/62
f 887/1231/63 936/1253/63 886/1227/63
f 914/1232/64 963/1254/64 913/1228/64
f 874/1234/65 923/1255/65 873/1229/65
f 901/1235/66 950/1256/66 900/1230/66
f 888/1237/67 937/1257/67 887/1231/67
f 915/1239/68 964/1258/68 914/1232/68
f 875/1233/69 924/1259/69 874/1234/69
f 902/1240/70 951/1260/70 901/1235/70
f 889/1236/71 938/1261/71 888/1237/71
f 915/1239/72 966/1262/72 965/1263/72
f 876/1241/73 925/1264/73 875/1233/73
f 903/1242/74 952/1265/74 902/1240/74
f 890/1243/75 939/1266/75 889/1236/75
f 867/1204/76 966/1262/76 916/1238/76
f 877/1244/77 926/1267/77 876/1241/77
f 904/1246/78 953/1268/78 903/1242/78
f 891/1247/79 940/1269/79 890/1243/79
f 878/1195/80 927/1270/80 877/1244/80
f 905/1271/34 954/1272/34 904/1246/34
f 892/1197/81 941/1273/81 891/1247/81
f 878/1195/82 929/1274/82 928/1275/82
f 906/1199/83 955/1276/83 905/1196/83
f 893/1201/84 942/1277/84 892/1197/84
f 880/1202/35 929/1274/35 879/1198/35
f 907/1203/85 956/1278/85 906/1199/85
f 893/1201/38 944/1279/38 943/1280/38
f 881/1205/39 930/1281/39 880/1202/39
f 908/1206/40 957/1282/40 907/1203/40
f 868/1207/41 917/1283/41 867/1204/41
f 895/1208/42 944/1279/42 894/1200/42
f 882/1209/43 931/1284/43 881/1205/43
f 909/1210/44 958/1285/44 908/1206/44
f 869/1211/45 918/1286/45 868/1207/45
f 896/1212/46 945/1287/46 895/1208/46
f 883/1213/47 932/1288/47 882/1209/47
f 910/1214/48 959/1289/48 909/1210/48
f 870/1215/49 919/1290/49 869/1211/49
f 897/1216/50 946/1291/50 896/1212/50
f 884/1217/51 933/1292/51 883/1213/51
f 911/1218/52 960/1293/52 910/1214/52
f 871/1219/53 920/1294/53 870/1215/53
f 898/1220/54 947/1295/54 897/1216/54
f 885/1222/55 934/1296/55 884/1217/55
f 912/1223/56 961/1297/56 911/1218/56
f 872/1225/57 921/1298/57 871/1219/57
f 899/1226/58 948/1299/58 898/1220/58
f 930/1281/35 979/1300/35 929/1274/35
f 957/1282/85 1006/1301/85 956/1278/85
f 943/1280/38 994/1302/38 993/1303/38
f 931/1284/39 980/1304/39 930/1281/39
f 958/1285/40 1007/1305/40 957/1282/40
f 918/1286/41 967/1306/41 917/1283/41
f 945/1287/42 994/1302/42 944/1279/42
f 931/1284/43 982/1307/43 981/1308/43
f 959/1289/44 1008/1309/44 958/1285/44
f 919/1290/45 968/1310/45 918/1286/45
f 946/1291/46 995/1311/46 945/1287/46
f 933/1292/47 982/1307/47 932/1288/47
f 960/1293/48 1009/1312/48 959/1289/48
f 920/1294/49 969/1313/49 919/1290/49
f 947/1295/50 996/1314/50 946/1291/50
f 934/1296/51 983/1315/51 933/1292/51
f 961/1297/52 1010/1316/52 960/1293/52
f 921/1298/53 970/1317/53 920/1294/53
f 948/1299/54 997/1318/54 947/1295/54
f 935/1249/55 984/1319/55 934/1296/55
f 962/1250/56 1011/1320/56 961/1297/56
f 922/1251/57 971/1321/57 921/1298/57
f 949/1252/58 998/1322/58 948/1299/58
f 936/1323/59 985/1324/59 935/1249/59
f 963/1254/60 1012/1325/60 962/1250/60
f 923/1326/61 972/1327/61 922/1251/61
f 950/1256/62 999/1328/62 949/1252/62
f 937/1257/63 986/1329/63 936/1253/63
f 964/1258/64 1013/1330/64 963/1254/64
f 924/1259/65 973/1331/65 923/1255/65
f 951/1260/66 1000/1332/66 950/1256/66
f 938/1261/67 987/1333/67 937/1257/67
f 965/1263/68 1014/1334/68 964/1258/68
f 924/1259/69 975/1335/69 974/1336/69
f 952/1265/70 1001/1337/70 951/1260/70
f 939/1266/71 988/1338/71 938/1261/71
f 965/1263/72 1016/1339/72 1015/1340/72
f 926/1267/73 975/1335/73 925/1264/73
f 953/1268/74 1002/1341/74 952/1265/74
f 940/1269/75 989/1342/75 939/1266/75
f 917/1283/76 1016/1339/76 966/1262/76
f 927/1270/77 976/1343/77 926/1267/77
f 954/1272/78 1003/1344/78 953/1268/78
f 941/1273/79 990/1345/79 940/1269/79
f 928/1275/80 977/1346/80 927/1270/80
f 955/1347/34 1004/1348/34 954/1272/34
f 942/1277/81 991/1349/81 941/1273/81
f 928/1275/82 979/1300/82 978/1350/82
f 956/1278/83 1005/1351/83 955/1276/83
f 943/1280/84 992/1352/84 942/1277/84
f 987/1333/63 1036/1353/63 986/1329/63
f 1014/1334/64 1063/1354/64 1013/1330/64
f 974/1336/65 1023/1355/65 973/1331/65
f 1001/1337/66 1050/1356/66 1000/1332/66
f 988/1338/67 1037/1357/67 987/1333/67
f 1015/1340/68 1064/1358/68 1014/1334/68
f 975/1335/69 1024/1359/69 974/1336/69
f 1002/1341/70 1051/1360/70 1001/1337/70
f 989/1342/71 1038/1361/71 988/1338/71
f 1015/1340/72 1066/1362/72 1065/1363/72
f 976/1343/73 1025/1364/73 975/1335/73
f 1003/1344/74 1052/1365/74 1002/1341/74
f 990/1345/75 1039/1366/75 989/1342/75
f 967/1306/76 1066/1362/76 1016/1339/76
f 977/1346/77 1026/1367/77 976/1343/77
f 1004/1348/78 1053/1368/78 1003/1344/78
f 991/1349/79 1040/1369/79 990/1345/79
f 978/1350/80 1027/1370/80 977/1346/80
f 1005/1371/34 1054/1372/34 1004/1348/34
f 992/1352/81 1041/1373/81 991/1349/81
f 979/1300/82 1028/1374/82 978/1350/82
f 1006/1301/83 1055/1375/83 1005/1351/83
f 993/1303/84 1042/1376/84 992/1352/84
f 980/1304/35 1029/1377/35 979/1300/35
f 1007/1305/85 1056/1378/85 1006/1301/85
f 993/1303/38 1044/1379/38 1043/1380/38
f 981/1308/39 1030/1381/39 980/1304/39
f 1008/1309/40 1057/1382/40 1007/1305/40
f 968/1310/41 1017/1383/41 967/1306/41
f 995/1311/42 1044/1379/42 994/1302/42
f 982/1307/43 1031/1384/43 981/1308/43
f 1009/1312/44 1058/1385/44 1008/1309/44
f 969/1313/45 1018/1386/45 968/1310/45
f 996/1314/46 1045/1387/46 995/1311/46
f 983/1315/47 1032/1388/47 982/1307/47
f 1010/1316/48 1059/1389/48 1009/1312/48
f 970/1317/49 1019/1390/49 969/1313/49
f 997/1318/50 1046/1391/50 996/1314/50
f 984/1319/51 1033/1392/51 983/1315/51
f 1011/1320/52 1060/1393/52 1010/1316/52
f 971/1321/53 1020/1394/53 970/1317/53
f 998/1322/54 1047/1395/54 997/1318/54
f 985/1324/55 1034/1396/55 984/1319/55
f 1012/1325/56 1061/1397/56 1011/1320/56
f 972/1327/57 1021/1398/57 971/1321/57
f 999/1328/58 1048/1399/58 998/1322/58
f 986/1400/59 1035/1401/59 985/1324/59
f 1013/1330/60 1062/1402/60 1012/1325/60
f 973/1403/61 1022/1404/61 972/1327/61
f 1000/1332/62 1049/1405/62 999/1328/62
f 1069/1406/36 1089/1407/36 1076/1408/36
f 1067/1409/35 1090/1410/35 1069/1411/35
f 1131/1412/3 1134/1413/3 1137/1414/3
f 1074/1415/34 1083/1416/34 1082/1417/34
f 1071/1418/37 1079/1419/37 1067/1420/37
f 1078/1421/36 1087/1422/36 1077/1423/36
f 1068/1424/37 1083/1416/37 1072/1425/37
f 1073/1426/35 1080/1427/35 1071/1428/35
f 1076/1429/35 1088/1430/35 1078/1431/35
f 1070/1432/34 1084/1433/34 1068/1424/34
f 1075/1434/36 1085/1435/36 1070/1436/36
f 1074/1415/37 1081/1437/37 1073/1438/37
f 1075/1439/34 1087/1440/34 1086/1441/34
f 1088/1442/36 1099/1443/36 1087/1422/36
f 1080/1444/37 1091/1445/37 1079/1419/37
f 1085/1446/34 1096/1447/34 1084/1433/34
f 1082/1417/37 1093/1448/37 1081/1437/37
f 1089/1449/35 1100/1450/35 1088/1430/35
f 1086/1451/36 1097/1452/36 1085/1435/36
f 1082/1417/34 1095/1453/34 1094/1454/34
f 1090/1455/36 1101/1456/36 1089/1407/36
f 1081/1457/35 1092/1458/35 1080/1427/35
f 1087/1440/34 1098/1459/34 1086/1441/34
f 1084/1433/37 1095/1453/37 1083/1416/37
f 1079/1460/35 1102/1461/35 1090/1410/35
f 1093/1462/35 1104/1463/35 1092/1458/35
f 1100/1464/36 1111/1465/36 1099/1443/36
f 1097/1466/34 1108/1467/34 1096/1447/34
f 1094/1454/37 1105/1468/37 1093/1448/37
f 1101/1469/35 1112/1470/35 1100/1450/35
f 1098/1471/36 1109/1472/36 1097/1452/36
f 1094/1454/34 1107/1473/34 1106/1474/34
f 1102/1475/36 1113/1476/36 1101/1456/36
f 1092/1477/37 1103/1478/37 1091/1445/37
f 1099/1479/34 1110/1480/34 1098/1459/34
f 1096/1447/37 1107/1473/37 1095/1453/37
f 1091/1481/35 1114/1482/35 1102/1461/35
f 1114/1482/35 1115/1483/35 1126/1484/35
f 1104/1463/35 1117/1485/35 1116/1486/35
f 1112/1487/36 1123/1488/36 1111/1465/36
f 1109/1489/34 1120/1490/34 1108/1467/34
f 1106/1474/37 1117/1491/37 1105/1468/37
f 1113/1492/35 1124/1493/35 1112/1470/35
f 1110/1494/36 1121/1495/36 1109/1472/36
f 1106/1474/34 1119/1496/34 1118/1497/34
f 1114/1498/36 1125/1499/36 1113/1476/36
f 1104/1500/37 1115/1501/37 1103/1478/37
f 1110/1480/34 1123/1502/34 1122/1503/34
f 1108/1467/37 1119/1496/37 1107/1473/37
f 1120/1490/37 1131/1504/37 1119/1496/37
f 1115/1483/35 1138/1505/35 1126/1484/35
f 1117/1485/35 1128/1506/35 1116/1486/35
f 1124/1507/36 1135/1508/36 1123/1488/36
f 1121/1509/34 1132/1510/34 1120/1490/34
f 1118/1497/37 1129/1511/37 1117/1491/37
f 1125/1512/35 1136/1513/35 1124/1493/35
f 1122/1514/36 1133/1515/36 1121/1495/36
f 1118/1497/34 1131/1504/34 1130/1516/34
f 1126/1517/36 1137/1518/36 1125/1499/36
f 1116/1519/37 1127/1520/37 1115/1501/37
f 1122/1503/34 1135/1521/34 1134/1522/34
f 1160/1523/3 1162/1524/3 1159/1525/3
f 1140/1526/37 1143/1527/37 1139/1528/37
f 1142/1529/34 1144/1530/34 1140/1526/34
f 1141/1531/35 1143/1532/35 1146/1533/35
f 1141/1534/36 1145/1535/36 1142/1536/36
f 1146/1537/36 1149/1538/36 1145/1535/36
f 1144/1530/37 1147/1539/37 1143/1527/37
f 1143/1532/35 1150/1540/35 1146/1533/35
f 1145/1541/34 1148/1542/34 1144/1530/34
f 1148/1542/37 1151/1543/37 1147/1539/37
f 1147/1544/35 1154/1545/35 1150/1540/35
f 1149/1546/34 1152/1547/34 1148/1542/34
f 1150/1548/36 1153/1549/36 1149/1538/36
f 1154/1545/35 1155/1550/35 1158/1551/35
f 1153/1552/34 1156/1553/34 1152/1547/34
f 1154/1554/36 1157/1555/36 1153/1549/36
f 1152/1547/37 1155/1556/37 1151/1543/37
f 1158/1557/36 1161/1558/36 1157/1555/36
f 1156/1553/37 1159/1559/37 1155/1556/37
f 1158/1551/35 1159/1560/35 1162/1561/35
f 1157/1562/34 1160/1563/34 1156/1553/34
f 1180/1564/3 1182/1565/3 1179/1566/3
f 1164/1567/37 1167/1568/37 1163/1569/37
f 1166/1570/34 1168/1571/34 1164/1567/34
f 1163/1572/35 1170/1573/35 1165/1574/35
f 1165/1575/36 1169/1576/36 1166/1577/36
f 1170/1578/36 1173/1579/36 1169/1576/36
f 1168/1571/37 1171/1580/37 1167/1568/37
f 1167/1581/35 1174/1582/35 1170/1573/35
f 1169/1583/34 1172/1584/34 1168/1571/34
f 1172/1584/37 1175/1585/37 1171/1580/37
f 1174/1582/35 1175/1586/35 1178/1587/35
f 1173/1588/34 1176/1589/34 1172/1584/34
f 1174/1590/36 1177/1591/36 1173/1579/36
f 1175/1586/35 1182/1592/35 1178/1587/35
f 1177/1593/34 1180/1594/34 1176/1589/34
f 1178/1595/36 1181/1596/36 1177/1591/36
f 1176/1589/37 1179/1597/37 1175/1585/37
f 1212/1598/3 1214/1599/3 1211/1600/3
f 1184/1601/37 1187/1602/37 1183/1603/37
f 1186/1604/34 1188/1605/34 1184/1601/34
f 1183/1606/35 1190/1607/35 1185/1608/35
f 1185/1609/36 1189/1610/36 1186/1611/36
f 1190/1612/36 1193/1613/36 1189/1610/36
f 1188/1605/37 1191/1614/37 1187/1602/37
f 1190/1607/35 1191/1615/35 1194/1616/35
f 1189/1617/34 1192/1618/34 1188/1605/34
f 1192/1618/37 1195/1619/37 1191/1614/37
f 1194/1616/35 1195/1620/35 1198/1621/35
f 1193/1622/34 1196/1623/34 1192/1618/34
f 1194/1624/36 1197/1625/36 1193/1613/36
f 1195/1620/35 1202/1626/35 1198/1621/35
f 1197/1627/34 1200/1628/34 1196/1623/34
f 1198/1629/36 1201/1630/36 1197/1625/36
f 1196/1623/37 1199/1631/37 1195/1619/37
f 1202/1632/36 1205/1633/36 1201/1630/36
f 1200/1628/37 1203/1634/37 1199/1631/37
f 1202/1626/35 1203/1635/35 1206/1636/35
f 1201/1637/34 1204/1638/34 1200/1628/34
f 1206/1636/35 1207/1639/35 1210/1640/35
f 1205/1641/34 1208/1642/34 1204/1638/34
f 1206/1643/36 1209/1644/36 1205/1633/36
f 1204/1638/37 1207/1645/37 1203/1634/37
f 1209/1646/34 1212/1647/34 1208/1642/34
f 1210/1648/36 1213/1649/36 1209/1644/36
f 1208/1642/37 1211/1650/37 1207/1645/37
f 1207/1639/35 1214/1651/35 1210/1640/35
f 1217/1652/35 1235/1653/35 1225/1654/35
f 1222/1655/37 1228/1656/37 1221/1657/37
f 1220/1658/34 1231/1659/34 1219/1660/34
f 1323/1661/3 1329/1662/3 1332/1663/3
f 1223/1664/35 1237/1665/35 1224/1666/35
f 1215/1667/37 1238/1668/37 1223/1669/37
f 1216/1670/34 1229/1671/34 1222/1655/34
f 1218/1672/34 1234/1673/34 1233/1674/34
f 1218/1675/36 1232/1676/36 1220/1677/36
f 1224/1678/36 1236/1679/36 1217/1680/36
f 1221/1681/35 1227/1682/35 1215/1683/35
f 1219/1660/37 1230/1684/37 1216/1670/37
f 1225/1685/36 1234/1686/36 1226/1687/36
f 1229/1671/37 1240/1688/37 1228/1656/37
f 1236/1689/35 1247/1690/35 1235/1653/35
f 1228/1691/35 1239/1692/35 1227/1682/35
f 1233/1693/36 1244/1694/36 1232/1676/36
f 1237/1695/36 1248/1696/36 1236/1679/36
f 1233/1674/34 1246/1697/34 1245/1698/34
f 1231/1659/37 1242/1699/37 1230/1684/37
f 1238/1700/35 1249/1701/35 1237/1665/35
f 1229/1671/34 1242/1699/34 1241/1702/34
f 1235/1703/36 1246/1704/36 1234/1686/36
f 1231/1659/34 1244/1705/34 1243/1706/34
f 1227/1707/37 1250/1708/37 1238/1668/37
f 1241/1702/37 1252/1709/37 1240/1688/37
f 1247/1690/35 1260/1710/35 1259/1711/35
f 1245/1712/36 1256/1713/36 1244/1694/36
f 1242/1699/34 1253/1714/34 1241/1702/34
f 1249/1715/36 1260/1716/36 1248/1696/36
f 1246/1697/34 1257/1717/34 1245/1698/34
f 1243/1706/37 1254/1718/37 1242/1699/37
f 1249/1701/35 1262/1719/35 1261/1720/35
f 1240/1721/35 1251/1722/35 1239/1692/35
f 1247/1723/36 1258/1724/36 1246/1704/36
f 1244/1705/34 1255/1725/34 1243/1706/34
f 1239/1726/37 1262/1727/37 1250/1708/37
f 1251/1728/37 1274/1729/37 1262/1727/37
f 1253/1714/37 1264/1730/37 1252/1709/37
f 1260/1710/35 1271/1731/35 1259/1711/35
f 1257/1732/36 1268/1733/36 1256/1713/36
f 1254/1718/34 1265/1734/34 1253/1714/34
f 1261/1735/36 1272/1736/36 1260/1716/36
f 1258/1737/34 1269/1738/34 1257/1717/34
f 1255/1725/37 1266/1739/37 1254/1718/37
f 1262/1719/35 1273/1740/35 1261/1720/35
f 1252/1741/35 1263/1742/35 1251/1722/35
f 1259/1743/36 1270/1744/36 1258/1724/36
f 1255/1725/34 1268/1745/34 1267/1746/34
f 1268/1745/34 1279/1747/34 1267/1746/34
f 1263/1748/37 1286/1749/37 1274/1729/37
f 1265/1734/37 1276/1750/37 1264/1730/37
f 1272/1751/35 1283/1752/35 1271/1731/35
f 1269/1753/36 1280/1754/36 1268/1733/36
f 1266/1739/34 1277/1755/34 1265/1734/34
f 1273/1756/36 1284/1757/36 1272/1736/36
f 1270/1758/34 1281/1759/34 1269/1738/34
f 1267/1746/37 1278/1760/37 1266/1739/37
f 1274/1761/35 1285/1762/35 1273/1740/35
f 1264/1763/35 1275/1764/35 1263/1742/35
f 1271/1765/36 1282/1766/36 1270/1744/36
f 1280/1767/34 1291/1768/34 1279/1747/34
f 1275/1769/37 1298/1770/37 1286/1749/37
f 1277/1755/37 1288/1771/37 1276/1750/37
f 1283/1752/35 1296/1772/35 1295/1773/35
f 1281/1774/36 1292/1775/36 1280/1754/36
f 1278/1760/34 1289/1776/34 1277/1755/34
f 1285/1777/36 1296/1778/36 1284/1757/36
f 1282/1779/34 1293/1780/34 1281/1759/34
f 1279/1747/37 1290/1781/37 1278/1760/37
f 1285/1762/35 1298/1782/35 1297/1783/35
f 1275/1764/35 1288/1784/35 1287/1785/35
f 1283/1786/36 1294/1787/36 1282/1766/36
f 1295/1788/36 1306/1789/36 1294/1787/36
f 1292/1790/34 1303/1791/34 1291/1768/34
f 1287/1792/37 1310/1793/37 1298/1770/37
f 1289/1776/37 1300/1794/37 1288/1771/37
f 1295/1773/35 1308/1795/35 1307/1796/35
f 1293/1797/36 1304/1798/36 1292/1775/36
f 1290/1781/34 1301/1799/34 1289/1776/34
f 1297/1800/36 1308/1801/36 1296/1778/36
f 1294/1802/34 1305/1803/34 1293/1780/34
f 1291/1768/37 1302/1804/37 1290/1781/37
f 1297/1783/35 1310/1805/35 1309/1806/35
f 1287/1785/35 1300/1807/35 1299/1808/35
f 1300/1807/35 1311/1809/35 1299/1808/35
f 1307/1810/36 1318/1811/36 1306/1789/36
f 1304/1812/34 1315/1813/34 1303/1791/34
f 1299/1814/37 1322/1815/37 1310/1793/37
f 1301/1799/37 1312/1816/37 1300/1794/37
f 1308/1795/35 1319/1817/35 1307/1796/35
f 1305/1818/36 1316/1819/36 1304/1798/36
f 1302/1804/34 1313/1820/34 1301/1799/34
f 1309/1821/36 1320/1822/36 1308/1801/36
f 1306/1823/34 1317/1824/34 1305/1803/34
f 1303/1791/37 1314/1825/37 1302/1804/37
f 1310/1805/35 1321/1826/35 1309/1806/35
f 1322/1827/35 1333/1828/35 1321/1826/35
f 1311/1809/35 1324/1829/35 1323/1830/35
f 1319/1831/36 1330/1832/36 1318/1811/36
f 1316/1833/34 1327/1834/34 1315/1813/34
f 1311/1835/37 1334/1836/37 1322/1815/37
f 1313/1820/37 1324/1837/37 1312/1816/37
f 1320/1838/35 1331/1839/35 1319/1817/35
f 1317/1840/36 1328/1841/36 1316/1819/36
f 1314/1825/34 1325/1842/34 1313/1820/34
f 1321/1843/36 1332/1844/36 1320/1822/36
f 1318/1845/34 1329/1846/34 1317/1824/34
f 1315/1813/37 1326/1847/37 1314/1825/37
f 1376/1848/3 1378/1849/3 1375/1850/3
f 1338/1851/34 1340/1852/34 1336/1853/34
f 1335/1854/35 1342/1855/35 1337/1856/35
f 1337/1857/36 1341/1858/36 1338/1859/36
f 1336/1853/37 1339/1860/37 1335/1861/37
f 1342/1862/36 1345/1863/36 1341/1858/36
f 1340/1852/37 1343/1864/37 1339/1860/37
f 1339/1865/35 1346/1866/35 1342/1855/35
f 1341/1867/34 1344/1868/34 1340/1852/34
f 1343/1869/35 1350/1870/35 1346/1866/35
f 1345/1871/34 1348/1872/34 1344/1868/34
f 1346/1873/36 1349/1874/36 1345/1863/36
f 1344/1868/37 1347/1875/37 1343/1864/37
f 1350/1876/36 1353/1877/36 1349/1874/36
f 1348/1872/37 1351/1878/37 1347/1875/37
f 1347/1879/35 1354/1880/35 1350/1870/35
f 1349/1881/34 1352/1882/34 1348/1872/34
f 1352/1882/37 1355/1883/37 1351/1878/37
f 1351/1884/35 1358/1885/35 1354/1880/35
f 1352/1882/34 1357/1886/34 1356/1887/34
f 1354/1888/36 1357/1889/36 1353/1877/36
f 1355/1890/35 1362/1891/35 1358/1885/35
f 1356/1887/34 1361/1892/34 1360/1893/34
f 1358/1894/36 1361/1895/36 1357/1889/36
f 1356/1887/37 1359/1896/37 1355/1883/37
f 1362/1897/36 1365/1898/36 1361/1895/36
f 1360/1893/37 1363/1899/37 1359/1896/37
f 1359/1900/35 1366/1901/35 1362/1891/35
f 1361/1892/34 1364/1902/34 1360/1893/34
f 1366/1901/35 1367/1903/35 1370/1904/35
f 1365/1905/34 1368/1906/34 1364/1902/34
f 1366/1907/36 1369/1908/36 1365/1898/36
f 1364/1902/37 1367/1909/37 1363/1899/37
f 1368/1906/34 1373/1910/34 1372/1911/34
f 1370/1912/36 1373/1913/36 1369/1908/36
f 1368/1906/37 1371/1914/37 1367/1909/37
f 1367/1903/35 1374/1915/35 1370/1904/35
f 1374/1916/36 1377/1917/36 1373/1913/36
f 1372/1911/37 1375/1918/37 1371/1914/37
f 1371/1919/35 1378/1920/35 1374/1915/35
f 1372/1911/34 1377/1921/34 1376/1922/34
f 1428/1923/3 1430/1924/3 1427/1925/3
f 1382/1926/36 1384/1927/36 1380/1928/36
f 1379/1929/37 1386/1930/37 1381/1931/37
f 1381/1932/35 1385/1933/35 1382/1934/35
f 1380/1935/34 1383/1936/34 1379/1929/34
f 1386/1937/35 1389/1938/35 1385/1933/35
f 1384/1939/34 1387/1940/34 1383/1936/34
f 1383/1936/37 1390/1941/37 1386/1930/37
f 1385/1942/36 1388/1943/36 1384/1927/36
f 1387/1940/37 1394/1944/37 1390/1941/37
f 1389/1945/36 1392/1946/36 1388/1943/36
f 1390/1947/35 1393/1948/35 1389/1938/35
f 1388/1949/34 1391/1950/34 1387/1940/34
f 1394/1951/35 1397/1952/35 1393/1948/35
f 1392/1953/34 1395/1954/34 1391/1950/34
f 1391/1950/37 1398/1955/37 1394/1944/37
f 1393/1956/36 1396/1957/36 1392/1946/36
f 1396/1958/34 1399/1959/34 1395/1954/34
f 1395/1954/37 1402/1960/37 1398/1955/37
f 1397/1961/36 1400/1962/36 1396/1957/36
f 1398/1963/35 1401/1964/35 1397/1952/35
f 1399/1959/37 1406/1965/37 1402/1960/37
f 1401/1966/36 1404/1967/36 1400/1962/36
f 1402/1968/35 1405/1969/35 1401/1964/35
f 1400/1970/34 1403/1971/34 1399/1959/34
f 1406/1972/35 1409/1973/35 1405/1969/35
f 1404/1974/34 1407/1975/34 1403/1971/34
f 1403/1971/37 1410/1976/37 1406/1965/37
f 1405/1977/36 1408/1978/36 1404/1967/36
f 1407/1975/37 1414/1979/37 1410/1976/37
f 1409/1980/36 1412/1981/36 1408/1978/36
f 1410/1982/35 1413/1983/35 1409/1973/35
f 1408/1984/34 1411/1985/34 1407/1975/34
f 1413/1986/36 1416/1987/36 1412/1981/36
f 1414/1988/35 1417/1989/35 1413/1983/35
f 1412/1990/34 1415/1991/34 1411/1985/34
f 1411/1985/37 1418/1992/37 1414/1979/37
f 1418/1993/35 1421/1994/35 1417/1989/35
f 1416/1995/34 1419/1996/34 1415/1991/34
f 1415/1991/37 1422/1997/37 1418/1992/37
f 1417/1998/36 1420/1999/36 1416/1987/36
f 1422/1997/37 1423/2000/37 1426/2001/37
f 1421/2002/36 1424/2003/36 1420/1999/36
f 1422/2004/35 1425/2005/35 1421/1994/35
f 1420/2006/34 1423/2000/34 1419/1996/34
f 1426/2007/35 1429/2008/35 1425/2005/35
f 1424/2009/34 1427/2010/34 1423/2000/34
f 1423/2000/37 1430/2011/37 1426/2001/37
f 1425/2012/36 1428/2013/36 1424/2003/36
f 1440/2014/37 1454/2015/37 1453/2016/37
f 1441/2017/35 1450/2018/35 1442/2019/35
f 1438/2020/34 1444/2021/34 1437/2022/34
f 1435/2023/34 1446/2024/34 1432/2025/34
f 1551/2026/3 1557/2027/3 1560/2028/3
f 1433/2029/37 1451/2030/37 1441/2031/37
f 1436/2032/36 1447/2033/36 1435/2034/36
f 1431/2035/34 1454/2015/34 1439/2036/34
f 1432/2037/36 1445/2038/36 1438/2039/36
f 1442/2040/36 1449/2041/36 1434/2042/36
f 1434/2043/35 1448/2044/35 1436/2045/35
f 1440/2046/35 1452/2047/35 1433/2048/35
f 1431/2035/37 1444/2021/37 1443/2049/37
f 1448/2050/36 1459/2051/36 1447/2033/36
f 1443/2049/34 1466/2052/34 1454/2015/34
f 1445/2053/34 1456/2054/34 1444/2021/34
f 1452/2055/37 1463/2056/37 1451/2030/37
f 1444/2021/37 1455/2057/37 1443/2049/37
f 1449/2058/35 1460/2059/35 1448/2044/35
f 1453/2060/35 1464/2061/35 1452/2047/35
f 1447/2062/34 1458/2063/34 1446/2024/34
f 1450/2064/36 1461/2065/36 1449/2041/36
f 1454/2015/37 1465/2066/37 1453/2016/37
f 1451/2067/35 1462/2068/35 1450/2018/35
f 1446/2069/36 1457/2070/36 1445/2038/36
f 1460/2071/36 1471/2072/36 1459/2051/36
f 1455/2057/34 1478/2073/34 1466/2052/34
f 1457/2074/34 1468/2075/34 1456/2054/34
f 1464/2076/37 1475/2077/37 1463/2056/37
f 1461/2078/35 1472/2079/35 1460/2059/35
f 1458/2080/36 1469/2081/36 1457/2070/36
f 1465/2082/35 1476/2083/35 1464/2061/35
f 1461/2065/36 1474/2084/36 1473/2085/36
f 1459/2086/34 1470/2087/34 1458/2063/34
f 1465/2066/37 1478/2073/37 1477/2088/37
f 1455/2057/37 1468/2075/37 1467/2089/37
f 1463/2090/35 1474/2091/35 1462/2068/35
f 1475/2092/35 1486/2093/35 1474/2091/35
f 1472/2094/36 1483/2095/36 1471/2072/36
f 1467/2089/34 1490/2096/34 1478/2073/34
f 1469/2097/34 1480/2098/34 1468/2075/34
f 1476/2099/37 1487/2100/37 1475/2077/37
f 1473/2101/35 1484/2102/35 1472/2079/35
f 1470/2103/36 1481/2104/36 1469/2081/36
f 1477/2105/35 1488/2106/35 1476/2083/35
f 1474/2084/36 1485/2107/36 1473/2085/36
f 1471/2108/34 1482/2109/34 1470/2087/34
f 1478/2073/37 1489/2110/37 1477/2088/37
f 1468/2075/37 1479/2111/37 1467/2089/37
f 1480/2098/37 1491/2112/37 1479/2111/37
f 1487/2113/35 1498/2114/35 1486/2093/35
f 1484/2115/36 1495/2116/36 1483/2095/36
f 1479/2111/34 1502/2117/34 1490/2096/34
f 1481/2118/34 1492/2119/34 1480/2098/34
f 1488/2120/37 1499/2121/37 1487/2100/37
f 1485/2122/35 1496/2123/35 1484/2102/35
f 1482/2124/36 1493/2125/36 1481/2104/36
f 1489/2126/35 1500/2127/35 1488/2106/35
f 1486/2128/36 1497/2129/36 1485/2107/36
f 1483/2130/34 1494/2131/34 1482/2109/34
f 1490/2096/37 1501/2132/37 1489/2110/37
f 1502/2117/37 1513/2133/37 1501/2132/37
f 1492/2119/37 1503/2134/37 1491/2112/37
f 1499/2135/35 1510/2136/35 1498/2114/35
f 1496/2137/36 1507/2138/36 1495/2116/36
f 1491/2112/34 1514/2139/34 1502/2117/34
f 1493/2140/34 1504/2141/34 1492/2119/34
f 1500/2142/37 1511/2143/37 1499/2121/37
f 1497/2144/35 1508/2145/35 1496/2123/35
f 1494/2146/36 1505/2147/36 1493/2125/36
f 1501/2148/35 1512/2149/35 1500/2127/35
f 1498/2150/36 1509/2151/36 1497/2129/36
f 1495/2152/34 1506/2153/34 1494/2131/34
f 1507/2154/34 1518/2155/34 1506/2153/34
f 1514/2139/37 1525/2156/37 1513/2133/37
f 1504/2141/37 1515/2157/37 1503/2134/37
f 1511/2158/35 1522/2159/35 1510/2136/35
f 1508/2160/36 1519/2161/36 1507/2138/36
f 1503/2134/34 1526/2162/34 1514/2139/34
f 1505/2163/34 1516/2164/34 1504/2141/34
f 1512/2165/37 1523/2166/37 1511/2143/37
f 1509/2167/35 1520/2168/35 1508/2145/35
f 1506/2169/36 1517/2170/36 1505/2147/36
f 1513/2171/35 1524/2172/35 1512/2149/35
f 1510/2173/36 1521/2174/36 1509/2151/36
f 1519/2175/34 1530/2176/34 1518/2155/34
f 1526/2162/37 1537/2177/37 1525/2156/37
f 1516/2164/37 1527/2178/37 1515/2157/37
f 1523/2179/35 1534/2180/35 1522/2159/35
f 1520/2181/36 1531/2182/36 1519/2161/36
f 1515/2157/34 1538/2183/34 1526/2162/34
f 1517/2184/34 1528/2185/34 1516/2164/34
f 1524/2186/37 1535/2187/37 1523/2166/37
f 1521/2188/35 1532/2189/35 1520/2168/35
f 1518/2190/36 1529/2191/36 1517/2170/36
f 1525/2192/35 1536/2193/35 1524/2172/35
f 1522/2194/36 1533/2195/36 1521/2174/36
f 1534/2196/36 1545/2197/36 1533/2195/36
f 1531/2198/34 1542/2199/34 1530/2176/34
f 1538/2183/37 1549/2200/37 1537/2177/37
f 1528/2185/37 1539/2201/37 1527/2178/37
f 1535/2202/35 1546/2203/35 1534/2180/35
f 1532/2204/36 1543/2205/36 1531/2182/36
f 1527/2178/34 1550/2206/34 1538/2183/34
f 1529/2207/34 1540/2208/34 1528/2185/34
f 1536/2209/37 1547/2210/37 1535/2187/37
f 1533/2211/35 1544/2212/35 1532/2189/35
f 1530/2213/36 1541/2214/36 1529/2191/36
f 1537/2215/35 1548/2216/35 1536/2193/35
f 1546/2217/36 1557/2218/36 1545/2197/36
f 1543/2219/34 1554/2220/34 1542/2199/34
f 1550/2206/37 1561/2221/37 1549/2200/37
f 1540/2208/37 1551/2222/37 1539/2201/37
f 1547/2223/35 1558/2224/35 1546/2203/35
f 1544/2225/36 1555/2226/36 1543/2205/36
f 1539/2201/34 1562/2227/34 1550/2206/34
f 1541/2228/34 1552/2229/34 1540/2208/34
f 1548/2230/37 1559/2231/37 1547/2210/37
f 1545/2232/35 1556/2233/35 1544/2212/35
f 1542/2234/36 1553/2235/36 1541/2214/36
f 1549/2236/35 1560/2237/35 1548/2216/35
f 1572/2238/37 1581/2239/37 1571/2240/37
f 1587/2241/35 1569/2242/35 1586/2243/35
f 1565/2244/36 1587/2245/36 1566/2246/36
f 1576/2247/36 1589/2248/36 1575/2249/36
f 1647/2250/3 1654/2251/3 1657/2252/3
f 1574/2253/35 1590/2254/35 1576/2255/35
f 1564/2256/37 1579/2257/37 1563/2258/37
f 1594/2259/37 1597/2260/37 1593/2261/37
f 1575/2262/34 1588/2263/34 1565/2264/34
f 1585/2265/34 1572/2238/34 1578/2266/34
f 1588/2267/36 1568/2268/36 1587/2245/36
f 1577/2269/36 1585/2270/36 1578/2271/36
f 1571/2272/35 1580/2273/35 1564/2274/35
f 1566/2275/35 1586/2243/35 1577/2276/35
f 1573/2277/37 1593/2261/37 1574/2278/37
f 1573/2277/34 1579/2257/34 1594/2259/34
f 1581/2279/35 1591/2280/35 1580/2273/35
f 1594/2259/34 1592/2281/34 1598/2282/34
f 1582/2283/37 1584/2284/37 1581/2239/37
f 1589/2285/34 1567/2286/34 1588/2263/34
f 1580/2287/37 1592/2281/37 1579/2257/37
f 1586/2288/36 1570/2289/36 1585/2270/36
f 1593/2290/35 1596/2291/35 1590/2254/35
f 1585/2265/34 1583/2292/34 1582/2283/34
f 1590/2293/36 1595/2294/36 1589/2248/36
f 1592/2281/34 1610/2295/34 1598/2282/34
f 1596/2296/36 1607/2297/36 1595/2294/36
f 1584/2298/35 1600/2299/35 1591/2280/35
f 1583/2292/37 1601/2300/37 1584/2284/37
f 1567/2301/36 1605/2302/36 1568/2268/36
f 1568/2303/35 1604/2304/35 1569/2242/35
f 1598/2282/37 1609/2305/37 1597/2260/37
f 1569/2306/36 1603/2307/36 1570/2289/36
f 1595/2308/34 1606/2309/34 1567/2286/34
f 1591/2310/37 1599/2311/37 1592/2281/37
f 1596/2291/35 1609/2312/35 1608/2313/35
f 1570/2314/34 1602/2315/34 1583/2292/34
f 1607/2316/34 1618/2317/34 1606/2309/34
f 1604/2318/36 1615/2319/36 1603/2307/36
f 1599/2311/34 1622/2320/34 1610/2295/34
f 1601/2321/35 1612/2322/35 1600/2299/35
f 1608/2323/36 1619/2324/36 1607/2297/36
f 1605/2325/35 1616/2326/35 1604/2304/35
f 1602/2315/37 1613/2327/37 1601/2300/37
f 1609/2312/35 1620/2328/35 1608/2313/35
f 1606/2329/36 1617/2330/36 1605/2302/36
f 1603/2331/34 1614/2332/34 1602/2315/34
f 1610/2295/37 1621/2333/37 1609/2305/37
f 1600/2334/37 1611/2335/37 1599/2311/37
f 1612/2336/37 1623/2337/37 1611/2335/37
f 1619/2338/34 1630/2339/34 1618/2317/34
f 1616/2340/36 1627/2341/36 1615/2319/36
f 1611/2335/34 1634/2342/34 1622/2320/34
f 1613/2343/35 1624/2344/35 1612/2322/35
f 1620/2345/36 1631/2346/36 1619/2324/36
f 1617/2347/35 1628/2348/35 1616/2326/35
f 1614/2332/37 1625/2349/37 1613/2327/37
f 1621/2350/35 1632/2351/35 1620/2328/35
f 1618/2352/36 1629/2353/36 1617/2330/36
f 1615/2354/34 1626/2355/34 1614/2332/34
f 1622/2320/37 1633/2356/37 1621/2333/37
f 1634/2342/37 1645/2357/37 1633/2356/37
f 1624/2358/37 1635/2359/37 1623/2337/37
f 1631/2360/34 1642/2361/34 1630/2339/34
f 1628/2362/36 1639/2363/36 1627/2341/36
f 1623/2337/34 1646/2364/34 1634/2342/34
f 1624/2344/35 1637/2365/35 1636/2366/35
f 1632/2367/36 1643/2368/36 1631/2346/36
f 1629/2369/35 1640/2370/35 1628/2348/35
f 1626/2355/37 1637/2371/37 1625/2349/37
f 1632/2351/35 1645/2372/35 1644/2373/35
f 1630/2374/36 1641/2375/36 1629/2353/36
f 1627/2376/34 1638/2377/34 1626/2355/34
f 1639/2378/34 1650/2379/34 1638/2377/34
f 1646/2364/37 1657/2380/37 1645/2357/37
f 1636/2381/37 1647/2382/37 1635/2359/37
f 1643/2383/34 1654/2384/34 1642/2361/34
f 1640/2385/36 1651/2386/36 1639/2363/36
f 1635/2359/34 1658/2387/34 1646/2364/34
f 1637/2365/35 1648/2388/35 1636/2366/35
f 1644/2389/36 1655/2390/36 1643/2368/36
f 1641/2391/35 1652/2392/35 1640/2370/35
f 1638/2377/37 1649/2393/37 1637/2371/37
f 1645/2372/35 1656/2394/35 1644/2373/35
f 1642/2395/36 1653/2396/36 1641/2375/36
f 1712/2397/3 1714/2398/3 1711/2399/3
f 1660/2400/34 1665/2401/34 1664/2402/34
f 1659/2403/35 1666/2404/35 1661/2405/35
f 1661/2406/36 1665/2407/36 1662/2408/36
f 1660/2400/37 1663/2409/37 1659/2410/37
f 1666/2411/36 1669/2412/36 1665/2407/36
f 1664/2402/37 1667/2413/37 1663/2409/37
f 1663/2414/35 1670/2415/35 1666/2404/35
f 1664/2402/34 1669/2416/34 1668/2417/34
f 1667/2418/35 1674/2419/35 1670/2415/35
f 1668/2417/34 1673/2420/34 1672/2421/34
f 1670/2422/36 1673/2423/36 1669/2412/36
f 1668/2417/37 1671/2424/37 1667/2413/37
f 1674/2425/36 1677/2426/36 1673/2423/36
f 1672/2421/37 1675/2427/37 1671/2424/37
f 1671/2428/35 1678/2429/35 1674/2419/35
f 1673/2420/34 1676/2430/34 1672/2421/34
f 1676/2430/37 1679/2431/37 1675/2427/37
f 1675/2432/35 1682/2433/35 1678/2429/35
f 1676/2430/34 1681/2434/34 1680/2435/34
f 1678/2436/36 1681/2437/36 1677/2426/36
f 1682/2433/35 1683/2438/35 1686/2439/35
f 1680/2435/34 1685/2440/34 1684/2441/34
f 1682/2442/36 1685/2443/36 1681/2437/36
f 1680/2435/37 1683/2444/37 1679/2431/37
f 1686/2445/36 1689/2446/36 1685/2443/36
f 1684/2441/37 1687/2447/37 1683/2444/37
f 1683/2438/35 1690/2448/35 1686/2439/35
f 1685/2440/34 1688/2449/34 1684/2441/34
f 1687/2450/35 1694/2451/35 1690/2448/35
f 1689/2452/34 1692/2453/34 1688/2449/34
f 1690/2454/36 1693/2455/36 1689/2446/36
f 1688/2449/37 1691/2456/37 1687/2447/37
f 1693/2457/34 1696/2458/34 1692/2453/34
f 1694/2459/36 1697/2460/36 1693/2455/36
f 1692/2453/37 1695/2461/37 1691/2456/37
f 1691/2462/35 1698/2463/35 1694/2451/35
f 1698/2464/36 1701/2465/36 1697/2460/36
f 1696/2458/37 1699/2466/37 1695/2461/37
f 1695/2467/35 1702/2468/35 1698/2463/35
f 1697/2469/34 1700/2470/34 1696/2458/34
f 1699/2471/35 1706/2472/35 1702/2468/35
f 1701/2473/34 1704/2474/34 1700/2470/34
f 1702/2475/36 1705/2476/36 1701/2465/36
f 1700/2470/37 1703/2477/37 1699/2466/37
f 1706/2478/36 1709/2479/36 1705/2476/36
f 1704/2474/37 1707/2480/37 1703/2477/37
f 1703/2481/35 1710/2482/35 1706/2472/35
f 1705/2483/34 1708/2484/34 1704/2474/34
f 1710/2485/36 1713/2486/36 1709/2479/36
f 1708/2484/37 1711/2487/37 1707/2480/37
f 1707/2488/35 1714/2489/35 1710/2482/35
f 1709/2490/34 1712/2491/34 1708/2484/34
f 1730/2492/88 1788/2493/88 1729/2494/88
f 1770/2495/89 1828/2496/89 1769/2497/89
f 1756/2498/90 1814/2499/90 1755/2500/90
f 1769/2497/91 1827/2501/91 1768/2502/91
f 1717/2503/92 1715/2504/92 1716/2505/92
f 1729/2494/93 1787/2506/93 1728/2507/93
f 1742/2508/94 1800/2509/94 1741/2510/94
f 1755/2500/95 1813/2511/95 1754/2512/95
f 1768/2502/96 1826/2513/97 1767/2514/96
f 1728/2507/98 1786/2515/98 1727/2516/98
f 1741/2510/99 1799/2517/99 1740/2518/99
f 1754/2512/100 1812/2519/100 1753/2520/100
f 1767/2514/101 1825/2521/101 1766/2522/101
f 1726/2523/102 1786/2515/102 1785/2524/102
f 1740/2518/103 1798/2525/103 1739/2526/103
f 1753/2520/104 1811/2527/104 1752/2528/104
f 1766/2522/105 1824/2529/105 1765/2530/105
f 1726/2523/106 1784/2531/106 1725/2532/106
f 1739/2533/107 1797/2534/107 1738/2535/107
f 1752/2528/108 1810/2536/108 1751/2537/108
f 1765/2530/109 1823/2538/109 1764/2539/110
f 1725/2532/111 1783/2540/111 1724/2541/111
f 1738/2535/112 1796/2542/113 1737/2543/112
f 1751/2537/114 1809/2544/114 1750/2545/114
f 1764/2539/115 1822/2546/115 1763/2547/115
f 1724/2541/116 1782/2548/116 1723/2549/116
f 1737/2543/117 1795/2550/117 1736/2551/117
f 1750/2545/118 1808/2552/118 1749/2553/118
f 1763/2547/119 1821/2554/119 1762/2555/119
f 1716/2505/120 1834/2556/120 1775/2557/120
f 1723/2558/121 1781/2559/121 1722/2560/121
f 1736/2551/122 1794/2561/122 1735/2562/122
f 1749/2553/123 1807/2563/123 1748/2564/123
f 1762/2565/124 1820/2566/124 1761/2567/124
f 1775/2557/125 1833/2568/125 1774/2569/125
f 1721/2570/126 1781/2559/126 1780/2571/126
f 1735/2562/127 1793/2572/127 1734/2573/127
f 1748/2564/128 1806/2574/128 1747/2575/128
f 1761/2567/129 1819/2576/129 1760/2577/129
f 1774/2569/130 1832/2578/130 1773/2579/130
f 1721/2570/131 1779/2580/131 1720/2581/131
f 1733/2582/132 1793/2572/132 1792/2583/132
f 1747/2575/133 1805/2584/133 1746/2585/133
f 1760/2577/134 1818/2586/134 1759/2587/134
f 1773/2579/135 1831/2588/135 1772/2589/135
f 1720/2581/136 1778/2590/136 1719/2591/136
f 1733/2582/137 1791/2592/137 1732/2593/137
f 1746/2585/138 1804/2594/138 1745/2595/138
f 1759/2587/139 1817/2596/139 1758/2597/139
f 1772/2589/140 1830/2598/140 1771/2599/140
f 1719/2591/141 1777/2600/141 1718/2601/141
f 1732/2593/142 1790/2602/142 1731/2603/142
f 1745/2595/143 1803/2604/143 1744/2605/143
f 1758/2597/144 1816/2606/144 1757/2607/144
f 1771/2599/145 1829/2608/145 1770/2495/145
f 1718/2601/146 1776/2609/146 1717/2503/146
f 1731/2603/147 1789/2610/147 1730/2492/147
f 1744/2605/148 1802/2611/148 1743/2612/148
f 2638/2613/3 2654/2614/3 2670/2615/3
f 1743/2612/149 1801/2616/149 1742/2508/149
f 1757/2607/150 1815/2617/150 1756/2498/150
f 1781/2559/126 1840/2618/126 1780/2571/126
f 1794/2561/127 1853/2619/127 1793/2572/127
f 1807/2563/128 1866/2620/128 1806/2574/128
f 1820/2566/129 1879/2621/129 1819/2576/129
f 1833/2568/130 1892/2622/130 1832/2578/130
f 1780/2571/131 1839/2623/131 1779/2580/131
f 1793/2572/132 1852/2624/132 1792/2583/132
f 1806/2574/133 1865/2625/133 1805/2584/133
f 1819/2576/134 1878/2626/134 1818/2586/134
f 1832/2578/135 1891/2627/135 1831/2588/135
f 1779/2580/136 1838/2628/136 1778/2590/136
f 1792/2583/137 1851/2629/137 1791/2592/137
f 1805/2584/138 1864/2630/138 1804/2594/138
f 1818/2586/139 1877/2631/139 1817/2596/139
f 1831/2588/140 1890/2632/140 1830/2598/140
f 1778/2590/141 1837/2633/141 1777/2600/141
f 1791/2592/142 1850/2634/142 1790/2602/142
f 1804/2594/143 1863/2635/143 1803/2604/143
f 1817/2596/144 1876/2636/144 1816/2606/144
f 1830/2598/145 1889/2637/145 1829/2608/145
f 1777/2600/146 1836/2638/146 1776/2609/146
f 1790/2602/147 1849/2639/147 1789/2610/147
f 1803/2604/148 1862/2640/148 1802/2611/148
f 1816/2606/150 1875/2641/150 1815/2617/150
f 1829/2608/89 1888/2642/89 1828/2496/89
f 1776/2609/92 1835/2643/92 1715/2504/92
f 1789/2610/88 1848/2644/88 1788/2493/88
f 1802/2611/149 1861/2645/149 1801/2616/149
f 1815/2617/90 1874/2646/90 1814/2499/90
f 1828/2496/91 1887/2647/91 1827/2501/91
f 1788/2493/93 1847/2648/93 1787/2506/93
f 1801/2616/94 1860/2649/94 1800/2509/94
f 1814/2499/95 1873/2650/95 1813/2511/95
f 1827/2501/97 1886/2651/97 1826/2513/97
f 1787/2506/98 1846/2652/98 1786/2515/98
f 1800/2509/99 1859/2653/99 1799/2517/99
f 1813/2511/100 1872/2654/100 1812/2519/100
f 1826/2513/101 1885/2655/101 1825/2521/101
f 1786/2515/102 1845/2656/102 1785/2524/102
f 1799/2517/103 1858/2657/103 1798/2525/103
f 1812/2519/104 1871/2658/104 1811/2527/104
f 1825/2521/105 1884/2659/105 1824/2529/105
f 1785/2524/106 1844/2660/106 1784/2531/106
f 1798/2661/107 1857/2662/107 1797/2534/107
f 1811/2527/108 1870/2663/108 1810/2536/108
f 1824/2529/109 1883/2664/109 1823/2538/109
f 1784/2531/111 1843/2665/111 1783/2540/111
f 1797/2534/113 1856/2666/113 1796/2542/113
f 1810/2536/114 1869/2667/114 1809/2544/114
f 1823/2538/115 1882/2668/115 1822/2546/115
f 1783/2540/116 1842/2669/116 1782/2548/116
f 1795/2550/117 1856/2666/117 1855/2670/117
f 1809/2544/118 1868/2671/118 1808/2552/118
f 1822/2546/119 1881/2672/119 1821/2554/119
f 1715/2504/120 1894/2673/120 1834/2556/120
f 1782/2674/121 1841/2675/121 1781/2559/121
f 1795/2550/122 1854/2676/122 1794/2561/122
f 1808/2552/123 1867/2677/123 1807/2563/123
f 1821/2678/124 1880/2679/124 1820/2566/124
f 1834/2556/125 1893/2680/125 1833/2568/125
f 1842/2681/121 1901/2682/121 1841/2675/121
f 1835/2643/120 1954/2683/120 1894/2673/120
f 1869/2667/118 1928/2684/118 1868/2671/118
f 1843/2665/116 1902/2685/116 1842/2669/116
f 1870/2663/114 1929/2686/114 1869/2667/114
f 1844/2660/111 1903/2687/111 1843/2665/111
f 1871/2658/108 1930/2688/108 1870/2663/108
f 1845/2656/106 1904/2689/106 1844/2660/106
f 1871/2658/104 1932/2690/104 1931/2691/104
f 1846/2652/102 1905/2692/102 1845/2656/102
f 1873/2650/100 1932/2690/100 1872/2654/100
f 1847/2648/98 1906/2693/98 1846/2652/98
f 1874/2646/95 1933/2694/95 1873/2650/95
f 1848/2644/93 1907/2695/93 1847/2648/93
f 1875/2641/90 1934/2696/90 1874/2646/90
f 1849/2639/88 1908/2697/88 1848/2644/88
f 1876/2636/150 1935/2698/150 1875/2641/150
f 1850/2634/147 1909/2699/147 1849/2639/147
f 1877/2631/144 1936/2700/144 1876/2636/144
f 1851/2629/142 1910/2701/142 1850/2634/142
f 1877/2631/139 1938/2702/139 1937/2703/139
f 1852/2624/137 1911/2704/137 1851/2629/137
f 1879/2621/134 1938/2702/134 1878/2626/134
f 1853/2619/132 1912/2705/132 1852/2624/132
f 1880/2679/129 1939/2706/129 1879/2621/129
f 1853/2619/127 1914/2707/127 1913/2708/127
f 1881/2709/124 1940/2710/124 1880/2679/124
f 1855/2670/122 1914/2707/122 1854/2676/122
f 1882/2668/119 1941/2711/119 1881/2672/119
f 1856/2666/117 1915/2712/117 1855/2670/117
f 1882/2668/115 1943/2713/115 1942/2714/115
f 1857/2662/113 1916/2715/113 1856/2666/113
f 1884/2659/109 1943/2713/109 1883/2664/109
f 1858/2716/107 1917/2717/107 1857/2662/107
f 1885/2655/105 1944/2718/105 1884/2659/105
f 1859/2653/103 1918/2719/103 1858/2657/103
f 1886/2651/101 1945/2720/101 1885/2655/101
f 1860/2649/99 1919/2721/99 1859/2653/99
f 1887/2647/97 1946/2722/97 1886/2651/97
f 1861/2645/94 1920/2723/94 1860/2649/94
f 1888/2642/91 1947/2724/91 1887/2647/91
f 1862/2640/149 1921/2725/149 1861/2645/149
f 1836/2638/92 1895/2726/92 1835/2643/92
f 1888/2642/89 1949/2727/89 1948/2728/89
f 1863/2635/148 1922/2729/148 1862/2640/148
f 1837/2633/146 1896/2730/146 1836/2638/146
f 1890/2632/145 1949/2727/145 1889/2637/145
f 1864/2630/143 1923/2731/143 1863/2635/143
f 1838/2628/141 1897/2732/141 1837/2633/141
f 1891/2627/140 1950/2733/140 1890/2632/140
f 1865/2625/138 1924/2734/138 1864/2630/138
f 1839/2623/136 1898/2735/136 1838/2628/136
f 1892/2622/135 1951/2736/135 1891/2627/135
f 1866/2620/133 1925/2737/133 1865/2625/133
f 1840/2618/131 1899/2738/131 1839/2623/131
f 1893/2680/130 1952/2739/130 1892/2622/130
f 1867/2677/128 1926/2740/128 1866/2620/128
f 1841/2675/126 1900/2741/126 1840/2618/126
f 1894/2673/125 1953/2742/125 1893/2680/125
f 1868/2671/123 1927/2743/123 1867/2677/123
f 1913/2708/132 1972/2744/132 1912/2705/132
f 1940/2710/129 1999/2745/129 1939/2706/129
f 1914/2707/127 1973/2746/127 1913/2708/127
f 1941/2747/124 2000/2748/124 1940/2710/124
f 1915/2712/122 1974/2749/122 1914/2707/122
f 1942/2714/119 2001/2750/119 1941/2711/119
f 1916/2715/117 1975/2751/117 1915/2712/117
f 1943/2713/115 2002/2752/115 1942/2714/115
f 1917/2717/113 1976/2753/113 1916/2715/113
f 1944/2718/109 2003/2754/109 1943/2713/109
f 1918/2755/107 1977/2756/107 1917/2717/107
f 1944/2718/105 2005/2757/105 2004/2758/105
f 1919/2721/103 1978/2759/103 1918/2719/103
f 1946/2722/101 2005/2757/101 1945/2720/101
f 1920/2723/99 1979/2760/99 1919/2721/99
f 1947/2724/97 2006/2761/97 1946/2722/97
f 1921/2725/94 1980/2762/94 1920/2723/94
f 1948/2728/91 2007/2763/91 1947/2724/91
f 1922/2729/149 1981/2764/149 1921/2725/149
f 1896/2730/92 1955/2765/92 1895/2726/92
f 1949/2727/89 2008/2766/89 1948/2728/89
f 1923/2731/148 1982/2767/148 1922/2729/148
f 1897/2732/146 1956/2768/146 1896/2730/146
f 1950/2733/145 2009/2769/145 1949/2727/145
f 1924/2734/143 1983/2770/143 1923/2731/143
f 1898/2735/141 1957/2771/141 1897/2732/141
f 1951/2736/140 2010/2772/140 1950/2733/140
f 1925/2737/138 1984/2773/138 1924/2734/138
f 1899/2738/136 1958/2774/136 1898/2735/136
f 1952/2739/135 2011/2775/135 1951/2736/135
f 1926/2740/133 1985/2776/133 1925/2737/133
f 1900/2741/131 1959/2777/131 1899/2738/131
f 1953/2742/130 2012/2778/130 1952/2739/130
f 1927/2743/128 1986/2779/128 1926/2740/128
f 1901/2682/126 1960/2780/126 1900/2741/126
f 1954/2683/125 2013/2781/125 1953/2742/125
f 1928/2684/123 1987/2782/123 1927/2743/123
f 1902/2783/121 1961/2784/121 1901/2682/121
f 1895/2726/120 2014/2785/120 1954/2683/120
f 1929/2686/118 1988/2786/118 1928/2684/118
f 1902/2685/116 1963/2787/116 1962/2788/116
f 1930/2688/114 1989/2789/114 1929/2686/114
f 1904/2689/111 1963/2787/111 1903/2687/111
f 1931/2691/108 1990/2790/108 1930/2688/108
f 1905/2692/106 1964/2791/106 1904/2689/106
f 1932/2690/104 1991/2792/104 1931/2691/104
f 1906/2693/102 1965/2793/102 1905/2692/102
f 1933/2694/100 1992/2794/100 1932/2690/100
f 1907/2695/98 1966/2795/98 1906/2693/98
f 1934/2696/95 1993/2796/95 1933/2694/95
f 1908/2697/93 1967/2797/93 1907/2695/93
f 1935/2698/90 1994/2798/90 1934/2696/90
f 1909/2699/88 1968/2799/88 1908/2697/88
f 1935/2698/150 1996/2800/150 1995/2801/150
f 1909/2699/147 1970/2802/147 1969/2803/147
f 1937/2703/144 1996/2800/144 1936/2700/144
f 1910/2701/142 1971/2804/142 1970/2802/142
f 1937/2703/139 1998/2805/139 1997/2806/139
f 1911/2704/137 1972/2744/137 1971/2804/137
f 1939/2706/134 1998/2805/134 1938/2702/134
f 1984/2773/143 2043/2807/143 1983/2770/143
f 1958/2774/141 2017/2808/141 1957/2771/141
f 2011/2775/140 2070/2809/140 2010/2772/140
f 1985/2776/138 2044/2810/138 1984/2773/138
f 1959/2777/136 2018/2811/136 1958/2774/136
f 2012/2778/135 2071/2812/135 2011/2775/135
f 1986/2779/133 2045/2813/133 1985/2776/133
f 1960/2780/131 2019/2814/131 1959/2777/131
f 2013/2781/130 2072/2815/130 2012/2778/130
f 1987/2782/128 2046/2816/128 1986/2779/128
f 1961/2784/126 2020/2817/126 1960/2780/126
f 2014/2785/125 2073/2818/125 2013/2781/125
f 1988/2786/123 2047/2819/123 1987/2782/123
f 1962/2820/121 2021/2821/121 1961/2784/121
f 1955/2765/120 2074/2822/120 2014/2785/120
f 1989/2789/118 2048/2823/118 1988/2786/118
f 1963/2787/116 2022/2824/116 1962/2788/116
f 1990/2790/114 2049/2825/114 1989/2789/114
f 1964/2791/111 2023/2826/111 1963/2787/111
f 1991/2792/108 2050/2827/108 1990/2790/108
f 1965/2793/106 2024/2828/106 1964/2791/106
f 1992/2794/104 2051/2829/104 1991/2792/104
f 1966/2795/102 2025/2830/102 1965/2793/102
f 1993/2796/100 2052/2831/100 1992/2794/100
f 1967/2797/98 2026/2832/98 1966/2795/98
f 1994/2798/95 2053/2833/95 1993/2796/95
f 1967/2797/93 2028/2834/93 2027/2835/93
f 1995/2801/90 2054/2836/90 1994/2798/90
f 1969/2803/88 2028/2834/88 1968/2799/88
f 1995/2801/150 2056/2837/150 2055/2838/150
f 1970/2802/147 2029/2839/147 1969/2803/147
f 1997/2806/144 2056/2837/144 1996/2800/144
f 1971/2804/142 2030/2840/142 1970/2802/142
f 1998/2805/139 2057/2841/139 1997/2806/139
f 1972/2744/137 2031/2842/137 1971/2804/137
f 1999/2745/134 2058/2843/134 1998/2805/134
f 1973/2746/132 2032/2844/132 1972/2744/132
f 2000/2748/129 2059/2845/129 1999/2745/129
f 1974/2749/127 2033/2846/127 1973/2746/127
f 2001/2847/124 2060/2848/124 2000/2748/124
f 1975/2751/122 2034/2849/122 1974/2749/122
f 2002/2752/119 2061/2850/119 2001/2750/119
f 1976/2753/117 2035/2851/117 1975/2751/117
f 2003/2754/115 2062/2852/115 2002/2752/115
f 1977/2756/113 2036/2853/113 1976/2753/113
f 2004/2758/109 2063/2854/109 2003/2754/109
f 1978/2855/107 2037/2856/107 1977/2756/107
f 2004/2758/105 2065/2857/105 2064/2858/105
f 1979/2760/103 2038/2859/103 1978/2759/103
f 2006/2761/101 2065/2857/101 2005/2757/101
f 1980/2762/99 2039/2860/99 1979/2760/99
f 2007/2763/97 2066/2861/97 2006/2761/97
f 1981/2764/94 2040/2862/94 1980/2762/94
f 2008/2766/91 2067/2863/91 2007/2763/91
f 1982/2767/149 2041/2864/149 1981/2764/149
f 1956/2768/92 2015/2865/92 1955/2765/92
f 2009/2769/89 2068/2866/89 2008/2766/89
f 1983/2770/148 2042/2867/148 1982/2767/148
f 1957/2771/146 2016/2868/146 1956/2768/146
f 2010/2772/145 2069/2869/145 2009/2769/145
f 2055/2838/90 2114/2870/90 2054/2836/90
f 2029/2839/88 2088/2871/88 2028/2834/88
f 2055/2838/150 2116/2872/150 2115/2873/150
f 2030/2840/147 2089/2874/147 2029/2839/147
f 2057/2841/144 2116/2872/144 2056/2837/144
f 2030/2840/142 2091/2875/142 2090/2876/142
f 2058/2843/139 2117/2877/139 2057/2841/139
f 2031/2842/137 2092/2878/137 2091/2875/137
f 2059/2845/134 2118/2879/134 2058/2843/134
f 2032/2844/132 2093/2880/132 2092/2878/132
f 2060/2848/129 2119/2881/129 2059/2845/129
f 2034/2849/127 2093/2880/127 2033/2846/127
f 2061/2882/124 2120/2883/124 2060/2848/124
f 2035/2851/122 2094/2884/122 2034/2849/122
f 2062/2852/119 2121/2885/119 2061/2850/119
f 2036/2853/117 2095/2886/117 2035/2851/117
f 2063/2854/115 2122/2887/115 2062/2852/115
f 2037/2856/113 2096/2888/113 2036/2853/113
f 2064/2858/109 2123/2889/109 2063/2854/109
f 2037/2856/107 2098/2890/107 2097/2891/107
f 2064/2858/105 2125/2892/105 2124/2893/105
f 2039/2860/103 2098/2894/103 2038/2859/103
f 2066/2861/101 2125/2892/101 2065/2857/101
f 2040/2862/99 2099/2895/99 2039/2860/99
f 2067/2863/97 2126/2896/97 2066/2861/97
f 2041/2864/94 2100/2897/94 2040/2862/94
f 2068/2866/91 2127/2898/91 2067/2863/91
f 2042/2867/149 2101/2899/149 2041/2864/149
f 2016/2868/92 2075/2900/92 2015/2865/92
f 2069/2869/89 2128/2901/89 2068/2866/89
f 2043/2807/148 2102/2902/148 2042/2867/148
f 2017/2808/146 2076/2903/146 2016/2868/146
f 2070/2809/145 2129/2904/145 2069/2869/145
f 2044/2810/143 2103/2905/143 2043/2807/143
f 2018/2811/141 2077/2906/141 2017/2808/141
f 2071/2812/140 2130/2907/140 2070/2809/140
f 2045/2813/138 2104/2908/138 2044/2810/138
f 2019/2814/136 2078/2909/136 2018/2811/136
f 2072/2815/135 2131/2910/135 2071/2812/135
f 2046/2816/133 2105/2911/133 2045/2813/133
f 2020/2817/131 2079/2912/131 2019/2814/131
f 2073/2818/130 2132/2913/130 2072/2815/130
f 2047/2819/128 2106/2914/128 2046/2816/128
f 2021/2821/126 2080/2915/126 2020/2817/126
f 2074/2822/125 2133/2916/125 2073/2818/125
f 2048/2823/123 2107/2917/123 2047/2819/123
f 2021/2821/121 2082/2918/121 2081/2919/121
f 2015/2865/120 2134/2920/120 2074/2822/120
f 2049/2825/118 2108/2921/118 2048/2823/118
f 2023/2826/116 2082/2922/116 2022/2824/116
f 2050/2827/114 2109/2923/114 2049/2825/114
f 2024/2828/111 2083/2924/111 2023/2826/111
f 2051/2829/108 2110/2925/108 2050/2827/108
f 2024/2828/106 2085/2926/106 2084/2927/106
f 2052/2831/104 2111/2928/104 2051/2829/104
f 2026/2832/102 2085/2926/102 2025/2830/102
f 2053/2833/100 2112/2929/100 2052/2831/100
f 2027/2835/98 2086/2930/98 2026/2832/98
f 2054/2836/95 2113/2931/95 2053/2833/95
f 2028/2834/93 2087/2932/93 2027/2835/93
f 2126/2896/101 2185/2933/101 2125/2892/101
f 2100/2897/99 2159/2934/99 2099/2895/99
f 2127/2898/97 2186/2935/97 2126/2896/97
f 2101/2899/94 2160/2936/94 2100/2897/94
f 2128/2901/91 2187/2937/91 2127/2898/91
f 2102/2902/149 2161/2938/149 2101/2899/149
f 2076/2903/92 2135/2939/92 2075/2900/92
f 2129/2904/89 2188/2940/89 2128/2901/89
f 2103/2905/148 2162/2941/148 2102/2902/148
f 2077/2906/146 2136/2942/146 2076/2903/146
f 2130/2907/145 2189/2943/145 2129/2904/145
f 2104/2908/143 2163/2944/143 2103/2905/143
f 2078/2909/141 2137/2945/141 2077/2906/141
f 2131/2910/140 2190/2946/140 2130/2907/140
f 2105/2911/138 2164/2947/138 2104/2908/138
f 2079/2912/136 2138/2948/136 2078/2909/136
f 2132/2913/135 2191/2949/135 2131/2910/135
f 2105/2911/133 2166/2950/133 2165/2951/133
f 2080/2915/131 2139/2952/131 2079/2912/131
f 2133/2916/130 2192/2953/130 2132/2913/130
f 2107/2917/128 2166/2950/128 2106/2914/128
f 2081/2919/126 2140/2954/126 2080/2915/126
f 2134/2920/125 2193/2955/125 2133/2916/125
f 2108/2921/123 2167/2956/123 2107/2917/123
f 2082/2918/121 2141/2957/121 2081/2919/121
f 2134/2920/120 2135/2939/120 2194/2958/120
f 2109/2923/118 2168/2959/118 2108/2921/118
f 2083/2924/116 2142/2960/116 2082/2922/116
f 2110/2925/114 2169/2961/114 2109/2923/114
f 2084/2927/111 2143/2962/111 2083/2924/111
f 2111/2928/108 2170/2963/108 2110/2925/108
f 2085/2926/106 2144/2964/106 2084/2927/106
f 2112/2929/104 2171/2965/104 2111/2928/104
f 2086/2930/102 2145/2966/102 2085/2926/102
f 2113/2931/100 2172/2967/100 2112/2929/100
f 2087/2932/98 2146/2968/98 2086/2930/98
f 2114/2870/95 2173/2969/95 2113/2931/95
f 2088/2871/93 2147/2970/93 2087/2932/93
f 2115/2873/90 2174/2971/90 2114/2870/90
f 2089/2874/88 2148/2972/88 2088/2871/88
f 2115/2873/150 2176/2973/150 2175/2974/150
f 2090/2876/147 2149/2975/147 2089/2874/147
f 2117/2877/144 2176/2973/144 2116/2872/144
f 2091/2875/142 2150/2976/142 2090/2876/142
f 2118/2879/139 2177/2977/139 2117/2877/139
f 2092/2878/137 2151/2978/137 2091/2875/137
f 2119/2881/134 2178/2979/134 2118/2879/134
f 2093/2880/132 2152/2980/132 2092/2878/132
f 2120/2883/129 2179/2981/129 2119/2881/129
f 2094/2884/127 2153/2982/127 2093/2880/127
f 2121/2983/124 2180/2984/124 2120/2883/124
f 2095/2886/122 2154/2985/122 2094/2884/122
f 2122/2887/119 2181/2986/119 2121/2885/119
f 2095/2886/117 2156/2987/117 2155/2988/117
f 2123/2889/115 2182/2989/115 2122/2887/115
f 2097/2891/113 2156/2987/113 2096/2888/113
f 2124/2893/109 2183/2990/109 2123/2889/109
f 2098/2890/107 2157/2991/107 2097/2891/107
f 2124/2893/105 2185/2933/105 2184/2992/105
f 2099/2895/103 2158/2993/103 2098/2894/103
f 2171/2965/108 2230/2994/108 2170/2963/108
f 2145/2966/106 2204/2995/106 2144/2964/106
f 2172/2967/104 2231/2996/104 2171/2965/104
f 2146/2968/102 2205/2997/102 2145/2966/102
f 2173/2969/100 2232/2998/100 2172/2967/100
f 2147/2970/98 2206/2999/98 2146/2968/98
f 2174/2971/95 2233/3000/95 2173/2969/95
f 2147/2970/93 2208/3001/93 2207/3002/93
f 2175/2974/90 2234/3003/90 2174/2971/90
f 2149/2975/88 2208/3001/88 2148/2972/88
f 2176/2973/150 2235/3004/150 2175/2974/150
f 2150/2976/147 2209/3005/147 2149/2975/147
f 2177/2977/144 2236/3006/144 2176/2973/144
f 2150/2976/142 2211/3007/142 2210/3008/142
f 2178/2979/139 2237/3009/139 2177/2977/139
f 2152/2980/137 2211/3007/137 2151/2978/137
f 2179/2981/134 2238/3010/134 2178/2979/134
f 2153/2982/132 2212/3011/132 2152/2980/132
f 2180/2984/129 2239/3012/129 2179/2981/129
f 2154/2985/127 2213/3013/127 2153/2982/127
f 2181/3014/124 2240/3015/124 2180/2984/124
f 2155/2988/122 2214/3016/122 2154/2985/122
f 2182/2989/119 2241/3017/119 2181/2986/119
f 2156/2987/117 2215/3018/117 2155/2988/117
f 2183/2990/115 2242/3019/115 2182/2989/115
f 2157/2991/113 2216/3020/113 2156/2987/113
f 2184/2992/109 2243/3021/109 2183/2990/109
f 2158/3022/107 2217/3023/107 2157/2991/107
f 2185/2933/105 2244/3024/105 2184/2992/105
f 2158/2993/103 2219/3025/103 2218/3026/103
f 2186/2935/101 2245/3027/101 2185/2933/101
f 2160/2936/99 2219/3025/99 2159/2934/99
f 2187/2937/97 2246/3028/97 2186/2935/97
f 2161/2938/94 2220/3029/94 2160/2936/94
f 2188/2940/91 2247/3030/91 2187/2937/91
f 2162/2941/149 2221/3031/149 2161/2938/149
f 2136/2942/92 2195/3032/92 2135/2939/92
f 2189/2943/89 2248/3033/89 2188/2940/89
f 2163/2944/148 2222/3034/148 2162/2941/148
f 2137/2945/146 2196/3035/146 2136/2942/146
f 2190/2946/145 2249/3036/145 2189/2943/145
f 2164/2947/143 2223/3037/143 2163/2944/143
f 2138/2948/141 2197/3038/141 2137/2945/141
f 2191/2949/140 2250/3039/140 2190/2946/140
f 2165/2951/138 2224/3040/138 2164/2947/138
f 2138/2948/136 2199/3041/136 2198/3042/136
f 2192/2953/135 2251/3043/135 2191/2949/135
f 2165/2951/133 2226/3044/133 2225/3045/133
f 2140/2954/131 2199/3041/131 2139/2952/131
f 2193/2955/130 2252/3046/130 2192/2953/130
f 2167/2956/128 2226/3044/128 2166/2950/128
f 2141/2957/126 2200/3047/126 2140/2954/126
f 2194/2958/125 2253/3048/125 2193/2955/125
f 2168/2959/123 2227/3049/123 2167/2956/123
f 2142/3050/121 2201/3051/121 2141/2957/121
f 2194/2958/120 2195/3032/120 2254/3052/120
f 2169/2961/118 2228/3053/118 2168/2959/118
f 2143/2962/116 2202/3054/116 2142/2960/116
f 2170/2963/114 2229/3055/114 2169/2961/114
f 2143/2962/111 2204/2995/111 2203/3056/111
f 2242/3019/119 2301/3057/119 2241/3017/119
f 2216/3020/117 2275/3058/117 2215/3018/117
f 2243/3021/115 2302/3059/115 2242/3019/115
f 2217/3023/113 2276/3060/113 2216/3020/113
f 2244/3024/109 2303/3061/109 2243/3021/109
f 2218/3062/107 2277/3063/107 2217/3023/107
f 2245/3027/105 2304/3064/105 2244/3024/105
f 2219/3025/103 2278/3065/103 2218/3026/103
f 2246/3028/101 2305/3066/101 2245/3027/101
f 2220/3029/99 2279/3067/99 2219/3025/99
f 2247/3030/97 2306/3068/97 2246/3028/97
f 2221/3031/94 2280/3069/94 2220/3029/94
f 2248/3033/91 2307/3070/91 2247/3030/91
f 2222/3034/149 2281/3071/149 2221/3031/149
f 2196/3035/92 2255/3072/92 2195/3032/92
f 2249/3036/89 2308/3073/89 2248/3033/89
f 2223/3037/148 2282/3074/148 2222/3034/148
f 2196/3035/146 2257/3075/146 2256/3076/146
f 2250/3039/145 2309/3077/145 2249/3036/145
f 2224/3040/143 2283/3078/143 2223/3037/143
f 2197/3038/141 2258/3079/141 2257/3075/141
f 2251/3043/140 2310/3080/140 2250/3039/140
f 2225/3045/138 2284/3081/138 2224/3040/138
f 2199/3041/136 2258/3079/136 2198/3042/136
f 2252/3046/135 2311/3082/135 2251/3043/135
f 2225/3045/133 2286/3083/133 2285/3084/133
f 2200/3047/131 2259/3085/131 2199/3041/131
f 2253/3048/130 2312/3086/130 2252/3046/130
f 2227/3049/128 2286/3083/128 2226/3044/128
f 2201/3051/126 2260/3087/126 2200/3047/126
f 2254/3052/125 2313/3088/125 2253/3048/125
f 2228/3053/123 2287/3089/123 2227/3049/123
f 2202/3090/121 2261/3091/121 2201/3051/121
f 2254/3052/120 2255/3072/120 2314/3092/120
f 2229/3055/118 2288/3093/118 2228/3053/118
f 2203/3056/116 2262/3094/116 2202/3054/116
f 2230/2994/114 2289/3095/114 2229/3055/114
f 2204/2995/111 2263/3096/111 2203/3056/111
f 2231/2996/108 2290/3097/108 2230/2994/108
f 2205/2997/106 2264/3098/106 2204/2995/106
f 2232/2998/104 2291/3099/104 2231/2996/104
f 2206/2999/102 2265/3100/102 2205/2997/102
f 2233/3000/100 2292/3101/100 2232/2998/100
f 2207/3002/98 2266/3102/98 2206/2999/98
f 2234/3003/95 2293/3103/95 2233/3000/95
f 2208/3001/93 2267/3104/93 2207/3002/93
f 2235/3004/90 2294/3105/90 2234/3003/90
f 2209/3005/88 2268/3106/88 2208/3001/88
f 2236/3006/150 2295/3107/150 2235/3004/150
f 2210/3008/147 2269/3108/147 2209/3005/147
f 2237/3009/144 2296/3109/144 2236/3006/144
f 2211/3007/142 2270/3110/142 2210/3008/142
f 2238/3010/139 2297/3111/139 2237/3009/139
f 2212/3011/137 2271/3112/137 2211/3007/137
f 2239/3012/134 2298/3113/134 2238/3010/134
f 2213/3013/132 2272/3114/132 2212/3011/132
f 2240/3015/129 2299/3115/129 2239/3012/129
f 2214/3016/127 2273/3116/127 2213/3013/127
f 2241/3117/124 2300/3118/124 2240/3015/124
f 2215/3018/122 2274/3119/122 2214/3016/122
f 2313/3088/130 2372/3120/130 2312/3086/130
f 2287/3089/128 2346/3121/128 2286/3083/128
f 2261/3091/126 2320/3122/126 2260/3087/126
f 2314/3092/125 2373/3123/125 2313/3088/125
f 2288/3093/123 2347/3124/123 2287/3089/123
f 2262/3125/121 2321/3126/121 2261/3091/121
f 2314/3092/120 2315/3127/120 2374/3128/120
f 2289/3095/118 2348/3129/118 2288/3093/118
f 2262/3094/116 2323/3130/116 2322/3131/116
f 2290/3097/114 2349/3132/114 2289/3095/114
f 2264/3098/111 2323/3130/111 2263/3096/111
f 2291/3099/108 2350/3133/108 2290/3097/108
f 2265/3100/106 2324/3134/106 2264/3098/106
f 2292/3101/104 2351/3135/104 2291/3099/104
f 2265/3100/102 2326/3136/102 2325/3137/102
f 2293/3103/100 2352/3138/100 2292/3101/100
f 2267/3104/98 2326/3136/98 2266/3102/98
f 2294/3105/95 2353/3139/95 2293/3103/95
f 2268/3106/93 2327/3140/93 2267/3104/93
f 2295/3107/90 2354/3141/90 2294/3105/90
f 2269/3108/88 2328/3142/88 2268/3106/88
f 2296/3109/150 2355/3143/150 2295/3107/150
f 2270/3110/147 2329/3144/147 2269/3108/147
f 2297/3111/144 2356/3145/144 2296/3109/144
f 2271/3112/142 2330/3146/142 2270/3110/142
f 2298/3113/139 2357/3147/139 2297/3111/139
f 2272/3114/137 2331/3148/137 2271/3112/137
f 2299/3115/134 2358/3149/134 2298/3113/134
f 2273/3116/132 2332/3150/132 2272/3114/132
f 2300/3118/129 2359/3151/129 2299/3115/129
f 2273/3116/127 2334/3152/127 2333/3153/127
f 2301/3154/124 2360/3155/124 2300/3118/124
f 2275/3058/122 2334/3152/122 2274/3119/122
f 2302/3059/119 2361/3156/119 2301/3057/119
f 2275/3058/117 2336/3157/117 2335/3158/117
f 2303/3061/115 2362/3159/115 2302/3059/115
f 2277/3063/113 2336/3157/113 2276/3060/113
f 2304/3064/109 2363/3160/109 2303/3061/109
f 2278/3161/107 2337/3162/107 2277/3063/107
f 2305/3066/105 2364/3163/105 2304/3064/105
f 2279/3067/103 2338/3164/103 2278/3065/103
f 2306/3068/101 2365/3165/101 2305/3066/101
f 2280/3069/99 2339/3166/99 2279/3067/99
f 2307/3070/97 2366/3167/97 2306/3068/97
f 2281/3071/94 2340/3168/94 2280/3069/94
f 2308/3073/91 2367/3169/91 2307/3070/91
f 2282/3074/149 2341/3170/149 2281/3071/149
f 2256/3076/92 2315/3127/92 2255/3072/92
f 2309/3077/89 2368/3171/89 2308/3073/89
f 2283/3078/148 2342/3172/148 2282/3074/148
f 2257/3075/146 2316/3173/146 2256/3076/146
f 2310/3080/145 2369/3174/145 2309/3077/145
f 2284/3081/143 2343/3175/143 2283/3078/143
f 2258/3079/141 2317/3176/141 2257/3075/141
f 2311/3082/140 2370/3177/140 2310/3080/140
f 2285/3084/138 2344/3178/138 2284/3081/138
f 2259/3085/136 2318/3179/136 2258/3079/136
f 2312/3086/135 2371/3180/135 2311/3082/135
f 2285/3084/133 2346/3121/133 2345/3181/133
f 2260/3087/131 2319/3182/131 2259/3085/131
f 2358/3149/139 2417/3183/139 2357/3147/139
f 2331/3148/137 2392/3184/137 2391/3185/137
f 2359/3151/134 2418/3186/134 2358/3149/134
f 2332/3150/132 2393/3187/132 2392/3184/132
f 2360/3155/129 2419/3188/129 2359/3151/129
f 2333/3153/127 2394/3189/127 2393/3187/127
f 2361/3190/124 2420/3191/124 2360/3155/124
f 2335/3158/122 2394/3189/122 2334/3152/122
f 2362/3159/119 2421/3192/119 2361/3156/119
f 2336/3157/117 2395/3193/117 2335/3158/117
f 2363/3160/115 2422/3194/115 2362/3159/115
f 2337/3162/113 2396/3195/113 2336/3157/113
f 2364/3163/109 2423/3196/109 2363/3160/109
f 2337/3162/107 2398/3197/107 2397/3198/107
f 2365/3165/105 2424/3199/105 2364/3163/105
f 2339/3166/103 2398/3200/103 2338/3164/103
f 2366/3167/101 2425/3201/101 2365/3165/101
f 2340/3168/99 2399/3202/99 2339/3166/99
f 2367/3169/97 2426/3203/97 2366/3167/97
f 2341/3170/94 2400/3204/94 2340/3168/94
f 2368/3171/91 2427/3205/91 2367/3169/91
f 2342/3172/149 2401/3206/149 2341/3170/149
f 2316/3173/92 2375/3207/92 2315/3127/92
f 2369/3174/89 2428/3208/89 2368/3171/89
f 2342/3172/148 2403/3209/148 2402/3210/148
f 2317/3176/146 2376/3211/146 2316/3173/146
f 2370/3177/145 2429/3212/145 2369/3174/145
f 2344/3178/143 2403/3209/143 2343/3175/143
f 2318/3179/141 2377/3213/141 2317/3176/141
f 2371/3180/140 2430/3214/140 2370/3177/140
f 2345/3181/138 2404/3215/138 2344/3178/138
f 2319/3182/136 2378/3216/136 2318/3179/136
f 2372/3120/135 2431/3217/135 2371/3180/135
f 2345/3181/133 2406/3218/133 2405/3219/133
f 2320/3122/131 2379/3220/131 2319/3182/131
f 2373/3123/130 2432/3221/130 2372/3120/130
f 2347/3124/128 2406/3218/128 2346/3121/128
f 2321/3126/126 2380/3222/126 2320/3122/126
f 2374/3128/125 2433/3223/125 2373/3123/125
f 2348/3129/123 2407/3224/123 2347/3124/123
f 2322/3225/121 2381/3226/121 2321/3126/121
f 2374/3128/120 2375/3207/120 2434/3227/120
f 2349/3132/118 2408/3228/118 2348/3129/118
f 2323/3130/116 2382/3229/116 2322/3131/116
f 2350/3133/114 2409/3230/114 2349/3132/114
f 2324/3134/111 2383/3231/111 2323/3130/111
f 2351/3135/108 2410/3232/108 2350/3133/108
f 2325/3137/106 2384/3233/106 2324/3134/106
f 2352/3138/104 2411/3234/104 2351/3135/104
f 2325/3137/102 2386/3235/102 2385/3236/102
f 2353/3139/100 2412/3237/100 2352/3138/100
f 2326/3136/98 2387/3238/98 2386/3235/98
f 2354/3141/95 2413/3239/95 2353/3139/95
f 2328/3142/93 2387/3238/93 2327/3140/93
f 2355/3143/90 2414/3240/90 2354/3141/90
f 2329/3144/88 2388/3241/88 2328/3142/88
f 2356/3145/150 2415/3242/150 2355/3143/150
f 2330/3146/147 2389/3243/147 2329/3144/147
f 2357/3147/144 2416/3244/144 2356/3145/144
f 2330/3146/142 2391/3185/142 2390/3245/142
f 2429/3212/89 2488/3246/89 2428/3208/89
f 2403/3209/148 2462/3247/148 2402/3210/148
f 2377/3213/146 2436/3248/146 2376/3211/146
f 2430/3214/145 2489/3249/145 2429/3212/145
f 2404/3215/143 2463/3250/143 2403/3209/143
f 2378/3216/141 2437/3251/141 2377/3213/141
f 2431/3217/140 2490/3252/140 2430/3214/140
f 2405/3219/138 2464/3253/138 2404/3215/138
f 2378/3216/136 2439/3254/136 2438/3255/136
f 2432/3221/135 2491/3256/135 2431/3217/135
f 2405/3219/133 2466/3257/133 2465/3258/133
f 2380/3222/131 2439/3254/131 2379/3220/131
f 2433/3223/130 2492/3259/130 2432/3221/130
f 2407/3224/128 2466/3257/128 2406/3218/128
f 2381/3226/126 2440/3260/126 2380/3222/126
f 2434/3227/125 2493/3261/125 2433/3223/125
f 2408/3228/123 2467/3262/123 2407/3224/123
f 2381/3226/121 2442/3263/121 2441/3264/121
f 2434/3227/120 2435/3265/120 2494/3266/120
f 2409/3230/118 2468/3267/118 2408/3228/118
f 2383/3231/116 2442/3268/116 2382/3229/116
f 2410/3232/114 2469/3269/114 2409/3230/114
f 2384/3233/111 2443/3270/111 2383/3231/111
f 2411/3234/108 2470/3271/108 2410/3232/108
f 2385/3236/106 2444/3272/106 2384/3233/106
f 2412/3237/104 2471/3273/104 2411/3234/104
f 2386/3235/102 2445/3274/102 2385/3236/102
f 2413/3239/100 2472/3275/100 2412/3237/100
f 2387/3238/98 2446/3276/98 2386/3235/98
f 2414/3240/95 2473/3277/95 2413/3239/95
f 2388/3241/93 2447/3278/93 2387/3238/93
f 2415/3242/90 2474/3279/90 2414/3240/90
f 2389/3243/88 2448/3280/88 2388/3241/88
f 2416/3244/150 2475/3281/150 2415/3242/150
f 2390/3245/147 2449/3282/147 2389/3243/147
f 2417/3183/144 2476/3283/144 2416/3244/144
f 2391/3185/142 2450/3284/142 2390/3245/142
f 2418/3186/139 2477/3285/139 2417/3183/139
f 2392/3184/137 2451/3286/137 2391/3185/137
f 2419/3188/134 2478/3287/134 2418/3186/134
f 2393/3187/132 2452/3288/132 2392/3184/132
f 2420/3191/129 2479/3289/129 2419/3188/129
f 2394/3189/127 2453/3290/127 2393/3187/127
f 2421/3291/124 2480/3292/124 2420/3191/124
f 2394/3189/122 2455/3293/122 2454/3294/122
f 2422/3194/119 2481/3295/119 2421/3192/119
f 2396/3195/117 2455/3293/117 2395/3193/117
f 2423/3196/115 2482/3296/115 2422/3194/115
f 2397/3198/113 2456/3297/113 2396/3195/113
f 2424/3199/109 2483/3298/109 2423/3196/109
f 2398/3197/107 2457/3299/107 2397/3198/107
f 2425/3201/105 2484/3300/105 2424/3199/105
f 2399/3202/103 2458/3301/103 2398/3200/103
f 2426/3203/101 2485/3302/101 2425/3201/101
f 2400/3204/99 2459/3303/99 2399/3202/99
f 2427/3205/97 2486/3304/97 2426/3203/97
f 2401/3206/94 2460/3305/94 2400/3204/94
f 2428/3208/91 2487/3306/91 2427/3205/91
f 2402/3210/149 2461/3307/149 2401/3206/149
f 2376/3211/92 2435/3265/92 2375/3207/92
f 2474/3279/95 2533/3308/95 2473/3277/95
f 2448/3280/93 2507/3309/93 2447/3278/93
f 2475/3281/90 2534/3310/90 2474/3279/90
f 2449/3282/88 2508/3311/88 2448/3280/88
f 2476/3283/150 2535/3312/150 2475/3281/150
f 2450/3284/147 2509/3313/147 2449/3282/147
f 2477/3285/144 2536/3314/144 2476/3283/144
f 2451/3286/142 2510/3315/142 2450/3284/142
f 2478/3287/139 2537/3316/139 2477/3285/139
f 2452/3288/137 2511/3317/137 2451/3286/137
f 2479/3289/134 2538/3318/134 2478/3287/134
f 2453/3290/132 2512/3319/132 2452/3288/132
f 2480/3292/129 2539/3320/129 2479/3289/129
f 2453/3290/127 2514/3321/127 2513/3322/127
f 2481/3323/124 2540/3324/124 2480/3292/124
f 2454/3294/122 2515/3325/122 2514/3321/122
f 2482/3296/119 2541/3326/119 2481/3295/119
f 2456/3297/117 2515/3325/117 2455/3293/117
f 2483/3298/115 2542/3327/115 2482/3296/115
f 2457/3299/113 2516/3328/113 2456/3297/113
f 2484/3300/109 2543/3329/109 2483/3298/109
f 2457/3299/107 2518/3330/107 2517/3331/107
f 2485/3302/105 2544/3332/105 2484/3300/105
f 2459/3303/103 2518/3333/103 2458/3301/103
f 2486/3304/101 2545/3334/101 2485/3302/101
f 2460/3305/99 2519/3335/99 2459/3303/99
f 2487/3306/97 2546/3336/97 2486/3304/97
f 2461/3307/94 2520/3337/94 2460/3305/94
f 2488/3246/91 2547/3338/91 2487/3306/91
f 2462/3247/149 2521/3339/149 2461/3307/149
f 2436/3248/92 2495/3340/92 2435/3265/92
f 2489/3249/89 2548/3341/89 2488/3246/89
f 2463/3250/148 2522/3342/148 2462/3247/148
f 2437/3251/146 2496/3343/146 2436/3248/146
f 2490/3252/145 2549/3344/145 2489/3249/145
f 2464/3253/143 2523/3345/143 2463/3250/143
f 2438/3255/141 2497/3346/141 2437/3251/141
f 2491/3256/140 2550/3347/140 2490/3252/140
f 2465/3258/138 2524/3348/138 2464/3253/138
f 2439/3254/136 2498/3349/136 2438/3255/136
f 2492/3259/135 2551/3350/135 2491/3256/135
f 2465/3258/133 2526/3351/133 2525/3352/133
f 2440/3260/131 2499/3353/131 2439/3254/131
f 2493/3261/130 2552/3354/130 2492/3259/130
f 2467/3262/128 2526/3351/128 2466/3257/128
f 2441/3264/126 2500/3355/126 2440/3260/126
f 2494/3266/125 2553/3356/125 2493/3261/125
f 2468/3267/123 2527/3357/123 2467/3262/123
f 2442/3263/121 2501/3358/121 2441/3264/121
f 2494/3266/120 2495/3340/120 2554/3359/120
f 2469/3269/118 2528/3360/118 2468/3267/118
f 2443/3270/116 2502/3361/116 2442/3268/116
f 2470/3271/114 2529/3362/114 2469/3269/114
f 2444/3272/111 2503/3363/111 2443/3270/111
f 2471/3273/108 2530/3364/108 2470/3271/108
f 2445/3274/106 2504/3365/106 2444/3272/106
f 2472/3275/104 2531/3366/104 2471/3273/104
f 2446/3276/102 2505/3367/102 2445/3274/102
f 2473/3277/100 2532/3368/100 2472/3275/100
f 2447/3278/98 2506/3369/98 2446/3276/98
f 2545/3334/105 2604/3370/105 2544/3332/105
f 2519/3335/103 2578/3371/103 2518/3333/103
f 2546/3336/101 2605/3372/101 2545/3334/101
f 2519/3335/99 2580/3373/99 2579/3374/99
f 2547/3338/97 2606/3375/97 2546/3336/97
f 2521/3339/94 2580/3373/94 2520/3337/94
f 2548/3341/91 2607/3376/91 2547/3338/91
f 2522/3342/149 2581/3377/149 2521/3339/149
f 2496/3343/92 2555/3378/92 2495/3340/92
f 2549/3344/89 2608/3379/89 2548/3341/89
f 2523/3345/148 2582/3380/148 2522/3342/148
f 2497/3346/146 2556/3381/146 2496/3343/146
f 2550/3347/145 2609/3382/145 2549/3344/145
f 2524/3348/143 2583/3383/143 2523/3345/143
f 2498/3349/141 2557/3384/141 2497/3346/141
f 2551/3350/140 2610/3385/140 2550/3347/140
f 2525/3352/138 2584/3386/138 2524/3348/138
f 2499/3353/136 2558/3387/136 2498/3349/136
f 2552/3354/135 2611/3388/135 2551/3350/135
f 2525/3352/133 2586/3389/133 2585/3390/133
f 2500/3355/131 2559/3391/131 2499/3353/131
f 2553/3356/130 2612/3392/130 2552/3354/130
f 2527/3357/128 2586/3389/128 2526/3351/128
f 2501/3358/126 2560/3393/126 2500/3355/126
f 2554/3359/125 2613/3394/125 2553/3356/125
f 2528/3360/123 2587/3395/123 2527/3357/123
f 2502/3396/121 2561/3397/121 2501/3358/121
f 2554/3359/120 2555/3378/120 2614/3398/120
f 2529/3362/118 2588/3399/118 2528/3360/118
f 2503/3363/116 2562/3400/116 2502/3361/116
f 2530/3364/114 2589/3401/114 2529/3362/114
f 2503/3363/111 2564/3402/111 2563/3403/111
f 2531/3366/108 2590/3404/108 2530/3364/108
f 2505/3367/106 2564/3402/106 2504/3365/106
f 2532/3368/104 2591/3405/104 2531/3366/104
f 2506/3369/102 2565/3406/102 2505/3367/102
f 2533/3308/100 2592/3407/100 2532/3368/100
f 2507/3309/98 2566/3408/98 2506/3369/98
f 2534/3310/95 2593/3409/95 2533/3308/95
f 2508/3311/93 2567/3410/93 2507/3309/93
f 2535/3312/90 2594/3411/90 2534/3310/90
f 2508/3311/88 2569/3412/88 2568/3413/88
f 2536/3314/150 2595/3414/150 2535/3312/150
f 2510/3315/147 2569/3412/147 2509/3313/147
f 2537/3316/144 2596/3415/144 2536/3314/144
f 2510/3315/142 2571/3416/142 2570/3417/142
f 2538/3318/139 2597/3418/139 2537/3316/139
f 2511/3317/137 2572/3419/137 2571/3416/137
f 2539/3320/134 2598/3420/134 2538/3318/134
f 2513/3322/132 2572/3419/132 2512/3319/132
f 2540/3324/129 2599/3421/129 2539/3320/129
f 2514/3321/127 2573/3422/127 2513/3322/127
f 2541/3423/124 2600/3424/124 2540/3324/124
f 2515/3325/122 2574/3425/122 2514/3321/122
f 2542/3327/119 2601/3426/119 2541/3326/119
f 2516/3328/117 2575/3427/117 2515/3325/117
f 2543/3329/115 2602/3428/115 2542/3327/115
f 2517/3331/113 2576/3429/113 2516/3328/113
f 2544/3332/109 2603/3430/109 2543/3329/109
f 2518/3330/107 2577/3431/107 2517/3331/107
f 2587/3395/128 2646/3432/128 2586/3389/128
f 2563/3403/116 2622/3433/116 2562/3400/116
f 2614/3398/125 2673/3434/125 2613/3394/125
f 2588/3399/123 2647/3435/123 2587/3395/123
f 2564/3402/111 2623/3436/111 2563/3403/111
f 2555/3378/120 2674/3437/120 2614/3398/120
f 2589/3401/118 2648/3438/118 2588/3399/118
f 2565/3406/106 2624/3439/106 2564/3402/106
f 2590/3404/114 2649/3440/114 2589/3401/114
f 2565/3406/102 2626/3441/102 2625/3442/102
f 2591/3405/108 2650/3443/108 2590/3404/108
f 2567/3410/98 2626/3441/98 2566/3408/98
f 2592/3407/104 2651/3444/104 2591/3405/104
f 2567/3410/93 2628/3445/93 2627/3446/93
f 2593/3409/100 2652/3447/100 2592/3407/100
f 2569/3412/88 2628/3445/88 2568/3413/88
f 2594/3411/95 2653/3448/95 2593/3409/95
f 2570/3417/147 2629/3449/147 2569/3412/147
f 2571/3416/142 2630/3450/142 2570/3417/142
f 2595/3414/90 2654/3451/90 2594/3411/90
f 2572/3419/137 2631/3452/137 2571/3416/137
f 2596/3415/150 2655/3453/150 2595/3414/150
f 2597/3418/144 2656/3454/144 2596/3415/144
f 2573/3422/132 2632/3455/132 2572/3419/132
f 2598/3420/139 2657/3456/139 2597/3418/139
f 2599/3421/134 2658/3457/134 2598/3420/134
f 2600/3424/129 2659/3458/129 2599/3421/129
f 2573/3422/127 2634/3459/127 2633/3460/127
f 2601/3461/124 2660/3462/124 2600/3424/124
f 2574/3425/122 2635/3463/122 2634/3459/122
f 2602/3428/119 2661/3464/119 2601/3426/119
f 2575/3427/117 2636/3465/117 2635/3463/117
f 2603/3430/115 2662/3466/115 2602/3428/115
f 2577/3431/113 2636/3465/113 2576/3429/113
f 2604/3370/109 2663/3467/109 2603/3430/109
f 2578/3468/107 2637/3469/107 2577/3431/107
f 2605/3372/105 2664/3470/105 2604/3370/105
f 2579/3374/103 2638/3471/103 2578/3371/103
f 2606/3375/101 2665/3472/101 2605/3372/101
f 2580/3373/99 2639/3473/99 2579/3374/99
f 2556/3381/92 2615/3474/92 2555/3378/92
f 2607/3376/97 2666/3475/97 2606/3375/97
f 2557/3384/146 2616/3476/146 2556/3381/146
f 2581/3377/94 2640/3477/94 2580/3373/94
f 2608/3379/91 2667/3478/91 2607/3376/91
f 2558/3387/141 2617/3479/141 2557/3384/141
f 2582/3380/149 2641/3480/149 2581/3377/149
f 2609/3382/89 2668/3481/89 2608/3379/89
f 2559/3391/136 2618/3482/136 2558/3387/136
f 2583/3383/148 2642/3483/148 2582/3380/148
f 2610/3385/145 2669/3484/145 2609/3382/145
f 2584/3386/143 2643/3485/143 2583/3383/143
f 2560/3393/131 2619/3486/131 2559/3391/131
f 2611/3388/140 2670/3487/140 2610/3385/140
f 2585/3390/138 2644/3488/138 2584/3386/138
f 2561/3397/126 2620/3489/126 2560/3393/126
f 2612/3392/135 2671/3490/135 2611/3388/135
f 2586/3389/133 2645/3491/133 2585/3390/133
f 2562/3492/121 2621/3493/121 2561/3397/121
f 2613/3394/130 2672/3494/130 2612/3392/130
f 2683/3495/35 2697/3496/35 2684/3497/35
f 2685/3498/36 2694/3499/36 2686/3500/36
f 2682/3501/37 2688/3502/37 2681/3503/37
f 2735/3504/3 2741/3505/3 2744/3506/3
f 2679/3507/37 2690/3508/37 2676/3509/37
f 2677/3510/35 2695/3511/35 2685/3512/35
f 2679/3507/34 2692/3513/34 2691/3514/34
f 2675/3515/37 2698/3516/37 2683/3517/37
f 2682/3501/34 2690/3508/34 2689/3518/34
f 2678/3519/34 2694/3520/34 2693/3521/34
f 2678/3522/36 2692/3523/36 2680/3524/36
f 2684/3525/36 2696/3526/36 2677/3527/36
f 2681/3528/35 2687/3529/35 2675/3530/35
f 2691/3514/34 2704/3531/34 2703/3532/34
f 2687/3533/37 2710/3534/37 2698/3516/37
f 2689/3518/37 2700/3535/37 2688/3502/37
f 2696/3536/35 2707/3537/35 2695/3511/35
f 2688/3538/35 2699/3539/35 2687/3529/35
f 2693/3540/36 2704/3541/36 2692/3523/36
f 2697/3542/36 2708/3543/36 2696/3526/36
f 2691/3514/37 2702/3544/37 2690/3508/37
f 2693/3521/34 2706/3545/34 2705/3546/34
f 2698/3547/35 2709/3548/35 2697/3496/35
f 2695/3549/36 2706/3550/36 2694/3499/36
f 2690/3508/34 2701/3551/34 2689/3518/34
f 2703/3532/34 2716/3552/34 2715/3553/34
f 2699/3554/37 2722/3555/37 2710/3534/37
f 2701/3551/37 2712/3556/37 2700/3535/37
f 2708/3557/35 2719/3558/35 2707/3537/35
f 2705/3559/36 2716/3560/36 2704/3541/36
f 2702/3544/34 2713/3561/34 2701/3551/34
f 2709/3562/36 2720/3563/36 2708/3543/36
f 2706/3545/34 2717/3564/34 2705/3546/34
f 2703/3532/37 2714/3565/37 2702/3544/37
f 2710/3566/35 2721/3567/35 2709/3548/35
f 2700/3568/35 2711/3569/35 2699/3539/35
f 2707/3570/36 2718/3571/36 2706/3550/36
f 2719/3572/36 2730/3573/36 2718/3571/36
f 2716/3552/34 2727/3574/34 2715/3553/34
f 2711/3575/37 2734/3576/37 2722/3555/37
f 2713/3561/37 2724/3577/37 2712/3556/37
f 2720/3578/35 2731/3579/35 2719/3558/35
f 2717/3580/36 2728/3581/36 2716/3560/36
f 2714/3565/34 2725/3582/34 2713/3561/34
f 2721/3583/36 2732/3584/36 2720/3563/36
f 2718/3585/34 2729/3586/34 2717/3564/34
f 2715/3553/37 2726/3587/37 2714/3565/37
f 2722/3588/35 2733/3589/35 2721/3567/35
f 2712/3590/35 2723/3591/35 2711/3569/35
f 2724/3592/35 2735/3593/35 2723/3591/35
f 2731/3594/36 2742/3595/36 2730/3573/36
f 2727/3574/34 2740/3596/34 2739/3597/34
f 2723/3598/37 2746/3599/37 2734/3576/37
f 2725/3582/37 2736/3600/37 2724/3577/37
f 2732/3601/35 2743/3602/35 2731/3579/35
f 2729/3603/36 2740/3604/36 2728/3581/36
f 2726/3587/34 2737/3605/34 2725/3582/34
f 2733/3606/36 2744/3607/36 2732/3584/36
f 2730/3608/34 2741/3609/34 2729/3586/34
f 2727/3574/37 2738/3610/37 2726/3587/37
f 2734/3611/35 2745/3612/35 2733/3589/35
f 2755/3613/35 2769/3614/35 2756/3615/35
f 2757/3616/36 2766/3617/36 2758/3618/36
f 2754/3619/37 2760/3620/37 2753/3621/37
f 2751/3622/37 2762/3623/37 2748/3624/37
f 2819/3625/3 2825/3626/3 2828/3627/3
f 2749/3628/35 2767/3629/35 2757/3630/35
f 2752/3631/34 2763/3632/34 2751/3622/34
f 2747/3633/37 2770/3634/37 2755/3635/37
f 2754/3619/34 2762/3623/34 2761/3636/34
f 2750/3637/34 2766/3638/34 2765/3639/34
f 2750/3640/36 2764/3641/36 2752/3642/36
f 2756/3643/36 2768/3644/36 2749/3645/36
f 2753/3646/35 2759/3647/35 2747/3648/35
f 2764/3649/34 2775/3650/34 2763/3632/34
f 2759/3651/37 2782/3652/37 2770/3634/37
f 2761/3636/37 2772/3653/37 2760/3620/37
f 2768/3654/35 2779/3655/35 2767/3629/35
f 2760/3656/35 2771/3657/35 2759/3647/35
f 2765/3658/36 2776/3659/36 2764/3641/36
f 2769/3660/36 2780/3661/36 2768/3644/36
f 2763/3632/37 2774/3662/37 2762/3623/37
f 2765/3639/34 2778/3663/34 2777/3664/34
f 2770/3665/35 2781/3666/35 2769/3614/35
f 2767/3667/36 2778/3668/36 2766/3617/36
f 2762/3623/34 2773/3669/34 2761/3636/34
f 2776/3670/34 2787/3671/34 2775/3650/34
f 2771/3672/37 2794/3673/37 2782/3652/37
f 2773/3669/37 2784/3674/37 2772/3653/37
f 2780/3675/35 2791/3676/35 2779/3655/35
f 2777/3677/36 2788/3678/36 2776/3659/36
f 2774/3662/34 2785/3679/34 2773/3669/34
f 2781/3680/36 2792/3681/36 2780/3661/36
f 2778/3663/34 2789/3682/34 2777/3664/34
f 2775/3650/37 2786/3683/37 2774/3662/37
f 2782/3684/35 2793/3685/35 2781/3666/35
f 2772/3686/35 2783/3687/35 2771/3657/35
f 2779/3688/36 2790/3689/36 2778/3668/36
f 2791/3690/36 2802/3691/36 2790/3689/36
f 2788/3692/34 2799/3693/34 2787/3671/34
f 2783/3694/37 2806/3695/37 2794/3673/37
f 2785/3679/37 2796/3696/37 2784/3674/37
f 2792/3697/35 2803/3698/35 2791/3676/35
f 2789/3699/36 2800/3700/36 2788/3678/36
f 2786/3683/34 2797/3701/34 2785/3679/34
f 2793/3702/36 2804/3703/36 2792/3681/36
f 2790/3704/34 2801/3705/34 2789/3682/34
f 2787/3671/37 2798/3706/37 2786/3683/37
f 2793/3685/35 2806/3707/35 2805/3708/35
f 2784/3709/35 2795/3710/35 2783/3687/35
f 2796/3711/35 2807/3712/35 2795/3710/35
f 2803/3713/36 2814/3714/36 2802/3691/36
f 2800/3715/34 2811/3716/34 2799/3693/34
f 2795/3717/37 2818/3718/37 2806/3695/37
f 2797/3701/37 2808/3719/37 2796/3696/37
f 2804/3720/35 2815/3721/35 2803/3698/35
f 2801/3722/36 2812/3723/36 2800/3700/36
f 2798/3706/34 2809/3724/34 2797/3701/34
f 2805/3725/36 2816/3726/36 2804/3703/36
f 2802/3727/34 2813/3728/34 2801/3705/34
f 2799/3693/37 2810/3729/37 2798/3706/37
f 2806/3707/35 2817/3730/35 2805/3708/35
f 2818/3731/35 2829/3732/35 2817/3730/35
f 2808/3733/35 2819/3734/35 2807/3712/35
f 2815/3735/36 2826/3736/36 2814/3714/36
f 2812/3737/34 2823/3738/34 2811/3716/34
f 2807/3739/37 2830/3740/37 2818/3718/37
f 2809/3724/37 2820/3741/37 2808/3719/37
f 2816/3742/35 2827/3743/35 2815/3721/35
f 2813/3744/36 2824/3745/36 2812/3723/36
f 2810/3729/34 2821/3746/34 2809/3724/34
f 2817/3747/36 2828/3748/36 2816/3726/36
f 2814/3749/34 2825/3750/34 2813/3728/34
f 2811/3716/37 2822/3751/37 2810/3729/37
f 2840/3752/35 2854/3753/35 2853/3754/35
f 2841/3755/36 2850/3756/36 2842/3757/36
f 2838/3758/37 2844/3759/37 2837/3760/37
f 2867/3761/3 2873/3762/3 2876/3763/3
f 2835/3764/37 2846/3765/37 2832/3766/37
f 2833/3767/35 2851/3768/35 2841/3769/35
f 2836/3770/34 2847/3771/34 2835/3764/34
f 2831/3772/37 2854/3773/37 2839/3774/37
f 2838/3758/34 2846/3765/34 2845/3775/34
f 2834/3776/34 2850/3777/34 2849/3778/34
f 2834/3779/36 2848/3780/36 2836/3781/36
f 2840/3782/36 2852/3783/36 2833/3784/36
f 2837/3785/35 2843/3786/35 2831/3787/35
f 2848/3788/34 2859/3789/34 2847/3771/34
f 2843/3790/37 2866/3791/37 2854/3773/37
f 2845/3775/37 2856/3792/37 2844/3759/37
f 2852/3793/35 2863/3794/35 2851/3768/35
f 2844/3795/35 2855/3796/35 2843/3786/35
f 2849/3797/36 2860/3798/36 2848/3780/36
f 2853/3799/36 2864/3800/36 2852/3783/36
f 2847/3771/37 2858/3801/37 2846/3765/37
f 2849/3778/34 2862/3802/34 2861/3803/34
f 2854/3753/35 2865/3804/35 2853/3754/35
f 2851/3805/36 2862/3806/36 2850/3756/36
f 2845/3775/34 2858/3801/34 2857/3807/34
f 2860/3808/34 2871/3809/34 2859/3789/34
f 2855/3810/37 2878/3811/37 2866/3791/37
f 2857/3807/37 2868/3812/37 2856/3792/37
f 2864/3813/35 2875/3814/35 2863/3794/35
f 2861/3815/36 2872/3816/36 2860/3798/36
f 2858/3801/34 2869/3817/34 2857/3807/34
f 2865/3818/36 2876/3819/36 2864/3800/36
f 2862/3802/34 2873/3820/34 2861/3803/34
f 2859/3789/37 2870/3821/37 2858/3801/37
f 2865/3804/35 2878/3822/35 2877/3823/35
f 2856/3824/35 2867/3825/35 2855/3796/35
f 2863/3826/36 2874/3827/36 2862/3806/36
f 2888/3828/34 2897/3829/34 2887/3830/34
f 2903/3831/37 2885/3832/37 2902/3833/37
f 2881/3834/35 2903/3835/35 2882/3836/35
f 2892/3837/35 2905/3838/35 2891/3839/35
f 2939/3840/3 2946/3841/3 2949/3842/3
f 2890/3843/37 2906/3844/37 2892/3845/37
f 2880/3846/34 2895/3847/34 2879/3848/34
f 2910/3849/34 2913/3850/34 2909/3851/34
f 2891/3852/36 2904/3853/36 2881/3854/36
f 2894/3855/36 2898/3856/36 2888/3857/36
f 2904/3858/35 2884/3859/35 2903/3835/35
f 2893/3860/35 2901/3861/35 2894/3862/35
f 2887/3830/37 2896/3863/37 2880/3846/37
f 2882/3864/37 2902/3833/37 2893/3865/37
f 2889/3866/34 2909/3851/34 2890/3843/34
f 2879/3867/36 2910/3868/36 2889/3869/36
f 2897/3829/37 2907/3870/37 2896/3863/37
f 2895/3871/36 2914/3872/36 2910/3868/36
f 2898/3873/34 2900/3874/34 2897/3829/34
f 2905/3875/36 2883/3876/36 2904/3853/36
f 2896/3863/34 2908/3877/34 2895/3847/34
f 2902/3878/35 2886/3879/35 2901/3861/35
f 2909/3851/37 2912/3880/37 2906/3844/37
f 2901/3881/36 2899/3882/36 2898/3856/36
f 2906/3883/35 2911/3884/35 2905/3838/35
f 2908/3885/36 2926/3886/36 2914/3872/36
f 2912/3887/35 2923/3888/35 2911/3884/35
f 2907/3870/37 2917/3889/37 2916/3890/37
f 2899/3891/34 2917/3889/34 2900/3874/34
f 2883/3892/35 2921/3893/35 2884/3859/35
f 2884/3894/37 2920/3895/37 2885/3832/37
f 2914/3896/34 2925/3897/34 2913/3850/34
f 2885/3898/35 2919/3899/35 2886/3879/35
f 2883/3876/36 2923/3900/36 2922/3901/36
f 2907/3870/34 2915/3902/34 2908/3877/34
f 2913/3850/37 2924/3903/37 2912/3880/37
f 2886/3904/36 2918/3905/36 2899/3882/36
f 2923/3900/36 2934/3906/36 2922/3901/36
f 2920/3907/35 2931/3908/35 2919/3899/35
f 2915/3909/36 2938/3910/36 2926/3886/36
f 2917/3889/37 2928/3911/37 2916/3890/37
f 2924/3912/35 2935/3913/35 2923/3888/35
f 2921/3914/37 2932/3915/37 2920/3895/37
f 2918/3916/34 2929/3917/34 2917/3889/34
f 2925/3897/37 2936/3918/37 2924/3903/37
f 2922/3919/35 2933/3920/35 2921/3893/35
f 2919/3921/36 2930/3922/36 2918/3905/36
f 2926/3923/34 2937/3924/34 2925/3897/34
f 2916/3890/34 2927/3925/34 2915/3902/34
f 2928/3911/34 2939/3926/34 2927/3925/34
f 2935/3927/36 2946/3928/36 2934/3906/36
f 2932/3929/35 2943/3930/35 2931/3908/35
f 2927/3931/36 2950/3932/36 2938/3910/36
f 2929/3917/37 2940/3933/37 2928/3911/37
f 2936/3934/35 2947/3935/35 2935/3913/35
f 2933/3936/37 2944/3937/37 2932/3915/37
f 2930/3938/34 2941/3939/34 2929/3917/34
f 2937/3924/37 2948/3940/37 2936/3918/37
f 2934/3941/35 2945/3942/35 2933/3920/35
f 2931/3943/36 2942/3944/36 2930/3922/36
f 2938/3945/34 2949/3946/34 2937/3924/34
f 2972/3947/3 2974/3948/3 2971/3949/3
f 2953/3950/35 2957/3951/35 2954/3952/35
f 2952/3953/34 2955/3954/34 2951/3955/34
f 2954/3956/36 2956/3957/36 2952/3958/36
f 2951/3955/37 2958/3959/37 2953/3960/37
f 2956/3957/36 2961/3961/36 2960/3962/36
f 2958/3963/35 2961/3964/35 2957/3951/35
f 2956/3965/34 2959/3966/34 2955/3954/34
f 2955/3954/37 2962/3967/37 2958/3959/37
f 2962/3968/35 2965/3969/35 2961/3964/35
f 2960/3970/34 2963/3971/34 2959/3966/34
f 2959/3966/37 2966/3972/37 2962/3967/37
f 2960/3962/36 2965/3973/36 2964/3974/36
f 2963/3971/37 2970/3975/37 2966/3972/37
f 2964/3974/36 2969/3976/36 2968/3977/36
f 2966/3978/35 2969/3979/35 2965/3969/35
f 2964/3980/34 2967/3981/34 2963/3971/34
f 2970/3982/35 2973/3983/35 2969/3979/35
f 2968/3984/34 2971/3985/34 2967/3981/34
f 2967/3981/37 2974/3986/37 2970/3975/37
f 2969/3976/36 2972/3987/36 2968/3977/36
f 3064/3988/3 3066/3989/3 3063/3990/3
f 2977/3991/36 2981/3992/36 2978/3993/36
f 2976/3994/37 2979/3995/37 2975/3996/37
f 2978/3997/34 2980/3998/34 2976/3994/34
f 2975/3999/35 2982/4000/35 2977/4001/35
f 2982/4000/35 2983/4002/35 2986/4003/35
f 2981/4004/34 2984/4005/34 2980/3998/34
f 2982/4006/36 2985/4007/36 2981/3992/36
f 2980/3998/37 2983/4008/37 2979/3995/37
f 2986/4009/36 2989/4010/36 2985/4007/36
f 2984/4005/37 2987/4011/37 2983/4008/37
f 2983/4002/35 2990/4012/35 2986/4003/35
f 2985/4013/34 2988/4014/34 2984/4005/34
f 2990/4012/35 2991/4015/35 2994/4016/35
f 2989/4017/34 2992/4018/34 2988/4014/34
f 2990/4019/36 2993/4020/36 2989/4010/36
f 2988/4014/37 2991/4021/37 2987/4011/37
f 2993/4022/34 2996/4023/34 2992/4018/34
f 2994/4024/36 2997/4025/36 2993/4020/36
f 2992/4018/37 2995/4026/37 2991/4021/37
f 2991/4015/35 2998/4027/35 2994/4016/35
f 2998/4028/36 3001/4029/36 2997/4025/36
f 2996/4023/37 2999/4030/37 2995/4026/37
f 2995/4031/35 3002/4032/35 2998/4027/35
f 2996/4023/34 3001/4033/34 3000/4034/34
f 2999/4035/35 3006/4036/35 3002/4032/35
f 3000/4034/34 3005/4037/34 3004/4038/34
f 3002/4039/36 3005/4040/36 3001/4029/36
f 3000/4034/37 3003/4041/37 2999/4030/37
f 3006/4042/36 3009/4043/36 3005/4040/36
f 3004/4038/37 3007/4044/37 3003/4041/37
f 3003/4045/35 3010/4046/35 3006/4036/35
f 3005/4037/34 3008/4047/34 3004/4038/34
f 3010/4048/36 3013/4049/36 3009/4043/36
f 3008/4047/37 3011/4050/37 3007/4044/37
f 3010/4046/35 3011/4051/35 3014/4052/35
f 3008/4047/34 3013/4053/34 3012/4054/34
f 3014/4052/35 3015/4055/35 3018/4056/35
f 3013/4053/34 3016/4057/34 3012/4054/34
f 3014/4058/36 3017/4059/36 3013/4049/36
f 3012/4054/37 3015/4060/37 3011/4050/37
f 3018/4061/36 3021/4062/36 3017/4059/36
f 3016/4057/37 3019/4063/37 3015/4060/37
f 3015/4055/35 3022/4064/35 3018/4056/35
f 3017/4065/34 3020/4066/34 3016/4057/34
f 3020/4066/37 3023/4067/37 3019/4063/37
f 3019/4068/35 3026/4069/35 3022/4064/35
f 3021/4070/34 3024/4071/34 3020/4066/34
f 3022/4072/36 3025/4073/36 3021/4062/36
f 3023/4074/35 3030/4075/35 3026/4069/35
f 3025/4076/34 3028/4077/34 3024/4071/34
f 3026/4078/36 3029/4079/36 3025/4073/36
f 3024/4071/37 3027/4080/37 3023/4067/37
f 3030/4081/36 3033/4082/36 3029/4079/36
f 3028/4077/37 3031/4083/37 3027/4080/37
f 3030/4075/35 3031/4084/35 3034/4085/35
f 3029/4086/34 3032/4087/34 3028/4077/34
f 3031/4084/35 3038/4088/35 3034/4085/35
f 3033/4089/34 3036/4090/34 3032/4087/34
f 3034/4091/36 3037/4092/36 3033/4082/36
f 3032/4087/37 3035/4093/37 3031/4083/37
f 3037/4094/34 3040/4095/34 3036/4090/34
f 3038/4096/36 3041/4097/36 3037/4092/36
f 3036/4090/37 3039/4098/37 3035/4093/37
f 3035/4099/35 3042/4100/35 3038/4088/35
f 3042/4101/36 3045/4102/36 3041/4097/36
f 3040/4095/37 3043/4103/37 3039/4098/37
f 3042/4100/35 3043/4104/35 3046/4105/35
f 3041/4106/34 3044/4107/34 3040/4095/34
f 3043/4104/35 3050/4108/35 3046/4105/35
f 3045/4109/34 3048/4110/34 3044/4107/34
f 3046/4111/36 3049/4112/36 3045/4102/36
f 3044/4107/37 3047/4113/37 3043/4103/37
f 3050/4114/36 3053/4115/36 3049/4112/36
f 3048/4110/37 3051/4116/37 3047/4113/37
f 3047/4117/35 3054/4118/35 3050/4108/35
f 3049/4119/34 3052/4120/34 3048/4110/34
f 3054/4121/36 3057/4122/36 3053/4115/36
f 3052/4120/37 3055/4123/37 3051/4116/37
f 3054/4118/35 3055/4124/35 3058/4125/35
f 3053/4126/34 3056/4127/34 3052/4120/34
f 3058/4125/35 3059/4128/35 3062/4129/35
f 3057/4130/34 3060/4131/34 3056/4127/34
f 3058/4132/36 3061/4133/36 3057/4122/36
f 3056/4127/37 3059/4134/37 3055/4123/37
f 3062/4135/36 3065/4136/36 3061/4133/36
f 3060/4131/37 3063/4137/37 3059/4134/37
f 3059/4128/35 3066/4138/35 3062/4129/35
f 3061/4139/34 3064/4140/34 3060/4131/34
f 3116/4141/3 3118/4142/3 3115/4143/3
f 3069/4144/36 3073/4145/36 3070/4146/36
f 3068/4147/37 3071/4148/37 3067/4149/37
f 3068/4147/34 3073/4150/34 3072/4151/34
f 3067/4152/35 3074/4153/35 3069/4154/35
f 3071/4155/35 3078/4156/35 3074/4153/35
f 3072/4151/34 3077/4157/34 3076/4158/34
f 3074/4159/36 3077/4160/36 3073/4145/36
f 3072/4151/37 3075/4161/37 3071/4148/37
f 3078/4162/36 3081/4163/36 3077/4160/36
f 3076/4158/37 3079/4164/37 3075/4161/37
f 3075/4165/35 3082/4166/35 3078/4156/35
f 3077/4157/34 3080/4167/34 3076/4158/34
f 3079/4168/35 3086/4169/35 3082/4166/35
f 3081/4170/34 3084/4171/34 3080/4167/34
f 3082/4172/36 3085/4173/36 3081/4163/36
f 3080/4167/37 3083/4174/37 3079/4164/37
f 3085/4175/34 3088/4176/34 3084/4171/34
f 3086/4177/36 3089/4178/36 3085/4173/36
f 3084/4171/37 3087/4179/37 3083/4174/37
f 3083/4180/35 3090/4181/35 3086/4169/35
f 3090/4182/36 3093/4183/36 3089/4178/36
f 3088/4176/37 3091/4184/37 3087/4179/37
f 3087/4185/35 3094/4186/35 3090/4181/35
f 3089/4187/34 3092/4188/34 3088/4176/34
f 3091/4189/35 3098/4190/35 3094/4186/35
f 3092/4188/34 3097/4191/34 3096/4192/34
f 3094/4193/36 3097/4194/36 3093/4183/36
f 3092/4188/37 3095/4195/37 3091/4184/37
f 3098/4196/36 3101/4197/36 3097/4194/36
f 3096/4192/37 3099/4198/37 3095/4195/37
f 3095/4199/35 3102/4200/35 3098/4190/35
f 3097/4191/34 3100/4201/34 3096/4192/34
f 3102/4202/36 3105/4203/36 3101/4197/36
f 3100/4201/37 3103/4204/37 3099/4198/37
f 3099/4205/35 3106/4206/35 3102/4200/35
f 3101/4207/34 3104/4208/34 3100/4201/34
f 3103/4209/35 3110/4210/35 3106/4206/35
f 3105/4211/34 3108/4212/34 3104/4208/34
f 3106/4213/36 3109/4214/36 3105/4203/36
f 3104/4208/37 3107/4215/37 3103/4204/37
f 3110/4216/36 3113/4217/36 3109/4214/36
f 3108/4212/37 3111/4218/37 3107/4215/37
f 3107/4219/35 3114/4220/35 3110/4210/35
f 3109/4221/34 3112/4222/34 3108/4212/34
f 3112/4222/37 3115/4223/37 3111/4218/37
f 3111/4224/35 3118/4225/35 3114/4220/35
f 3112/4222/34 3117/4226/34 3116/4227/34
f 3114/4228/36 3117/4229/36 3113/4217/36
f 3567/4230/3 3568/4231/3 3546/4232/3
f 3151/4233/151 3200/4234/151 3150/4235/151
f 3138/4236/152 3187/4237/152 3137/4238/152
f 3165/4239/153 3214/4240/153 3164/4241/153
f 3125/4242/154 3174/4243/154 3124/4244/154
f 3152/4245/155 3201/4246/155 3151/4233/155
f 3139/4247/156 3188/4248/156 3138/4236/156
f 3166/4249/157 3215/4250/157 3165/4239/157
f 3126/4251/158 3175/4252/158 3125/4242/158
f 3153/4253/159 3202/4254/159 3152/4245/159
f 3140/4255/160 3189/4256/160 3139/4247/160
f 3167/4257/161 3216/4258/161 3166/4249/161
f 3127/4259/162 3176/4260/162 3126/4251/162
f 3154/4261/163 3203/4262/163 3153/4253/163
f 3141/4263/164 3190/4264/164 3140/4255/164
f 3168/4265/165 3217/4266/165 3167/4257/165
f 3128/4267/166 3177/4268/166 3127/4269/166
f 3155/4270/167 3204/4271/167 3154/4261/167
f 3141/4263/168 3192/4272/168 3191/4273/168
f 3119/4274/169 3218/4275/169 3168/4265/169
f 3129/4276/170 3178/4277/170 3128/4267/170
f 3155/4270/171 3206/4278/171 3205/4279/171
f 3143/4280/172 3192/4272/172 3142/4281/172
f 3130/4282/173 3179/4283/173 3129/4276/173
f 3157/4284/34 3206/4278/34 3156/4285/34
f 3144/4286/174 3193/4287/174 3143/4280/174
f 3131/4288/175 3180/4289/175 3130/4282/175
f 3158/4290/176 3207/4291/176 3157/4292/176
f 3145/4293/177 3194/4294/177 3144/4286/177
f 3131/4288/35 3182/4295/35 3181/4296/35
f 3159/4297/178 3208/4298/178 3158/4290/178
f 3146/4299/179 3195/4300/179 3145/4293/179
f 3133/4301/180 3182/4295/180 3132/4302/180
f 3160/4303/181 3209/4304/181 3159/4297/181
f 3120/4305/182 3169/4306/182 3119/4274/182
f 3147/4307/183 3196/4308/183 3146/4299/183
f 3134/4309/184 3183/4310/184 3133/4301/184
f 3161/4311/185 3210/4312/185 3160/4303/185
f 3121/4313/186 3170/4314/186 3120/4305/186
f 3148/4315/187 3197/4316/187 3147/4307/187
f 3135/4317/188 3184/4318/188 3134/4309/188
f 3161/4311/189 3212/4319/189 3211/4320/189
f 3122/4321/190 3171/4322/190 3121/4313/190
f 3149/4323/191 3198/4324/191 3148/4315/191
f 3136/4325/192 3185/4326/192 3135/4317/192
f 3163/4327/193 3212/4319/193 3162/4328/193
f 3122/4321/194 3173/4329/194 3172/4330/194
f 3150/4235/195 3199/4331/195 3149/4323/195
f 3137/4332/196 3186/4333/196 3136/4325/196
f 3164/4241/197 3213/4334/197 3163/4327/197
f 3123/4335/198 3174/4243/198 3173/4329/198
f 3218/4275/165 3267/4336/165 3217/4266/165
f 3178/4277/166 3227/4337/166 3177/4268/166
f 3205/4279/167 3254/4338/167 3204/4271/167
f 3192/4272/168 3241/4339/168 3191/4273/168
f 3169/4306/169 3268/4340/169 3218/4275/169
f 3179/4283/170 3228/4341/170 3178/4277/170
f 3206/4278/171 3255/4342/171 3205/4279/171
f 3193/4287/172 3242/4343/172 3192/4272/172
f 3180/4289/173 3229/4344/173 3179/4283/173
f 3207/4345/34 3256/4346/34 3206/4278/34
f 3194/4294/174 3243/4347/174 3193/4287/174
f 3181/4296/175 3230/4348/175 3180/4289/175
f 3208/4298/176 3257/4349/176 3207/4291/176
f 3195/4300/177 3244/4350/177 3194/4294/177
f 3182/4295/35 3231/4351/35 3181/4296/35
f 3209/4304/178 3258/4352/178 3208/4298/178
f 3196/4308/179 3245/4353/179 3195/4300/179
f 3183/4310/180 3232/4354/180 3182/4295/180
f 3209/4304/181 3260/4355/181 3259/4356/181
f 3170/4314/182 3219/4357/182 3169/4306/182
f 3196/4308/183 3247/4358/183 3246/4359/183
f 3184/4318/184 3233/4360/184 3183/4310/184
f 3211/4320/185 3260/4355/185 3210/4312/185
f 3171/4322/186 3220/4361/186 3170/4314/186
f 3198/4324/187 3247/4358/187 3197/4316/187
f 3185/4326/188 3234/4362/188 3184/4318/188
f 3212/4319/189 3261/4363/189 3211/4320/189
f 3172/4330/190 3221/4364/190 3171/4322/190
f 3199/4331/191 3248/4365/191 3198/4324/191
f 3186/4333/192 3235/4366/192 3185/4326/192
f 3213/4334/193 3262/4367/193 3212/4319/193
f 3173/4329/194 3222/4368/194 3172/4330/194
f 3200/4234/195 3249/4369/195 3199/4331/195
f 3187/4370/196 3236/4371/196 3186/4333/196
f 3214/4240/197 3263/4372/197 3213/4334/197
f 3174/4243/198 3223/4373/198 3173/4329/198
f 3201/4246/151 3250/4374/151 3200/4234/151
f 3188/4248/152 3237/4375/152 3187/4237/152
f 3215/4250/153 3264/4376/153 3214/4240/153
f 3175/4252/154 3224/4377/154 3174/4243/154
f 3201/4246/155 3252/4378/155 3251/4379/155
f 3189/4256/156 3238/4380/156 3188/4248/156
f 3216/4258/157 3265/4381/157 3215/4250/157
f 3176/4260/158 3225/4382/158 3175/4252/158
f 3203/4262/159 3252/4378/159 3202/4254/159
f 3190/4264/160 3239/4383/160 3189/4256/160
f 3216/4258/161 3267/4336/161 3266/4384/161
f 3177/4385/162 3226/4386/162 3176/4260/162
f 3204/4271/163 3253/4387/163 3203/4262/163
f 3191/4273/164 3240/4388/164 3190/4264/164
f 3234/4362/188 3285/4389/188 3284/4390/188
f 3262/4367/189 3311/4391/189 3261/4363/189
f 3222/4368/190 3271/4392/190 3221/4364/190
f 3249/4369/191 3298/4393/191 3248/4365/191
f 3235/4366/192 3286/4394/192 3285/4389/192
f 3263/4372/193 3312/4395/193 3262/4367/193
f 3223/4373/194 3272/4396/194 3222/4368/194
f 3249/4369/195 3300/4397/195 3299/4398/195
f 3237/4399/196 3286/4394/196 3236/4371/196
f 3263/4372/197 3314/4400/197 3313/4401/197
f 3224/4377/198 3273/4402/198 3223/4373/198
f 3251/4379/151 3300/4397/151 3250/4374/151
f 3237/4375/152 3288/4403/152 3287/4404/152
f 3265/4381/153 3314/4400/153 3264/4376/153
f 3225/4382/154 3274/4405/154 3224/4377/154
f 3252/4378/155 3301/4406/155 3251/4379/155
f 3239/4383/156 3288/4403/156 3238/4380/156
f 3266/4384/157 3315/4407/157 3265/4381/157
f 3226/4386/158 3275/4408/158 3225/4382/158
f 3253/4387/159 3302/4409/159 3252/4378/159
f 3239/4383/160 3290/4410/160 3289/4411/160
f 3267/4336/161 3316/4412/161 3266/4384/161
f 3227/4413/162 3276/4414/162 3226/4386/162
f 3253/4387/163 3304/4415/163 3303/4416/163
f 3240/4388/164 3291/4417/199 3290/4410/199
f 3268/4340/165 3317/4418/165 3267/4336/165
f 3228/4341/166 3277/4419/166 3227/4337/166
f 3255/4342/167 3304/4415/167 3254/4338/167
f 3242/4343/168 3291/4417/168 3241/4339/168
f 3219/4357/169 3318/4420/169 3268/4340/169
f 3229/4344/170 3278/4421/170 3228/4341/170
f 3256/4346/171 3305/4422/171 3255/4342/171
f 3243/4347/172 3292/4423/172 3242/4343/172
f 3230/4348/173 3279/4424/173 3229/4344/173
f 3257/4425/34 3306/4426/34 3256/4346/34
f 3244/4350/174 3293/4427/174 3243/4347/174
f 3231/4351/175 3280/4428/175 3230/4348/175
f 3258/4352/176 3307/4429/176 3257/4349/176
f 3245/4353/177 3294/4430/177 3244/4350/177
f 3232/4354/35 3281/4431/35 3231/4351/35
f 3259/4356/178 3308/4432/178 3258/4352/178
f 3246/4359/179 3295/4433/179 3245/4353/179
f 3233/4360/180 3282/4434/180 3232/4354/180
f 3259/4356/181 3310/4435/181 3309/4436/181
f 3220/4361/182 3269/4437/182 3219/4357/182
f 3247/4358/183 3296/4438/183 3246/4359/183
f 3234/4362/184 3283/4439/184 3233/4360/184
f 3261/4363/185 3310/4435/185 3260/4355/185
f 3221/4364/186 3270/4440/186 3220/4361/186
f 3248/4365/187 3297/4441/187 3247/4358/187
f 3269/4437/169 3368/4442/169 3318/4420/169
f 3279/4424/170 3328/4443/170 3278/4421/170
f 3306/4426/171 3355/4444/171 3305/4422/171
f 3293/4427/172 3342/4445/172 3292/4423/172
f 3280/4428/173 3329/4446/173 3279/4424/173
f 3307/4447/34 3356/4448/34 3306/4426/34
f 3294/4430/174 3343/4449/174 3293/4427/174
f 3281/4431/175 3330/4450/175 3280/4428/175
f 3308/4432/176 3357/4451/176 3307/4429/176
f 3295/4433/177 3344/4452/177 3294/4430/177
f 3282/4434/35 3331/4453/35 3281/4431/35
f 3309/4436/178 3358/4454/178 3308/4432/178
f 3296/4438/179 3345/4455/179 3295/4433/179
f 3283/4439/180 3332/4456/180 3282/4434/180
f 3310/4435/181 3359/4457/181 3309/4436/181
f 3270/4440/182 3319/4458/182 3269/4437/182
f 3297/4441/183 3346/4459/183 3296/4438/183
f 3284/4390/184 3333/4460/184 3283/4439/184
f 3311/4391/185 3360/4461/185 3310/4435/185
f 3271/4392/186 3320/4462/186 3270/4440/186
f 3298/4393/187 3347/4463/187 3297/4441/187
f 3285/4389/188 3334/4464/188 3284/4390/188
f 3312/4395/189 3361/4465/189 3311/4391/189
f 3271/4392/190 3322/4466/190 3321/4467/190
f 3299/4398/191 3348/4468/191 3298/4393/191
f 3286/4394/192 3335/4469/192 3285/4389/192
f 3313/4401/193 3362/4470/193 3312/4395/193
f 3272/4396/194 3323/4471/194 3322/4466/194
f 3299/4398/195 3350/4472/195 3349/4473/195
f 3287/4474/196 3336/4475/196 3286/4394/196
f 3313/4401/197 3364/4476/197 3363/4477/197
f 3274/4405/198 3323/4471/198 3273/4402/198
f 3301/4406/151 3350/4472/151 3300/4397/151
f 3287/4404/152 3338/4478/152 3337/4479/152
f 3315/4407/153 3364/4476/153 3314/4400/153
f 3275/4408/154 3324/4480/154 3274/4405/154
f 3302/4409/155 3351/4481/155 3301/4406/155
f 3289/4411/156 3338/4478/156 3288/4403/156
f 3316/4412/157 3365/4482/157 3315/4407/157
f 3275/4408/158 3326/4483/158 3325/4484/158
f 3303/4416/159 3352/4485/159 3302/4409/159
f 3290/4410/160 3339/4486/160 3289/4411/160
f 3317/4418/161 3366/4487/161 3316/4412/161
f 3277/4488/162 3326/4483/162 3276/4414/162
f 3304/4415/163 3353/4489/163 3303/4416/163
f 3291/4417/199 3340/4490/164 3290/4410/199
f 3318/4420/165 3367/4491/165 3317/4418/165
f 3278/4421/166 3327/4492/166 3277/4419/166
f 3305/4422/167 3354/4493/167 3304/4415/167
f 3291/4417/168 3342/4445/168 3341/4494/168
f 3336/4475/192 3385/4495/192 3335/4469/192
f 3363/4477/193 3412/4496/193 3362/4470/193
f 3323/4471/194 3372/4497/194 3322/4466/194
f 3349/4473/195 3400/4498/195 3399/4499/195
f 3337/4500/196 3386/4501/196 3336/4475/196
f 3363/4477/197 3414/4502/197 3413/4503/197
f 3324/4480/198 3373/4504/198 3323/4471/198
f 3351/4481/151 3400/4498/151 3350/4472/151
f 3338/4478/152 3387/4505/152 3337/4479/152
f 3365/4482/153 3414/4502/153 3364/4476/153
f 3325/4484/154 3374/4506/154 3324/4480/154
f 3352/4485/155 3401/4507/155 3351/4481/155
f 3339/4486/156 3388/4508/156 3338/4478/156
f 3366/4487/157 3415/4509/157 3365/4482/157
f 3325/4484/158 3376/4510/158 3375/4511/158
f 3353/4489/159 3402/4512/159 3352/4485/159
f 3340/4490/160 3389/4513/160 3339/4486/160
f 3367/4491/161 3416/4514/161 3366/4487/161
f 3326/4483/162 3377/4515/162 3376/4510/162
f 3354/4493/163 3403/4516/163 3353/4489/163
f 3341/4494/164 3390/4517/164 3340/4490/164
f 3368/4442/165 3417/4518/165 3367/4491/165
f 3328/4443/166 3377/4519/166 3327/4492/166
f 3355/4444/167 3404/4520/167 3354/4493/167
f 3342/4445/168 3391/4521/168 3341/4494/168
f 3319/4458/169 3418/4522/169 3368/4442/169
f 3329/4446/170 3378/4523/170 3328/4443/170
f 3356/4448/171 3405/4524/171 3355/4444/171
f 3343/4449/172 3392/4525/172 3342/4445/172
f 3330/4450/173 3379/4526/173 3329/4446/173
f 3357/4527/34 3406/4528/34 3356/4448/34
f 3344/4452/174 3393/4529/174 3343/4449/174
f 3331/4453/175 3380/4530/175 3330/4450/175
f 3358/4454/176 3407/4531/176 3357/4451/176
f 3345/4455/177 3394/4532/177 3344/4452/177
f 3332/4456/35 3381/4533/35 3331/4453/35
f 3359/4457/178 3408/4534/178 3358/4454/178
f 3346/4459/179 3395/4535/179 3345/4455/179
f 3333/4460/180 3382/4536/180 3332/4456/180
f 3360/4461/181 3409/4537/181 3359/4457/181
f 3320/4462/182 3369/4538/182 3319/4458/182
f 3347/4463/183 3396/4539/183 3346/4459/183
f 3334/4464/184 3383/4540/184 3333/4460/184
f 3361/4465/185 3410/4541/185 3360/4461/185
f 3321/4467/186 3370/4542/186 3320/4462/186
f 3348/4468/187 3397/4543/187 3347/4463/187
f 3335/4469/188 3384/4544/188 3334/4464/188
f 3362/4470/189 3411/4545/189 3361/4465/189
f 3321/4467/190 3372/4497/190 3371/4546/190
f 3349/4473/191 3398/4547/191 3348/4468/191
f 3380/4530/173 3429/4548/173 3379/4526/173
f 3407/4549/34 3456/4550/34 3406/4528/34
f 3394/4532/174 3443/4551/174 3393/4529/174
f 3381/4533/175 3430/4552/175 3380/4530/175
f 3408/4534/176 3457/4553/176 3407/4531/176
f 3395/4535/177 3444/4554/177 3394/4532/177
f 3381/4533/35 3432/4555/35 3431/4556/35
f 3409/4537/178 3458/4557/178 3408/4534/178
f 3396/4539/179 3445/4558/179 3395/4535/179
f 3383/4540/180 3432/4555/180 3382/4536/180
f 3410/4541/181 3459/4559/181 3409/4537/181
f 3370/4542/182 3419/4560/182 3369/4538/182
f 3397/4543/183 3446/4561/183 3396/4539/183
f 3384/4544/184 3433/4562/184 3383/4540/184
f 3411/4545/185 3460/4563/185 3410/4541/185
f 3371/4546/186 3420/4564/186 3370/4542/186
f 3398/4547/187 3447/4565/200 3397/4543/187
f 3385/4495/188 3434/4566/188 3384/4544/188
f 3412/4496/189 3461/4567/189 3411/4545/189
f 3372/4497/190 3421/4568/190 3371/4546/190
f 3399/4499/191 3448/4569/191 3398/4547/191
f 3386/4501/192 3435/4570/192 3385/4495/192
f 3413/4503/193 3462/4571/193 3412/4496/193
f 3373/4504/194 3422/4572/194 3372/4497/194
f 3399/4499/195 3450/4573/195 3449/4574/195
f 3387/4575/196 3436/4576/196 3386/4501/196
f 3413/4503/197 3464/4577/197 3463/4578/197
f 3374/4506/198 3423/4579/198 3373/4504/198
f 3401/4507/151 3450/4573/151 3400/4498/151
f 3388/4508/152 3437/4580/152 3387/4505/152
f 3415/4509/153 3464/4577/153 3414/4502/153
f 3375/4511/154 3424/4581/154 3374/4506/154
f 3402/4512/155 3451/4582/155 3401/4507/155
f 3389/4513/156 3438/4583/156 3388/4508/156
f 3416/4514/157 3465/4584/157 3415/4509/157
f 3376/4510/158 3425/4585/158 3375/4511/158
f 3403/4516/159 3452/4586/159 3402/4512/159
f 3390/4517/160 3439/4587/160 3389/4513/160
f 3417/4518/161 3466/4588/161 3416/4514/161
f 3377/4515/162 3426/4589/162 3376/4510/162
f 3404/4520/163 3453/4590/163 3403/4516/163
f 3391/4521/164 3440/4591/164 3390/4517/164
f 3418/4522/165 3467/4592/165 3417/4518/165
f 3378/4523/166 3427/4593/166 3377/4519/166
f 3405/4524/167 3454/4594/167 3404/4520/167
f 3392/4525/168 3441/4595/168 3391/4521/168
f 3369/4538/169 3468/4596/169 3418/4522/169
f 3379/4526/170 3428/4597/170 3378/4523/170
f 3406/4528/171 3455/4598/171 3405/4524/171
f 3393/4529/172 3442/4599/172 3392/4525/172
f 3437/4600/196 3486/4601/196 3436/4576/196
f 3464/4577/197 3513/4602/197 3463/4578/197
f 3424/4581/198 3473/4603/198 3423/4579/198
f 3451/4582/151 3500/4604/151 3450/4573/151
f 3438/4583/152 3487/4605/152 3437/4580/152
f 3465/4584/153 3514/4606/153 3464/4577/153
f 3424/4581/154 3475/4607/154 3474/4608/154
f 3452/4586/155 3501/4609/155 3451/4582/155
f 3439/4587/156 3488/4610/156 3438/4583/156
f 3466/4588/157 3515/4611/157 3465/4584/157
f 3426/4589/158 3475/4607/158 3425/4585/158
f 3453/4590/159 3502/4612/159 3452/4586/159
f 3440/4591/160 3489/4613/160 3439/4587/160
f 3467/4592/161 3516/4614/161 3466/4588/161
f 3427/4615/162 3476/4616/162 3426/4589/162
f 3454/4594/163 3503/4617/163 3453/4590/163
f 3441/4595/164 3490/4618/164 3440/4591/164
f 3468/4596/165 3517/4619/165 3467/4592/165
f 3428/4597/166 3477/4620/166 3427/4593/166
f 3455/4598/167 3504/4621/167 3454/4594/167
f 3442/4599/168 3491/4622/168 3441/4595/168
f 3419/4560/169 3518/4623/169 3468/4596/169
f 3428/4597/170 3479/4624/170 3478/4625/170
f 3456/4550/171 3505/4626/171 3455/4598/171
f 3443/4551/172 3492/4627/172 3442/4599/172
f 3429/4548/173 3480/4628/173 3479/4624/173
f 3457/4629/34 3506/4630/34 3456/4550/34
f 3444/4554/174 3493/4631/174 3443/4551/174
f 3430/4552/175 3481/4632/175 3480/4628/175
f 3458/4557/176 3507/4633/176 3457/4553/176
f 3445/4558/177 3494/4634/177 3444/4554/177
f 3432/4555/35 3481/4632/35 3431/4556/35
f 3459/4559/178 3508/4635/178 3458/4557/178
f 3446/4561/179 3495/4636/179 3445/4558/179
f 3433/4562/180 3482/4637/180 3432/4555/180
f 3460/4563/181 3509/4638/181 3459/4559/181
f 3420/4564/182 3469/4639/182 3419/4560/182
f 3447/4565/183 3496/4640/183 3446/4561/183
f 3433/4562/184 3484/4641/184 3483/4642/184
f 3461/4567/185 3510/4643/185 3460/4563/185
f 3421/4568/186 3470/4644/186 3420/4564/186
f 3448/4569/200 3497/4645/200 3447/4565/200
f 3434/4566/188 3485/4646/188 3484/4641/188
f 3462/4571/189 3511/4647/189 3461/4567/189
f 3422/4572/190 3471/4648/190 3421/4568/190
f 3449/4574/191 3498/4649/191 3448/4569/191
f 3436/4576/192 3485/4646/192 3435/4570/192
f 3463/4578/193 3512/4650/193 3462/4571/193
f 3423/4579/194 3472/4651/194 3422/4572/194
f 3450/4573/195 3499/4652/195 3449/4574/195
f 3480/4628/175 3531/4653/175 3530/4654/175
f 3508/4635/176 3557/4655/176 3507/4633/176
f 3495/4636/177 3544/4656/177 3494/4634/177
f 3481/4632/35 3532/4657/35 3531/4653/35
f 3509/4638/178 3558/4658/178 3508/4635/178
f 3496/4640/179 3545/4659/179 3495/4636/179
f 3483/4642/180 3532/4657/180 3482/4637/180
f 3510/4643/181 3559/4660/181 3509/4638/181
f 3470/4644/182 3519/4661/182 3469/4639/182
f 3497/4645/183 3546/4662/183 3496/4640/183
f 3484/4641/184 3533/4663/184 3483/4642/184
f 3511/4647/185 3560/4664/185 3510/4643/185
f 3471/4648/186 3520/4665/186 3470/4644/186
f 3498/4649/200 3547/4666/200 3497/4645/200
f 3485/4646/188 3534/4667/188 3484/4641/188
f 3512/4650/189 3561/4668/189 3511/4647/189
f 3472/4651/190 3521/4669/190 3471/4648/190
f 3499/4652/191 3548/4670/191 3498/4649/191
f 3486/4601/192 3535/4671/192 3485/4646/192
f 3513/4602/193 3562/4672/193 3512/4650/193
f 3473/4603/194 3522/4673/194 3472/4651/194
f 3500/4604/195 3549/4674/195 3499/4652/195
f 3487/4675/196 3536/4676/196 3486/4601/196
f 3514/4606/197 3563/4677/197 3513/4602/197
f 3474/4608/198 3523/4678/198 3473/4603/198
f 3501/4609/151 3550/4679/151 3500/4604/151
f 3488/4610/152 3537/4680/152 3487/4605/152
f 3515/4611/153 3564/4681/153 3514/4606/153
f 3475/4607/154 3524/4682/154 3474/4608/154
f 3502/4612/155 3551/4683/155 3501/4609/155
f 3489/4613/156 3538/4684/156 3488/4610/156
f 3516/4614/157 3565/4685/157 3515/4611/157
f 3475/4607/158 3526/4686/158 3525/4687/158
f 3503/4617/159 3552/4688/159 3502/4612/159
f 3490/4618/160 3539/4689/160 3489/4613/160
f 3517/4619/161 3566/4690/161 3516/4614/161
f 3477/4691/162 3526/4686/162 3476/4616/162
f 3504/4621/163 3553/4692/163 3503/4617/163
f 3491/4622/164 3540/4693/164 3490/4618/164
f 3518/4623/165 3567/4694/165 3517/4619/165
f 3478/4625/166 3527/4695/166 3477/4620/166
f 3505/4626/167 3554/4696/167 3504/4621/167
f 3492/4627/168 3541/4697/168 3491/4622/168
f 3469/4639/169 3568/4698/169 3518/4623/169
f 3479/4624/170 3528/4699/170 3478/4625/170
f 3506/4630/171 3555/4700/171 3505/4626/171
f 3493/4631/172 3542/4701/172 3492/4627/172
f 3480/4628/173 3529/4702/173 3479/4624/173
f 3507/4703/34 3556/4704/34 3506/4630/34
f 3494/4634/174 3543/4705/174 3493/4631/174
f 3594/4706/36 3574/4707/36 3593/4708/36
f 3582/4709/36 3595/4710/36 3581/4711/36
f 3578/4712/37 3587/4713/37 3577/4714/37
f 3570/4715/37 3585/4716/37 3569/4717/37
f 3591/4718/34 3578/4712/34 3584/4719/34
f 3580/4720/35 3596/4721/35 3582/4722/35
f 3588/4723/37 3590/4724/37 3587/4713/37
f 3571/4725/36 3593/4708/36 3572/4726/36
f 3581/4727/34 3594/4728/34 3571/4729/34
f 3737/4730/3 3744/4731/3 3747/4732/3
f 3595/4733/34 3573/4734/34 3594/4728/34
f 3583/4735/36 3591/4736/36 3584/4737/36
f 3577/4738/35 3586/4739/35 3570/4740/35
f 3572/4741/35 3592/4742/35 3583/4743/35
f 3579/4744/37 3599/4745/37 3580/4746/37
f 3585/4716/34 3604/4747/34 3600/4748/34
f 3569/4717/34 3600/4748/34 3579/4744/34
f 3592/4749/36 3576/4750/36 3591/4736/36
f 3586/4751/37 3598/4752/37 3585/4716/37
f 3599/4753/35 3602/4754/35 3596/4721/35
f 3591/4718/34 3589/4755/34 3588/4723/34
f 3596/4756/36 3601/4757/36 3595/4710/36
f 3586/4739/35 3590/4758/35 3597/4759/35
f 3593/4760/35 3575/4761/35 3592/4742/35
f 3600/4748/37 3603/4762/37 3599/4745/37
f 3590/4758/35 3606/4763/35 3597/4759/35
f 3589/4755/37 3607/4764/37 3590/4724/37
f 3573/4765/36 3611/4766/36 3574/4707/36
f 3574/4767/35 3610/4768/35 3575/4761/35
f 3601/4769/34 3612/4770/34 3573/4734/34
f 3575/4771/36 3609/4772/36 3576/4750/36
f 3597/4773/37 3605/4774/37 3598/4752/37
f 3603/4775/35 3614/4776/35 3602/4754/35
f 3598/4752/34 3616/4777/34 3604/4747/34
f 3576/4778/34 3608/4779/34 3589/4755/34
f 3604/4747/37 3615/4780/37 3603/4762/37
f 3602/4781/36 3613/4782/36 3601/4757/36
f 3607/4783/35 3618/4784/35 3606/4763/35
f 3614/4785/36 3625/4786/36 3613/4782/36
f 3611/4787/35 3622/4788/35 3610/4768/35
f 3608/4779/37 3619/4789/37 3607/4764/37
f 3615/4790/35 3626/4791/35 3614/4776/35
f 3612/4792/36 3623/4793/36 3611/4766/36
f 3609/4794/34 3620/4795/34 3608/4779/34
f 3616/4777/37 3627/4796/37 3615/4780/37
f 3606/4797/37 3617/4798/37 3605/4774/37
f 3612/4770/34 3625/4799/34 3624/4800/34
f 3610/4801/36 3621/4802/36 3609/4772/36
f 3616/4777/34 3617/4798/34 3628/4803/34
f 3628/4803/34 3629/4804/34 3640/4805/34
f 3619/4806/35 3630/4807/35 3618/4784/35
f 3626/4808/36 3637/4809/36 3625/4786/36
f 3623/4810/35 3634/4811/35 3622/4788/35
f 3620/4795/37 3631/4812/37 3619/4789/37
f 3627/4813/35 3638/4814/35 3626/4791/35
f 3624/4815/36 3635/4816/36 3623/4793/36
f 3621/4817/34 3632/4818/34 3620/4795/34
f 3628/4803/37 3639/4819/37 3627/4796/37
f 3618/4820/37 3629/4804/37 3617/4798/37
f 3624/4800/34 3637/4821/34 3636/4822/34
f 3622/4823/36 3633/4824/36 3621/4802/36
f 3634/4825/36 3645/4826/36 3633/4824/36
f 3629/4804/34 3652/4827/34 3640/4805/34
f 3631/4828/35 3642/4829/35 3630/4807/35
f 3638/4830/36 3649/4831/36 3637/4809/36
f 3635/4832/35 3646/4833/35 3634/4811/35
f 3632/4818/37 3643/4834/37 3631/4812/37
f 3638/4814/35 3651/4835/35 3650/4836/35
f 3636/4837/36 3647/4838/36 3635/4816/36
f 3633/4839/34 3644/4840/34 3632/4818/34
f 3640/4805/37 3651/4841/37 3639/4819/37
f 3630/4842/37 3641/4843/37 3629/4804/37
f 3637/4821/34 3648/4844/34 3636/4822/34
f 3646/4845/36 3657/4846/36 3645/4826/36
f 3641/4843/34 3664/4847/34 3652/4827/34
f 3642/4829/35 3655/4848/35 3654/4849/35
f 3650/4850/36 3661/4851/36 3649/4831/36
f 3647/4852/35 3658/4853/35 3646/4833/35
f 3644/4840/37 3655/4854/37 3643/4834/37
f 3651/4835/35 3662/4855/35 3650/4836/35
f 3648/4856/36 3659/4857/36 3647/4838/36
f 3645/4858/34 3656/4859/34 3644/4840/34
f 3652/4827/37 3663/4860/37 3651/4841/37
f 3642/4861/37 3653/4862/37 3641/4843/37
f 3649/4863/34 3660/4864/34 3648/4844/34
f 3661/4865/34 3672/4866/34 3660/4864/34
f 3658/4867/36 3669/4868/36 3657/4846/36
f 3653/4862/34 3676/4869/34 3664/4847/34
f 3655/4848/35 3666/4870/35 3654/4849/35
f 3662/4871/36 3673/4872/36 3661/4851/36
f 3659/4873/35 3670/4874/35 3658/4853/35
f 3656/4859/37 3667/4875/37 3655/4854/37
f 3663/4876/35 3674/4877/35 3662/4855/35
f 3660/4878/36 3671/4879/36 3659/4857/36
f 3656/4859/34 3669/4880/34 3668/4881/34
f 3664/4847/37 3675/4882/37 3663/4860/37
f 3654/4883/37 3665/4884/37 3653/4862/37
f 3666/4885/37 3677/4886/37 3665/4884/37
f 3673/4887/34 3684/4888/34 3672/4866/34
f 3670/4889/36 3681/4890/36 3669/4868/36
f 3665/4884/34 3688/4891/34 3676/4869/34
f 3666/4870/35 3679/4892/35 3678/4893/35
f 3674/4894/36 3685/4895/36 3673/4872/36
f 3671/4896/35 3682/4897/35 3670/4874/35
f 3668/4881/37 3679/4898/37 3667/4875/37
f 3674/4877/35 3687/4899/35 3686/4900/35
f 3672/4901/36 3683/4902/36 3671/4879/36
f 3669/4880/34 3680/4903/34 3668/4881/34
f 3676/4869/37 3687/4904/37 3675/4882/37
f 3688/4891/37 3699/4905/37 3687/4904/37
f 3678/4906/37 3689/4907/37 3677/4886/37
f 3685/4908/34 3696/4909/34 3684/4888/34
f 3682/4910/36 3693/4911/36 3681/4890/36
f 3677/4886/34 3700/4912/34 3688/4891/34
f 3679/4892/35 3690/4913/35 3678/4893/35
f 3686/4914/36 3697/4915/36 3685/4895/36
f 3683/4916/35 3694/4917/35 3682/4897/35
f 3680/4903/37 3691/4918/37 3679/4898/37
f 3686/4900/35 3699/4919/35 3698/4920/35
f 3684/4921/36 3695/4922/36 3683/4902/36
f 3681/4923/34 3692/4924/34 3680/4903/34
f 3693/4925/34 3704/4926/34 3692/4924/34
f 3700/4912/37 3711/4927/37 3699/4905/37
f 3690/4928/37 3701/4929/37 3689/4907/37
f 3697/4930/34 3708/4931/34 3696/4909/34
f 3694/4932/36 3705/4933/36 3693/4911/36
f 3689/4907/34 3712/4934/34 3700/4912/34
f 3691/4935/35 3702/4936/35 3690/4913/35
f 3698/4937/36 3709/4938/36 3697/4915/36
f 3695/4939/35 3706/4940/35 3694/4917/35
f 3692/4924/37 3703/4941/37 3691/4918/37
f 3699/4919/35 3710/4942/35 3698/4920/35
f 3696/4943/36 3707/4944/36 3695/4922/36
f 3705/4945/34 3716/4946/34 3704/4926/34
f 3712/4934/37 3723/4947/37 3711/4927/37
f 3702/4948/37 3713/4949/37 3701/4929/37
f 3709/4950/34 3720/4951/34 3708/4931/34
f 3706/4952/36 3717/4953/36 3705/4933/36
f 3701/4929/34 3724/4954/34 3712/4934/34
f 3702/4936/35 3715/4955/35 3714/4956/35
f 3710/4957/36 3721/4958/36 3709/4938/36
f 3707/4959/35 3718/4960/35 3706/4940/35
f 3704/4926/37 3715/4961/37 3703/4941/37
f 3710/4942/35 3723/4962/35 3722/4963/35
f 3708/4964/36 3719/4965/36 3707/4944/36
f 3720/4966/36 3731/4967/36 3719/4965/36
f 3717/4968/34 3728/4969/34 3716/4946/34
f 3724/4954/37 3735/4970/37 3723/4947/37
f 3714/4971/37 3725/4972/37 3713/4949/37
f 3721/4973/34 3732/4974/34 3720/4951/34
f 3718/4975/36 3729/4976/36 3717/4953/36
f 3713/4949/34 3736/4977/34 3724/4954/34
f 3715/4955/35 3726/4978/35 3714/4956/35
f 3722/4979/36 3733/4980/36 3721/4958/36
f 3719/4981/35 3730/4982/35 3718/4960/35
f 3716/4946/37 3727/4983/37 3715/4961/37
f 3723/4962/35 3734/4984/35 3722/4963/35
f 3732/4985/36 3743/4986/36 3731/4967/36
f 3729/4987/34 3740/4988/34 3728/4969/34
f 3736/4977/37 3747/4989/37 3735/4970/37
f 3726/4990/37 3737/4991/37 3725/4972/37
f 3733/4992/34 3744/4993/34 3732/4974/34
f 3730/4994/36 3741/4995/36 3729/4976/36
f 3725/4972/34 3748/4996/34 3736/4977/34
f 3726/4978/35 3739/4997/35 3738/4998/35
f 3734/4999/36 3745/5000/36 3733/4980/36
f 3731/5001/35 3742/5002/35 3730/4982/35
f 3728/4969/37 3739/5003/37 3727/4983/37
f 3735/5004/35 3746/5005/35 3734/4984/35
f 3749/5006/37 3772/5007/37 3751/5008/37
f 3754/5009/36 3764/5010/36 3756/5011/36
f 3897/5012/3 3900/5013/3 3903/5014/3
f 3753/5015/34 3761/5016/34 3749/5006/34
f 3760/5017/35 3769/5018/35 3759/5019/35
f 3750/5020/34 3765/5021/34 3754/5022/34
f 3755/5023/37 3762/5024/37 3753/5015/37
f 3758/5025/37 3770/5026/37 3760/5027/37
f 3750/5028/36 3767/5029/36 3766/5030/36
f 3757/5031/35 3767/5032/35 3752/5033/35
f 3756/5034/34 3763/5035/34 3755/5023/34
f 3759/5036/36 3768/5037/36 3757/5038/36
f 3751/5039/35 3771/5040/35 3758/5041/35
f 3762/5024/34 3773/5042/34 3761/5016/34
f 3766/5030/36 3779/5043/36 3778/5044/36
f 3764/5045/34 3775/5046/34 3763/5035/34
f 3771/5047/37 3782/5048/37 3770/5026/37
f 3768/5049/35 3779/5050/35 3767/5032/35
f 3765/5051/36 3776/5052/36 3764/5010/36
f 3772/5053/35 3783/5054/35 3771/5040/35
f 3762/5024/37 3775/5046/37 3774/5055/37
f 3769/5056/36 3780/5057/36 3768/5037/36
f 3766/5058/34 3777/5059/34 3765/5021/34
f 3761/5016/37 3784/5060/37 3772/5007/37
f 3770/5061/35 3781/5062/35 3769/5018/35
f 3782/5063/35 3793/5064/35 3781/5062/35
f 3778/5044/36 3791/5065/36 3790/5066/36
f 3776/5067/34 3787/5068/34 3775/5046/34
f 3783/5069/37 3794/5070/37 3782/5048/37
f 3780/5071/35 3791/5072/35 3779/5050/35
f 3777/5073/36 3788/5074/36 3776/5052/36
f 3784/5075/35 3795/5076/35 3783/5054/35
f 3774/5055/34 3785/5077/34 3773/5042/34
f 3780/5057/36 3793/5078/36 3792/5079/36
f 3778/5080/34 3789/5081/34 3777/5059/34
f 3773/5042/37 3796/5082/37 3784/5060/37
f 3775/5046/37 3786/5083/37 3774/5055/37
f 3787/5068/37 3798/5084/37 3786/5083/37
f 3794/5085/35 3805/5086/35 3793/5064/35
f 3790/5066/36 3803/5087/36 3802/5088/36
f 3788/5089/34 3799/5090/34 3787/5068/34
f 3795/5091/37 3806/5092/37 3794/5070/37
f 3792/5093/35 3803/5094/35 3791/5072/35
f 3789/5095/36 3800/5096/36 3788/5074/36
f 3796/5097/35 3807/5098/35 3795/5076/35
f 3786/5083/34 3797/5099/34 3785/5077/34
f 3793/5078/36 3804/5100/36 3792/5079/36
f 3790/5101/34 3801/5102/34 3789/5081/34
f 3785/5077/37 3808/5103/37 3796/5082/37
f 3797/5099/37 3820/5104/37 3808/5103/37
f 3799/5090/37 3810/5105/37 3798/5084/37
f 3806/5106/35 3817/5107/35 3805/5086/35
f 3802/5088/36 3815/5108/36 3814/5109/36
f 3800/5110/34 3811/5111/34 3799/5090/34
f 3807/5112/37 3818/5113/37 3806/5092/37
f 3804/5114/35 3815/5115/35 3803/5094/35
f 3801/5116/36 3812/5117/36 3800/5096/36
f 3808/5118/35 3819/5119/35 3807/5098/35
f 3798/5084/34 3809/5120/34 3797/5099/34
f 3805/5121/36 3816/5122/36 3804/5100/36
f 3802/5123/34 3813/5124/34 3801/5102/34
f 3814/5125/34 3825/5126/34 3813/5124/34
f 3809/5120/37 3832/5127/37 3820/5104/37
f 3811/5111/37 3822/5128/37 3810/5105/37
f 3818/5129/35 3829/5130/35 3817/5107/35
f 3815/5108/36 3826/5131/36 3814/5109/36
f 3812/5132/34 3823/5133/34 3811/5111/34
f 3819/5134/37 3830/5135/37 3818/5113/37
f 3816/5136/35 3827/5137/35 3815/5115/35
f 3812/5117/36 3825/5138/36 3824/5139/36
f 3820/5140/35 3831/5141/35 3819/5119/35
f 3810/5105/34 3821/5142/34 3809/5120/34
f 3816/5122/36 3829/5143/36 3828/5144/36
f 3826/5145/34 3837/5146/34 3825/5126/34
f 3821/5142/37 3844/5147/37 3832/5127/37
f 3823/5133/37 3834/5148/37 3822/5128/37
f 3830/5149/35 3841/5150/35 3829/5130/35
f 3827/5151/36 3838/5152/36 3826/5131/36
f 3824/5153/34 3835/5154/34 3823/5133/34
f 3831/5155/37 3842/5156/37 3830/5135/37
f 3828/5157/35 3839/5158/35 3827/5137/35
f 3824/5139/36 3837/5159/36 3836/5160/36
f 3832/5161/35 3843/5162/35 3831/5141/35
f 3822/5128/34 3833/5163/34 3821/5142/34
f 3828/5144/36 3841/5164/36 3840/5165/36
f 3840/5165/36 3853/5166/36 3852/5167/36
f 3838/5168/34 3849/5169/34 3837/5146/34
f 3833/5163/37 3856/5170/37 3844/5147/37
f 3835/5154/37 3846/5171/37 3834/5148/37
f 3842/5172/35 3853/5173/35 3841/5150/35
f 3839/5174/36 3850/5175/36 3838/5152/36
f 3836/5176/34 3847/5177/34 3835/5154/34
f 3843/5178/37 3854/5179/37 3842/5156/37
f 3840/5180/35 3851/5181/35 3839/5158/35
f 3836/5160/36 3849/5182/36 3848/5183/36
f 3844/5184/35 3855/5185/35 3843/5162/35
f 3834/5148/34 3845/5186/34 3833/5163/34
f 3846/5171/34 3857/5187/34 3845/5186/34
f 3853/5166/36 3864/5188/36 3852/5167/36
f 3850/5189/34 3861/5190/34 3849/5169/34
f 3856/5170/37 3857/5187/37 3868/5191/37
f 3846/5171/37 3859/5192/37 3858/5193/37
f 3854/5194/35 3865/5195/35 3853/5173/35
f 3851/5196/36 3862/5197/36 3850/5175/36
f 3848/5198/34 3859/5192/34 3847/5177/34
f 3854/5179/37 3867/5199/37 3866/5200/37
f 3852/5201/35 3863/5202/35 3851/5181/35
f 3849/5182/36 3860/5203/36 3848/5183/36
f 3856/5204/35 3867/5205/35 3855/5185/35
f 3868/5206/35 3879/5207/35 3867/5205/35
f 3858/5193/34 3869/5208/34 3857/5187/34
f 3865/5209/36 3876/5210/36 3864/5188/36
f 3862/5211/34 3873/5212/34 3861/5190/34
f 3857/5187/37 3880/5213/37 3868/5191/37
f 3859/5192/37 3870/5214/37 3858/5193/37
f 3866/5215/35 3877/5216/35 3865/5195/35
f 3863/5217/36 3874/5218/36 3862/5197/36
f 3860/5219/34 3871/5220/34 3859/5192/34
f 3866/5200/37 3879/5221/37 3878/5222/37
f 3864/5223/35 3875/5224/35 3863/5202/35
f 3860/5203/36 3873/5225/36 3872/5226/36
f 3872/5226/36 3885/5227/36 3884/5228/36
f 3880/5229/35 3891/5230/35 3879/5207/35
f 3870/5214/34 3881/5231/34 3869/5208/34
f 3876/5210/36 3889/5232/36 3888/5233/36
f 3874/5234/34 3885/5235/34 3873/5212/34
f 3869/5208/37 3892/5236/37 3880/5213/37
f 3871/5220/37 3882/5237/37 3870/5214/37
f 3878/5238/35 3889/5239/35 3877/5216/35
f 3875/5240/36 3886/5241/36 3874/5218/36
f 3872/5242/34 3883/5243/34 3871/5220/34
f 3879/5221/37 3890/5244/37 3878/5222/37
f 3876/5245/35 3887/5246/35 3875/5224/35
f 3884/5228/36 3897/5247/36 3896/5248/36
f 3892/5249/35 3903/5250/35 3891/5230/35
f 3882/5237/34 3893/5251/34 3881/5231/34
f 3888/5233/36 3901/5252/36 3900/5253/36
f 3886/5254/34 3897/5255/34 3885/5235/34
f 3881/5231/37 3904/5256/37 3892/5236/37
f 3883/5243/37 3894/5257/37 3882/5237/37
f 3890/5258/35 3901/5259/35 3889/5239/35
f 3887/5260/36 3898/5261/36 3886/5241/36
f 3884/5262/34 3895/5263/34 3883/5243/34
f 3891/5264/37 3902/5265/37 3890/5244/37
f 3888/5266/35 3899/5267/35 3887/5246/35
f 3910/5268/36 3917/5269/36 3912/5270/36
f 3987/5271/3 3990/5272/3 3992/5273/3
f 3907/5274/36 3919/5275/36 3908/5276/36
f 3906/5277/37 3913/5278/37 3905/5279/37
f 3911/5280/37 3915/5281/37 3909/5282/37
f 3912/5283/34 3916/5284/34 3911/5280/34
f 3906/5277/34 3915/5281/34 3914/5285/34
f 3908/5286/34 3918/5287/34 3910/5288/34
f 3905/5289/35 3920/5290/35 3907/5291/35
f 3914/5285/37 3921/5292/37 3913/5278/37
f 3920/5293/36 3927/5294/36 3919/5275/36
f 3918/5295/36 3925/5296/36 3917/5269/36
f 3916/5284/37 3923/5297/37 3915/5281/37
f 3913/5298/35 3928/5299/35 3920/5290/35
f 3919/5300/34 3926/5301/34 3918/5287/34
f 3916/5284/34 3925/5302/34 3924/5303/34
f 3914/5285/34 3923/5297/34 3922/5304/34
f 3927/5305/34 3934/5306/34 3926/5301/34
f 3925/5302/34 3932/5307/34 3924/5303/34
f 3922/5304/34 3931/5308/34 3930/5309/34
f 3928/5310/36 3935/5311/36 3927/5294/36
f 3926/5312/36 3933/5313/36 3925/5296/36
f 3924/5303/37 3931/5308/37 3923/5297/37
f 3922/5304/37 3929/5314/37 3921/5292/37
f 3928/5299/35 3929/5315/35 3936/5316/35
f 3930/5309/37 3937/5317/37 3929/5314/37
f 3929/5315/35 3944/5318/35 3936/5316/35
f 3935/5319/34 3942/5320/34 3934/5306/34
f 3932/5307/34 3941/5321/34 3940/5322/34
f 3931/5308/34 3938/5323/34 3930/5309/34
f 3936/5324/36 3943/5325/36 3935/5311/36
f 3934/5326/36 3941/5327/36 3933/5313/36
f 3932/5307/37 3939/5328/37 3931/5308/37
f 3944/5329/36 3951/5330/36 3943/5325/36
f 3942/5331/36 3949/5332/36 3941/5327/36
f 3940/5322/37 3947/5333/37 3939/5328/37
f 3938/5323/37 3945/5334/37 3937/5317/37
f 3944/5318/35 3945/5335/35 3952/5336/35
f 3943/5337/34 3950/5338/34 3942/5320/34
f 3940/5322/34 3949/5339/34 3948/5340/34
f 3939/5328/34 3946/5341/34 3938/5323/34
f 3946/5341/34 3955/5342/34 3954/5343/34
f 3952/5344/36 3959/5345/36 3951/5330/36
f 3950/5346/36 3957/5347/36 3949/5332/36
f 3948/5340/37 3955/5342/37 3947/5333/37
f 3946/5341/37 3953/5348/37 3945/5334/37
f 3945/5335/35 3960/5349/35 3952/5336/35
f 3951/5350/34 3958/5351/34 3950/5338/34
f 3949/5339/34 3956/5352/34 3948/5340/34
f 3953/5353/35 3968/5354/35 3960/5349/35
f 3959/5355/34 3966/5356/34 3958/5351/34
f 3956/5352/34 3965/5357/34 3964/5358/34
f 3954/5343/34 3963/5359/34 3962/5360/34
f 3960/5361/36 3967/5362/36 3959/5345/36
f 3958/5363/36 3965/5364/36 3957/5347/36
f 3956/5352/37 3963/5359/37 3955/5342/37
f 3954/5343/37 3961/5365/37 3953/5348/37
f 3964/5358/37 3971/5366/37 3963/5359/37
f 3962/5360/37 3969/5367/37 3961/5365/37
f 3961/5368/35 3976/5369/35 3968/5354/35
f 3967/5370/34 3974/5371/34 3966/5356/34
f 3965/5357/34 3972/5372/34 3964/5358/34
f 3962/5360/34 3971/5366/34 3970/5373/34
f 3968/5374/36 3975/5375/36 3967/5362/36
f 3966/5376/36 3973/5377/36 3965/5364/36
f 3976/5378/36 3983/5379/36 3975/5375/36
f 3974/5380/36 3981/5381/36 3973/5377/36
f 3972/5372/37 3979/5382/37 3971/5366/37
f 3970/5373/37 3977/5383/37 3969/5367/37
f 3969/5384/35 3984/5385/35 3976/5369/35
f 3975/5386/34 3982/5387/34 3974/5371/34
f 3973/5388/34 3980/5389/34 3972/5372/34
f 3970/5373/34 3979/5382/34 3978/5390/34
f 3980/5389/34 3989/5391/34 3988/5392/34
f 3978/5390/34 3987/5393/34 3986/5394/34
f 3984/5395/36 3991/5396/36 3983/5379/36
f 3982/5397/36 3989/5398/36 3981/5381/36
f 3980/5389/37 3987/5393/37 3979/5382/37
f 3978/5390/37 3985/5399/37 3977/5383/37
f 3977/5400/35 3992/5401/35 3984/5385/35
f 3983/5402/34 3990/5403/34 3982/5387/34
f 4051/5404/3 4054/5405/3 4056/5406/3
f 3998/5407/36 4005/5408/36 4000/5409/36
f 3995/5410/36 4007/5411/36 3996/5412/36
f 3994/5413/37 4001/5414/37 3993/5415/37
f 3999/5416/37 4003/5417/37 3997/5418/37
f 4000/5419/34 4004/5420/34 3999/5416/34
f 3997/5418/34 4002/5421/34 3994/5413/34
f 3996/5422/34 4006/5423/34 3998/5424/34
f 3995/5425/35 4001/5426/35 4008/5427/35
f 4002/5421/37 4009/5428/37 4001/5414/37
f 4008/5429/36 4015/5430/36 4007/5411/36
f 4006/5431/36 4013/5432/36 4005/5408/36
f 4004/5420/37 4011/5433/37 4003/5417/37
f 4008/5427/35 4009/5434/35 4016/5435/35
f 4007/5436/34 4014/5437/34 4006/5423/34
f 4004/5420/34 4013/5438/34 4012/5439/34
f 4003/5417/34 4010/5440/34 4002/5421/34
f 4015/5441/34 4022/5442/34 4014/5437/34
f 4012/5439/34 4021/5443/34 4020/5444/34
f 4011/5433/34 4018/5445/34 4010/5440/34
f 4016/5446/36 4023/5447/36 4015/5430/36
f 4014/5448/36 4021/5449/36 4013/5432/36
f 4012/5439/37 4019/5450/37 4011/5433/37
f 4010/5440/37 4017/5451/37 4009/5428/37
f 4009/5434/35 4024/5452/35 4016/5435/35
f 4018/5445/37 4025/5453/37 4017/5451/37
f 4024/5452/35 4025/5454/35 4032/5455/35
f 4022/5442/34 4031/5456/34 4030/5457/34
f 4021/5443/34 4028/5458/34 4020/5444/34
f 4019/5450/34 4026/5459/34 4018/5445/34
f 4024/5460/36 4031/5461/36 4023/5447/36
f 4022/5462/36 4029/5463/36 4021/5449/36
f 4020/5444/37 4027/5464/37 4019/5450/37
f 4032/5465/36 4039/5466/36 4031/5461/36
f 4030/5467/36 4037/5468/36 4029/5463/36
f 4028/5458/37 4035/5469/37 4027/5464/37
f 4026/5459/37 4033/5470/37 4025/5453/37
f 4025/5454/35 4040/5471/35 4032/5455/35
f 4030/5457/34 4039/5472/34 4038/5473/34
f 4029/5474/34 4036/5475/34 4028/5458/34
f 4026/5459/34 4035/5469/34 4034/5476/34
f 4034/5476/34 4043/5477/34 4042/5478/34
f 4040/5479/36 4047/5480/36 4039/5466/36
f 4038/5481/36 4045/5482/36 4037/5468/36
f 4036/5475/37 4043/5477/37 4035/5469/37
f 4034/5476/37 4041/5483/37 4033/5470/37
f 4033/5484/35 4048/5485/35 4040/5471/35
f 4038/5473/34 4047/5486/34 4046/5487/34
f 4037/5488/34 4044/5489/34 4036/5475/34
f 4041/5490/35 4056/5491/35 4048/5485/35
f 4046/5487/34 4055/5492/34 4054/5493/34
f 4045/5494/34 4052/5495/34 4044/5489/34
f 4042/5478/34 4051/5496/34 4050/5497/34
f 4048/5498/36 4055/5499/36 4047/5480/36
f 4046/5500/36 4053/5501/36 4045/5482/36
f 4044/5489/37 4051/5496/37 4043/5477/37
f 4042/5478/37 4049/5502/37 4041/5483/37
f 4062/5503/34 4068/5504/34 4064/5505/34
f 4138/5506/3 4141/5507/3 4143/5508/3
f 4059/5509/36 4071/5510/36 4060/5511/36
f 4058/5512/37 4069/5513/37 4062/5503/37
f 4063/5514/35 4066/5515/35 4061/5516/35
f 4064/5505/37 4067/5517/37 4063/5518/37
f 4061/5519/37 4065/5520/37 4057/5521/37
f 4060/5522/34 4070/5523/34 4058/5512/34
f 4057/5524/35 4072/5525/35 4059/5526/35
f 4066/5527/37 4073/5528/37 4065/5520/37
f 4072/5529/36 4079/5530/36 4071/5510/36
f 4070/5523/37 4077/5531/37 4069/5513/37
f 4068/5504/37 4075/5532/37 4067/5517/37
f 4065/5533/35 4080/5534/35 4072/5525/35
f 4071/5535/34 4078/5536/34 4070/5523/34
f 4069/5513/34 4076/5537/34 4068/5504/34
f 4067/5538/35 4074/5539/35 4066/5515/35
f 4079/5540/34 4086/5541/34 4078/5536/34
f 4077/5531/34 4084/5542/34 4076/5537/34
f 4074/5539/35 4083/5543/35 4082/5544/35
f 4080/5545/36 4087/5546/36 4079/5530/36
f 4078/5536/37 4085/5547/37 4077/5531/37
f 4076/5537/37 4083/5548/37 4075/5532/37
f 4074/5549/37 4081/5550/37 4073/5528/37
f 4073/5551/35 4088/5552/35 4080/5534/35
f 4082/5553/37 4089/5554/37 4081/5550/37
f 4081/5555/35 4096/5556/35 4088/5552/35
f 4087/5557/34 4094/5558/34 4086/5541/34
f 4085/5547/34 4092/5559/34 4084/5542/34
f 4083/5543/35 4090/5560/35 4082/5544/35
f 4088/5561/36 4095/5562/36 4087/5546/36
f 4086/5541/37 4093/5563/37 4085/5547/37
f 4084/5542/37 4091/5564/37 4083/5548/37
f 4096/5565/36 4103/5566/36 4095/5562/36
f 4094/5558/37 4101/5567/37 4093/5563/37
f 4092/5559/37 4099/5568/37 4091/5564/37
f 4090/5569/37 4097/5570/37 4089/5554/37
f 4089/5571/35 4104/5572/35 4096/5556/35
f 4094/5558/34 4103/5573/34 4102/5574/34
f 4093/5563/34 4100/5575/34 4092/5559/34
f 4091/5576/35 4098/5577/35 4090/5560/35
f 4099/5578/35 4106/5579/35 4098/5577/35
f 4104/5580/36 4111/5581/36 4103/5566/36
f 4102/5574/37 4109/5582/37 4101/5567/37
f 4100/5575/37 4107/5583/37 4099/5568/37
f 4098/5584/37 4105/5585/37 4097/5570/37
f 4097/5586/35 4112/5587/35 4104/5572/35
f 4103/5573/34 4110/5588/34 4102/5574/34
f 4100/5575/34 4109/5582/34 4108/5589/34
f 4112/5587/35 4113/5590/35 4120/5591/35
f 4111/5592/34 4118/5593/34 4110/5588/34
f 4108/5589/34 4117/5594/34 4116/5595/34
f 4107/5596/35 4114/5597/35 4106/5579/35
f 4112/5598/36 4119/5599/36 4111/5581/36
f 4110/5588/37 4117/5594/37 4109/5582/37
f 4108/5589/37 4115/5600/37 4107/5583/37
f 4106/5601/37 4113/5602/37 4105/5585/37
f 4116/5595/37 4123/5603/37 4115/5600/37
f 4114/5604/37 4121/5605/37 4113/5602/37
f 4113/5590/35 4128/5606/35 4120/5591/35
f 4119/5607/34 4126/5608/34 4118/5593/34
f 4117/5594/34 4124/5609/34 4116/5595/34
f 4115/5610/35 4122/5611/35 4114/5597/35
f 4120/5612/36 4127/5613/36 4119/5599/36
f 4118/5593/37 4125/5614/37 4117/5594/37
f 4128/5615/36 4135/5616/36 4127/5613/36
f 4126/5608/37 4133/5617/37 4125/5614/37
f 4124/5609/37 4131/5618/37 4123/5603/37
f 4122/5619/37 4129/5620/37 4121/5605/37
f 4121/5621/35 4136/5622/35 4128/5606/35
f 4127/5623/34 4134/5624/34 4126/5608/34
f 4124/5609/34 4133/5617/34 4132/5625/34
f 4123/5626/35 4130/5627/35 4122/5611/35
f 4132/5625/34 4141/5628/34 4140/5629/34
f 4131/5630/35 4138/5631/35 4130/5627/35
f 4136/5632/36 4143/5633/36 4135/5616/36
f 4134/5624/37 4141/5628/37 4133/5617/37
f 4132/5625/37 4139/5634/37 4131/5618/37
f 4130/5635/37 4137/5636/37 4129/5620/37
f 4129/5637/35 4144/5638/35 4136/5622/35
f 4135/5639/34 4142/5640/34 4134/5624/34
f 4218/5641/3 4220/5642/3 4223/5643/3
f 4150/5644/37 4158/5645/37 4152/5646/37
f 4147/5647/35 4159/5648/35 4150/5649/35
f 4146/5650/34 4153/5651/34 4145/5652/34
f 4149/5653/36 4157/5654/36 4156/5655/36
f 4152/5656/35 4157/5657/35 4151/5658/35
f 4149/5659/35 4155/5660/35 4148/5661/35
f 4148/5662/36 4154/5663/36 4146/5664/36
f 4145/5652/37 4160/5665/37 4147/5666/37
f 4154/5667/34 4161/5668/34 4153/5651/34
f 4160/5669/35 4167/5670/35 4159/5648/35
f 4158/5671/35 4165/5672/35 4157/5657/35
f 4156/5673/35 4163/5674/35 4155/5660/35
f 4153/5651/37 4168/5675/37 4160/5665/37
f 4159/5676/37 4166/5677/37 4158/5645/37
f 4157/5654/36 4164/5678/36 4156/5655/36
f 4155/5679/36 4162/5680/36 4154/5663/36
f 4167/5681/37 4174/5682/37 4166/5677/37
f 4165/5683/36 4172/5684/36 4164/5678/36
f 4163/5685/36 4170/5686/36 4162/5680/36
f 4168/5687/35 4175/5688/35 4167/5670/35
f 4166/5689/35 4173/5690/35 4165/5672/35
f 4164/5691/35 4171/5692/35 4163/5674/35
f 4162/5693/34 4169/5694/34 4161/5668/34
f 4168/5675/37 4169/5694/37 4176/5695/37
f 4170/5696/34 4177/5697/34 4169/5694/34
f 4169/5694/37 4184/5698/37 4176/5695/37
f 4175/5699/37 4182/5700/37 4174/5682/37
f 4172/5684/36 4181/5701/36 4180/5702/36
f 4171/5703/36 4178/5704/36 4170/5686/36
f 4176/5705/35 4183/5706/35 4175/5688/35
f 4174/5707/35 4181/5708/35 4173/5690/35
f 4172/5709/35 4179/5710/35 4171/5692/35
f 4184/5711/35 4191/5712/35 4183/5706/35
f 4182/5713/35 4189/5714/35 4181/5708/35
f 4180/5715/35 4187/5716/35 4179/5710/35
f 4178/5717/34 4185/5718/34 4177/5697/34
f 4177/5697/37 4192/5719/37 4184/5698/37
f 4183/5720/37 4190/5721/37 4182/5700/37
f 4180/5702/36 4189/5722/36 4188/5723/36
f 4179/5724/36 4186/5725/36 4178/5704/36
f 4186/5725/36 4195/5726/36 4194/5727/36
f 4192/5728/35 4199/5729/35 4191/5712/35
f 4190/5730/35 4197/5731/35 4189/5714/35
f 4188/5732/35 4195/5733/35 4187/5716/35
f 4186/5734/34 4193/5735/34 4185/5718/34
f 4185/5718/37 4200/5736/37 4192/5719/37
f 4191/5737/37 4198/5738/37 4190/5721/37
f 4188/5723/36 4197/5739/36 4196/5740/36
f 4200/5736/37 4201/5741/37 4208/5742/37
f 4199/5743/37 4206/5744/37 4198/5738/37
f 4197/5739/36 4204/5745/36 4196/5740/36
f 4195/5726/36 4202/5746/36 4194/5727/36
f 4200/5747/35 4207/5748/35 4199/5729/35
f 4198/5749/35 4205/5750/35 4197/5731/35
f 4196/5751/35 4203/5752/35 4195/5733/35
f 4194/5753/34 4201/5741/34 4193/5735/34
f 4204/5754/35 4211/5755/35 4203/5752/35
f 4202/5756/34 4209/5757/34 4201/5741/34
f 4201/5741/37 4216/5758/37 4208/5742/37
f 4206/5744/37 4215/5759/37 4214/5760/37
f 4205/5761/36 4212/5762/36 4204/5745/36
f 4203/5763/36 4210/5764/36 4202/5746/36
f 4208/5765/35 4215/5766/35 4207/5748/35
f 4206/5767/35 4213/5768/35 4205/5750/35
f 4216/5769/35 4223/5770/35 4215/5766/35
f 4214/5771/35 4221/5772/35 4213/5768/35
f 4212/5773/35 4219/5774/35 4211/5755/35
f 4210/5775/34 4217/5776/34 4209/5757/34
f 4209/5757/37 4224/5777/37 4216/5758/37
f 4215/5759/37 4222/5778/37 4214/5760/37
f 4212/5762/36 4221/5779/36 4220/5780/36
f 4211/5781/36 4218/5782/36 4210/5764/36
f 4225/5783/35 4248/5784/35 4234/5785/35
f 4230/5786/36 4241/5787/36 4232/5788/36
f 4290/5789/3 4293/5790/3 4296/5791/3
f 4229/5792/34 4238/5793/34 4226/5794/34
f 4236/5795/35 4246/5796/35 4235/5797/35
f 4226/5794/37 4237/5798/37 4225/5799/37
f 4231/5800/37 4239/5801/37 4229/5792/37
f 4234/5802/37 4247/5803/37 4236/5804/37
f 4228/5805/34 4242/5806/34 4230/5807/34
f 4233/5808/35 4244/5809/35 4227/5810/35
f 4232/5811/34 4240/5812/34 4231/5800/34
f 4235/5813/36 4245/5814/36 4233/5815/36
f 4227/5816/36 4243/5817/36 4228/5818/36
f 4238/5793/37 4249/5819/37 4237/5798/37
f 4242/5806/34 4255/5820/34 4254/5821/34
f 4240/5812/37 4251/5822/37 4239/5801/37
f 4247/5823/35 4258/5824/35 4246/5796/35
f 4244/5825/36 4255/5826/36 4243/5817/36
f 4240/5812/34 4253/5827/34 4252/5828/34
f 4248/5829/37 4259/5830/37 4247/5803/37
f 4238/5793/34 4251/5822/34 4250/5831/34
f 4245/5832/35 4256/5833/35 4244/5809/35
f 4242/5834/36 4253/5835/36 4241/5787/36
f 4237/5836/35 4260/5837/35 4248/5784/35
f 4246/5838/36 4257/5839/36 4245/5814/36
f 4258/5840/36 4269/5841/36 4257/5839/36
f 4254/5821/34 4267/5842/34 4266/5843/34
f 4252/5828/37 4263/5844/37 4251/5822/37
f 4259/5845/35 4270/5846/35 4258/5824/35
f 4256/5847/36 4267/5848/36 4255/5826/36
f 4253/5827/34 4264/5849/34 4252/5828/34
f 4260/5850/37 4271/5851/37 4259/5830/37
f 4250/5831/37 4261/5852/37 4249/5819/37
f 4257/5853/35 4268/5854/35 4256/5833/35
f 4254/5855/36 4265/5856/36 4253/5835/36
f 4249/5857/35 4272/5858/35 4260/5837/35
f 4250/5831/34 4263/5844/34 4262/5859/34
f 4262/5859/34 4275/5860/34 4274/5861/34
f 4270/5862/36 4281/5863/36 4269/5841/36
f 4266/5843/34 4279/5864/34 4278/5865/34
f 4264/5849/37 4275/5860/37 4263/5844/37
f 4271/5866/35 4282/5867/35 4270/5846/35
f 4268/5868/36 4279/5869/36 4267/5848/36
f 4265/5870/34 4276/5871/34 4264/5849/34
f 4272/5872/37 4283/5873/37 4271/5851/37
f 4262/5859/37 4273/5874/37 4261/5852/37
f 4269/5875/35 4280/5876/35 4268/5854/35
f 4266/5877/36 4277/5878/36 4265/5856/36
f 4261/5879/35 4284/5880/35 4272/5858/35
f 4284/5880/35 4285/5881/35 4296/5882/35
f 4274/5861/34 4287/5883/34 4286/5884/34
f 4282/5885/36 4293/5886/36 4281/5863/36
f 4279/5864/34 4290/5887/34 4278/5865/34
f 4276/5871/37 4287/5883/37 4275/5860/37
f 4282/5867/35 4295/5888/35 4294/5889/35
f 4280/5890/36 4291/5891/36 4279/5869/36
f 4277/5892/34 4288/5893/34 4276/5871/34
f 4284/5894/37 4295/5895/37 4283/5873/37
f 4274/5861/37 4285/5896/37 4273/5874/37
f 4280/5876/35 4293/5897/35 4292/5898/35
f 4278/5899/36 4289/5900/36 4277/5878/36
f 4297/5901/35 4320/5902/35 4302/5903/35
f 4302/5904/37 4319/5905/37 4304/5906/37
f 4350/5907/3 4353/5908/3 4356/5909/3
f 4301/5910/35 4316/5911/35 4299/5912/35
f 4308/5913/34 4312/5914/34 4307/5915/34
f 4298/5916/37 4309/5917/37 4297/5918/37
f 4303/5919/36 4317/5920/36 4301/5921/36
f 4306/5922/36 4313/5923/36 4308/5924/36
f 4306/5925/34 4315/5926/34 4314/5927/34
f 4305/5928/34 4310/5929/34 4298/5916/34
f 4304/5930/35 4318/5931/35 4303/5932/35
f 4307/5915/37 4311/5933/37 4305/5928/37
f 4299/5934/36 4315/5935/36 4300/5936/36
f 4311/5933/34 4322/5937/34 4310/5929/34
f 4314/5927/34 4327/5938/34 4326/5939/34
f 4312/5914/37 4323/5940/37 4311/5933/37
f 4319/5941/35 4330/5942/35 4318/5931/35
f 4316/5943/36 4327/5944/36 4315/5935/36
f 4312/5914/34 4325/5945/34 4324/5946/34
f 4320/5947/37 4331/5948/37 4319/5905/37
f 4310/5929/37 4321/5949/37 4309/5917/37
f 4317/5950/35 4328/5951/35 4316/5911/35
f 4314/5952/36 4325/5953/36 4313/5923/36
f 4309/5954/35 4332/5955/35 4320/5902/35
f 4318/5956/36 4329/5957/36 4317/5920/36
f 4330/5958/36 4341/5959/36 4329/5957/36
f 4327/5938/34 4338/5960/34 4326/5939/34
f 4324/5946/37 4335/5961/37 4323/5940/37
f 4330/5942/35 4343/5962/35 4342/5963/35
f 4328/5964/36 4339/5965/36 4327/5944/36
f 4324/5946/34 4337/5966/34 4336/5967/34
f 4332/5968/37 4343/5969/37 4331/5948/37
f 4322/5937/37 4333/5970/37 4321/5949/37
f 4329/5971/35 4340/5972/35 4328/5951/35
f 4326/5973/36 4337/5974/36 4325/5953/36
f 4332/5955/35 4333/5975/35 4344/5976/35
f 4322/5937/34 4335/5961/34 4334/5977/34
f 4335/5961/34 4346/5978/34 4334/5977/34
f 4342/5979/36 4353/5980/36 4341/5959/36
f 4339/5981/34 4350/5982/34 4338/5960/34
f 4336/5967/37 4347/5983/37 4335/5961/37
f 4343/5962/35 4354/5984/35 4342/5963/35
f 4340/5985/36 4351/5986/36 4339/5965/36
f 4336/5967/34 4349/5987/34 4348/5988/34
f 4344/5989/37 4355/5990/37 4343/5969/37
f 4334/5977/37 4345/5991/37 4333/5970/37
f 4341/5992/35 4352/5993/35 4340/5972/35
f 4338/5994/36 4349/5995/36 4337/5974/36
f 4333/5975/35 4356/5996/35 4344/5976/35
f 4417/5997/3 4419/5998/3 4420/5999/3
f 4362/6000/37 4371/6001/37 4364/6002/37
f 4359/6003/36 4367/6004/36 4360/6005/36
f 4358/6006/37 4365/6007/37 4357/6008/37
f 4363/6009/36 4369/6010/36 4361/6011/36
f 4364/6012/35 4370/6013/35 4363/6014/35
f 4361/6015/35 4368/6016/35 4359/6017/35
f 4360/6018/34 4366/6019/34 4358/6006/34
f 4357/6020/35 4372/6021/35 4362/6022/35
f 4366/6019/37 4373/6023/37 4365/6007/37
f 4372/6024/37 4379/6025/37 4371/6001/37
f 4370/6026/36 4377/6027/36 4369/6010/36
f 4368/6028/36 4375/6029/36 4367/6004/36
f 4372/6021/35 4373/6030/35 4380/6031/35
f 4370/6013/35 4379/6032/35 4378/6033/35
f 4369/6034/35 4376/6035/35 4368/6016/35
f 4367/6036/34 4374/6037/34 4366/6019/34
f 4378/6033/35 4387/6038/35 4386/6039/35
f 4377/6040/35 4384/6041/35 4376/6035/35
f 4375/6042/34 4382/6043/34 4374/6037/34
f 4380/6044/37 4387/6045/37 4379/6025/37
f 4378/6046/36 4385/6047/36 4377/6027/36
f 4376/6048/36 4383/6049/36 4375/6029/36
f 4374/6037/37 4381/6050/37 4373/6023/37
f 4380/6031/35 4381/6051/35 4388/6052/35
f 4382/6043/37 4389/6053/37 4381/6050/37
f 4381/6051/35 4396/6054/35 4388/6052/35
f 4387/6038/35 4394/6055/35 4386/6039/35
f 4385/6056/35 4392/6057/35 4384/6041/35
f 4382/6043/34 4391/6058/34 4390/6059/34
f 4388/6060/37 4395/6061/37 4387/6045/37
f 4386/6062/36 4393/6063/36 4385/6047/36
f 4384/6064/36 4391/6065/36 4383/6049/36
f 4396/6066/37 4403/6067/37 4395/6061/37
f 4394/6068/36 4401/6069/36 4393/6063/36
f 4392/6070/36 4399/6071/36 4391/6065/36
f 4390/6059/37 4397/6072/37 4389/6053/37
f 4389/6073/35 4404/6074/35 4396/6054/35
f 4395/6075/35 4402/6076/35 4394/6055/35
f 4393/6077/35 4400/6078/35 4392/6057/35
f 4390/6059/34 4399/6079/34 4398/6080/34
f 4399/6079/34 4406/6081/34 4398/6080/34
f 4404/6082/37 4411/6083/37 4403/6067/37
f 4402/6084/36 4409/6085/36 4401/6069/36
f 4400/6086/36 4407/6087/36 4399/6071/36
f 4398/6080/37 4405/6088/37 4397/6072/37
f 4397/6089/35 4412/6090/35 4404/6074/35
f 4403/6091/35 4410/6092/35 4402/6076/35
f 4401/6093/35 4408/6094/35 4400/6078/35
f 4405/6095/35 4420/6096/35 4412/6090/35
f 4410/6092/35 4419/6097/35 4418/6098/35
f 4409/6099/35 4416/6100/35 4408/6094/35
f 4406/6081/34 4415/6101/34 4414/6102/34
f 4412/6103/37 4419/6104/37 4411/6083/37
f 4410/6105/36 4417/6106/36 4409/6085/36
f 4408/6107/36 4415/6108/36 4407/6087/36
f 4406/6081/37 4413/6109/37 4405/6088/37
f 4421/6110/35 4444/6111/35 4430/6112/35
f 4426/6113/34 4436/6114/34 4428/6115/34
f 4499/6116/3 4501/6117/3 4504/6118/3
f 4425/6119/37 4433/6120/37 4421/6121/37
f 4432/6122/35 4442/6123/35 4431/6124/35
f 4422/6125/37 4437/6126/37 4426/6113/37
f 4425/6127/35 4435/6128/35 4434/6129/35
f 4430/6130/37 4443/6131/37 4432/6132/37
f 4422/6125/34 4439/6133/34 4438/6134/34
f 4429/6135/35 4440/6136/35 4423/6137/35
f 4428/6115/37 4435/6138/37 4427/6139/37
f 4431/6140/36 4441/6141/36 4429/6142/36
f 4423/6143/36 4439/6144/36 4424/6145/36
f 4434/6146/37 4445/6147/37 4433/6120/37
f 4438/6134/34 4451/6148/34 4450/6149/34
f 4436/6114/37 4447/6150/37 4435/6138/37
f 4442/6123/35 4455/6151/35 4454/6152/35
f 4440/6153/36 4451/6154/36 4439/6144/36
f 4437/6126/34 4448/6155/34 4436/6114/34
f 4444/6156/37 4455/6157/37 4443/6131/37
f 4435/6128/35 4446/6158/35 4434/6129/35
f 4441/6159/35 4452/6160/35 4440/6136/35
f 4438/6134/37 4449/6161/37 4437/6126/37
f 4433/6162/35 4456/6163/35 4444/6111/35
f 4442/6164/36 4453/6165/36 4441/6141/36
f 4454/6166/36 4465/6167/36 4453/6165/36
f 4450/6149/34 4463/6168/34 4462/6169/34
f 4448/6155/37 4459/6170/37 4447/6150/37
f 4454/6152/35 4467/6171/35 4466/6172/35
f 4452/6173/36 4463/6174/36 4451/6154/36
f 4449/6161/34 4460/6175/34 4448/6155/34
f 4456/6176/37 4467/6177/37 4455/6157/37
f 4446/6178/37 4457/6179/37 4445/6147/37
f 4452/6160/35 4465/6180/35 4464/6181/35
f 4450/6149/37 4461/6182/37 4449/6161/37
f 4456/6163/35 4457/6183/35 4468/6184/35
f 4447/6185/35 4458/6186/35 4446/6158/35
f 4459/6187/35 4470/6188/35 4458/6186/35
f 4466/6189/36 4477/6190/36 4465/6167/36
f 4463/6168/34 4474/6191/34 4462/6169/34
f 4460/6175/37 4471/6192/37 4459/6170/37
f 4467/6171/35 4478/6193/35 4466/6172/35
f 4464/6194/36 4475/6195/36 4463/6174/36
f 4461/6182/34 4472/6196/34 4460/6175/34
f 4468/6197/37 4479/6198/37 4467/6177/37
f 4458/6199/37 4469/6200/37 4457/6179/37
f 4465/6180/35 4476/6201/35 4464/6181/35
f 4462/6169/37 4473/6202/37 4461/6182/37
f 4457/6183/35 4480/6203/35 4468/6184/35
f 4469/6204/35 4492/6205/35 4480/6203/35
f 4471/6206/35 4482/6207/35 4470/6188/35
f 4478/6208/36 4489/6209/36 4477/6190/36
f 4474/6191/34 4487/6210/34 4486/6211/34
f 4472/6196/37 4483/6212/37 4471/6192/37
f 4479/6213/35 4490/6214/35 4478/6193/35
f 4476/6215/36 4487/6216/36 4475/6195/36
f 4473/6202/34 4484/6217/34 4472/6196/34
f 4480/6218/37 4491/6219/37 4479/6198/37
f 4470/6220/37 4481/6221/37 4469/6200/37
f 4477/6222/35 4488/6223/35 4476/6201/35
f 4474/6191/37 4485/6224/37 4473/6202/37
f 4486/6211/37 4497/6225/37 4485/6224/37
f 4481/6226/35 4504/6227/35 4492/6205/35
f 4483/6228/35 4494/6229/35 4482/6207/35
f 4490/6230/36 4501/6231/36 4489/6209/36
f 4486/6211/34 4499/6232/34 4498/6233/34
f 4484/6217/37 4495/6234/37 4483/6212/37
f 4491/6235/35 4502/6236/35 4490/6214/35
f 4488/6237/36 4499/6238/36 4487/6216/36
f 4485/6224/34 4496/6239/34 4484/6217/34
f 4492/6240/37 4503/6241/37 4491/6219/37
f 4482/6242/37 4493/6243/37 4481/6221/37
f 4489/6244/35 4500/6245/35 4488/6223/35
f 4510/6246/35 4518/6247/35 4512/6248/35
f 4538/6249/3 4540/6250/3 4543/6251/3
f 4507/6252/36 4519/6253/36 4510/6254/36
f 4506/6255/37 4513/6256/37 4505/6257/37
f 4509/6258/34 4517/6259/34 4516/6260/34
f 4512/6261/36 4517/6262/36 4511/6263/36
f 4509/6264/36 4515/6265/36 4508/6266/36
f 4508/6267/34 4514/6268/34 4506/6255/34
f 4507/6269/35 4513/6270/35 4520/6271/35
f 4514/6268/37 4521/6272/37 4513/6256/37
f 4520/6273/36 4527/6274/36 4519/6253/36
f 4518/6275/36 4525/6276/36 4517/6262/36
f 4516/6277/36 4523/6278/36 4515/6265/36
f 4513/6270/35 4528/6279/35 4520/6271/35
f 4519/6280/35 4526/6281/35 4518/6247/35
f 4516/6260/34 4525/6282/34 4524/6283/34
f 4515/6284/34 4522/6285/34 4514/6268/34
f 4526/6281/35 4535/6286/35 4534/6287/35
f 4525/6282/34 4532/6288/34 4524/6283/34
f 4522/6285/34 4531/6289/34 4530/6290/34
f 4528/6291/36 4535/6292/36 4527/6274/36
f 4526/6293/36 4533/6294/36 4525/6276/36
f 4524/6295/36 4531/6296/36 4523/6278/36
f 4522/6285/37 4529/6297/37 4521/6272/37
f 4528/6279/35 4529/6298/35 4536/6299/35
f 4530/6290/37 4537/6300/37 4529/6297/37
f 4529/6298/35 4544/6301/35 4536/6299/35
f 4535/6286/35 4542/6302/35 4534/6287/35
f 4532/6288/34 4541/6303/34 4540/6304/34
f 4531/6289/34 4538/6305/34 4530/6290/34
f 4536/6306/36 4543/6307/36 4535/6292/36
f 4534/6308/36 4541/6309/36 4533/6294/36
f 4532/6310/36 4539/6311/36 4531/6296/36
f 4550/6312/34 4556/6313/34 4552/6314/34
f 4647/6315/3 4648/6316/3 4642/6317/3
f 4547/6318/36 4559/6319/36 4548/6320/36
f 4546/6321/36 4557/6322/36 4550/6323/36
f 4549/6324/35 4555/6325/35 4554/6326/35
f 4552/6314/37 4555/6327/37 4551/6328/37
f 4549/6329/37 4553/6330/37 4545/6331/37
f 4548/6332/34 4558/6333/34 4546/6334/34
f 4545/6335/35 4560/6336/35 4547/6337/35
f 4554/6338/37 4561/6339/37 4553/6330/37
f 4560/6340/36 4567/6341/36 4559/6319/36
f 4558/6342/36 4565/6343/36 4557/6322/36
f 4556/6313/37 4563/6344/37 4555/6327/37
f 4553/6345/35 4568/6346/35 4560/6336/35
f 4559/6347/34 4566/6348/34 4558/6333/34
f 4557/6349/34 4564/6350/34 4556/6313/34
f 4555/6325/35 4562/6351/35 4554/6326/35
f 4567/6352/34 4574/6353/34 4566/6348/34
f 4564/6350/34 4573/6354/34 4572/6355/34
f 4562/6351/35 4571/6356/35 4570/6357/35
f 4568/6358/36 4575/6359/36 4567/6341/36
f 4566/6360/36 4573/6361/36 4565/6343/36
f 4564/6350/37 4571/6362/37 4563/6344/37
f 4562/6363/37 4569/6364/37 4561/6339/37
f 4568/6346/35 4569/6365/35 4576/6366/35
f 4570/6367/37 4577/6368/37 4569/6364/37
f 4569/6365/35 4584/6369/35 4576/6366/35
f 4575/6370/34 4582/6371/34 4574/6353/34
f 4573/6354/34 4580/6372/34 4572/6355/34
f 4571/6356/35 4578/6373/35 4570/6357/35
f 4576/6374/36 4583/6375/36 4575/6359/36
f 4574/6376/36 4581/6377/36 4573/6361/36
f 4572/6355/37 4579/6378/37 4571/6362/37
f 4584/6379/36 4591/6380/36 4583/6375/36
f 4582/6381/36 4589/6382/36 4581/6377/36
f 4580/6372/37 4587/6383/37 4579/6378/37
f 4578/6384/37 4585/6385/37 4577/6368/37
f 4577/6386/35 4592/6387/35 4584/6369/35
f 4583/6388/34 4590/6389/34 4582/6371/34
f 4581/6390/34 4588/6391/34 4580/6372/34
f 4579/6392/35 4586/6393/35 4578/6373/35
f 4586/6393/35 4595/6394/35 4594/6395/35
f 4592/6396/36 4599/6397/36 4591/6380/36
f 4590/6398/36 4597/6399/36 4589/6382/36
f 4588/6391/37 4595/6400/37 4587/6383/37
f 4586/6401/37 4593/6402/37 4585/6385/37
f 4585/6403/35 4600/6404/35 4592/6387/35
f 4591/6405/34 4598/6406/34 4590/6389/34
f 4589/6407/34 4596/6408/34 4588/6391/34
f 4593/6409/35 4608/6410/35 4600/6404/35
f 4598/6406/34 4607/6411/34 4606/6412/34
f 4597/6413/34 4604/6414/34 4596/6408/34
f 4595/6394/35 4602/6415/35 4594/6395/35
f 4600/6416/36 4607/6417/36 4599/6397/36
f 4598/6418/36 4605/6419/36 4597/6399/36
f 4596/6408/37 4603/6420/37 4595/6400/37
f 4594/6421/37 4601/6422/37 4593/6402/37
f 4604/6414/37 4611/6423/37 4603/6420/37
f 4602/6424/37 4609/6425/37 4601/6422/37
f 4601/6426/35 4616/6427/35 4608/6410/35
f 4606/6412/34 4615/6428/34 4614/6429/34
f 4605/6430/34 4612/6431/34 4604/6414/34
f 4603/6432/35 4610/6433/35 4602/6415/35
f 4608/6434/36 4615/6435/36 4607/6417/36
f 4606/6436/36 4613/6437/36 4605/6419/36
f 4616/6438/36 4623/6439/36 4615/6435/36
f 4614/6440/36 4621/6441/36 4613/6437/36
f 4612/6431/37 4619/6442/37 4611/6423/37
f 4610/6443/37 4617/6444/37 4609/6425/37
f 4609/6445/35 4624/6446/35 4616/6427/35
f 4615/6428/34 4622/6447/34 4614/6429/34
f 4613/6448/34 4620/6449/34 4612/6431/34
f 4611/6450/35 4618/6451/35 4610/6433/35
f 4621/6452/34 4628/6453/34 4620/6449/34
f 4619/6454/35 4626/6455/35 4618/6451/35
f 4624/6456/36 4631/6457/36 4623/6439/36
f 4622/6458/36 4629/6459/36 4621/6441/36
f 4620/6449/37 4627/6460/37 4619/6442/37
f 4618/6461/37 4625/6462/37 4617/6444/37
f 4617/6463/35 4632/6464/35 4624/6446/35
f 4623/6465/34 4630/6466/34 4622/6447/34
f 4625/6467/35 4640/6468/35 4632/6464/35
f 4630/6466/34 4639/6469/34 4638/6470/34
f 4628/6453/34 4637/6471/34 4636/6472/34
f 4627/6473/35 4634/6474/35 4626/6455/35
f 4632/6475/36 4639/6476/36 4631/6457/36
f 4630/6477/36 4637/6478/36 4629/6459/36
f 4628/6453/37 4635/6479/37 4627/6460/37
f 4626/6480/37 4633/6481/37 4625/6462/37
f 4638/6482/36 4645/6483/36 4637/6478/36
f 4636/6472/37 4643/6484/37 4635/6479/37
f 4634/6485/37 4641/6486/37 4633/6481/37
f 4640/6468/35 4641/6487/35 4648/6488/35
f 4639/6469/34 4646/6489/34 4638/6470/34
f 4636/6472/34 4645/6490/34 4644/6491/34
f 4635/6492/35 4642/6493/35 4634/6474/35
f 4640/6494/36 4647/6495/36 4639/6476/36
f 4727/6496/3 4728/6497/3 4724/6498/3
f 4654/6499/37 4663/6500/37 4656/6501/37
f 4651/6502/36 4659/6503/36 4652/6504/36
f 4650/6505/37 4657/6506/37 4649/6507/37
f 4655/6508/36 4661/6509/36 4653/6510/36
f 4656/6511/35 4662/6512/35 4655/6513/35
f 4653/6514/34 4660/6515/34 4651/6516/34
f 4652/6517/34 4658/6518/34 4650/6505/34
f 4649/6519/35 4664/6520/35 4654/6521/35
f 4658/6518/37 4665/6522/37 4657/6506/37
f 4664/6523/37 4671/6524/37 4663/6500/37
f 4662/6525/36 4669/6526/36 4661/6509/36
f 4660/6527/36 4667/6528/36 4659/6503/36
f 4664/6520/35 4665/6529/35 4672/6530/35
f 4663/6531/35 4670/6532/35 4662/6512/35
f 4660/6515/34 4669/6533/34 4668/6534/34
f 4659/6535/34 4666/6536/34 4658/6518/34
f 4670/6532/35 4679/6537/35 4678/6538/35
f 4668/6534/34 4677/6539/34 4676/6540/34
f 4667/6541/34 4674/6542/34 4666/6536/34
f 4672/6543/37 4679/6544/37 4671/6524/37
f 4670/6545/36 4677/6546/36 4669/6526/36
f 4668/6547/36 4675/6548/36 4667/6528/36
f 4666/6536/37 4673/6549/37 4665/6522/37
f 4672/6530/35 4673/6550/35 4680/6551/35
f 4674/6542/37 4681/6552/37 4673/6549/37
f 4673/6550/35 4688/6553/35 4680/6551/35
f 4679/6537/35 4686/6554/35 4678/6538/35
f 4676/6540/34 4685/6555/34 4684/6556/34
f 4675/6557/34 4682/6558/34 4674/6542/34
f 4680/6559/37 4687/6560/37 4679/6544/37
f 4678/6561/36 4685/6562/36 4677/6546/36
f 4676/6563/36 4683/6564/36 4675/6548/36
f 4688/6565/37 4695/6566/37 4687/6560/37
f 4686/6567/36 4693/6568/36 4685/6562/36
f 4684/6569/36 4691/6570/36 4683/6564/36
f 4682/6558/37 4689/6571/37 4681/6552/37
f 4681/6572/35 4696/6573/35 4688/6553/35
f 4687/6574/35 4694/6575/35 4686/6554/35
f 4685/6555/34 4692/6576/34 4684/6556/34
f 4683/6577/34 4690/6578/34 4682/6558/34
f 4691/6579/34 4698/6580/34 4690/6578/34
f 4696/6581/37 4703/6582/37 4695/6566/37
f 4694/6583/36 4701/6584/36 4693/6568/36
f 4692/6585/36 4699/6586/36 4691/6570/36
f 4690/6578/37 4697/6587/37 4689/6571/37
f 4689/6588/35 4704/6589/35 4696/6573/35
f 4694/6575/35 4703/6590/35 4702/6591/35
f 4693/6592/34 4700/6593/34 4692/6576/34
f 4697/6594/35 4712/6595/35 4704/6589/35
f 4703/6590/35 4710/6596/35 4702/6591/35
f 4701/6597/34 4708/6598/34 4700/6593/34
f 4698/6580/34 4707/6599/34 4706/6600/34
f 4704/6601/37 4711/6602/37 4703/6582/37
f 4702/6603/36 4709/6604/36 4701/6584/36
f 4700/6605/36 4707/6606/36 4699/6586/36
f 4698/6580/37 4705/6607/37 4697/6587/37
f 4708/6608/36 4715/6609/36 4707/6606/36
f 4706/6600/37 4713/6610/37 4705/6607/37
f 4712/6595/35 4713/6611/35 4720/6612/35
f 4711/6613/35 4718/6614/35 4710/6596/35
f 4709/6615/34 4716/6616/34 4708/6598/34
f 4707/6599/34 4714/6617/34 4706/6600/34
f 4712/6618/37 4719/6619/37 4711/6602/37
f 4710/6620/36 4717/6621/36 4709/6604/36
f 4720/6622/37 4727/6623/37 4719/6619/37
f 4718/6624/36 4725/6625/36 4717/6621/36
f 4716/6626/36 4723/6627/36 4715/6609/36
f 4714/6617/37 4721/6628/37 4713/6610/37
f 4713/6611/35 4728/6629/35 4720/6612/35
f 4719/6630/35 4726/6631/35 4718/6614/35
f 4717/6632/34 4724/6633/34 4716/6616/34
f 4715/6634/34 4722/6635/34 4714/6617/34
f 4731/6636/35 4749/6637/35 4739/6638/35
f 4736/6639/37 4742/6640/37 4735/6641/37
f 4734/6642/34 4745/6643/34 4733/6644/34
f 4737/6645/35 4751/6646/35 4738/6647/35
f 4777/6648/3 4783/6649/3 4786/6650/3
f 4729/6651/37 4752/6652/37 4737/6653/37
f 4736/6639/34 4744/6654/34 4743/6655/34
f 4732/6656/34 4748/6657/34 4747/6658/34
f 4732/6659/36 4746/6660/36 4734/6661/36
f 4738/6662/36 4750/6663/36 4731/6664/36
f 4735/6665/35 4741/6666/35 4729/6667/35
f 4733/6644/37 4744/6654/37 4730/6668/37
f 4739/6669/36 4748/6670/36 4740/6671/36
f 4747/6672/36 4758/6673/36 4746/6660/36
f 4741/6666/35 4754/6674/35 4753/6675/35
f 4751/6676/36 4762/6677/36 4750/6663/36
f 4745/6643/37 4756/6678/37 4744/6654/37
f 4747/6658/34 4760/6679/34 4759/6680/34
f 4751/6646/35 4764/6681/35 4763/6682/35
f 4749/6683/36 4760/6684/36 4748/6670/36
f 4744/6654/34 4755/6685/34 4743/6655/34
f 4746/6686/34 4757/6687/34 4745/6643/34
f 4741/6688/37 4764/6689/37 4752/6652/37
f 4743/6655/37 4754/6690/37 4742/6640/37
f 4750/6691/35 4761/6692/35 4749/6637/35
f 4762/6693/35 4773/6694/35 4761/6692/35
f 4759/6695/36 4770/6696/36 4758/6673/36
f 4756/6678/34 4767/6697/34 4755/6685/34
f 4763/6698/36 4774/6699/36 4762/6677/36
f 4760/6679/34 4771/6700/34 4759/6680/34
f 4757/6687/37 4768/6701/37 4756/6678/37
f 4764/6681/35 4775/6702/35 4763/6682/35
f 4754/6674/35 4765/6703/35 4753/6675/35
f 4761/6704/36 4772/6705/36 4760/6684/36
f 4758/6706/34 4769/6707/34 4757/6687/34
f 4753/6708/37 4776/6709/37 4764/6689/37
f 4755/6685/37 4766/6710/37 4754/6690/37
f 4767/6697/37 4778/6711/37 4766/6710/37
f 4774/6712/35 4785/6713/35 4773/6694/35
f 4771/6714/36 4782/6715/36 4770/6696/36
f 4768/6701/34 4779/6716/34 4767/6697/34
f 4775/6717/36 4786/6718/36 4774/6699/36
f 4772/6719/34 4783/6720/34 4771/6700/34
f 4769/6707/37 4780/6721/37 4768/6701/37
f 4776/6722/35 4787/6723/35 4775/6702/35
f 4766/6724/35 4777/6725/35 4765/6703/35
f 4773/6726/36 4784/6727/36 4772/6705/36
f 4770/6728/34 4781/6729/34 4769/6707/34
f 4765/6730/37 4788/6731/37 4776/6709/37
f 4791/6732/35 4809/6733/35 4799/6734/35
f 4796/6735/37 4802/6736/37 4795/6737/37
f 4793/6738/34 4806/6739/34 4805/6740/34
f 4797/6741/35 4811/6742/35 4798/6743/35
f 4885/6744/3 4891/6745/3 4894/6746/3
f 4789/6747/37 4812/6748/37 4797/6749/37
f 4790/6750/34 4803/6751/34 4796/6735/34
f 4792/6752/34 4808/6753/34 4807/6754/34
f 4792/6755/36 4806/6756/36 4794/6757/36
f 4798/6758/36 4810/6759/36 4791/6760/36
f 4795/6761/35 4801/6762/35 4789/6763/35
f 4793/6738/37 4804/6764/37 4790/6750/37
f 4799/6765/36 4808/6766/36 4800/6767/36
f 4807/6768/36 4818/6769/36 4806/6756/36
f 4802/6770/35 4813/6771/35 4801/6762/35
f 4811/6772/36 4822/6773/36 4810/6759/36
f 4805/6740/37 4816/6774/37 4804/6764/37
f 4807/6754/34 4820/6775/34 4819/6776/34
f 4812/6777/35 4823/6778/35 4811/6742/35
f 4809/6779/36 4820/6780/36 4808/6766/36
f 4804/6764/34 4815/6781/34 4803/6751/34
f 4805/6740/34 4818/6782/34 4817/6783/34
f 4801/6784/37 4824/6785/37 4812/6748/37
f 4803/6751/37 4814/6786/37 4802/6736/37
f 4810/6787/35 4821/6788/35 4809/6733/35
f 4822/6789/35 4833/6790/35 4821/6788/35
f 4819/6791/36 4830/6792/36 4818/6769/36
f 4816/6774/34 4827/6793/34 4815/6781/34
f 4823/6794/36 4834/6795/36 4822/6773/36
f 4819/6776/34 4832/6796/34 4831/6797/34
f 4817/6783/37 4828/6798/37 4816/6774/37
f 4824/6799/35 4835/6800/35 4823/6778/35
f 4814/6801/35 4825/6802/35 4813/6771/35
f 4821/6803/36 4832/6804/36 4820/6780/36
f 4817/6783/34 4830/6805/34 4829/6806/34
f 4813/6807/37 4836/6808/37 4824/6785/37
f 4815/6781/37 4826/6809/37 4814/6786/37
f 4827/6793/37 4838/6810/37 4826/6809/37
f 4834/6811/35 4845/6812/35 4833/6790/35
f 4831/6813/36 4842/6814/36 4830/6792/36
f 4827/6793/34 4840/6815/34 4839/6816/34
f 4835/6817/36 4846/6818/36 4834/6795/36
f 4832/6796/34 4843/6819/34 4831/6797/34
f 4829/6806/37 4840/6815/37 4828/6798/37
f 4835/6800/35 4848/6820/35 4847/6821/35
f 4826/6822/35 4837/6823/35 4825/6802/35
f 4833/6824/36 4844/6825/36 4832/6804/36
f 4829/6806/34 4842/6826/34 4841/6827/34
f 4825/6828/37 4848/6829/37 4836/6808/37
f 4837/6830/37 4860/6831/37 4848/6829/37
f 4839/6816/37 4850/6832/37 4838/6810/37
f 4845/6812/35 4858/6833/35 4857/6834/35
f 4843/6835/36 4854/6836/36 4842/6814/36
f 4839/6816/34 4852/6837/34 4851/6838/34
f 4847/6839/36 4858/6840/36 4846/6818/36
f 4844/6841/34 4855/6842/34 4843/6819/34
f 4841/6827/37 4852/6837/37 4840/6815/37
f 4848/6820/35 4859/6843/35 4847/6821/35
f 4838/6844/35 4849/6845/35 4837/6823/35
f 4845/6846/36 4856/6847/36 4844/6825/36
f 4842/6826/34 4853/6848/34 4841/6827/34
f 4854/6849/34 4865/6850/34 4853/6848/34
f 4849/6851/37 4872/6852/37 4860/6831/37
f 4851/6838/37 4862/6853/37 4850/6832/37
f 4858/6833/35 4869/6854/35 4857/6834/35
f 4855/6855/36 4866/6856/36 4854/6836/36
f 4851/6838/34 4864/6857/34 4863/6858/34
f 4859/6859/36 4870/6860/36 4858/6840/36
f 4855/6842/34 4868/6861/34 4867/6862/34
f 4853/6848/37 4864/6857/37 4852/6837/37
f 4860/6863/35 4871/6864/35 4859/6843/35
f 4850/6865/35 4861/6866/35 4849/6845/35
f 4857/6867/36 4868/6868/36 4856/6847/36
f 4866/6869/34 4877/6870/34 4865/6850/34
f 4861/6871/37 4884/6872/37 4872/6852/37
f 4863/6858/37 4874/6873/37 4862/6853/37
f 4870/6874/35 4881/6875/35 4869/6854/35
f 4867/6876/36 4878/6877/36 4866/6856/36
f 4864/6857/34 4875/6878/34 4863/6858/34
f 4871/6879/36 4882/6880/36 4870/6860/36
f 4867/6862/34 4880/6881/34 4879/6882/34
f 4865/6850/37 4876/6883/37 4864/6857/37
f 4872/6884/35 4883/6885/35 4871/6864/35
f 4862/6886/35 4873/6887/35 4861/6866/35
f 4869/6888/36 4880/6889/36 4868/6868/36
f 4881/6890/36 4892/6891/36 4880/6889/36
f 4878/6892/34 4889/6893/34 4877/6870/34
f 4873/6894/37 4896/6895/37 4884/6872/37
f 4875/6878/37 4886/6896/37 4874/6873/37
f 4882/6897/35 4893/6898/35 4881/6875/35
f 4879/6899/36 4890/6900/36 4878/6877/36
f 4876/6883/34 4887/6901/34 4875/6878/34
f 4883/6902/36 4894/6903/36 4882/6880/36
f 4880/6881/34 4891/6904/34 4879/6882/34
f 4877/6870/37 4888/6905/37 4876/6883/37
f 4883/6885/35 4896/6906/35 4895/6907/35
f 4874/6908/35 4885/6909/35 4873/6887/35
f 4902/6910/34 4911/6911/34 4901/6912/34
f 4936/6913/3 4937/6914/3 4938/6915/3
f 4906/6916/36 4902/6917/36 4899/6918/36
f 4906/6916/36 4914/6919/36 4912/6920/36
f 4904/6921/37 4908/6922/37 4903/6923/37
f 4903/6924/35 4906/6925/35 4899/6926/35
f 4911/6911/37 4897/6927/37 4910/6928/37
f 4898/6929/34 4909/6930/34 4904/6921/34
f 4901/6912/37 4910/6928/37 4898/6929/37
f 4909/6930/37 4905/6931/37 4908/6922/37
f 4912/6932/34 4913/6933/34 4911/6911/34
f 4910/6928/34 4900/6934/34 4909/6930/34
f 4908/6935/35 4907/6936/35 4906/6925/35
f 4900/6934/37 4916/6937/37 4905/6931/37
f 4914/6938/34 4919/6939/34 4913/6933/34
f 4913/6933/37 4918/6940/37 4897/6927/37
f 4907/6941/36 4920/6942/36 4914/6919/36
f 4897/6927/34 4917/6943/34 4900/6934/34
f 4905/6944/35 4915/6945/35 4907/6936/35
f 4915/6946/36 4926/6947/36 4920/6942/36
f 4919/6939/37 4924/6948/37 4918/6940/37
f 4917/6943/37 4922/6949/37 4916/6937/37
f 4920/6950/34 4925/6951/34 4919/6939/34
f 4918/6940/34 4923/6952/34 4917/6943/34
f 4916/6953/35 4921/6954/35 4915/6945/35
f 4926/6955/34 4931/6956/34 4925/6951/34
f 4924/6948/34 4929/6957/34 4923/6952/34
f 4922/6958/35 4927/6959/35 4921/6954/35
f 4921/6960/36 4932/6961/36 4926/6947/36
f 4925/6951/37 4930/6962/37 4924/6948/37
f 4923/6952/37 4928/6963/37 4922/6949/37
f 4927/6964/36 4938/6965/36 4932/6961/36
f 4931/6956/37 4936/6966/37 4930/6962/37
f 4929/6957/37 4934/6967/37 4928/6963/37
f 4932/6968/34 4937/6969/34 4931/6956/34
f 4930/6962/34 4935/6970/34 4929/6957/34
f 4928/6971/35 4933/6972/35 4927/6959/35
f 5001/6973/3 5002/6974/3 4996/6975/3
f 4943/6976/37 4947/6977/37 4939/6978/37
f 4942/6979/34 4952/6980/34 4940/6981/34
f 4941/6982/35 4947/6983/35 4954/6984/35
f 4944/6985/34 4950/6986/34 4946/6987/34
f 4941/6988/36 4953/6989/36 4942/6990/36
f 4940/6991/36 4951/6992/36 4944/6993/36
f 4943/6994/35 4949/6995/35 4948/6996/35
f 4946/6987/37 4949/6997/37 4945/6998/37
f 4947/6983/35 4962/6999/35 4954/6984/35
f 4953/7000/34 4960/7001/34 4952/6980/34
f 4950/6986/34 4959/7002/34 4958/7003/34
f 4949/6995/35 4956/7004/35 4948/6996/35
f 4948/7005/37 4955/7006/37 4947/6977/37
f 4954/7007/36 4961/7008/36 4953/6989/36
f 4952/7009/36 4959/7010/36 4951/6992/36
f 4950/6986/37 4957/7011/37 4949/6997/37
f 4958/7003/37 4965/7012/37 4957/7011/37
f 4956/7013/37 4963/7014/37 4955/7006/37
f 4955/7015/35 4970/7016/35 4962/6999/35
f 4961/7017/34 4968/7018/34 4960/7001/34
f 4959/7002/34 4966/7019/34 4958/7003/34
f 4956/7004/35 4965/7020/35 4964/7021/35
f 4962/7022/36 4969/7023/36 4961/7008/36
f 4960/7024/36 4967/7025/36 4959/7010/36
f 4970/7026/36 4977/7027/36 4969/7023/36
f 4968/7028/36 4975/7029/36 4967/7025/36
f 4966/7019/37 4973/7030/37 4965/7012/37
f 4964/7031/37 4971/7032/37 4963/7014/37
f 4963/7033/35 4978/7034/35 4970/7016/35
f 4969/7035/34 4976/7036/34 4968/7018/34
f 4967/7037/34 4974/7038/34 4966/7019/34
f 4965/7020/35 4972/7039/35 4964/7021/35
f 4974/7038/34 4983/7040/34 4982/7041/34
f 4973/7042/35 4980/7043/35 4972/7039/35
f 4978/7044/36 4985/7045/36 4977/7027/36
f 4976/7046/36 4983/7047/36 4975/7029/36
f 4974/7038/37 4981/7048/37 4973/7030/37
f 4972/7049/37 4979/7050/37 4971/7032/37
f 4978/7034/35 4979/7051/35 4986/7052/35
f 4977/7053/34 4984/7054/34 4976/7036/34
f 4986/7052/35 4987/7055/35 4994/7056/35
f 4985/7057/34 4992/7058/34 4984/7054/34
f 4983/7040/34 4990/7059/34 4982/7041/34
f 4980/7043/35 4989/7060/35 4988/7061/35
f 4986/7062/36 4993/7063/36 4985/7045/36
f 4984/7064/36 4991/7065/36 4983/7047/36
f 4982/7041/37 4989/7066/37 4981/7048/37
f 4980/7067/37 4987/7068/37 4979/7050/37
f 4992/7069/36 4999/7070/36 4991/7065/36
f 4990/7059/37 4997/7071/37 4989/7066/37
f 4988/7072/37 4995/7073/37 4987/7068/37
f 4987/7055/35 5002/7074/35 4994/7056/35
f 4992/7058/34 5001/7075/34 5000/7076/34
f 4990/7059/34 4999/7077/34 4998/7078/34
f 4989/7060/35 4996/7079/35 4988/7061/35
f 4994/7080/36 5001/7081/36 4993/7063/36
f 5007/7082/37 5011/7083/37 5003/7084/37
f 5036/7085/3 5039/7086/3 5041/7087/3
f 5004/7088/34 5017/7089/34 5016/7090/34
f 5003/7091/35 5018/7092/35 5005/7093/35
f 5008/7094/34 5014/7095/34 5010/7096/34
f 5005/7097/36 5017/7098/36 5006/7099/36
f 5004/7088/37 5015/7100/37 5008/7094/37
f 5009/7101/35 5012/7102/35 5007/7103/35
f 5010/7096/37 5013/7104/37 5009/7105/37
f 5011/7106/35 5026/7107/35 5018/7092/35
f 5016/7090/34 5025/7108/34 5024/7109/34
f 5014/7095/34 5023/7110/34 5022/7111/34
f 5013/7112/35 5020/7113/35 5012/7102/35
f 5012/7114/37 5019/7115/37 5011/7083/37
f 5018/7116/36 5025/7117/36 5017/7098/36
f 5016/7090/37 5023/7110/37 5015/7100/37
f 5014/7095/37 5021/7118/37 5013/7104/37
f 5022/7111/37 5029/7119/37 5021/7118/37
f 5020/7120/37 5027/7121/37 5019/7115/37
f 5026/7107/35 5027/7122/35 5034/7123/35
f 5024/7109/34 5033/7124/34 5032/7125/34
f 5022/7111/34 5031/7126/34 5030/7127/34
f 5021/7128/35 5028/7129/35 5020/7113/35
f 5026/7130/36 5033/7131/36 5025/7117/36
f 5024/7109/37 5031/7126/37 5023/7110/37
f 5034/7132/36 5041/7133/36 5033/7131/36
f 5032/7125/37 5039/7134/37 5031/7126/37
f 5030/7127/37 5037/7135/37 5029/7119/37
f 5028/7136/37 5035/7137/37 5027/7121/37
f 5027/7122/35 5042/7138/35 5034/7123/35
f 5033/7124/34 5040/7139/34 5032/7125/34
f 5031/7126/34 5038/7140/34 5030/7127/34
f 5028/7129/35 5037/7141/35 5036/7142/35
f 5047/7143/34 5052/7144/34 5044/7145/34
f 5097/7146/3 5098/7147/3 5093/7148/3
f 5046/7149/35 5056/7150/35 5048/7151/35
f 5043/7152/35 5058/7153/35 5045/7154/35
f 5048/7155/36 5055/7156/36 5050/7157/36
f 5045/7158/36 5057/7159/36 5046/7160/36
f 5044/7145/37 5051/7161/37 5043/7162/37
f 5049/7163/37 5053/7164/37 5047/7143/37
f 5049/7163/34 5055/7165/34 5054/7166/34
f 5051/7167/35 5066/7168/35 5058/7153/35
f 5057/7169/35 5064/7170/35 5056/7150/35
f 5055/7165/34 5062/7171/34 5054/7166/34
f 5052/7144/34 5061/7172/34 5060/7173/34
f 5052/7144/37 5059/7174/37 5051/7161/37
f 5058/7175/36 5065/7176/36 5057/7159/36
f 5056/7177/36 5063/7178/36 5055/7156/36
f 5054/7166/37 5061/7172/37 5053/7164/37
f 5062/7171/37 5069/7179/37 5061/7172/37
f 5060/7173/37 5067/7180/37 5059/7174/37
f 5066/7168/35 5067/7181/35 5074/7182/35
f 5065/7183/35 5072/7184/35 5064/7170/35
f 5062/7171/34 5071/7185/34 5070/7186/34
f 5060/7173/34 5069/7179/34 5068/7187/34
f 5066/7188/36 5073/7189/36 5065/7176/36
f 5064/7190/36 5071/7191/36 5063/7178/36
f 5074/7192/36 5081/7193/36 5073/7189/36
f 5072/7194/36 5079/7195/36 5071/7191/36
f 5070/7186/37 5077/7196/37 5069/7179/37
f 5068/7187/37 5075/7197/37 5067/7180/37
f 5067/7181/35 5082/7198/35 5074/7182/35
f 5073/7199/35 5080/7200/35 5072/7184/35
f 5071/7185/34 5078/7201/34 5070/7186/34
f 5069/7179/34 5076/7202/34 5068/7187/34
f 5079/7203/34 5086/7204/34 5078/7201/34
f 5077/7196/34 5084/7205/34 5076/7202/34
f 5082/7206/36 5089/7207/36 5081/7193/36
f 5080/7208/36 5087/7209/36 5079/7195/36
f 5078/7201/37 5085/7210/37 5077/7196/37
f 5076/7202/37 5083/7211/37 5075/7197/37
f 5075/7212/35 5090/7213/35 5082/7198/35
f 5081/7214/35 5088/7215/35 5080/7200/35
f 5083/7216/35 5098/7217/35 5090/7213/35
f 5088/7215/35 5097/7218/35 5096/7219/35
f 5087/7220/34 5094/7221/34 5086/7204/34
f 5085/7210/34 5092/7222/34 5084/7205/34
f 5090/7223/36 5097/7224/36 5089/7207/36
f 5088/7225/36 5095/7226/36 5087/7209/36
f 5086/7204/37 5093/7227/37 5085/7210/37
f 5084/7205/37 5091/7228/37 5083/7211/37
f 5140/7229/3 5143/7230/3 5145/7231/3
f 5103/7232/37 5107/7233/37 5099/7234/37
f 5102/7235/34 5112/7236/34 5100/7237/34
f 5101/7238/35 5107/7239/35 5114/7240/35
f 5104/7241/34 5110/7242/34 5106/7243/34
f 5101/7244/36 5113/7245/36 5102/7246/36
f 5100/7237/37 5111/7247/37 5104/7241/37
f 5105/7248/35 5108/7249/35 5103/7250/35
f 5106/7243/37 5109/7251/37 5105/7252/37
f 5107/7239/35 5122/7253/35 5114/7240/35
f 5113/7254/34 5120/7255/34 5112/7236/34
f 5111/7247/34 5118/7256/34 5110/7242/34
f 5108/7249/35 5117/7257/35 5116/7258/35
f 5108/7259/37 5115/7260/37 5107/7233/37
f 5114/7261/36 5121/7262/36 5113/7245/36
f 5112/7236/37 5119/7263/37 5111/7247/37
f 5110/7242/37 5117/7264/37 5109/7251/37
f 5118/7256/37 5125/7265/37 5117/7264/37
f 5116/7266/37 5123/7267/37 5115/7260/37
f 5115/7268/35 5130/7269/35 5122/7253/35
f 5121/7270/34 5128/7271/34 5120/7255/34
f 5119/7263/34 5126/7272/34 5118/7256/34
f 5117/7257/35 5124/7273/35 5116/7258/35
f 5122/7274/36 5129/7275/36 5121/7262/36
f 5120/7255/37 5127/7276/37 5119/7263/37
f 5130/7277/36 5137/7278/36 5129/7275/36
f 5128/7271/37 5135/7279/37 5127/7276/37
f 5126/7272/37 5133/7280/37 5125/7265/37
f 5124/7281/37 5131/7282/37 5123/7267/37
f 5123/7283/35 5138/7284/35 5130/7269/35
f 5129/7285/34 5136/7286/34 5128/7271/34
f 5127/7276/34 5134/7287/34 5126/7272/34
f 5125/7288/35 5132/7289/35 5124/7273/35
f 5135/7279/34 5142/7290/34 5134/7287/34
f 5132/7289/35 5141/7291/35 5140/7292/35
f 5138/7293/36 5145/7294/36 5137/7278/36
f 5136/7286/37 5143/7295/37 5135/7279/37
f 5134/7287/37 5141/7296/37 5133/7280/37
f 5132/7297/37 5139/7298/37 5131/7282/37
f 5131/7299/35 5146/7300/35 5138/7284/35
f 5137/7301/34 5144/7302/34 5136/7286/34
f 5151/7303/36 5157/7304/36 5150/7305/36
f 5180/7306/3 5182/7307/3 5185/7308/3
f 5150/7309/34 5156/7310/34 5148/7311/34
f 5149/7312/35 5155/7313/35 5162/7314/35
f 5154/7315/35 5161/7316/35 5160/7317/35
f 5149/7318/36 5161/7319/36 5152/7320/36
f 5148/7311/37 5155/7321/37 5147/7322/37
f 5153/7323/34 5158/7324/34 5151/7325/34
f 5154/7326/36 5159/7327/36 5153/7328/36
f 5155/7313/35 5170/7329/35 5162/7314/35
f 5161/7316/35 5168/7330/35 5160/7317/35
f 5159/7331/34 5166/7332/34 5158/7324/34
f 5157/7333/34 5164/7334/34 5156/7310/34
f 5156/7310/37 5163/7335/37 5155/7321/37
f 5162/7336/36 5169/7337/36 5161/7319/36
f 5160/7338/36 5167/7339/36 5159/7327/36
f 5158/7340/36 5165/7341/36 5157/7304/36
f 5166/7342/36 5173/7343/36 5165/7341/36
f 5164/7334/37 5171/7344/37 5163/7335/37
f 5163/7345/35 5178/7346/35 5170/7329/35
f 5168/7330/35 5177/7347/35 5176/7348/35
f 5167/7349/34 5174/7350/34 5166/7332/34
f 5165/7351/34 5172/7352/34 5164/7334/34
f 5170/7353/36 5177/7354/36 5169/7337/36
f 5168/7355/36 5175/7356/36 5167/7339/36
f 5178/7357/36 5185/7358/36 5177/7354/36
f 5176/7359/36 5183/7360/36 5175/7356/36
f 5174/7361/36 5181/7362/36 5173/7343/36
f 5172/7352/37 5179/7363/37 5171/7344/37
f 5171/7364/35 5186/7365/35 5178/7346/35
f 5177/7347/35 5184/7366/35 5176/7348/35
f 5174/7350/34 5183/7367/34 5182/7368/34
f 5173/7369/34 5180/7370/34 5172/7352/34
f 5293/7371/3 5296/7372/3 5298/7373/3
f 5191/7374/34 5196/7375/34 5188/7376/34
f 5190/7377/34 5200/7378/34 5192/7379/34
f 5187/7380/35 5202/7381/35 5189/7382/35
f 5192/7383/36 5199/7384/36 5194/7385/36
f 5189/7386/36 5201/7387/36 5190/7388/36
f 5188/7376/37 5195/7389/37 5187/7390/37
f 5193/7391/37 5197/7392/37 5191/7374/37
f 5194/7393/34 5198/7394/34 5193/7391/34
f 5195/7395/35 5210/7396/35 5202/7381/35
f 5201/7397/34 5208/7398/34 5200/7378/34
f 5199/7399/34 5206/7400/34 5198/7394/34
f 5197/7392/34 5204/7401/34 5196/7375/34
f 5196/7375/37 5203/7402/37 5195/7389/37
f 5202/7403/36 5209/7404/36 5201/7387/36
f 5200/7405/36 5207/7406/36 5199/7384/36
f 5198/7394/37 5205/7407/37 5197/7392/37
f 5206/7400/37 5213/7408/37 5205/7407/37
f 5204/7401/37 5211/7409/37 5203/7402/37
f 5203/7410/35 5218/7411/35 5210/7396/35
f 5209/7412/34 5216/7413/34 5208/7398/34
f 5207/7414/34 5214/7415/34 5206/7400/34
f 5205/7407/34 5212/7416/34 5204/7401/34
f 5210/7417/36 5217/7418/36 5209/7404/36
f 5208/7419/36 5215/7420/36 5207/7406/36
f 5218/7421/36 5225/7422/36 5217/7418/36
f 5216/7423/36 5223/7424/36 5215/7420/36
f 5214/7415/37 5221/7425/37 5213/7408/37
f 5212/7416/37 5219/7426/37 5211/7409/37
f 5211/7427/35 5226/7428/35 5218/7411/35
f 5216/7413/34 5225/7429/34 5224/7430/34
f 5215/7431/34 5222/7432/34 5214/7415/34
f 5213/7408/34 5220/7433/34 5212/7416/34
f 5223/7434/34 5230/7435/34 5222/7432/34
f 5221/7425/34 5228/7436/34 5220/7433/34
f 5226/7437/36 5233/7438/36 5225/7422/36
f 5224/7439/36 5231/7440/36 5223/7424/36
f 5222/7432/37 5229/7441/37 5221/7425/37
f 5220/7433/37 5227/7442/37 5219/7426/37
f 5219/7443/35 5234/7444/35 5226/7428/35
f 5225/7429/34 5232/7445/34 5224/7430/34
f 5227/7446/35 5242/7447/35 5234/7444/35
f 5233/7448/34 5240/7449/34 5232/7445/34
f 5231/7450/34 5238/7451/34 5230/7435/34
f 5229/7441/34 5236/7452/34 5228/7436/34
f 5234/7453/36 5241/7454/36 5233/7438/36
f 5232/7455/36 5239/7456/36 5231/7440/36
f 5230/7435/37 5237/7457/37 5229/7441/37
f 5228/7436/37 5235/7458/37 5227/7442/37
f 5240/7459/36 5247/7460/36 5239/7456/36
f 5238/7451/37 5245/7461/37 5237/7457/37
f 5236/7452/37 5243/7462/37 5235/7458/37
f 5235/7463/35 5250/7464/35 5242/7447/35
f 5241/7465/34 5248/7466/34 5240/7449/34
f 5239/7467/34 5246/7468/34 5238/7451/34
f 5237/7457/34 5244/7469/34 5236/7452/34
f 5242/7470/36 5249/7471/36 5241/7454/36
f 5250/7472/36 5257/7473/36 5249/7471/36
f 5248/7474/36 5255/7475/36 5247/7460/36
f 5246/7468/37 5253/7476/37 5245/7461/37
f 5244/7469/37 5251/7477/37 5243/7462/37
f 5250/7464/35 5251/7478/35 5258/7479/35
f 5249/7480/34 5256/7481/34 5248/7466/34
f 5247/7482/34 5254/7483/34 5246/7468/34
f 5245/7461/34 5252/7484/34 5244/7469/34
f 5257/7485/34 5264/7486/34 5256/7481/34
f 5255/7487/34 5262/7488/34 5254/7483/34
f 5253/7476/34 5260/7489/34 5252/7484/34
f 5258/7490/36 5265/7491/36 5257/7473/36
f 5256/7492/36 5263/7493/36 5255/7475/36
f 5254/7483/37 5261/7494/37 5253/7476/37
f 5252/7484/37 5259/7495/37 5251/7477/37
f 5251/7478/35 5266/7496/35 5258/7479/35
f 5260/7489/37 5267/7497/37 5259/7495/37
f 5259/7498/35 5274/7499/35 5266/7496/35
f 5265/7500/34 5272/7501/34 5264/7486/34
f 5263/7502/34 5270/7503/34 5262/7488/34
f 5261/7494/34 5268/7504/34 5260/7489/34
f 5266/7505/36 5273/7506/36 5265/7491/36
f 5264/7507/36 5271/7508/36 5263/7493/36
f 5262/7488/37 5269/7509/37 5261/7494/37
f 5274/7510/36 5281/7511/36 5273/7506/36
f 5272/7512/36 5279/7513/36 5271/7508/36
f 5270/7503/37 5277/7514/37 5269/7509/37
f 5268/7504/37 5275/7515/37 5267/7497/37
f 5267/7516/35 5282/7517/35 5274/7499/35
f 5273/7518/34 5280/7519/34 5272/7501/34
f 5271/7520/34 5278/7521/34 5270/7503/34
f 5269/7509/34 5276/7522/34 5268/7504/34
f 5277/7514/34 5284/7523/34 5276/7522/34
f 5282/7524/36 5289/7525/36 5281/7511/36
f 5280/7526/36 5287/7527/36 5279/7513/36
f 5278/7521/37 5285/7528/37 5277/7514/37
f 5276/7522/37 5283/7529/37 5275/7515/37
f 5282/7517/35 5283/7530/35 5290/7531/35
f 5281/7532/34 5288/7533/34 5280/7519/34
f 5279/7534/34 5286/7535/34 5278/7521/34
f 5290/7531/35 5291/7536/35 5298/7537/35
f 5288/7533/34 5297/7538/34 5296/7539/34
f 5287/7540/34 5294/7541/34 5286/7535/34
f 5285/7528/34 5292/7542/34 5284/7523/34
f 5290/7543/36 5297/7544/36 5289/7525/36
f 5288/7545/36 5295/7546/36 5287/7527/36
f 5286/7535/37 5293/7547/37 5285/7528/37
f 5284/7523/37 5291/7548/37 5283/7529/37
f 5303/7549/34 5308/7550/34 5300/7551/34
f 5353/7552/3 5354/7553/3 5349/7554/3
f 5302/7555/35 5312/7556/35 5304/7557/35
f 5301/7558/35 5307/7559/35 5314/7560/35
f 5304/7561/36 5311/7562/36 5306/7563/36
f 5301/7564/36 5313/7565/36 5302/7566/36
f 5300/7551/37 5307/7567/37 5299/7568/37
f 5305/7569/37 5309/7570/37 5303/7549/37
f 5306/7571/34 5310/7572/34 5305/7569/34
f 5307/7559/35 5322/7573/35 5314/7560/35
f 5313/7574/35 5320/7575/35 5312/7556/35
f 5311/7576/34 5318/7577/34 5310/7572/34
f 5309/7570/34 5316/7578/34 5308/7550/34
f 5308/7550/37 5315/7579/37 5307/7567/37
f 5314/7580/36 5321/7581/36 5313/7565/36
f 5312/7582/36 5319/7583/36 5311/7562/36
f 5310/7572/37 5317/7584/37 5309/7570/37
f 5318/7577/37 5325/7585/37 5317/7584/37
f 5316/7578/37 5323/7586/37 5315/7579/37
f 5315/7587/35 5330/7588/35 5322/7573/35
f 5321/7589/35 5328/7590/35 5320/7575/35
f 5319/7591/34 5326/7592/34 5318/7577/34
f 5317/7584/34 5324/7593/34 5316/7578/34
f 5322/7594/36 5329/7595/36 5321/7581/36
f 5320/7596/36 5327/7597/36 5319/7583/36
f 5330/7598/36 5337/7599/36 5329/7595/36
f 5328/7600/36 5335/7601/36 5327/7597/36
f 5326/7592/37 5333/7602/37 5325/7585/37
f 5324/7593/37 5331/7603/37 5323/7586/37
f 5323/7604/35 5338/7605/35 5330/7588/35
f 5329/7606/35 5336/7607/35 5328/7590/35
f 5327/7608/34 5334/7609/34 5326/7592/34
f 5325/7585/34 5332/7610/34 5324/7593/34
f 5335/7611/34 5342/7612/34 5334/7609/34
f 5332/7610/34 5341/7613/34 5340/7614/34
f 5338/7615/36 5345/7616/36 5337/7599/36
f 5336/7617/36 5343/7618/36 5335/7601/36
f 5334/7609/37 5341/7613/37 5333/7602/37
f 5332/7610/37 5339/7619/37 5331/7603/37
f 5338/7605/35 5339/7620/35 5346/7621/35
f 5337/7622/35 5344/7623/35 5336/7607/35
f 5346/7621/35 5347/7624/35 5354/7625/35
f 5345/7626/35 5352/7627/35 5344/7623/35
f 5343/7628/34 5350/7629/34 5342/7612/34
f 5341/7613/34 5348/7630/34 5340/7614/34
f 5346/7631/36 5353/7632/36 5345/7616/36
f 5344/7633/36 5351/7634/36 5343/7618/36
f 5342/7612/37 5349/7635/37 5341/7613/37
f 5340/7614/37 5347/7636/37 5339/7619/37
f 5412/7637/3 5415/7638/3 5418/7639/3
f 5359/7640/35 5366/7641/35 5357/7642/35
f 5358/7643/34 5364/7644/34 5356/7645/34
f 5355/7646/35 5370/7647/35 5360/7648/35
f 5360/7649/37 5369/7650/37 5362/7651/37
f 5357/7652/36 5365/7653/36 5358/7654/36
f 5356/7645/37 5363/7655/37 5355/7656/37
f 5361/7657/36 5367/7658/36 5359/7659/36
f 5362/7660/35 5368/7661/35 5361/7662/35
f 5363/7663/35 5378/7664/35 5370/7647/35
f 5368/7661/35 5377/7665/35 5376/7666/35
f 5366/7641/35 5375/7667/35 5374/7668/35
f 5365/7669/34 5372/7670/34 5364/7644/34
f 5364/7644/37 5371/7671/37 5363/7655/37
f 5370/7672/37 5377/7673/37 5369/7650/37
f 5368/7674/36 5375/7675/36 5367/7658/36
f 5366/7676/36 5373/7677/36 5365/7653/36
f 5374/7678/36 5381/7679/36 5373/7677/36
f 5372/7670/37 5379/7680/37 5371/7671/37
f 5378/7664/35 5379/7681/35 5386/7682/35
f 5377/7665/35 5384/7683/35 5376/7666/35
f 5375/7667/35 5382/7684/35 5374/7668/35
f 5373/7685/34 5380/7686/34 5372/7670/34
f 5378/7687/37 5385/7688/37 5377/7673/37
f 5376/7689/36 5383/7690/36 5375/7675/36
f 5386/7691/37 5393/7692/37 5385/7688/37
f 5384/7693/36 5391/7694/36 5383/7690/36
f 5382/7695/36 5389/7696/36 5381/7679/36
f 5380/7686/37 5387/7697/37 5379/7680/37
f 5379/7681/35 5394/7698/35 5386/7682/35
f 5385/7699/35 5392/7700/35 5384/7683/35
f 5383/7701/35 5390/7702/35 5382/7684/35
f 5381/7703/34 5388/7704/34 5380/7686/34
f 5391/7705/35 5398/7706/35 5390/7702/35
f 5388/7704/34 5397/7707/34 5396/7708/34
f 5394/7709/37 5401/7710/37 5393/7692/37
f 5392/7711/36 5399/7712/36 5391/7694/36
f 5390/7713/36 5397/7714/36 5389/7696/36
f 5388/7704/37 5395/7715/37 5387/7697/37
f 5387/7716/35 5402/7717/35 5394/7698/35
f 5393/7718/35 5400/7719/35 5392/7700/35
f 5395/7720/35 5410/7721/35 5402/7717/35
f 5401/7722/35 5408/7723/35 5400/7719/35
f 5399/7724/35 5406/7725/35 5398/7706/35
f 5397/7707/34 5404/7726/34 5396/7708/34
f 5402/7727/37 5409/7728/37 5401/7710/37
f 5400/7729/36 5407/7730/36 5399/7712/36
f 5398/7731/36 5405/7732/36 5397/7714/36
f 5396/7708/37 5403/7733/37 5395/7715/37
f 5408/7734/36 5415/7735/36 5407/7730/36
f 5406/7736/36 5413/7737/36 5405/7732/36
f 5404/7726/37 5411/7738/37 5403/7733/37
f 5403/7739/35 5418/7740/35 5410/7721/35
f 5409/7741/35 5416/7742/35 5408/7723/35
f 5407/7743/35 5414/7744/35 5406/7725/35
f 5405/7745/34 5412/7746/34 5404/7726/34
f 5410/7747/37 5417/7748/37 5409/7728/37
f 5423/7749/35 5430/7750/35 5421/7751/35
f 5532/7752/3 5535/7753/3 5538/7754/3
f 5422/7755/34 5428/7756/34 5420/7757/34
f 5419/7758/35 5434/7759/35 5424/7760/35
f 5424/7761/37 5433/7762/37 5426/7763/37
f 5421/7764/36 5429/7765/36 5422/7766/36
f 5420/7757/37 5427/7767/37 5419/7768/37
f 5425/7769/36 5431/7770/36 5423/7771/36
f 5425/7772/35 5433/7773/35 5432/7774/35
f 5427/7775/35 5442/7776/35 5434/7759/35
f 5433/7773/35 5440/7777/35 5432/7774/35
f 5431/7778/35 5438/7779/35 5430/7750/35
f 5429/7780/34 5436/7781/34 5428/7756/34
f 5428/7756/37 5435/7782/37 5427/7767/37
f 5434/7783/37 5441/7784/37 5433/7762/37
f 5432/7785/36 5439/7786/36 5431/7770/36
f 5430/7787/36 5437/7788/36 5429/7765/36
f 5438/7789/36 5445/7790/36 5437/7788/36
f 5436/7781/37 5443/7791/37 5435/7782/37
f 5435/7792/35 5450/7793/35 5442/7776/35
f 5441/7794/35 5448/7795/35 5440/7777/35
f 5439/7796/35 5446/7797/35 5438/7779/35
f 5437/7798/34 5444/7799/34 5436/7781/34
f 5442/7800/37 5449/7801/37 5441/7784/37
f 5440/7802/36 5447/7803/36 5439/7786/36
f 5450/7804/37 5457/7805/37 5449/7801/37
f 5448/7806/36 5455/7807/36 5447/7803/36
f 5446/7808/36 5453/7809/36 5445/7790/36
f 5444/7799/37 5451/7810/37 5443/7791/37
f 5443/7811/35 5458/7812/35 5450/7793/35
f 5449/7813/35 5456/7814/35 5448/7795/35
f 5447/7815/35 5454/7816/35 5446/7797/35
f 5444/7799/34 5453/7817/34 5452/7818/34
f 5455/7819/35 5462/7820/35 5454/7816/35
f 5452/7818/34 5461/7821/34 5460/7822/34
f 5458/7823/37 5465/7824/37 5457/7805/37
f 5456/7825/36 5463/7826/36 5455/7807/36
f 5454/7827/36 5461/7828/36 5453/7809/36
f 5452/7818/37 5459/7829/37 5451/7810/37
f 5451/7830/35 5466/7831/35 5458/7812/35
f 5457/7832/35 5464/7833/35 5456/7814/35
f 5459/7834/35 5474/7835/35 5466/7831/35
f 5465/7836/35 5472/7837/35 5464/7833/35
f 5463/7838/35 5470/7839/35 5462/7820/35
f 5461/7821/34 5468/7840/34 5460/7822/34
f 5466/7841/37 5473/7842/37 5465/7824/37
f 5464/7843/36 5471/7844/36 5463/7826/36
f 5462/7845/36 5469/7846/36 5461/7828/36
f 5460/7822/37 5467/7847/37 5459/7829/37
f 5472/7848/36 5479/7849/36 5471/7844/36
f 5470/7850/36 5477/7851/36 5469/7846/36
f 5468/7840/37 5475/7852/37 5467/7847/37
f 5467/7853/35 5482/7854/35 5474/7835/35
f 5472/7837/35 5481/7855/35 5480/7856/35
f 5471/7857/35 5478/7858/35 5470/7839/35
f 5469/7859/34 5476/7860/34 5468/7840/34
f 5474/7861/37 5481/7862/37 5473/7842/37
f 5482/7863/37 5489/7864/37 5481/7862/37
f 5480/7865/36 5487/7866/36 5479/7849/36
f 5478/7867/36 5485/7868/36 5477/7851/36
f 5476/7860/37 5483/7869/37 5475/7852/37
f 5475/7870/35 5490/7871/35 5482/7854/35
f 5480/7856/35 5489/7872/35 5488/7873/35
f 5479/7874/35 5486/7875/35 5478/7858/35
f 5477/7876/34 5484/7877/34 5476/7860/34
f 5489/7872/35 5496/7878/35 5488/7873/35
f 5487/7879/35 5494/7880/35 5486/7875/35
f 5485/7881/34 5492/7882/34 5484/7877/34
f 5490/7883/37 5497/7884/37 5489/7864/37
f 5488/7885/36 5495/7886/36 5487/7866/36
f 5486/7887/36 5493/7888/36 5485/7868/36
f 5484/7877/37 5491/7889/37 5483/7869/37
f 5483/7890/35 5498/7891/35 5490/7871/35
f 5492/7882/37 5499/7892/37 5491/7889/37
f 5491/7893/35 5506/7894/35 5498/7891/35
f 5497/7895/35 5504/7896/35 5496/7878/35
f 5495/7897/35 5502/7898/35 5494/7880/35
f 5493/7899/34 5500/7900/34 5492/7882/34
f 5498/7901/37 5505/7902/37 5497/7884/37
f 5496/7903/36 5503/7904/36 5495/7886/36
f 5494/7905/36 5501/7906/36 5493/7888/36
f 5506/7907/37 5513/7908/37 5505/7902/37
f 5504/7909/36 5511/7910/36 5503/7904/36
f 5502/7911/36 5509/7912/36 5501/7906/36
f 5500/7900/37 5507/7913/37 5499/7892/37
f 5499/7914/35 5514/7915/35 5506/7894/35
f 5504/7896/35 5513/7916/35 5512/7917/35
f 5503/7918/35 5510/7919/35 5502/7898/35
f 5501/7920/34 5508/7921/34 5500/7900/34
f 5509/7922/34 5516/7923/34 5508/7921/34
f 5514/7924/37 5521/7925/37 5513/7908/37
f 5512/7926/36 5519/7927/36 5511/7910/36
f 5510/7928/36 5517/7929/36 5509/7912/36
f 5508/7921/37 5515/7930/37 5507/7913/37
f 5514/7915/35 5515/7931/35 5522/7932/35
f 5513/7916/35 5520/7933/35 5512/7917/35
f 5511/7934/35 5518/7935/35 5510/7919/35
f 5515/7931/35 5530/7936/35 5522/7932/35
f 5520/7933/35 5529/7937/35 5528/7938/35
f 5519/7939/35 5526/7940/35 5518/7935/35
f 5517/7941/34 5524/7942/34 5516/7923/34
f 5522/7943/37 5529/7944/37 5521/7925/37
f 5520/7945/36 5527/7946/36 5519/7927/36
f 5518/7947/36 5525/7948/36 5517/7929/36
f 5516/7923/37 5523/7949/37 5515/7930/37
f 5526/7950/36 5533/7951/36 5525/7948/36
f 5524/7942/37 5531/7952/37 5523/7949/37
f 5530/7936/35 5531/7953/35 5538/7954/35
f 5529/7937/35 5536/7955/35 5528/7938/35
f 5527/7956/35 5534/7957/35 5526/7940/35
f 5525/7958/34 5532/7959/34 5524/7942/34
f 5530/7960/37 5537/7961/37 5529/7944/37
f 5528/7962/36 5535/7963/36 5527/7946/36
f 5543/7964/36 5549/7965/36 5542/7966/36
f 5572/7967/3 5574/7968/3 5577/7969/3
f 5542/7970/34 5548/7971/34 5540/7972/34
f 5539/7973/35 5554/7974/35 5541/7975/35
f 5544/7976/35 5552/7977/35 5546/7978/35
f 5541/7979/36 5553/7980/36 5544/7981/36
f 5540/7972/37 5547/7982/37 5539/7983/37
f 5545/7984/34 5550/7985/34 5543/7986/34
f 5546/7987/36 5551/7988/36 5545/7989/36
f 5547/7990/35 5562/7991/35 5554/7974/35
f 5553/7992/35 5560/7993/35 5552/7977/35
f 5551/7994/34 5558/7995/34 5550/7985/34
f 5549/7996/34 5556/7997/34 5548/7971/34
f 5548/7971/37 5555/7998/37 5547/7982/37
f 5554/7999/36 5561/8000/36 5553/7980/36
f 5552/8001/36 5559/8002/36 5551/7988/36
f 5550/8003/36 5557/8004/36 5549/7965/36
f 5558/8005/36 5565/8006/36 5557/8004/36
f 5556/7997/37 5563/8007/37 5555/7998/37
f 5555/8008/35 5570/8009/35 5562/7991/35
f 5561/8010/35 5568/8011/35 5560/7993/35
f 5559/8012/34 5566/8013/34 5558/7995/34
f 5557/8014/34 5564/8015/34 5556/7997/34
f 5562/8016/36 5569/8017/36 5561/8000/36
f 5560/8018/36 5567/8019/36 5559/8002/36
f 5570/8020/36 5577/8021/36 5569/8017/36
f 5568/8022/36 5575/8023/36 5567/8019/36
f 5566/8024/36 5573/8025/36 5565/8006/36
f 5564/8015/37 5571/8026/37 5563/8007/37
f 5570/8009/35 5571/8027/35 5578/8028/35
f 5568/8011/35 5577/8029/35 5576/8030/35
f 5567/8031/34 5574/8032/34 5566/8013/34
f 5565/8033/34 5572/8034/34 5564/8015/34
f 5581/8035/35 5591/8036/35 5590/8037/35
f 5628/8038/3 5631/8039/3 5634/8040/3
f 5582/8041/34 5588/8042/34 5580/8043/34
f 5579/8044/35 5594/8045/35 5584/8046/35
f 5584/8047/37 5593/8048/37 5586/8049/37
f 5581/8050/36 5589/8051/36 5582/8052/36
f 5580/8043/37 5587/8053/37 5579/8054/37
f 5585/8055/36 5591/8056/36 5583/8057/36
f 5586/8058/35 5592/8059/35 5585/8060/35
f 5587/8061/35 5602/8062/35 5594/8045/35
f 5593/8063/35 5600/8064/35 5592/8059/35
f 5591/8036/35 5598/8065/35 5590/8037/35
f 5589/8066/34 5596/8067/34 5588/8042/34
f 5588/8042/37 5595/8068/37 5587/8053/37
f 5594/8069/37 5601/8070/37 5593/8048/37
f 5592/8071/36 5599/8072/36 5591/8056/36
f 5590/8073/36 5597/8074/36 5589/8051/36
f 5598/8075/36 5605/8076/36 5597/8074/36
f 5596/8067/37 5603/8077/37 5595/8068/37
f 5595/8078/35 5610/8079/35 5602/8062/35
f 5601/8080/35 5608/8081/35 5600/8064/35
f 5599/8082/35 5606/8083/35 5598/8065/35
f 5597/8084/34 5604/8085/34 5596/8067/34
f 5602/8086/37 5609/8087/37 5601/8070/37
f 5600/8088/36 5607/8089/36 5599/8072/36
f 5610/8090/37 5617/8091/37 5609/8087/37
f 5608/8092/36 5615/8093/36 5607/8089/36
f 5606/8094/36 5613/8095/36 5605/8076/36
f 5604/8085/37 5611/8096/37 5603/8077/37
f 5603/8097/35 5618/8098/35 5610/8079/35
f 5609/8099/35 5616/8100/35 5608/8081/35
f 5607/8101/35 5614/8102/35 5606/8083/35
f 5605/8103/34 5612/8104/34 5604/8085/34
f 5614/8102/35 5623/8105/35 5622/8106/35
f 5613/8107/34 5620/8108/34 5612/8104/34
f 5618/8109/37 5625/8110/37 5617/8091/37
f 5616/8111/36 5623/8112/36 5615/8093/36
f 5614/8113/36 5621/8114/36 5613/8095/36
f 5612/8104/37 5619/8115/37 5611/8096/37
f 5618/8098/35 5619/8116/35 5626/8117/35
f 5616/8100/35 5625/8118/35 5624/8119/35
f 5619/8116/35 5634/8120/35 5626/8117/35
f 5625/8118/35 5632/8121/35 5624/8119/35
f 5622/8106/35 5631/8122/35 5630/8123/35
f 5621/8124/34 5628/8125/34 5620/8108/34
f 5626/8126/37 5633/8127/37 5625/8110/37
f 5624/8128/36 5631/8129/36 5623/8112/36
f 5622/8130/36 5629/8131/36 5621/8114/36
f 5620/8108/37 5627/8132/37 5619/8115/37
f 5660/8133/36 5640/8134/36 5659/8135/36
f 5648/8136/36 5661/8137/36 5647/8138/36
f 5644/8139/37 5653/8140/37 5643/8141/37
f 5636/8142/37 5651/8143/37 5635/8144/37
f 5657/8145/34 5644/8139/34 5650/8146/34
f 5646/8147/35 5662/8148/35 5648/8149/35
f 5654/8150/37 5656/8151/37 5653/8140/37
f 5637/8152/36 5659/8135/36 5638/8153/36
f 5647/8154/34 5660/8155/34 5637/8156/34
f 5803/8157/3 5810/8158/3 5813/8159/3
f 5661/8160/34 5639/8161/34 5660/8155/34
f 5649/8162/36 5657/8163/36 5650/8164/36
f 5643/8165/35 5652/8166/35 5636/8167/35
f 5638/8168/35 5658/8169/35 5649/8170/35
f 5645/8171/37 5665/8172/37 5646/8173/37
f 5651/8143/34 5670/8174/34 5666/8175/34
f 5635/8144/34 5666/8175/34 5645/8171/34
f 5658/8176/36 5642/8177/36 5657/8163/36
f 5652/8178/37 5664/8179/37 5651/8143/37
f 5665/8180/35 5668/8181/35 5662/8148/35
f 5657/8145/34 5655/8182/34 5654/8150/34
f 5662/8183/36 5667/8184/36 5661/8137/36
f 5653/8185/35 5663/8186/35 5652/8166/35
f 5659/8187/35 5641/8188/35 5658/8169/35
f 5666/8175/37 5669/8189/37 5665/8172/37
f 5656/8190/35 5672/8191/35 5663/8186/35
f 5655/8182/37 5673/8192/37 5656/8151/37
f 5639/8193/36 5677/8194/36 5640/8134/36
f 5640/8195/35 5676/8196/35 5641/8188/35
f 5667/8197/34 5678/8198/34 5639/8161/34
f 5641/8199/36 5675/8200/36 5642/8177/36
f 5663/8201/37 5671/8202/37 5664/8179/37
f 5669/8203/35 5680/8204/35 5668/8181/35
f 5664/8179/34 5682/8205/34 5670/8174/34
f 5642/8206/34 5674/8207/34 5655/8182/34
f 5670/8174/37 5681/8208/37 5669/8189/37
f 5668/8209/36 5679/8210/36 5667/8184/36
f 5673/8211/35 5684/8212/35 5672/8191/35
f 5680/8213/36 5691/8214/36 5679/8210/36
f 5677/8215/35 5688/8216/35 5676/8196/35
f 5674/8207/37 5685/8217/37 5673/8192/37
f 5681/8218/35 5692/8219/35 5680/8204/35
f 5678/8220/36 5689/8221/36 5677/8194/36
f 5675/8222/34 5686/8223/34 5674/8207/34
f 5682/8205/37 5693/8224/37 5681/8208/37
f 5672/8225/37 5683/8226/37 5671/8202/37
f 5678/8198/34 5691/8227/34 5690/8228/34
f 5676/8229/36 5687/8230/36 5675/8200/36
f 5682/8205/34 5683/8226/34 5694/8231/34
f 5683/8226/34 5706/8232/34 5694/8231/34
f 5684/8212/35 5697/8233/35 5696/8234/35
f 5692/8235/36 5703/8236/36 5691/8214/36
f 5689/8237/35 5700/8238/35 5688/8216/35
f 5686/8223/37 5697/8239/37 5685/8217/37
f 5692/8219/35 5705/8240/35 5704/8241/35
f 5690/8242/36 5701/8243/36 5689/8221/36
f 5687/8244/34 5698/8245/34 5686/8223/34
f 5694/8231/37 5705/8246/37 5693/8224/37
f 5684/8247/37 5695/8248/37 5683/8226/37
f 5691/8227/34 5702/8249/34 5690/8228/34
f 5688/8250/36 5699/8251/36 5687/8230/36
f 5700/8252/36 5711/8253/36 5699/8251/36
f 5695/8248/34 5718/8254/34 5706/8232/34
f 5697/8233/35 5708/8255/35 5696/8234/35
f 5704/8256/36 5715/8257/36 5703/8236/36
f 5701/8258/35 5712/8259/35 5700/8238/35
f 5698/8245/37 5709/8260/37 5697/8239/37
f 5705/8240/35 5716/8261/35 5704/8241/35
f 5702/8262/36 5713/8263/36 5701/8243/36
f 5699/8264/34 5710/8265/34 5698/8245/34
f 5706/8232/37 5717/8266/37 5705/8246/37
f 5696/8267/37 5707/8268/37 5695/8248/37
f 5703/8269/34 5714/8270/34 5702/8249/34
f 5712/8271/36 5723/8272/36 5711/8253/36
f 5707/8268/34 5730/8273/34 5718/8254/34
f 5709/8274/35 5720/8275/35 5708/8255/35
f 5716/8276/36 5727/8277/36 5715/8257/36
f 5712/8259/35 5725/8278/35 5724/8279/35
f 5710/8265/37 5721/8280/37 5709/8260/37
f 5717/8281/35 5728/8282/35 5716/8261/35
f 5714/8283/36 5725/8284/36 5713/8263/36
f 5711/8285/34 5722/8286/34 5710/8265/34
f 5718/8254/37 5729/8287/37 5717/8266/37
f 5708/8288/37 5719/8289/37 5707/8268/37
f 5715/8290/34 5726/8291/34 5714/8270/34
f 5727/8292/34 5738/8293/34 5726/8291/34
f 5724/8294/36 5735/8295/36 5723/8272/36
f 5719/8289/34 5742/8296/34 5730/8273/34
f 5721/8297/35 5732/8298/35 5720/8275/35
f 5728/8299/36 5739/8300/36 5727/8277/36
f 5725/8278/35 5736/8301/35 5724/8279/35
f 5722/8286/37 5733/8302/37 5721/8280/37
f 5729/8303/35 5740/8304/35 5728/8282/35
f 5726/8305/36 5737/8306/36 5725/8284/36
f 5723/8307/34 5734/8308/34 5722/8286/34
f 5730/8273/37 5741/8309/37 5729/8287/37
f 5720/8310/37 5731/8311/37 5719/8289/37
f 5732/8312/37 5743/8313/37 5731/8311/37
f 5739/8314/34 5750/8315/34 5738/8293/34
f 5736/8316/36 5747/8317/36 5735/8295/36
f 5731/8311/34 5754/8318/34 5742/8296/34
f 5733/8319/35 5744/8320/35 5732/8298/35
f 5740/8321/36 5751/8322/36 5739/8300/36
f 5737/8323/35 5748/8324/35 5736/8301/35
f 5734/8308/37 5745/8325/37 5733/8302/37
f 5740/8304/35 5753/8326/35 5752/8327/35
f 5738/8328/36 5749/8329/36 5737/8306/36
f 5735/8330/34 5746/8331/34 5734/8308/34
f 5742/8296/37 5753/8332/37 5741/8309/37
f 5754/8318/37 5765/8333/37 5753/8332/37
f 5744/8334/37 5755/8335/37 5743/8313/37
f 5751/8336/34 5762/8337/34 5750/8315/34
f 5748/8338/36 5759/8339/36 5747/8317/36
f 5743/8313/34 5766/8340/34 5754/8318/34
f 5745/8341/35 5756/8342/35 5744/8320/35
f 5752/8343/36 5763/8344/36 5751/8322/36
f 5749/8345/35 5760/8346/35 5748/8324/35
f 5746/8331/37 5757/8347/37 5745/8325/37
f 5752/8327/35 5765/8348/35 5764/8349/35
f 5750/8350/36 5761/8351/36 5749/8329/36
f 5747/8352/34 5758/8353/34 5746/8331/34
f 5759/8354/34 5770/8355/34 5758/8353/34
f 5766/8340/37 5777/8356/37 5765/8333/37
f 5756/8357/37 5767/8358/37 5755/8335/37
f 5763/8359/34 5774/8360/34 5762/8337/34
f 5760/8361/36 5771/8362/36 5759/8339/36
f 5755/8335/34 5778/8363/34 5766/8340/34
f 5756/8342/35 5769/8364/35 5768/8365/35
f 5764/8366/36 5775/8367/36 5763/8344/36
f 5761/8368/35 5772/8369/35 5760/8346/35
f 5758/8353/37 5769/8370/37 5757/8347/37
f 5765/8348/35 5776/8371/35 5764/8349/35
f 5762/8372/36 5773/8373/36 5761/8351/36
f 5771/8374/34 5782/8375/34 5770/8355/34
f 5778/8363/37 5789/8376/37 5777/8356/37
f 5768/8377/37 5779/8378/37 5767/8358/37
f 5775/8379/34 5786/8380/34 5774/8360/34
f 5772/8381/36 5783/8382/36 5771/8362/36
f 5767/8358/34 5790/8383/34 5778/8363/34
f 5769/8364/35 5780/8384/35 5768/8365/35
f 5776/8385/36 5787/8386/36 5775/8367/36
f 5773/8387/35 5784/8388/35 5772/8369/35
f 5770/8355/37 5781/8389/37 5769/8370/37
f 5777/8390/35 5788/8391/35 5776/8371/35
f 5774/8392/36 5785/8393/36 5773/8373/36
f 5786/8394/36 5797/8395/36 5785/8393/36
f 5783/8396/34 5794/8397/34 5782/8375/34
f 5790/8383/37 5801/8398/37 5789/8376/37
f 5780/8399/37 5791/8400/37 5779/8378/37
f 5787/8401/34 5798/8402/34 5786/8380/34
f 5784/8403/36 5795/8404/36 5783/8382/36
f 5779/8378/34 5802/8405/34 5790/8383/34
f 5781/8406/35 5792/8407/35 5780/8384/35
f 5788/8408/36 5799/8409/36 5787/8386/36
f 5784/8388/35 5797/8410/35 5796/8411/35
f 5782/8375/37 5793/8412/37 5781/8389/37
f 5788/8391/35 5801/8413/35 5800/8414/35
f 5798/8415/36 5809/8416/36 5797/8395/36
f 5795/8417/34 5806/8418/34 5794/8397/34
f 5802/8405/37 5813/8419/37 5801/8398/37
f 5792/8420/37 5803/8421/37 5791/8400/37
f 5799/8422/34 5810/8423/34 5798/8402/34
f 5796/8424/36 5807/8425/36 5795/8404/36
f 5791/8400/34 5814/8426/34 5802/8405/34
f 5793/8427/35 5804/8428/35 5792/8407/35
f 5800/8429/36 5811/8430/36 5799/8409/36
f 5797/8410/35 5808/8431/35 5796/8411/35
f 5794/8397/37 5805/8432/37 5793/8412/37
f 5801/8413/35 5812/8433/35 5800/8414/35
f 99/1/1 4/7/1 1/2/1
f 2/3/2 1/2/2 3/4/2
f 1/2/2 5/8/2 6/6/2
f 4/7/1 7/10/1 5/8/1
f 5/8/2 8/11/2 10/9/2
f 7/10/1 9/12/1 8/11/1
f 9/12/1 12/110/1 11/13/1
f 8/11/2 11/13/2 13/14/2
f 13/16/3 11/8434/3 12/8435/3
f 12/8435/3 91/8436/3 90/8437/3
f 90/8437/3 89/8438/3 81/8439/3
f 81/8439/3 80/8440/3 90/8437/3
f 80/8440/3 79/8441/3 90/8437/3
f 79/8441/3 78/8442/3 68/8443/3
f 78/8442/3 70/8444/3 68/8443/3
f 70/8444/3 69/8445/3 68/8443/3
f 68/8443/3 67/8446/3 59/8447/3
f 59/8447/3 58/8448/3 57/17/3
f 57/17/3 56/8449/3 48/8450/3
f 48/8450/3 47/8451/3 57/17/3
f 47/8451/3 46/8452/3 57/17/3
f 46/8452/3 45/8453/3 37/8454/3
f 37/8454/3 36/8455/3 46/8452/3
f 36/8455/3 35/8456/3 46/8452/3
f 35/8456/3 34/8457/3 26/8458/3
f 26/8458/3 25/8459/3 24/15/3
f 24/15/3 23/8460/3 15/8461/3
f 15/8461/3 14/8462/3 24/15/3
f 14/8462/3 13/16/3 24/15/3
f 13/16/3 12/8435/3 90/8437/3
f 68/8443/3 59/8447/3 79/8441/3
f 59/8447/3 57/17/3 79/8441/3
f 35/8456/3 26/8458/3 24/15/3
f 13/16/3 90/8437/3 57/17/3
f 90/8437/3 79/8441/3 57/17/3
f 57/17/3 46/8452/3 35/8456/3
f 35/8456/3 24/15/3 57/17/3
f 10/9/4 13/14/4 14/18/4
f 16/19/5 14/18/5 15/20/5
f 6/6/4 10/9/4 16/19/4
f 17/22/5 16/19/5 18/21/5
f 19/23/6 18/21/6 20/24/6
f 18/21/6 15/20/6 23/26/6
f 21/25/7 20/24/7 22/27/7
f 20/24/7 23/26/7 24/29/7
f 27/30/8 22/27/8 24/29/8
f 27/30/9 25/31/9 26/32/9
f 28/34/8 154/28/8 22/27/8
f 28/34/9 27/30/9 29/33/9
f 30/35/10 29/33/10 31/36/10
f 29/33/10 26/32/10 34/38/10
f 32/39/11 31/42/11 33/40/11
f 31/42/11 34/8463/11 35/43/11
f 33/40/12 35/43/12 36/44/12
f 40/46/13 38/45/13 36/44/13
f 145/41/12 33/40/12 38/45/12
f 41/49/13 39/48/13 38/45/13
f 41/49/14 40/46/14 42/50/14
f 40/46/14 37/47/14 45/52/14
f 43/51/15 42/50/15 44/53/15
f 42/50/15 45/52/15 46/55/15
f 44/53/16 46/55/16 47/56/16
f 49/57/17 47/56/17 48/58/17
f 136/54/16 44/53/16 49/57/16
f 50/60/17 49/57/17 51/59/17
f 52/61/18 51/59/18 53/62/18
f 51/59/18 48/58/18 56/64/18
f 54/63/19 53/62/19 55/65/19
f 53/62/19 56/64/19 57/67/19
f 55/65/20 57/67/20 58/68/20
f 60/69/21 58/68/21 59/70/21
f 127/66/20 55/65/20 60/69/20
f 63/73/21 61/72/21 60/69/21
f 65/74/22 63/73/22 62/71/22
f 62/71/22 59/70/22 67/76/22
f 65/77/23 64/80/23 66/78/23
f 64/80/23 67/8464/23 68/81/23
f 66/78/24 68/81/24 69/82/24
f 71/83/25 69/82/25 70/84/25
f 72/86/24 118/79/24 66/78/24
f 74/87/25 72/86/25 71/83/25
f 74/87/26 73/85/26 75/88/26
f 73/85/26 70/84/26 78/90/26
f 76/89/27 75/88/27 77/91/27
f 77/91/27 75/88/27 78/90/27
f 77/91/28 79/93/28 80/94/28
f 82/95/29 80/94/29 81/96/29
f 109/92/28 77/91/28 82/95/28
f 83/98/29 82/95/29 84/97/29
f 85/99/30 84/97/30 86/100/30
f 84/97/30 81/96/30 89/102/30
f 87/103/31 86/106/31 88/104/31
f 86/106/31 89/8465/31 90/107/31
f 88/104/32 90/107/32 91/108/32
f 92/109/33 91/108/33 12/110/33
f 94/105/32 88/104/32 92/109/32
f 93/111/33 92/109/33 9/12/33
f 96/112/32 94/105/32 93/111/32
f 95/113/33 93/111/33 7/10/33
f 98/114/32 96/112/32 95/113/32
f 97/115/33 95/113/33 4/7/33
f 100/116/31 102/8466/31 96/112/31
f 100/117/30 101/122/30 103/118/30
f 103/118/30 85/99/30 87/101/30
f 96/112/31 102/8466/31 87/103/31
f 104/120/29 83/98/29 85/99/29
f 105/121/29 104/120/29 103/118/29
f 108/123/28 106/124/28 104/120/28
f 106/124/28 109/92/28 83/98/28
f 107/125/27 76/89/27 109/92/27
f 110/126/27 107/125/27 106/124/27
f 111/127/26 113/129/26 107/125/26
f 112/128/25 114/131/25 113/129/25
f 113/129/25 114/131/25 72/86/25
f 107/125/26 113/129/26 74/87/26
f 115/130/24 118/79/24 72/86/24
f 117/132/24 115/130/24 114/131/24
f 116/133/23 65/77/23 118/79/23
f 119/134/23 116/133/23 115/130/23
f 120/135/22 122/139/22 116/136/22
f 121/138/21 123/140/21 122/139/21
f 123/140/21 61/72/21 63/73/21
f 122/139/22 63/73/22 65/74/22
f 124/141/20 127/66/20 61/72/20
f 121/138/20 126/144/20 124/141/20
f 125/142/19 54/63/19 127/66/19
f 128/143/19 125/142/19 124/141/19
f 129/145/18 131/147/18 125/142/18
f 130/146/17 132/148/17 131/147/17
f 132/148/17 50/60/17 52/61/17
f 131/147/18 52/61/18 54/63/18
f 135/149/16 133/150/16 132/148/16
f 133/150/16 136/54/16 50/60/16
f 133/150/15 134/153/15 43/51/15
f 137/151/15 134/153/15 133/150/15
f 138/152/14 140/155/14 134/153/14
f 138/152/13 139/157/13 141/154/13
f 141/154/13 39/48/13 41/49/13
f 140/155/14 41/49/14 43/51/14
f 141/154/12 142/158/12 145/41/12
f 144/156/12 142/158/12 141/154/12
f 142/158/11 143/159/11 32/39/11
f 144/156/11 146/8467/11 143/159/11
f 147/160/10 149/164/10 143/161/10
f 148/163/9 150/165/9 149/164/9
f 150/165/9 28/34/9 30/35/9
f 149/164/10 30/35/10 32/37/10
f 148/163/8 153/168/8 151/166/8
f 151/166/8 154/28/8 28/34/8
f 151/166/7 152/170/7 21/25/7
f 155/167/7 152/170/7 151/166/7
f 156/169/6 158/172/6 152/170/6
f 157/171/5 159/173/5 158/172/5
f 159/173/5 17/22/5 19/23/5
f 158/172/6 19/23/6 21/25/6
f 3/4/4 6/6/4 17/22/4
f 157/171/4 160/5/4 3/4/4
f 202/174/3 203/8468/3 204/175/3
f 164/177/34 167/8469/34 166/178/34
f 161/180/35 165/189/35 168/181/35
f 163/183/36 168/193/36 167/184/36
f 162/179/37 166/178/37 165/186/37
f 166/178/37 170/192/37 169/188/37
f 165/189/35 169/195/35 172/190/35
f 166/178/34 167/8469/34 171/191/34
f 168/193/36 172/199/36 171/194/36
f 169/195/35 173/205/35 176/196/35
f 170/192/34 171/191/34 175/197/34
f 172/199/36 176/202/36 175/200/36
f 170/192/37 174/198/37 173/201/37
f 176/202/36 180/212/36 179/203/36
f 174/198/37 178/208/37 177/204/37
f 173/205/35 177/8470/35 180/206/35
f 174/198/34 175/197/34 179/207/34
f 180/206/35 177/8470/35 181/209/35
f 179/207/34 183/215/34 182/211/34
f 180/212/36 184/217/36 183/213/36
f 178/208/37 182/211/37 181/214/37
f 183/215/34 187/226/34 186/216/34
f 184/217/36 188/221/36 187/218/36
f 182/211/37 186/216/37 185/219/37
f 181/209/35 185/8471/35 188/220/35
f 188/221/36 192/231/36 191/222/36
f 186/216/37 190/227/37 189/223/37
f 188/220/35 185/8471/35 189/224/35
f 187/226/34 191/229/34 190/227/34
f 189/224/35 193/237/35 196/228/35
f 191/229/34 195/239/34 194/230/34
f 192/231/36 196/234/36 195/232/36
f 190/227/37 194/230/37 193/233/37
f 196/234/36 200/241/36 199/235/36
f 194/230/37 198/240/37 197/236/37
f 193/237/35 197/245/35 200/238/35
f 195/239/34 199/247/34 198/240/34
f 198/240/37 202/249/37 201/244/37
f 197/245/35 201/8472/35 204/246/35
f 238/250/3 239/8473/3 240/251/3
f 208/253/34 211/266/34 210/254/34
f 207/256/35 205/8474/35 209/257/35
f 207/259/36 212/268/36 211/260/36
f 206/255/37 210/254/37 209/262/37
f 210/254/37 214/267/37 213/264/37
f 209/257/35 213/270/35 216/265/35
f 211/266/34 215/8475/34 214/267/34
f 212/268/36 216/274/36 215/269/36
f 213/270/35 217/8476/35 220/271/35
f 214/267/34 215/8475/34 219/272/34
f 216/274/36 220/277/36 219/275/36
f 214/267/37 218/273/37 217/276/37
f 220/277/36 224/286/36 223/278/36
f 218/273/37 222/282/37 221/279/37
f 220/271/35 217/8476/35 221/280/35
f 219/272/34 223/284/34 222/282/34
f 221/280/35 225/294/35 228/283/35
f 223/284/34 227/289/34 226/285/34
f 224/286/36 228/291/36 227/287/36
f 222/282/37 226/285/37 225/288/37
f 227/289/34 231/301/34 230/290/34
f 228/291/36 232/296/36 231/292/36
f 226/285/37 230/290/37 229/293/37
f 225/294/35 229/299/35 232/295/35
f 232/296/36 236/307/36 235/297/36
f 230/290/37 234/302/37 233/298/37
f 229/299/35 233/303/35 236/300/35
f 231/301/34 235/305/34 234/302/34
f 233/303/35 237/8477/35 240/304/35
f 235/305/34 239/8478/34 238/306/34
f 236/307/36 240/8479/36 239/308/36
f 234/302/37 238/306/37 237/309/37
f 266/310/3 267/8480/3 268/311/3
f 242/313/34 244/8481/34 247/314/34
f 241/316/35 245/8482/35 248/317/35
f 243/319/36 248/328/36 247/320/36
f 242/313/37 246/315/37 245/322/37
f 248/317/35 245/8482/35 249/324/35
f 246/315/34 247/314/34 251/326/34
f 248/328/36 252/332/36 251/329/36
f 246/315/37 250/327/37 249/330/37
f 251/326/34 255/341/34 254/331/34
f 252/332/36 256/336/36 255/333/36
f 250/327/37 254/331/37 253/334/37
f 249/324/35 253/339/35 256/335/35
f 256/336/36 260/347/36 259/337/36
f 254/331/37 258/342/37 257/338/37
f 253/339/35 257/343/35 260/340/35
f 255/341/34 259/345/34 258/342/34
f 257/343/35 261/353/35 264/344/35
f 259/345/34 263/355/34 262/346/34
f 260/347/36 264/350/36 263/348/36
f 258/342/37 262/346/37 261/349/37
f 264/350/36 268/8483/36 267/351/36
f 262/346/37 266/356/37 265/352/37
f 261/353/35 265/8484/35 268/354/35
f 263/355/34 267/8485/34 266/356/34
f 270/357/37 286/389/37 285/358/37
f 280/360/35 299/401/35 296/361/35
f 282/363/36 296/404/36 295/364/36
f 292/366/36 275/418/36 276/367/36
f 354/8486/3 355/8487/3 356/8488/3
f 356/8488/3 357/8489/3 359/8490/3
f 357/8489/3 358/8491/3 359/8490/3
f 354/8486/3 356/8488/3 359/8490/3
f 360/370/3 361/8492/3 362/8493/3
f 354/8486/3 359/8490/3 360/370/3
f 363/371/3 364/8494/3 353/369/3
f 353/369/3 354/8486/3 360/370/3
f 360/370/3 362/8493/3 363/371/3
f 295/372/34 301/8495/34 273/373/34
f 269/359/34 285/358/34 300/375/34
f 288/377/37 289/403/37 290/378/37
f 291/380/34 288/377/34 278/381/34
f 278/381/37 288/377/37 287/379/37
f 271/384/36 294/411/36 293/385/36
f 281/387/34 295/372/34 294/374/34
f 286/389/37 297/420/37 298/390/37
f 283/391/36 292/366/36 291/368/36
f 277/393/35 287/8496/35 286/394/35
f 272/396/35 293/408/35 292/397/35
f 279/376/37 300/375/37 299/399/37
f 299/401/35 303/8497/35 302/402/35
f 291/380/34 276/425/34 289/403/34
f 296/404/36 302/422/36 301/405/36
f 286/394/35 287/8496/35 290/406/35
f 293/408/35 274/432/35 275/409/35
f 300/375/37 304/413/37 303/410/37
f 294/411/36 273/429/36 274/412/36
f 285/358/34 298/390/34 304/413/34
f 302/402/35 303/8497/35 315/414/35
f 273/373/34 301/8495/34 313/416/34
f 275/418/36 310/444/36 309/419/36
f 297/420/37 306/441/37 305/421/37
f 302/422/36 314/449/36 313/423/36
f 304/413/37 316/427/37 315/424/37
f 276/425/34 309/438/34 308/426/34
f 298/390/34 305/421/34 316/427/34
f 290/406/35 307/447/35 306/428/35
f 273/429/36 312/436/36 311/430/36
f 289/403/37 308/426/37 307/431/37
f 274/432/35 311/451/35 310/433/35
f 308/426/37 320/439/37 319/434/37
f 315/414/35 327/8498/35 326/435/35
f 312/436/36 324/458/36 323/437/36
f 309/438/34 321/460/34 320/439/34
f 316/427/37 328/446/37 327/440/37
f 306/441/37 318/463/37 317/442/37
f 313/416/34 325/465/34 324/443/34
f 310/444/36 322/467/36 321/445/36
f 305/421/34 317/442/34 328/446/34
f 307/447/35 319/470/35 318/448/35
f 314/449/36 326/472/36 325/450/36
f 311/451/35 323/453/35 322/452/35
f 323/453/35 335/474/35 334/454/35
f 320/439/37 332/461/37 331/455/37
f 326/435/35 327/8498/35 339/456/35
f 324/458/36 336/479/36 335/459/36
f 321/460/34 333/481/34 332/461/34
f 328/446/37 340/469/37 339/462/37
f 318/463/37 330/484/37 329/464/37
f 325/465/34 337/486/34 336/466/34
f 322/467/36 334/488/36 333/468/36
f 317/442/34 329/464/34 340/469/34
f 319/470/35 331/491/35 330/471/35
f 326/472/36 338/493/36 337/473/36
f 335/474/35 347/497/35 346/475/35
f 332/461/37 344/482/37 343/476/37
f 338/457/35 339/456/35 351/477/35
f 336/479/36 348/501/36 347/480/36
f 333/481/34 345/503/34 344/482/34
f 340/469/37 352/490/37 351/483/37
f 330/484/37 342/506/37 341/485/37
f 337/486/34 349/508/34 348/487/34
f 334/488/36 346/510/36 345/489/36
f 329/464/34 341/485/34 352/490/34
f 331/491/35 343/513/35 342/492/35
f 338/493/36 350/495/36 349/494/36
f 350/495/36 362/8499/36 361/496/36
f 347/497/35 359/8500/35 358/498/35
f 344/482/37 356/504/37 355/499/37
f 351/477/35 363/8501/35 362/500/35
f 348/501/36 360/8502/36 359/502/36
f 345/503/34 357/8503/34 356/504/34
f 352/490/37 364/512/37 363/505/37
f 342/506/37 354/8504/37 353/507/37
f 349/508/34 361/8505/34 360/509/34
f 346/510/36 358/8506/36 357/511/36
f 341/485/34 353/507/34 364/512/34
f 343/513/35 355/8507/35 354/514/35
f 382/515/3 383/8508/3 384/516/3
f 368/518/34 371/531/34 370/519/34
f 365/521/35 369/8509/35 372/522/35
f 367/524/36 372/533/36 371/525/36
f 366/520/37 370/519/37 369/527/37
f 372/522/35 369/8509/35 373/529/35
f 371/531/34 375/536/34 374/532/34
f 372/533/36 376/538/36 375/534/36
f 370/519/37 374/532/37 373/535/37
f 375/536/34 379/548/34 378/537/34
f 376/538/36 380/543/36 379/539/36
f 374/532/37 378/537/37 377/540/37
f 376/530/35 373/529/35 377/541/35
f 380/543/36 384/8510/36 383/544/36
f 378/537/37 382/549/37 381/545/37
f 380/542/35 377/541/35 381/546/35
f 379/548/34 383/8511/34 382/549/34
f 386/550/34 400/574/34 399/551/34
f 385/553/37 397/596/37 408/554/37
f 388/556/34 396/8512/34 404/557/34
f 389/559/34 390/8513/34 402/560/34
f 481/562/3 482/8514/3 483/8515/3
f 484/8516/3 485/8517/3 486/8518/3
f 481/562/3 483/8515/3 484/8516/3
f 491/8519/3 492/8520/3 481/562/3
f 488/8521/3 489/8522/3 490/564/3
f 490/564/3 491/8519/3 481/562/3
f 481/562/3 484/8516/3 487/563/3
f 484/8516/3 486/8518/3 487/563/3
f 487/563/3 488/8521/3 490/564/3
f 388/565/36 403/601/36 402/566/36
f 394/568/36 407/586/36 406/569/36
f 385/571/35 391/8523/35 398/572/35
f 389/559/37 401/561/37 400/574/37
f 395/575/36 405/592/36 404/576/36
f 394/578/35 393/8524/35 408/579/35
f 392/552/37 399/551/37 398/581/37
f 387/583/35 406/599/35 405/584/35
f 407/586/36 419/606/36 418/587/36
f 401/561/37 413/595/37 412/588/37
f 403/558/34 404/557/34 416/589/34
f 408/579/35 420/610/35 419/591/35
f 405/592/36 417/614/36 416/593/36
f 399/551/34 400/574/34 412/588/34
f 402/560/34 414/8525/34 413/595/34
f 397/596/37 409/618/37 420/597/37
f 399/551/37 411/594/37 410/598/37
f 406/599/35 418/8526/35 417/600/35
f 403/601/36 415/623/36 414/602/36
f 398/572/35 410/612/35 409/603/35
f 411/594/34 412/588/34 424/604/34
f 419/606/36 431/626/36 430/607/36
f 415/590/34 416/589/34 428/608/34
f 413/595/37 425/617/37 424/604/37
f 420/610/35 432/8527/35 431/611/35
f 410/612/35 422/632/35 421/613/35
f 417/614/36 429/634/36 428/615/36
f 413/595/34 414/8525/34 426/616/34
f 409/618/37 421/638/37 432/619/37
f 411/594/37 423/605/37 422/620/37
f 417/600/35 418/8526/35 430/621/35
f 415/623/36 427/643/36 426/624/36
f 424/604/34 436/629/34 435/625/34
f 431/626/36 443/648/36 442/627/36
f 428/608/34 440/650/34 439/628/34
f 425/617/37 437/637/37 436/629/37
f 431/611/35 432/8527/35 444/630/35
f 422/632/35 434/654/35 433/633/35
f 429/634/36 441/656/36 440/635/36
f 425/617/34 426/616/34 438/636/34
f 421/638/37 433/659/37 444/639/37
f 423/605/37 435/625/37 434/640/37
f 429/622/35 430/621/35 442/641/35
f 427/643/36 439/645/36 438/644/36
f 439/645/36 451/663/36 450/646/36
f 436/629/34 448/652/34 447/647/34
f 443/648/36 455/666/36 454/649/36
f 440/650/34 452/668/34 451/651/34
f 437/637/37 449/658/37 448/652/37
f 444/630/35 456/671/35 455/653/35
f 434/654/35 446/8528/35 445/655/35
f 441/656/36 453/675/36 452/657/36
f 438/636/34 450/677/34 449/658/34
f 433/659/37 445/679/37 456/660/37
f 435/625/37 447/647/37 446/661/37
f 442/641/35 454/682/35 453/662/35
f 451/663/36 463/686/36 462/664/36
f 448/652/34 460/670/34 459/665/34
f 455/666/36 467/689/36 466/667/36
f 452/668/34 464/691/34 463/669/34
f 449/658/37 461/678/37 460/670/37
f 456/671/35 468/694/35 467/672/35
f 445/655/35 446/8528/35 458/673/35
f 453/675/36 465/697/36 464/676/36
f 450/677/34 462/699/34 461/678/34
f 445/679/37 457/701/37 468/680/37
f 447/647/37 459/665/37 458/681/37
f 454/682/35 466/684/35 465/683/35
f 466/684/35 478/8529/35 477/685/35
f 463/686/36 475/707/36 474/687/36
f 460/670/34 472/693/34 471/688/34
f 467/689/36 479/710/36 478/690/36
f 464/691/34 476/712/34 475/692/34
f 461/678/37 473/700/37 472/693/37
f 468/694/35 480/715/35 479/695/35
f 458/673/35 470/8530/35 469/696/35
f 465/697/36 477/719/36 476/698/36
f 462/699/34 474/721/34 473/700/34
f 457/701/37 469/723/37 480/702/37
f 459/665/37 471/688/37 470/703/37
f 471/688/37 483/709/37 482/704/37
f 477/685/35 478/8529/35 490/705/35
f 475/707/36 487/8531/36 486/708/36
f 472/693/34 484/714/34 483/709/34
f 479/710/36 491/8532/36 490/711/36
f 476/712/34 488/8533/34 487/713/34
f 473/700/37 485/722/37 484/714/37
f 480/715/35 492/8534/35 491/716/35
f 469/696/35 470/8530/35 482/717/35
f 477/719/36 489/8535/36 488/720/36
f 474/721/34 486/8536/34 485/722/34
f 469/723/37 481/8537/37 492/724/37
f 530/725/3 531/8538/3 532/726/3
f 496/728/34 499/8539/34 498/729/34
f 495/731/35 493/8540/35 497/732/35
f 495/734/36 500/742/36 499/735/36
f 494/730/37 498/729/37 497/737/37
f 497/732/35 501/749/35 504/739/35
f 498/729/34 499/8539/34 503/740/34
f 500/742/36 504/746/36 503/743/36
f 498/729/37 502/741/37 501/744/37
f 503/740/34 507/756/34 506/745/34
f 504/746/36 508/751/36 507/747/36
f 502/741/37 506/745/37 505/748/37
f 501/749/35 505/754/35 508/750/35
f 508/751/36 512/762/36 511/752/36
f 506/745/37 510/757/37 509/753/37
f 505/754/35 509/758/35 512/755/35
f 507/756/34 511/760/34 510/757/34
f 509/758/35 513/768/35 516/759/35
f 511/760/34 515/770/34 514/761/34
f 512/762/36 516/765/36 515/763/36
f 510/757/37 514/761/37 513/764/37
f 516/765/36 520/772/36 519/766/36
f 514/761/37 518/771/37 517/767/37
f 513/768/35 517/775/35 520/769/35
f 515/770/34 519/777/34 518/771/34
f 520/772/36 524/783/36 523/773/36
f 518/771/37 522/778/37 521/774/37
f 517/775/35 521/8541/35 524/776/35
f 519/777/34 523/781/34 522/778/34
f 524/776/35 521/8541/35 525/779/35
f 523/781/34 527/790/34 526/782/34
f 524/783/36 528/786/36 527/784/36
f 522/778/37 526/782/37 525/785/37
f 528/786/36 532/8542/36 531/787/36
f 526/782/37 530/791/37 529/788/37
f 525/779/35 529/8543/35 532/789/35
f 527/790/34 531/8544/34 530/791/34
f 535/792/35 554/829/35 553/793/35
f 540/795/37 547/811/37 546/796/37
f 538/798/34 550/845/34 549/799/34
f 541/801/35 556/840/35 555/802/35
f 605/804/3 606/8545/3 607/8546/3
f 608/8547/3 609/8548/3 610/8549/3
f 605/804/3 607/8546/3 608/8547/3
f 615/8550/3 616/8551/3 605/804/3
f 612/8552/3 613/8553/3 614/806/3
f 614/806/3 615/8550/3 605/804/3
f 605/804/3 608/8547/3 611/805/3
f 608/8547/3 610/8549/3 611/805/3
f 611/805/3 612/8552/3 614/806/3
f 533/807/37 545/847/37 556/808/37
f 540/795/34 534/824/34 548/810/34
f 536/812/34 544/8554/34 552/813/34
f 536/815/36 551/833/36 550/816/36
f 542/818/36 555/835/36 554/819/36
f 539/821/35 546/831/35 545/822/35
f 537/800/37 549/799/37 548/810/37
f 543/825/36 553/843/36 552/826/36
f 547/811/37 559/842/37 558/828/37
f 554/829/35 566/850/35 565/830/35
f 546/831/35 558/862/35 557/832/35
f 551/833/36 563/852/36 562/834/36
f 555/835/36 567/856/36 566/836/36
f 551/814/34 552/813/34 564/837/34
f 549/799/37 561/846/37 560/839/37
f 556/840/35 568/860/35 567/841/35
f 547/811/34 548/810/34 560/839/34
f 553/843/36 565/864/36 564/844/36
f 550/845/34 562/866/34 561/846/34
f 545/847/37 557/868/37 568/848/37
f 559/842/37 571/855/37 570/849/37
f 566/850/35 578/873/35 577/851/35
f 563/852/36 575/875/36 574/853/36
f 559/842/34 560/839/34 572/854/34
f 567/856/36 579/879/36 578/857/36
f 563/838/34 564/837/34 576/858/34
f 561/846/37 573/867/37 572/854/37
f 568/860/35 580/883/35 579/861/35
f 558/862/35 570/885/35 569/863/35
f 565/864/36 577/887/36 576/865/36
f 562/866/34 574/8555/34 573/867/34
f 557/868/37 569/870/37 580/869/37
f 569/870/37 581/893/37 592/871/37
f 571/855/37 583/878/37 582/872/37
f 578/873/35 590/896/35 589/874/35
f 575/875/36 587/898/36 586/876/36
f 571/855/34 572/854/34 584/877/34
f 579/879/36 591/901/36 590/880/36
f 575/859/34 576/858/34 588/881/34
f 573/867/37 585/890/37 584/877/37
f 580/883/35 592/905/35 591/884/35
f 570/885/35 582/907/35 581/886/35
f 577/887/36 589/909/36 588/888/36
f 573/867/34 574/8555/34 586/889/34
f 585/890/34 586/889/34 598/891/34
f 581/893/37 593/913/37 604/894/37
f 583/878/37 595/900/37 594/895/37
f 590/896/35 602/916/35 601/897/35
f 587/898/36 599/918/36 598/899/36
f 584/877/34 596/904/34 595/900/34
f 591/901/36 603/921/36 602/902/36
f 588/881/34 600/923/34 599/903/34
f 585/890/37 597/892/37 596/904/37
f 592/905/35 604/926/35 603/906/35
f 582/907/35 594/928/35 593/908/35
f 589/909/36 601/930/36 600/910/36
f 597/892/34 598/891/34 610/911/34
f 593/913/37 605/8556/37 616/914/37
f 595/900/37 607/920/37 606/915/37
f 602/916/35 614/8557/35 613/917/35
f 599/918/36 611/8558/36 610/919/36
f 596/904/34 608/925/34 607/920/34
f 603/921/36 615/8559/36 614/922/36
f 600/923/34 612/8560/34 611/924/34
f 597/892/37 609/912/37 608/925/37
f 604/926/35 616/8561/35 615/927/35
f 594/928/35 606/8562/35 605/929/35
f 601/930/36 613/8563/36 612/931/36
f 1066/8564/3 1017/8565/3 1018/8566/3
f 1018/8566/3 1019/8567/3 1066/8564/3
f 1019/8567/3 1020/933/3 1066/8564/3
f 1020/933/3 1021/8568/3 1022/8569/3
f 1022/8569/3 1023/8570/3 1024/8571/3
f 1024/8571/3 1025/8572/3 1028/8573/3
f 1025/8572/3 1026/8574/3 1028/8573/3
f 1026/8574/3 1027/8575/3 1028/8573/3
f 1028/8573/3 1029/8576/201 1030/8577/3
f 1030/8577/3 1031/8578/3 1028/8573/3
f 1031/8578/3 1032/8579/3 1028/8573/3
f 1032/8579/3 1033/8580/3 1034/8581/3
f 1034/8581/3 1035/8582/3 1032/8579/3
f 1035/8582/3 1036/934/3 1032/8579/3
f 1036/934/3 1037/8583/3 1038/8584/3
f 1038/8584/3 1039/8585/3 1040/8586/3
f 1040/8586/3 1041/8587/3 1042/8588/3
f 1042/8588/3 1043/8589/3 1044/8590/3
f 1044/8590/3 1045/8591/3 1046/8592/3
f 1046/8592/3 1047/8593/3 1048/8594/3
f 1048/8594/3 1049/8595/3 1052/8596/3
f 1049/8595/3 1050/8597/3 1052/8596/3
f 1050/8597/3 1051/8598/3 1052/8596/3
f 1052/8596/3 1053/8599/202 1054/8600/3
f 1054/8600/3 1055/8601/202 1056/8602/3
f 1056/8602/3 1057/8603/3 1060/932/3
f 1057/8603/3 1058/8604/3 1060/932/3
f 1058/8604/3 1059/8605/3 1060/932/3
f 1060/932/3 1061/8606/3 1064/8607/3
f 1061/8606/3 1062/8608/3 1064/8607/3
f 1062/8608/3 1063/8609/3 1064/8607/3
f 1064/8607/3 1065/8610/3 1020/933/3
f 1065/8610/3 1066/8564/3 1020/933/3
f 1020/933/3 1022/8569/3 1028/8573/3
f 1022/8569/3 1024/8571/3 1028/8573/3
f 1036/934/3 1038/8584/3 1044/8590/3
f 1038/8584/3 1040/8586/3 1044/8590/3
f 1040/8586/3 1042/8588/3 1044/8590/3
f 1044/8590/3 1046/8592/3 1048/8594/3
f 1052/8596/3 1054/8600/3 1060/932/3
f 1054/8600/3 1056/8602/3 1060/932/3
f 1028/8573/3 1032/8579/3 1036/934/3
f 1044/8590/3 1048/8594/3 1036/934/3
f 1048/8594/3 1052/8596/3 1036/934/3
f 1060/932/3 1064/8607/3 1020/933/3
f 1020/933/3 1028/8573/3 1036/934/3
f 1052/8596/3 1060/932/3 1036/934/3
f 644/935/38 694/948/38 693/936/38
f 631/938/39 681/950/39 680/939/39
f 658/941/40 708/952/40 707/942/40
f 618/944/41 668/954/41 667/945/41
f 645/947/42 695/956/42 694/948/42
f 632/949/43 682/958/43 681/950/43
f 659/951/44 709/960/44 708/952/44
f 619/953/45 669/962/45 668/954/45
f 646/955/46 696/964/46 695/956/46
f 632/949/47 633/966/47 683/957/47
f 660/959/48 710/968/48 709/960/48
f 620/961/49 670/970/49 669/962/49
f 647/963/50 697/972/50 696/964/50
f 634/965/51 684/974/86 683/957/51
f 661/967/52 711/976/52 710/968/52
f 621/969/53 671/978/53 670/970/53
f 648/971/54 698/980/54 697/972/54
f 635/973/55 685/982/55 684/974/55
f 661/967/56 662/984/56 712/975/56
f 622/977/57 672/986/57 671/978/57
f 649/979/58 699/988/58 698/980/58
f 635/973/59 636/8611/59 686/981/59
f 663/983/60 713/993/60 712/975/60
f 622/977/61 623/8612/61 673/985/61
f 650/987/62 700/998/62 699/988/62
f 637/989/63 687/1000/63 686/990/63
f 664/992/64 714/1002/64 713/993/64
f 624/994/65 674/1004/65 673/995/65
f 651/997/66 701/1006/66 700/998/66
f 638/999/67 688/1008/67 687/1000/67
f 665/1001/68 715/1010/68 714/1002/68
f 625/1003/69 675/1012/69 674/1004/69
f 652/1005/70 702/1014/70 701/1006/70
f 639/1007/71 689/1016/71 688/1008/71
f 666/1009/72 716/1017/72 715/1010/72
f 626/1011/73 676/1019/73 675/1012/73
f 653/1013/74 703/1021/74 702/1014/74
f 640/1015/75 690/1023/75 689/1016/75
f 617/946/76 667/945/76 716/1017/76
f 627/1018/77 677/1025/77 676/1019/77
f 654/1020/78 704/1027/78 703/1021/78
f 641/1022/79 691/1029/79 690/1023/79
f 628/1024/80 678/1031/80 677/1025/80
f 655/1026/34 705/1070/34 704/1027/34
f 642/1028/81 692/1035/81 691/1029/81
f 629/1030/82 679/1036/82 678/1031/82
f 656/1032/83 706/1037/83 705/1033/83
f 643/937/84 693/936/84 692/1035/84
f 630/940/35 680/939/35 679/1036/35
f 657/943/85 707/942/85 706/1037/85
f 684/974/86 734/1042/51 733/1038/51
f 711/976/52 761/1043/52 760/1039/52
f 671/978/53 721/1044/53 720/1040/53
f 698/980/54 748/1045/54 747/1041/54
f 685/982/55 735/1047/55 734/1042/55
f 712/975/56 762/1048/56 761/1043/56
f 672/986/57 722/1050/57 721/1044/57
f 699/988/58 749/1051/58 748/1045/58
f 685/982/59 686/981/59 736/1046/59
f 713/993/60 763/1053/60 762/1048/60
f 672/986/61 673/985/61 723/1049/61
f 700/998/62 750/1055/62 749/1051/62
f 687/1000/63 737/1056/63 736/1052/63
f 714/1002/64 764/1057/64 763/1053/64
f 674/1004/65 724/1058/65 723/1054/65
f 701/1006/66 751/1059/66 750/1055/66
f 688/1008/67 738/1060/67 737/1056/67
f 715/1010/68 765/1061/68 764/1057/68
f 675/1012/69 725/1062/69 724/1058/69
f 702/1014/70 752/1063/70 751/1059/70
f 689/1016/71 739/1064/71 738/1060/71
f 716/1017/72 766/1065/72 765/1061/72
f 676/1019/73 726/1066/73 725/1062/73
f 703/1021/74 753/1067/74 752/1063/74
f 690/1023/75 740/1068/75 739/1064/75
f 667/945/76 717/1081/76 766/1065/76
f 677/1025/77 727/1069/77 726/1066/77
f 704/1027/78 754/1071/78 753/1067/78
f 691/1029/79 741/1072/79 740/1068/79
f 678/1031/80 728/1073/80 727/1069/80
f 705/1070/34 755/1092/34 754/1071/34
f 692/1035/81 742/1075/81 741/1072/81
f 679/1036/82 729/1076/82 728/1073/82
f 706/1037/83 756/1077/83 755/1074/83
f 693/936/84 743/1078/84 742/1075/84
f 680/939/35 730/1079/35 729/1076/35
f 707/942/85 757/1080/85 756/1077/85
f 694/948/38 744/1082/38 743/1078/38
f 681/950/39 731/1083/39 730/1079/39
f 708/952/40 758/1084/40 757/1080/40
f 668/954/41 718/1085/41 717/1081/41
f 695/956/42 745/1086/42 744/1082/42
f 682/958/43 732/1087/43 731/1083/43
f 709/960/44 759/1088/44 758/1084/44
f 669/962/45 719/1089/45 718/1085/45
f 696/964/46 746/1090/46 745/1086/46
f 683/957/47 733/1038/47 732/1087/47
f 710/968/48 760/1039/48 759/1088/48
f 670/970/49 720/1040/49 719/1089/49
f 697/972/50 747/1041/50 746/1090/50
f 728/1073/80 778/1095/80 777/1091/80
f 755/1092/34 805/1171/34 804/1093/34
f 742/1075/81 792/1097/81 791/1094/81
f 729/1076/82 779/1099/82 778/1095/82
f 756/1077/83 806/1100/83 805/1096/83
f 743/1078/84 793/1101/84 792/1097/84
f 729/1076/35 730/1079/35 780/1098/35
f 757/1080/85 807/1102/85 806/1100/85
f 744/1082/38 794/1104/38 793/1101/38
f 731/1083/39 781/1105/39 780/1098/39
f 758/1084/40 808/1107/40 807/1102/40
f 718/1085/41 768/1108/41 767/1103/41
f 745/1086/42 795/1109/42 794/1104/42
f 732/1087/43 782/1110/43 781/1105/43
f 758/1084/44 759/1088/44 809/1106/44
f 719/1089/45 769/1111/45 768/1108/45
f 746/1090/46 796/1112/46 795/1109/46
f 733/1038/47 783/1113/47 782/1110/47
f 760/1039/48 810/1114/48 809/1106/48
f 720/1040/49 770/1115/49 769/1111/49
f 747/1041/50 797/1116/50 796/1112/50
f 734/1042/51 784/1117/51 783/1113/51
f 761/1043/52 811/1118/87 810/1114/87
f 721/1044/53 771/1119/53 770/1115/53
f 748/1045/54 798/1120/54 797/1116/54
f 735/1047/55 785/1121/55 784/1117/55
f 762/1048/56 812/1122/56 811/1118/56
f 722/1050/57 772/1123/57 771/1119/57
f 749/1051/58 799/1124/58 798/1120/58
f 736/1046/59 786/1146/59 785/1121/59
f 763/1053/60 813/1126/60 812/1122/60
f 723/1049/61 773/1149/61 772/1123/61
f 750/1055/62 800/1129/62 799/1124/62
f 737/1056/63 787/1130/63 786/1125/63
f 764/1057/64 814/1131/64 813/1126/64
f 724/1058/65 774/1132/65 773/1127/65
f 750/1055/66 751/1059/66 801/1128/66
f 738/1060/67 788/1133/67 787/1130/67
f 765/1061/68 815/1134/68 814/1131/68
f 725/1062/69 775/1135/69 774/1132/69
f 752/1063/70 802/1136/70 801/1128/70
f 739/1064/71 789/1137/71 788/1133/71
f 766/1065/72 816/1138/72 815/1134/72
f 726/1066/73 776/1139/73 775/1135/73
f 753/1067/74 803/1140/74 802/1136/74
f 740/1068/75 790/1141/75 789/1137/75
f 717/1081/76 767/1103/76 816/1138/76
f 726/1066/77 727/1069/77 777/1091/77
f 754/1071/78 804/1093/78 803/1140/78
f 741/1072/79 791/1094/79 790/1141/79
f 785/1121/55 835/1147/55 834/1142/55
f 812/1122/56 862/1148/56 861/1143/56
f 772/1123/57 822/1150/57 821/1144/57
f 799/1124/58 849/1151/58 848/1145/58
f 786/1146/59 836/1221/59 835/1147/59
f 813/1126/60 863/1153/60 862/1148/60
f 773/1149/61 823/8613/61 822/1150/61
f 800/1129/62 850/1155/62 849/1151/62
f 787/1130/63 837/1156/63 836/1152/63
f 814/1131/64 864/1157/64 863/1153/64
f 774/1132/65 824/1158/65 823/1154/65
f 801/1128/66 851/1159/66 850/1155/66
f 788/1133/67 838/1160/67 837/1156/67
f 815/1134/68 865/1162/68 864/1157/68
f 775/1135/69 825/1163/69 824/1158/69
f 802/1136/70 852/1164/70 851/1159/70
f 789/1137/71 839/1165/71 838/1160/71
f 815/1134/72 816/1138/72 866/1161/72
f 776/1139/73 826/1166/73 825/1163/73
f 803/1140/74 853/1167/74 852/1164/74
f 790/1141/75 840/1168/75 839/1165/75
f 767/1103/76 817/1182/76 866/1161/76
f 777/1091/77 827/1170/77 826/1166/77
f 804/1093/78 854/1172/78 853/1167/78
f 791/1094/79 841/1173/79 840/1168/79
f 777/1091/80 778/1095/80 828/1169/80
f 805/1171/34 855/1245/34 854/1172/34
f 792/1097/81 842/1175/81 841/1173/81
f 779/1099/82 829/1177/82 828/1169/82
f 806/1100/83 856/1178/83 855/1174/83
f 793/1101/84 843/1180/84 842/1175/84
f 779/1099/35 780/1098/35 830/1176/35
f 807/1102/85 857/1181/85 856/1178/85
f 793/1101/38 794/1104/38 844/1179/38
f 781/1105/39 831/1184/39 830/1176/39
f 808/1107/40 858/1186/40 857/1181/40
f 768/1108/41 818/1187/41 817/1182/41
f 795/1109/42 845/1188/42 844/1179/42
f 781/1105/43 782/1110/43 832/1183/43
f 808/1107/44 809/1106/44 859/1185/44
f 769/1111/45 819/1189/45 818/1187/45
f 796/1112/46 846/1190/46 845/1188/46
f 783/1113/47 833/1191/47 832/1183/47
f 810/1114/48 860/1192/48 859/1185/48
f 770/1115/49 820/1193/49 819/1189/49
f 797/1116/50 847/1194/50 846/1190/50
f 784/1117/51 834/1142/51 833/1191/51
f 811/1118/87 861/1143/52 860/1192/52
f 771/1119/53 821/1144/53 820/1193/53
f 798/1120/54 848/1145/54 847/1194/54
f 829/1177/82 879/1198/82 878/1195/82
f 856/1178/83 906/1199/83 905/1196/83
f 843/1180/84 893/1201/84 892/1197/84
f 830/1176/35 880/1202/35 879/1198/35
f 857/1181/85 907/1203/85 906/1199/85
f 843/1180/38 844/1179/38 894/1200/38
f 831/1184/39 881/1205/39 880/1202/39
f 858/1186/40 908/1206/40 907/1203/40
f 818/1187/41 868/1207/41 867/1204/41
f 845/1188/42 895/1208/42 894/1200/42
f 832/1183/43 882/1209/43 881/1205/43
f 859/1185/44 909/1210/44 908/1206/44
f 819/1189/45 869/1211/45 868/1207/45
f 846/1190/46 896/1212/46 895/1208/46
f 833/1191/47 883/1213/47 882/1209/47
f 860/1192/48 910/1214/48 909/1210/48
f 820/1193/49 870/1215/49 869/1211/49
f 847/1194/50 897/1216/50 896/1212/50
f 834/1142/51 884/1217/51 883/1213/51
f 861/1143/52 911/1218/52 910/1214/52
f 821/1144/53 871/1219/53 870/1215/53
f 848/1145/54 898/1220/54 897/1216/54
f 835/1147/55 885/1222/55 884/1217/55
f 862/1148/56 912/1223/56 911/1218/56
f 822/1150/57 872/1225/57 871/1219/57
f 849/1151/58 899/1226/58 898/1220/58
f 836/1221/59 886/1248/59 885/1222/59
f 863/1153/60 913/1228/60 912/1223/60
f 822/1150/61 823/8613/61 873/1224/61
f 850/1155/62 900/1230/62 899/1226/62
f 837/1156/63 887/1231/63 886/1227/63
f 864/1157/64 914/1232/64 913/1228/64
f 824/1158/65 874/1234/65 873/1229/65
f 851/1159/66 901/1235/66 900/1230/66
f 838/1160/67 888/1237/67 887/1231/67
f 865/1162/68 915/1239/68 914/1232/68
f 824/1158/69 825/1163/69 875/1233/69
f 852/1164/70 902/1240/70 901/1235/70
f 838/1160/71 839/1165/71 889/1236/71
f 865/1162/72 866/1161/72 916/1238/72
f 826/1166/73 876/1241/73 875/1233/73
f 853/1167/74 903/1242/74 902/1240/74
f 840/1168/75 890/1243/75 889/1236/75
f 817/1182/76 867/1204/76 916/1238/76
f 827/1170/77 877/1244/77 876/1241/77
f 854/1172/78 904/1246/78 903/1242/78
f 841/1173/79 891/1247/79 890/1243/79
f 828/1169/80 878/1195/80 877/1244/80
f 855/1245/34 905/1271/34 904/1246/34
f 842/1175/81 892/1197/81 891/1247/81
f 886/1248/59 936/1323/59 935/1249/59
f 913/1228/60 963/1254/60 962/1250/60
f 873/1224/61 923/1326/61 922/1251/61
f 900/1230/62 950/1256/62 949/1252/62
f 887/1231/63 937/1257/63 936/1253/63
f 914/1232/64 964/1258/64 963/1254/64
f 874/1234/65 924/1259/65 923/1255/65
f 901/1235/66 951/1260/66 950/1256/66
f 888/1237/67 938/1261/67 937/1257/67
f 915/1239/68 965/1263/68 964/1258/68
f 875/1233/69 925/1264/69 924/1259/69
f 902/1240/70 952/1265/70 951/1260/70
f 889/1236/71 939/1266/71 938/1261/71
f 915/1239/72 916/1238/72 966/1262/72
f 876/1241/73 926/1267/73 925/1264/73
f 903/1242/74 953/1268/74 952/1265/74
f 890/1243/75 940/1269/75 939/1266/75
f 867/1204/76 917/1283/76 966/1262/76
f 877/1244/77 927/1270/77 926/1267/77
f 904/1246/78 954/1272/78 953/1268/78
f 891/1247/79 941/1273/79 940/1269/79
f 878/1195/80 928/1275/80 927/1270/80
f 905/1271/34 955/1347/34 954/1272/34
f 892/1197/81 942/1277/81 941/1273/81
f 878/1195/82 879/1198/82 929/1274/82
f 906/1199/83 956/1278/83 955/1276/83
f 893/1201/84 943/1280/84 942/1277/84
f 880/1202/35 930/1281/35 929/1274/35
f 907/1203/85 957/1282/85 956/1278/85
f 893/1201/38 894/1200/38 944/1279/38
f 881/1205/39 931/1284/39 930/1281/39
f 908/1206/40 958/1285/40 957/1282/40
f 868/1207/41 918/1286/41 917/1283/41
f 895/1208/42 945/1287/42 944/1279/42
f 882/1209/43 932/1288/43 931/1284/43
f 909/1210/44 959/1289/44 958/1285/44
f 869/1211/45 919/1290/45 918/1286/45
f 896/1212/46 946/1291/46 945/1287/46
f 883/1213/47 933/1292/47 932/1288/47
f 910/1214/48 960/1293/48 959/1289/48
f 870/1215/49 920/1294/49 919/1290/49
f 897/1216/50 947/1295/50 946/1291/50
f 884/1217/51 934/1296/51 933/1292/51
f 911/1218/52 961/1297/52 960/1293/52
f 871/1219/53 921/1298/53 920/1294/53
f 898/1220/54 948/1299/54 947/1295/54
f 885/1222/55 935/1249/55 934/1296/55
f 912/1223/56 962/1250/56 961/1297/56
f 872/1225/57 922/1251/57 921/1298/57
f 899/1226/58 949/1252/58 948/1299/58
f 930/1281/35 980/1304/35 979/1300/35
f 957/1282/85 1007/1305/85 1006/1301/85
f 943/1280/38 944/1279/38 994/1302/38
f 931/1284/39 981/1308/39 980/1304/39
f 958/1285/40 1008/1309/40 1007/1305/40
f 918/1286/41 968/1310/41 967/1306/41
f 945/1287/42 995/1311/42 994/1302/42
f 931/1284/43 932/1288/43 982/1307/43
f 959/1289/44 1009/1312/44 1008/1309/44
f 919/1290/45 969/1313/45 968/1310/45
f 946/1291/46 996/1314/46 995/1311/46
f 933/1292/47 983/1315/47 982/1307/47
f 960/1293/48 1010/1316/48 1009/1312/48
f 920/1294/49 970/1317/49 969/1313/49
f 947/1295/50 997/1318/50 996/1314/50
f 934/1296/51 984/1319/51 983/1315/51
f 961/1297/52 1011/1320/52 1010/1316/52
f 921/1298/53 971/1321/53 970/1317/53
f 948/1299/54 998/1322/54 997/1318/54
f 935/1249/55 985/1324/55 984/1319/55
f 962/1250/56 1012/1325/56 1011/1320/56
f 922/1251/57 972/1327/57 971/1321/57
f 949/1252/58 999/1328/58 998/1322/58
f 936/1323/59 986/1400/59 985/1324/59
f 963/1254/60 1013/1330/60 1012/1325/60
f 923/1326/61 973/1403/61 972/1327/61
f 950/1256/62 1000/1332/62 999/1328/62
f 937/1257/63 987/1333/63 986/1329/63
f 964/1258/64 1014/1334/64 1013/1330/64
f 924/1259/65 974/1336/65 973/1331/65
f 951/1260/66 1001/1337/66 1000/1332/66
f 938/1261/67 988/1338/67 987/1333/67
f 965/1263/68 1015/1340/68 1014/1334/68
f 924/1259/69 925/1264/69 975/1335/69
f 952/1265/70 1002/1341/70 1001/1337/70
f 939/1266/71 989/1342/71 988/1338/71
f 965/1263/72 966/1262/72 1016/1339/72
f 926/1267/73 976/1343/73 975/1335/73
f 953/1268/74 1003/1344/74 1002/1341/74
f 940/1269/75 990/1345/75 989/1342/75
f 917/1283/76 967/1306/76 1016/1339/76
f 927/1270/77 977/1346/77 976/1343/77
f 954/1272/78 1004/1348/78 1003/1344/78
f 941/1273/79 991/1349/79 990/1345/79
f 928/1275/80 978/1350/80 977/1346/80
f 955/1347/34 1005/1371/34 1004/1348/34
f 942/1277/81 992/1352/81 991/1349/81
f 928/1275/82 929/1274/82 979/1300/82
f 956/1278/83 1006/1301/83 1005/1351/83
f 943/1280/84 993/1303/84 992/1352/84
f 987/1333/63 1037/1357/63 1036/1353/63
f 1014/1334/64 1064/1358/64 1063/1354/64
f 974/1336/65 1024/1359/65 1023/1355/65
f 1001/1337/66 1051/1360/66 1050/1356/66
f 988/1338/67 1038/1361/67 1037/1357/67
f 1015/1340/68 1065/1363/68 1064/1358/68
f 975/1335/69 1025/1364/69 1024/1359/69
f 1002/1341/70 1052/1365/70 1051/1360/70
f 989/1342/71 1039/1366/71 1038/1361/71
f 1015/1340/72 1016/1339/72 1066/1362/72
f 976/1343/73 1026/1367/73 1025/1364/73
f 1003/1344/74 1053/1368/74 1052/1365/74
f 990/1345/75 1040/1369/75 1039/1366/75
f 967/1306/76 1017/1383/76 1066/1362/76
f 977/1346/77 1027/1370/77 1026/1367/77
f 1004/1348/78 1054/1372/78 1053/1368/78
f 991/1349/79 1041/1373/79 1040/1369/79
f 978/1350/80 1028/1374/80 1027/1370/80
f 1005/1371/34 1055/8614/34 1054/1372/34
f 992/1352/81 1042/1376/81 1041/1373/81
f 979/1300/82 1029/1377/82 1028/1374/82
f 1006/1301/83 1056/1378/83 1055/1375/83
f 993/1303/84 1043/1380/84 1042/1376/84
f 980/1304/35 1030/1381/35 1029/1377/35
f 1007/1305/85 1057/1382/85 1056/1378/85
f 993/1303/38 994/1302/38 1044/1379/38
f 981/1308/39 1031/1384/39 1030/1381/39
f 1008/1309/40 1058/1385/40 1057/1382/40
f 968/1310/41 1018/1386/41 1017/1383/41
f 995/1311/42 1045/1387/42 1044/1379/42
f 982/1307/43 1032/1388/43 1031/1384/43
f 1009/1312/44 1059/1389/203 1058/1385/44
f 969/1313/45 1019/1390/45 1018/1386/45
f 996/1314/46 1046/1391/46 1045/1387/46
f 983/1315/47 1033/1392/47 1032/1388/47
f 1010/1316/48 1060/1393/48 1059/1389/48
f 970/1317/49 1020/1394/49 1019/1390/49
f 997/1318/50 1047/1395/50 1046/1391/50
f 984/1319/51 1034/1396/51 1033/1392/51
f 1011/1320/52 1061/1397/87 1060/1393/52
f 971/1321/53 1021/1398/53 1020/1394/53
f 998/1322/54 1048/1399/54 1047/1395/54
f 985/1324/55 1035/1401/55 1034/1396/55
f 1012/1325/56 1062/1402/56 1061/1397/56
f 972/1327/57 1022/1404/57 1021/1398/57
f 999/1328/58 1049/1405/58 1048/1399/58
f 986/1400/59 1036/8615/59 1035/1401/59
f 1013/1330/60 1063/1354/60 1062/1402/60
f 973/1403/61 1023/8616/61 1022/1404/61
f 1000/1332/62 1050/1356/62 1049/1405/62
f 1069/1406/36 1090/1455/36 1089/1407/36
f 1067/1409/35 1079/1460/35 1090/1410/35
f 1138/8617/3 1127/8618/3 1128/8619/3
f 1128/8619/3 1129/8620/3 1130/8621/3
f 1131/1412/3 1132/8622/3 1133/8623/3
f 1128/8619/3 1130/8621/3 1131/1412/3
f 1137/1414/3 1138/8617/3 1128/8619/3
f 1135/8624/3 1136/8625/3 1137/1414/3
f 1131/1412/3 1133/8623/3 1134/1413/3
f 1134/1413/3 1135/8624/3 1137/1414/3
f 1137/1414/3 1128/8619/3 1131/1412/3
f 1074/1415/34 1072/1425/34 1083/1416/34
f 1071/1418/37 1080/1444/37 1079/1419/37
f 1078/1421/36 1088/1442/36 1087/1422/36
f 1068/1424/37 1084/1433/37 1083/1416/37
f 1073/1426/35 1081/1457/35 1080/1427/35
f 1076/1429/35 1089/1449/35 1088/1430/35
f 1070/1432/34 1085/1446/34 1084/1433/34
f 1075/1434/36 1086/1451/36 1085/1435/36
f 1074/1415/37 1082/1417/37 1081/1437/37
f 1075/1439/34 1077/8626/34 1087/1440/34
f 1088/1442/36 1100/1464/36 1099/1443/36
f 1080/1444/37 1092/1477/37 1091/1445/37
f 1085/1446/34 1097/1466/34 1096/1447/34
f 1082/1417/37 1094/1454/37 1093/1448/37
f 1089/1449/35 1101/1469/35 1100/1450/35
f 1086/1451/36 1098/1471/36 1097/1452/36
f 1082/1417/34 1083/1416/34 1095/1453/34
f 1090/1455/36 1102/1475/36 1101/1456/36
f 1081/1457/35 1093/1462/35 1092/1458/35
f 1087/1440/34 1099/1479/34 1098/1459/34
f 1084/1433/37 1096/1447/37 1095/1453/37
f 1079/1460/35 1091/1481/35 1102/1461/35
f 1093/1462/35 1105/8627/35 1104/1463/35
f 1100/1464/36 1112/1487/36 1111/1465/36
f 1097/1466/34 1109/1489/34 1108/1467/34
f 1094/1454/37 1106/1474/37 1105/1468/37
f 1101/1469/35 1113/1492/35 1112/1470/35
f 1098/1471/36 1110/1494/36 1109/1472/36
f 1094/1454/34 1095/1453/34 1107/1473/34
f 1102/1475/36 1114/1498/36 1113/1476/36
f 1092/1477/37 1104/1500/37 1103/1478/37
f 1099/1479/34 1111/8628/34 1110/1480/34
f 1096/1447/37 1108/1467/37 1107/1473/37
f 1091/1481/35 1103/8629/35 1114/1482/35
f 1114/1482/35 1103/8629/35 1115/1483/35
f 1104/1463/35 1105/8627/35 1117/1485/35
f 1112/1487/36 1124/1507/36 1123/1488/36
f 1109/1489/34 1121/1509/34 1120/1490/34
f 1106/1474/37 1118/1497/37 1117/1491/37
f 1113/1492/35 1125/1512/35 1124/1493/35
f 1110/1494/36 1122/1514/36 1121/1495/36
f 1106/1474/34 1107/1473/34 1119/1496/34
f 1114/1498/36 1126/1517/36 1125/1499/36
f 1104/1500/37 1116/1519/37 1115/1501/37
f 1110/1480/34 1111/8628/34 1123/1502/34
f 1108/1467/37 1120/1490/37 1119/1496/37
f 1120/1490/37 1132/1510/37 1131/1504/37
f 1115/1483/35 1127/8630/35 1138/1505/35
f 1117/1485/35 1129/8631/35 1128/1506/35
f 1124/1507/36 1136/8632/36 1135/1508/36
f 1121/1509/34 1133/8633/34 1132/1510/34
f 1118/1497/37 1130/1516/37 1129/1511/37
f 1125/1512/35 1137/8634/35 1136/1513/35
f 1122/1514/36 1134/8635/36 1133/1515/36
f 1118/1497/34 1119/1496/34 1131/1504/34
f 1126/1517/36 1138/8636/36 1137/1518/36
f 1116/1519/37 1128/8637/37 1127/1520/37
f 1122/1503/34 1123/1502/34 1135/1521/34
f 1160/1523/3 1161/8638/3 1162/1524/3
f 1140/1526/37 1144/1530/37 1143/1527/37
f 1142/1529/34 1145/1541/34 1144/1530/34
f 1141/1531/35 1139/8639/35 1143/1532/35
f 1141/1534/36 1146/1537/36 1145/1535/36
f 1146/1537/36 1150/1548/36 1149/1538/36
f 1144/1530/37 1148/1542/37 1147/1539/37
f 1143/1532/35 1147/1544/35 1150/1540/35
f 1145/1541/34 1149/1546/34 1148/1542/34
f 1148/1542/37 1152/1547/37 1151/1543/37
f 1147/1544/35 1151/8640/35 1154/1545/35
f 1149/1546/34 1153/1552/34 1152/1547/34
f 1150/1548/36 1154/1554/36 1153/1549/36
f 1154/1545/35 1151/8640/35 1155/1550/35
f 1153/1552/34 1157/1562/34 1156/1553/34
f 1154/1554/36 1158/1557/36 1157/1555/36
f 1152/1547/37 1156/1553/37 1155/1556/37
f 1158/1557/36 1162/8641/36 1161/1558/36
f 1156/1553/37 1160/1563/37 1159/1559/37
f 1158/1551/35 1155/1550/35 1159/1560/35
f 1157/1562/34 1161/8642/34 1160/1563/34
f 1180/1564/3 1181/8643/3 1182/1565/3
f 1164/1567/37 1168/1571/37 1167/1568/37
f 1166/1570/34 1169/1583/34 1168/1571/34
f 1163/1572/35 1167/1581/35 1170/1573/35
f 1165/1575/36 1170/1578/36 1169/1576/36
f 1170/1578/36 1174/1590/36 1173/1579/36
f 1168/1571/37 1172/1584/37 1171/1580/37
f 1167/1581/35 1171/8644/35 1174/1582/35
f 1169/1583/34 1173/1588/34 1172/1584/34
f 1172/1584/37 1176/1589/37 1175/1585/37
f 1174/1582/35 1171/8644/35 1175/1586/35
f 1173/1588/34 1177/1593/34 1176/1589/34
f 1174/1590/36 1178/1595/36 1177/1591/36
f 1175/1586/35 1179/8645/35 1182/1592/35
f 1177/1593/34 1181/8646/34 1180/1594/34
f 1178/1595/36 1182/8647/36 1181/1596/36
f 1176/1589/37 1180/1594/37 1179/1597/37
f 1212/1598/3 1213/8648/3 1214/1599/3
f 1184/1601/37 1188/1605/37 1187/1602/37
f 1186/1604/34 1189/1617/34 1188/1605/34
f 1183/1606/35 1187/8649/35 1190/1607/35
f 1185/1609/36 1190/1612/36 1189/1610/36
f 1190/1612/36 1194/1624/36 1193/1613/36
f 1188/1605/37 1192/1618/37 1191/1614/37
f 1190/1607/35 1187/8649/35 1191/1615/35
f 1189/1617/34 1193/1622/34 1192/1618/34
f 1192/1618/37 1196/1623/37 1195/1619/37
f 1194/1616/35 1191/1615/35 1195/1620/35
f 1193/1622/34 1197/1627/34 1196/1623/34
f 1194/1624/36 1198/1629/36 1197/1625/36
f 1195/1620/35 1199/8650/35 1202/1626/35
f 1197/1627/34 1201/1637/34 1200/1628/34
f 1198/1629/36 1202/1632/36 1201/1630/36
f 1196/1623/37 1200/1628/37 1199/1631/37
f 1202/1632/36 1206/1643/36 1205/1633/36
f 1200/1628/37 1204/1638/37 1203/1634/37
f 1202/1626/35 1199/8650/35 1203/1635/35
f 1201/1637/34 1205/1641/34 1204/1638/34
f 1206/1636/35 1203/1635/35 1207/1639/35
f 1205/1641/34 1209/1646/34 1208/1642/34
f 1206/1643/36 1210/1648/36 1209/1644/36
f 1204/1638/37 1208/1642/37 1207/1645/37
f 1209/1646/34 1213/8651/34 1212/1647/34
f 1210/1648/36 1214/8652/36 1213/1649/36
f 1208/1642/37 1212/1647/37 1211/1650/37
f 1207/1639/35 1211/8653/35 1214/1651/35
f 1217/1652/35 1236/1689/35 1235/1653/35
f 1222/1655/37 1229/1671/37 1228/1656/37
f 1220/1658/34 1232/8654/34 1231/1659/34
f 1323/1661/3 1324/8655/3 1325/8656/3
f 1326/8657/3 1327/8658/3 1328/8659/3
f 1323/1661/3 1325/8656/3 1326/8657/3
f 1333/8660/3 1334/8661/3 1323/1661/3
f 1330/8662/3 1331/8663/3 1332/1663/3
f 1332/1663/3 1333/8660/3 1323/1661/3
f 1323/1661/3 1326/8657/3 1329/1662/3
f 1326/8657/3 1328/8659/3 1329/1662/3
f 1329/1662/3 1330/8662/3 1332/1663/3
f 1223/1664/35 1238/1700/35 1237/1665/35
f 1215/1667/37 1227/1707/37 1238/1668/37
f 1216/1670/34 1230/1684/34 1229/1671/34
f 1218/1672/34 1226/8664/34 1234/1673/34
f 1218/1675/36 1233/1693/36 1232/1676/36
f 1224/1678/36 1237/1695/36 1236/1679/36
f 1221/1681/35 1228/1691/35 1227/1682/35
f 1219/1660/37 1231/1659/37 1230/1684/37
f 1225/1685/36 1235/1703/36 1234/1686/36
f 1229/1671/37 1241/1702/37 1240/1688/37
f 1236/1689/35 1248/8665/35 1247/1690/35
f 1228/1691/35 1240/1721/35 1239/1692/35
f 1233/1693/36 1245/1712/36 1244/1694/36
f 1237/1695/36 1249/1715/36 1248/1696/36
f 1233/1674/34 1234/1673/34 1246/1697/34
f 1231/1659/37 1243/1706/37 1242/1699/37
f 1238/1700/35 1250/8666/35 1249/1701/35
f 1229/1671/34 1230/1684/34 1242/1699/34
f 1235/1703/36 1247/1723/36 1246/1704/36
f 1231/1659/34 1232/8654/34 1244/1705/34
f 1227/1707/37 1239/1726/37 1250/1708/37
f 1241/1702/37 1253/1714/37 1252/1709/37
f 1247/1690/35 1248/8665/35 1260/1710/35
f 1245/1712/36 1257/1732/36 1256/1713/36
f 1242/1699/34 1254/1718/34 1253/1714/34
f 1249/1715/36 1261/1735/36 1260/1716/36
f 1246/1697/34 1258/1737/34 1257/1717/34
f 1243/1706/37 1255/1725/37 1254/1718/37
f 1249/1701/35 1250/8666/35 1262/1719/35
f 1240/1721/35 1252/1741/35 1251/1722/35
f 1247/1723/36 1259/1743/36 1258/1724/36
f 1244/1705/34 1256/8667/34 1255/1725/34
f 1239/1726/37 1251/1728/37 1262/1727/37
f 1251/1728/37 1263/1748/37 1274/1729/37
f 1253/1714/37 1265/1734/37 1264/1730/37
f 1260/1710/35 1272/1751/35 1271/1731/35
f 1257/1732/36 1269/1753/36 1268/1733/36
f 1254/1718/34 1266/1739/34 1265/1734/34
f 1261/1735/36 1273/1756/36 1272/1736/36
f 1258/1737/34 1270/1758/34 1269/1738/34
f 1255/1725/37 1267/1746/37 1266/1739/37
f 1262/1719/35 1274/1761/35 1273/1740/35
f 1252/1741/35 1264/1763/35 1263/1742/35
f 1259/1743/36 1271/1765/36 1270/1744/36
f 1255/1725/34 1256/8667/34 1268/1745/34
f 1268/1745/34 1280/1767/34 1279/1747/34
f 1263/1748/37 1275/1769/37 1286/1749/37
f 1265/1734/37 1277/1755/37 1276/1750/37
f 1272/1751/35 1284/8668/35 1283/1752/35
f 1269/1753/36 1281/1774/36 1280/1754/36
f 1266/1739/34 1278/1760/34 1277/1755/34
f 1273/1756/36 1285/1777/36 1284/1757/36
f 1270/1758/34 1282/1779/34 1281/1759/34
f 1267/1746/37 1279/1747/37 1278/1760/37
f 1274/1761/35 1286/8669/35 1285/1762/35
f 1264/1763/35 1276/8670/35 1275/1764/35
f 1271/1765/36 1283/1786/36 1282/1766/36
f 1280/1767/34 1292/1790/34 1291/1768/34
f 1275/1769/37 1287/1792/37 1298/1770/37
f 1277/1755/37 1289/1776/37 1288/1771/37
f 1283/1752/35 1284/8668/35 1296/1772/35
f 1281/1774/36 1293/1797/36 1292/1775/36
f 1278/1760/34 1290/1781/34 1289/1776/34
f 1285/1777/36 1297/1800/36 1296/1778/36
f 1282/1779/34 1294/1802/34 1293/1780/34
f 1279/1747/37 1291/1768/37 1290/1781/37
f 1285/1762/35 1286/8669/35 1298/1782/35
f 1275/1764/35 1276/8670/35 1288/1784/35
f 1283/1786/36 1295/1788/36 1294/1787/36
f 1295/1788/36 1307/1810/36 1306/1789/36
f 1292/1790/34 1304/1812/34 1303/1791/34
f 1287/1792/37 1299/1814/37 1310/1793/37
f 1289/1776/37 1301/1799/37 1300/1794/37
f 1295/1773/35 1296/1772/35 1308/1795/35
f 1293/1797/36 1305/1818/36 1304/1798/36
f 1290/1781/34 1302/1804/34 1301/1799/34
f 1297/1800/36 1309/1821/36 1308/1801/36
f 1294/1802/34 1306/1823/34 1305/1803/34
f 1291/1768/37 1303/1791/37 1302/1804/37
f 1297/1783/35 1298/1782/35 1310/1805/35
f 1287/1785/35 1288/1784/35 1300/1807/35
f 1300/1807/35 1312/8671/35 1311/1809/35
f 1307/1810/36 1319/1831/36 1318/1811/36
f 1304/1812/34 1316/1833/34 1315/1813/34
f 1299/1814/37 1311/1835/37 1322/1815/37
f 1301/1799/37 1313/1820/37 1312/1816/37
f 1308/1795/35 1320/1838/35 1319/1817/35
f 1305/1818/36 1317/1840/36 1316/1819/36
f 1302/1804/34 1314/1825/34 1313/1820/34
f 1309/1821/36 1321/1843/36 1320/1822/36
f 1306/1823/34 1318/1845/34 1317/1824/34
f 1303/1791/37 1315/1813/37 1314/1825/37
f 1310/1805/35 1322/1827/35 1321/1826/35
f 1322/1827/35 1334/8672/35 1333/1828/35
f 1311/1809/35 1312/8671/35 1324/1829/35
f 1319/1831/36 1331/8673/36 1330/1832/36
f 1316/1833/34 1328/8674/34 1327/1834/34
f 1311/1835/37 1323/8675/37 1334/1836/37
f 1313/1820/37 1325/1842/37 1324/1837/37
f 1320/1838/35 1332/8676/35 1331/1839/35
f 1317/1840/36 1329/8677/36 1328/1841/36
f 1314/1825/34 1326/1847/34 1325/1842/34
f 1321/1843/36 1333/8678/36 1332/1844/36
f 1318/1845/34 1330/8679/34 1329/1846/34
f 1315/1813/37 1327/1834/37 1326/1847/37
f 1376/1848/3 1377/8680/3 1378/1849/3
f 1338/1851/34 1341/1867/34 1340/1852/34
f 1335/1854/35 1339/1865/35 1342/1855/35
f 1337/1857/36 1342/1862/36 1341/1858/36
f 1336/1853/37 1340/1852/37 1339/1860/37
f 1342/1862/36 1346/1873/36 1345/1863/36
f 1340/1852/37 1344/1868/37 1343/1864/37
f 1339/1865/35 1343/1869/35 1346/1866/35
f 1341/1867/34 1345/1871/34 1344/1868/34
f 1343/1869/35 1347/1879/35 1350/1870/35
f 1345/1871/34 1349/1881/34 1348/1872/34
f 1346/1873/36 1350/1876/36 1349/1874/36
f 1344/1868/37 1348/1872/37 1347/1875/37
f 1350/1876/36 1354/1888/36 1353/1877/36
f 1348/1872/37 1352/1882/37 1351/1878/37
f 1347/1879/35 1351/1884/35 1354/1880/35
f 1349/1881/34 1353/8681/34 1352/1882/34
f 1352/1882/37 1356/1887/37 1355/1883/37
f 1351/1884/35 1355/1890/35 1358/1885/35
f 1352/1882/34 1353/8681/34 1357/1886/34
f 1354/1888/36 1358/1894/36 1357/1889/36
f 1355/1890/35 1359/1900/35 1362/1891/35
f 1356/1887/34 1357/1886/34 1361/1892/34
f 1358/1894/36 1362/1897/36 1361/1895/36
f 1356/1887/37 1360/1893/37 1359/1896/37
f 1362/1897/36 1366/1907/36 1365/1898/36
f 1360/1893/37 1364/1902/37 1363/1899/37
f 1359/1900/35 1363/8682/35 1366/1901/35
f 1361/1892/34 1365/1905/34 1364/1902/34
f 1366/1901/35 1363/8682/35 1367/1903/35
f 1365/1905/34 1369/8683/34 1368/1906/34
f 1366/1907/36 1370/1912/36 1369/1908/36
f 1364/1902/37 1368/1906/37 1367/1909/37
f 1368/1906/34 1369/8683/34 1373/1910/34
f 1370/1912/36 1374/1916/36 1373/1913/36
f 1368/1906/37 1372/1911/37 1371/1914/37
f 1367/1903/35 1371/1919/35 1374/1915/35
f 1374/1916/36 1378/8684/36 1377/1917/36
f 1372/1911/37 1376/1922/37 1375/1918/37
f 1371/1919/35 1375/8685/35 1378/1920/35
f 1372/1911/34 1373/1910/34 1377/1921/34
f 1428/1923/3 1429/8686/3 1430/1924/3
f 1382/1926/36 1385/1942/36 1384/1927/36
f 1379/1929/37 1383/1936/37 1386/1930/37
f 1381/1932/35 1386/1937/35 1385/1933/35
f 1380/1935/34 1384/1939/34 1383/1936/34
f 1386/1937/35 1390/1947/35 1389/1938/35
f 1384/1939/34 1388/1949/34 1387/1940/34
f 1383/1936/37 1387/1940/37 1390/1941/37
f 1385/1942/36 1389/1945/36 1388/1943/36
f 1387/1940/37 1391/1950/37 1394/1944/37
f 1389/1945/36 1393/1956/36 1392/1946/36
f 1390/1947/35 1394/1951/35 1393/1948/35
f 1388/1949/34 1392/1953/34 1391/1950/34
f 1394/1951/35 1398/1963/35 1397/1952/35
f 1392/1953/34 1396/1958/34 1395/1954/34
f 1391/1950/37 1395/1954/37 1398/1955/37
f 1393/1956/36 1397/1961/36 1396/1957/36
f 1396/1958/34 1400/1970/34 1399/1959/34
f 1395/1954/37 1399/1959/37 1402/1960/37
f 1397/1961/36 1401/1966/36 1400/1962/36
f 1398/1963/35 1402/1968/35 1401/1964/35
f 1399/1959/37 1403/1971/37 1406/1965/37
f 1401/1966/36 1405/1977/36 1404/1967/36
f 1402/1968/35 1406/1972/35 1405/1969/35
f 1400/1970/34 1404/1974/34 1403/1971/34
f 1406/1972/35 1410/1982/35 1409/1973/35
f 1404/1974/34 1408/1984/34 1407/1975/34
f 1403/1971/37 1407/1975/37 1410/1976/37
f 1405/1977/36 1409/1980/36 1408/1978/36
f 1407/1975/37 1411/1985/37 1414/1979/37
f 1409/1980/36 1413/1986/36 1412/1981/36
f 1410/1982/35 1414/1988/35 1413/1983/35
f 1408/1984/34 1412/1990/34 1411/1985/34
f 1413/1986/36 1417/1998/36 1416/1987/36
f 1414/1988/35 1418/1993/35 1417/1989/35
f 1412/1990/34 1416/1995/34 1415/1991/34
f 1411/1985/37 1415/1991/37 1418/1992/37
f 1418/1993/35 1422/2004/35 1421/1994/35
f 1416/1995/34 1420/2006/34 1419/1996/34
f 1415/1991/37 1419/1996/37 1422/1997/37
f 1417/1998/36 1421/2002/36 1420/1999/36
f 1422/1997/37 1419/1996/37 1423/2000/37
f 1421/2002/36 1425/2012/36 1424/2003/36
f 1422/2004/35 1426/2007/35 1425/2005/35
f 1420/2006/34 1424/2009/34 1423/2000/34
f 1426/2007/35 1430/8687/35 1429/2008/35
f 1424/2009/34 1428/8688/34 1427/2010/34
f 1423/2000/37 1427/2010/37 1430/2011/37
f 1425/2012/36 1429/8689/36 1428/2013/36
f 1440/2014/37 1439/2036/37 1454/2015/37
f 1441/2017/35 1451/2067/35 1450/2018/35
f 1438/2020/34 1445/2053/34 1444/2021/34
f 1435/2023/34 1447/2062/34 1446/2024/34
f 1551/2026/3 1552/8690/3 1553/8691/3
f 1554/8692/3 1555/8693/3 1556/8694/3
f 1551/2026/3 1553/8691/3 1554/8692/3
f 1561/8695/3 1562/8696/3 1551/2026/3
f 1558/8697/3 1559/8698/3 1560/2028/3
f 1560/2028/3 1561/8695/3 1551/2026/3
f 1551/2026/3 1554/8692/3 1557/2027/3
f 1554/8692/3 1556/8694/3 1557/2027/3
f 1557/2027/3 1558/8697/3 1560/2028/3
f 1433/2029/37 1452/2055/37 1451/2030/37
f 1436/2032/36 1448/2050/36 1447/2033/36
f 1431/2035/34 1443/2049/34 1454/2015/34
f 1432/2037/36 1446/2069/36 1445/2038/36
f 1442/2040/36 1450/2064/36 1449/2041/36
f 1434/2043/35 1449/2058/35 1448/2044/35
f 1440/2046/35 1453/2060/35 1452/2047/35
f 1431/2035/37 1437/2022/37 1444/2021/37
f 1448/2050/36 1460/2071/36 1459/2051/36
f 1443/2049/34 1455/2057/34 1466/2052/34
f 1445/2053/34 1457/2074/34 1456/2054/34
f 1452/2055/37 1464/2076/37 1463/2056/37
f 1444/2021/37 1456/2054/37 1455/2057/37
f 1449/2058/35 1461/2078/35 1460/2059/35
f 1453/2060/35 1465/2082/35 1464/2061/35
f 1447/2062/34 1459/2086/34 1458/2063/34
f 1450/2064/36 1462/8699/36 1461/2065/36
f 1454/2015/37 1466/2052/37 1465/2066/37
f 1451/2067/35 1463/2090/35 1462/2068/35
f 1446/2069/36 1458/2080/36 1457/2070/36
f 1460/2071/36 1472/2094/36 1471/2072/36
f 1455/2057/34 1467/2089/34 1478/2073/34
f 1457/2074/34 1469/2097/34 1468/2075/34
f 1464/2076/37 1476/2099/37 1475/2077/37
f 1461/2078/35 1473/2101/35 1472/2079/35
f 1458/2080/36 1470/2103/36 1469/2081/36
f 1465/2082/35 1477/2105/35 1476/2083/35
f 1461/2065/36 1462/8699/36 1474/2084/36
f 1459/2086/34 1471/2108/34 1470/2087/34
f 1465/2066/37 1466/2052/37 1478/2073/37
f 1455/2057/37 1456/2054/37 1468/2075/37
f 1463/2090/35 1475/2092/35 1474/2091/35
f 1475/2092/35 1487/2113/35 1486/2093/35
f 1472/2094/36 1484/2115/36 1483/2095/36
f 1467/2089/34 1479/2111/34 1490/2096/34
f 1469/2097/34 1481/2118/34 1480/2098/34
f 1476/2099/37 1488/2120/37 1487/2100/37
f 1473/2101/35 1485/2122/35 1484/2102/35
f 1470/2103/36 1482/2124/36 1481/2104/36
f 1477/2105/35 1489/2126/35 1488/2106/35
f 1474/2084/36 1486/2128/36 1485/2107/36
f 1471/2108/34 1483/2130/34 1482/2109/34
f 1478/2073/37 1490/2096/37 1489/2110/37
f 1468/2075/37 1480/2098/37 1479/2111/37
f 1480/2098/37 1492/2119/37 1491/2112/37
f 1487/2113/35 1499/2135/35 1498/2114/35
f 1484/2115/36 1496/2137/36 1495/2116/36
f 1479/2111/34 1491/2112/34 1502/2117/34
f 1481/2118/34 1493/2140/34 1492/2119/34
f 1488/2120/37 1500/2142/37 1499/2121/37
f 1485/2122/35 1497/2144/35 1496/2123/35
f 1482/2124/36 1494/2146/36 1493/2125/36
f 1489/2126/35 1501/2148/35 1500/2127/35
f 1486/2128/36 1498/2150/36 1497/2129/36
f 1483/2130/34 1495/2152/34 1494/2131/34
f 1490/2096/37 1502/2117/37 1501/2132/37
f 1502/2117/37 1514/2139/37 1513/2133/37
f 1492/2119/37 1504/2141/37 1503/2134/37
f 1499/2135/35 1511/2158/35 1510/2136/35
f 1496/2137/36 1508/2160/36 1507/2138/36
f 1491/2112/34 1503/2134/34 1514/2139/34
f 1493/2140/34 1505/2163/34 1504/2141/34
f 1500/2142/37 1512/2165/37 1511/2143/37
f 1497/2144/35 1509/2167/35 1508/2145/35
f 1494/2146/36 1506/2169/36 1505/2147/36
f 1501/2148/35 1513/2171/35 1512/2149/35
f 1498/2150/36 1510/2173/36 1509/2151/36
f 1495/2152/34 1507/2154/34 1506/2153/34
f 1507/2154/34 1519/2175/34 1518/2155/34
f 1514/2139/37 1526/2162/37 1525/2156/37
f 1504/2141/37 1516/2164/37 1515/2157/37
f 1511/2158/35 1523/2179/35 1522/2159/35
f 1508/2160/36 1520/2181/36 1519/2161/36
f 1503/2134/34 1515/2157/34 1526/2162/34
f 1505/2163/34 1517/2184/34 1516/2164/34
f 1512/2165/37 1524/2186/37 1523/2166/37
f 1509/2167/35 1521/2188/35 1520/2168/35
f 1506/2169/36 1518/2190/36 1517/2170/36
f 1513/2171/35 1525/2192/35 1524/2172/35
f 1510/2173/36 1522/2194/36 1521/2174/36
f 1519/2175/34 1531/2198/34 1530/2176/34
f 1526/2162/37 1538/2183/37 1537/2177/37
f 1516/2164/37 1528/2185/37 1527/2178/37
f 1523/2179/35 1535/2202/35 1534/2180/35
f 1520/2181/36 1532/2204/36 1531/2182/36
f 1515/2157/34 1527/2178/34 1538/2183/34
f 1517/2184/34 1529/2207/34 1528/2185/34
f 1524/2186/37 1536/2209/37 1535/2187/37
f 1521/2188/35 1533/2211/35 1532/2189/35
f 1518/2190/36 1530/2213/36 1529/2191/36
f 1525/2192/35 1537/2215/35 1536/2193/35
f 1522/2194/36 1534/2196/36 1533/2195/36
f 1534/2196/36 1546/2217/36 1545/2197/36
f 1531/2198/34 1543/2219/34 1542/2199/34
f 1538/2183/37 1550/2206/37 1549/2200/37
f 1528/2185/37 1540/2208/37 1539/2201/37
f 1535/2202/35 1547/2223/35 1546/2203/35
f 1532/2204/36 1544/2225/36 1543/2205/36
f 1527/2178/34 1539/2201/34 1550/2206/34
f 1529/2207/34 1541/2228/34 1540/2208/34
f 1536/2209/37 1548/2230/37 1547/2210/37
f 1533/2211/35 1545/2232/35 1544/2212/35
f 1530/2213/36 1542/2234/36 1541/2214/36
f 1537/2215/35 1549/2236/35 1548/2216/35
f 1546/2217/36 1558/8700/36 1557/2218/36
f 1543/2219/34 1555/8701/34 1554/2220/34
f 1550/2206/37 1562/2227/37 1561/2221/37
f 1540/2208/37 1552/2229/37 1551/2222/37
f 1547/2223/35 1559/8702/35 1558/2224/35
f 1544/2225/36 1556/8703/36 1555/2226/36
f 1539/2201/34 1551/2222/34 1562/2227/34
f 1541/2228/34 1553/8704/34 1552/2229/34
f 1548/2230/37 1560/8705/37 1559/2231/37
f 1545/2232/35 1557/8706/35 1556/2233/35
f 1542/2234/36 1554/8707/36 1553/2235/36
f 1549/2236/35 1561/8708/35 1560/2237/35
f 1572/2238/37 1582/2283/37 1581/2239/37
f 1587/2241/35 1568/2303/35 1569/2242/35
f 1565/2244/36 1588/2267/36 1587/2245/36
f 1576/2247/36 1590/2293/36 1589/2248/36
f 1648/8709/3 1649/8710/3 1650/8711/3
f 1650/8711/3 1651/8712/3 1653/8713/3
f 1651/8712/3 1652/8714/3 1653/8713/3
f 1648/8709/3 1650/8711/3 1653/8713/3
f 1654/2251/3 1655/8715/3 1656/8716/3
f 1648/8709/3 1653/8713/3 1654/2251/3
f 1657/2252/3 1658/8717/3 1647/2250/3
f 1647/2250/3 1648/8709/3 1654/2251/3
f 1654/2251/3 1656/8716/3 1657/2252/3
f 1574/2253/35 1593/2290/35 1590/2254/35
f 1564/2256/37 1580/2287/37 1579/2257/37
f 1594/2259/37 1598/2282/37 1597/2260/37
f 1575/2262/34 1589/2285/34 1588/2263/34
f 1585/2265/34 1582/2283/34 1572/2238/34
f 1588/2267/36 1567/2301/36 1568/2268/36
f 1577/2269/36 1586/2288/36 1585/2270/36
f 1571/2272/35 1581/2279/35 1580/2273/35
f 1566/2275/35 1587/2241/35 1586/2243/35
f 1573/2277/37 1594/2259/37 1593/2261/37
f 1573/2277/34 1563/2258/34 1579/2257/34
f 1581/2279/35 1584/2298/35 1591/2280/35
f 1594/2259/34 1579/2257/34 1592/2281/34
f 1582/2283/37 1583/2292/37 1584/2284/37
f 1589/2285/34 1595/2308/34 1567/2286/34
f 1580/2287/37 1591/2310/37 1592/2281/37
f 1586/2288/36 1569/2306/36 1570/2289/36
f 1593/2290/35 1597/8718/35 1596/2291/35
f 1585/2265/34 1570/2314/34 1583/2292/34
f 1590/2293/36 1596/2296/36 1595/2294/36
f 1592/2281/34 1599/2311/34 1610/2295/34
f 1596/2296/36 1608/2323/36 1607/2297/36
f 1584/2298/35 1601/2321/35 1600/2299/35
f 1583/2292/37 1602/2315/37 1601/2300/37
f 1567/2301/36 1606/2329/36 1605/2302/36
f 1568/2303/35 1605/2325/35 1604/2304/35
f 1598/2282/37 1610/2295/37 1609/2305/37
f 1569/2306/36 1604/2318/36 1603/2307/36
f 1595/2308/34 1607/2316/34 1606/2309/34
f 1591/2310/37 1600/2334/37 1599/2311/37
f 1596/2291/35 1597/8718/35 1609/2312/35
f 1570/2314/34 1603/2331/34 1602/2315/34
f 1607/2316/34 1619/2338/34 1618/2317/34
f 1604/2318/36 1616/2340/36 1615/2319/36
f 1599/2311/34 1611/2335/34 1622/2320/34
f 1601/2321/35 1613/2343/35 1612/2322/35
f 1608/2323/36 1620/2345/36 1619/2324/36
f 1605/2325/35 1617/2347/35 1616/2326/35
f 1602/2315/37 1614/2332/37 1613/2327/37
f 1609/2312/35 1621/2350/35 1620/2328/35
f 1606/2329/36 1618/2352/36 1617/2330/36
f 1603/2331/34 1615/2354/34 1614/2332/34
f 1610/2295/37 1622/2320/37 1621/2333/37
f 1600/2334/37 1612/2336/37 1611/2335/37
f 1612/2336/37 1624/2358/37 1623/2337/37
f 1619/2338/34 1631/2360/34 1630/2339/34
f 1616/2340/36 1628/2362/36 1627/2341/36
f 1611/2335/34 1623/2337/34 1634/2342/34
f 1613/2343/35 1625/8719/35 1624/2344/35
f 1620/2345/36 1632/2367/36 1631/2346/36
f 1617/2347/35 1629/2369/35 1628/2348/35
f 1614/2332/37 1626/2355/37 1625/2349/37
f 1621/2350/35 1633/8720/35 1632/2351/35
f 1618/2352/36 1630/2374/36 1629/2353/36
f 1615/2354/34 1627/2376/34 1626/2355/34
f 1622/2320/37 1634/2342/37 1633/2356/37
f 1634/2342/37 1646/2364/37 1645/2357/37
f 1624/2358/37 1636/2381/37 1635/2359/37
f 1631/2360/34 1643/2383/34 1642/2361/34
f 1628/2362/36 1640/2385/36 1639/2363/36
f 1623/2337/34 1635/2359/34 1646/2364/34
f 1624/2344/35 1625/8719/35 1637/2365/35
f 1632/2367/36 1644/2389/36 1643/2368/36
f 1629/2369/35 1641/2391/35 1640/2370/35
f 1626/2355/37 1638/2377/37 1637/2371/37
f 1632/2351/35 1633/8720/35 1645/2372/35
f 1630/2374/36 1642/2395/36 1641/2375/36
f 1627/2376/34 1639/2378/34 1638/2377/34
f 1639/2378/34 1651/8721/34 1650/2379/34
f 1646/2364/37 1658/2387/37 1657/2380/37
f 1636/2381/37 1648/8722/37 1647/2382/37
f 1643/2383/34 1655/8723/34 1654/2384/34
f 1640/2385/36 1652/8724/36 1651/2386/36
f 1635/2359/34 1647/2382/34 1658/2387/34
f 1637/2365/35 1649/8725/35 1648/2388/35
f 1644/2389/36 1656/8726/36 1655/2390/36
f 1641/2391/35 1653/8727/35 1652/2392/35
f 1638/2377/37 1650/2379/37 1649/2393/37
f 1645/2372/35 1657/8728/35 1656/2394/35
f 1642/2395/36 1654/8729/36 1653/2396/36
f 1712/2397/3 1713/8730/3 1714/2398/3
f 1660/2400/34 1662/8731/34 1665/2401/34
f 1659/2403/35 1663/2414/35 1666/2404/35
f 1661/2406/36 1666/2411/36 1665/2407/36
f 1660/2400/37 1664/2402/37 1663/2409/37
f 1666/2411/36 1670/2422/36 1669/2412/36
f 1664/2402/37 1668/2417/37 1667/2413/37
f 1663/2414/35 1667/2418/35 1670/2415/35
f 1664/2402/34 1665/2401/34 1669/2416/34
f 1667/2418/35 1671/2428/35 1674/2419/35
f 1668/2417/34 1669/2416/34 1673/2420/34
f 1670/2422/36 1674/2425/36 1673/2423/36
f 1668/2417/37 1672/2421/37 1671/2424/37
f 1674/2425/36 1678/2436/36 1677/2426/36
f 1672/2421/37 1676/2430/37 1675/2427/37
f 1671/2428/35 1675/2432/35 1678/2429/35
f 1673/2420/34 1677/8732/34 1676/2430/34
f 1676/2430/37 1680/2435/37 1679/2431/37
f 1675/2432/35 1679/8733/35 1682/2433/35
f 1676/2430/34 1677/8732/34 1681/2434/34
f 1678/2436/36 1682/2442/36 1681/2437/36
f 1682/2433/35 1679/8733/35 1683/2438/35
f 1680/2435/34 1681/2434/34 1685/2440/34
f 1682/2442/36 1686/2445/36 1685/2443/36
f 1680/2435/37 1684/2441/37 1683/2444/37
f 1686/2445/36 1690/2454/36 1689/2446/36
f 1684/2441/37 1688/2449/37 1687/2447/37
f 1683/2438/35 1687/2450/35 1690/2448/35
f 1685/2440/34 1689/2452/34 1688/2449/34
f 1687/2450/35 1691/2462/35 1694/2451/35
f 1689/2452/34 1693/2457/34 1692/2453/34
f 1690/2454/36 1694/2459/36 1693/2455/36
f 1688/2449/37 1692/2453/37 1691/2456/37
f 1693/2457/34 1697/2469/34 1696/2458/34
f 1694/2459/36 1698/2464/36 1697/2460/36
f 1692/2453/37 1696/2458/37 1695/2461/37
f 1691/2462/35 1695/2467/35 1698/2463/35
f 1698/2464/36 1702/2475/36 1701/2465/36
f 1696/2458/37 1700/2470/37 1699/2466/37
f 1695/2467/35 1699/2471/35 1702/2468/35
f 1697/2469/34 1701/2473/34 1700/2470/34
f 1699/2471/35 1703/2481/35 1706/2472/35
f 1701/2473/34 1705/2483/34 1704/2474/34
f 1702/2475/36 1706/2478/36 1705/2476/36
f 1700/2470/37 1704/2474/37 1703/2477/37
f 1706/2478/36 1710/2485/36 1709/2479/36
f 1704/2474/37 1708/2484/37 1707/2480/37
f 1703/2481/35 1707/2488/35 1710/2482/35
f 1705/2483/34 1709/2490/34 1708/2484/34
f 1710/2485/36 1714/8734/36 1713/2486/36
f 1708/2484/37 1712/2491/37 1711/2487/37
f 1707/2488/35 1711/8735/35 1714/2489/35
f 1709/2490/34 1713/8736/34 1712/2491/34
f 1730/2492/88 1789/2610/88 1788/2493/88
f 1770/2495/89 1829/2608/89 1828/2496/89
f 1756/2498/90 1815/2617/90 1814/2499/90
f 1769/2497/91 1828/2496/91 1827/2501/91
f 1717/2503/92 1776/2609/92 1715/2504/92
f 1729/2494/93 1788/2493/93 1787/2506/93
f 1742/2508/94 1801/2616/94 1800/2509/94
f 1755/2500/95 1814/2499/95 1813/2511/95
f 1768/2502/96 1827/2501/97 1826/2513/97
f 1728/2507/98 1787/2506/98 1786/2515/98
f 1741/2510/99 1800/2509/99 1799/2517/99
f 1754/2512/100 1813/2511/100 1812/2519/100
f 1767/2514/101 1826/2513/101 1825/2521/101
f 1726/2523/102 1727/2516/102 1786/2515/102
f 1740/2518/103 1799/2517/103 1798/2525/103
f 1753/2520/104 1812/2519/104 1811/2527/104
f 1766/2522/105 1825/2521/105 1824/2529/105
f 1726/2523/106 1785/2524/106 1784/2531/106
f 1739/2533/107 1798/2661/107 1797/2534/107
f 1752/2528/108 1811/2527/108 1810/2536/108
f 1765/2530/109 1824/2529/109 1823/2538/109
f 1725/2532/111 1784/2531/111 1783/2540/111
f 1738/2535/112 1797/2534/113 1796/2542/113
f 1751/2537/114 1810/2536/114 1809/2544/114
f 1764/2539/115 1823/2538/115 1822/2546/115
f 1724/2541/116 1783/2540/116 1782/2548/116
f 1737/2543/117 1796/2542/117 1795/2550/117
f 1750/2545/118 1809/2544/118 1808/2552/118
f 1763/2547/119 1822/2546/119 1821/2554/119
f 1716/2505/120 1715/2504/120 1834/2556/120
f 1723/2558/121 1782/2674/121 1781/2559/121
f 1736/2551/122 1795/2550/122 1794/2561/122
f 1749/2553/123 1808/2552/123 1807/2563/123
f 1762/2565/124 1821/2678/124 1820/2566/124
f 1775/2557/125 1834/2556/125 1833/2568/125
f 1721/2570/126 1722/2560/126 1781/2559/126
f 1735/2562/127 1794/2561/127 1793/2572/127
f 1748/2564/128 1807/2563/128 1806/2574/128
f 1761/2567/129 1820/2566/129 1819/2576/129
f 1774/2569/130 1833/2568/130 1832/2578/130
f 1721/2570/131 1780/2571/131 1779/2580/131
f 1733/2582/132 1734/2573/132 1793/2572/132
f 1747/2575/133 1806/2574/133 1805/2584/133
f 1760/2577/134 1819/2576/134 1818/2586/134
f 1773/2579/135 1832/2578/135 1831/2588/135
f 1720/2581/136 1779/2580/136 1778/2590/136
f 1733/2582/137 1792/2583/137 1791/2592/137
f 1746/2585/138 1805/2584/138 1804/2594/138
f 1759/2587/139 1818/2586/139 1817/2596/139
f 1772/2589/140 1831/2588/140 1830/2598/140
f 1719/2591/141 1778/2590/141 1777/2600/141
f 1732/2593/142 1791/2592/142 1790/2602/142
f 1745/2595/143 1804/2594/143 1803/2604/143
f 1758/2597/144 1817/2596/144 1816/2606/144
f 1771/2599/145 1830/2598/145 1829/2608/145
f 1718/2601/146 1777/2600/146 1776/2609/146
f 1731/2603/147 1790/2602/147 1789/2610/147
f 1744/2605/148 1803/2604/148 1802/2611/148
f 2674/8737/3 2615/8738/3 2618/8739/3
f 2615/8738/3 2616/8740/3 2618/8739/3
f 2616/8740/3 2617/8741/3 2618/8739/3
f 2618/8739/3 2619/8742/3 2620/8743/3
f 2620/8743/3 2621/8744/3 2622/8745/3
f 2622/8745/3 2623/8746/201 2624/8747/3
f 2624/8747/3 2625/8748/3 2626/8749/3
f 2626/8749/3 2627/8750/3 2630/8751/3
f 2627/8750/3 2628/8752/3 2630/8751/3
f 2628/8752/3 2629/8753/201 2630/8751/3
f 2630/8751/3 2631/8754/202 2632/8755/3
f 2632/8755/3 2633/8756/3 2630/8751/3
f 2633/8756/3 2634/8757/3 2630/8751/3
f 2634/8757/3 2635/8758/3 2636/8759/3
f 2636/8759/3 2637/8760/3 2638/2613/3
f 2638/2613/3 2639/8761/3 2640/8762/3
f 2640/8762/3 2641/8763/3 2638/2613/3
f 2641/8763/3 2642/8764/3 2638/2613/3
f 2642/8764/3 2643/8765/3 2646/8766/3
f 2643/8765/3 2644/8767/3 2646/8766/3
f 2644/8767/3 2645/8768/3 2646/8766/3
f 2646/8766/3 2647/8769/3 2648/8770/3
f 2648/8770/3 2649/8771/3 2646/8766/3
f 2649/8771/3 2650/8772/3 2646/8766/3
f 2650/8772/3 2651/8773/3 2652/8774/3
f 2652/8774/3 2653/8775/202 2654/2614/3
f 2654/2614/3 2655/8776/201 2656/8777/3
f 2656/8777/3 2657/8778/3 2658/8779/3
f 2658/8779/3 2659/8780/3 2662/8781/3
f 2659/8780/3 2660/8782/202 2662/8781/3
f 2660/8782/202 2661/8783/3 2662/8781/3
f 2662/8781/3 2663/8784/3 2666/8785/3
f 2663/8784/3 2664/8786/3 2666/8785/3
f 2664/8786/3 2665/8787/3 2666/8785/3
f 2666/8785/3 2667/8788/202 2668/8789/3
f 2668/8789/3 2669/8790/3 2670/2615/3
f 2670/2615/3 2671/8791/3 2674/8737/3
f 2671/8791/3 2672/8792/3 2674/8737/3
f 2672/8792/3 2673/8793/3 2674/8737/3
f 2618/8739/3 2620/8743/3 2674/8737/3
f 2620/8743/3 2622/8745/3 2674/8737/3
f 2622/8745/3 2624/8747/3 2630/8751/3
f 2624/8747/3 2626/8749/3 2630/8751/3
f 2634/8757/3 2636/8759/3 2630/8751/3
f 2636/8759/3 2638/2613/3 2630/8751/3
f 2650/8772/3 2652/8774/3 2646/8766/3
f 2652/8774/3 2654/2614/3 2646/8766/3
f 2654/2614/3 2656/8777/3 2662/8781/3
f 2656/8777/3 2658/8779/3 2662/8781/3
f 2666/8785/3 2668/8789/3 2662/8781/3
f 2668/8789/3 2670/2615/3 2662/8781/3
f 2638/2613/3 2642/8764/3 2646/8766/3
f 2670/2615/3 2674/8737/3 2638/2613/3
f 2674/8737/3 2622/8745/3 2638/2613/3
f 2622/8745/3 2630/8751/3 2638/2613/3
f 2638/2613/3 2646/8766/3 2654/2614/3
f 2654/2614/3 2662/8781/3 2670/2615/3
f 1743/2612/149 1802/2611/149 1801/2616/149
f 1757/2607/150 1816/2606/150 1815/2617/150
f 1781/2559/126 1841/2675/126 1840/2618/126
f 1794/2561/127 1854/2676/127 1853/2619/127
f 1807/2563/128 1867/2677/128 1866/2620/128
f 1820/2566/129 1880/2679/129 1879/2621/129
f 1833/2568/130 1893/2680/130 1892/2622/130
f 1780/2571/131 1840/2618/131 1839/2623/131
f 1793/2572/132 1853/2619/132 1852/2624/132
f 1806/2574/133 1866/2620/133 1865/2625/133
f 1819/2576/134 1879/2621/134 1878/2626/134
f 1832/2578/135 1892/2622/135 1891/2627/135
f 1779/2580/136 1839/2623/136 1838/2628/136
f 1792/2583/137 1852/2624/137 1851/2629/137
f 1805/2584/138 1865/2625/138 1864/2630/138
f 1818/2586/139 1878/2626/139 1877/2631/139
f 1831/2588/140 1891/2627/140 1890/2632/140
f 1778/2590/141 1838/2628/141 1837/2633/141
f 1791/2592/142 1851/2629/142 1850/2634/142
f 1804/2594/143 1864/2630/143 1863/2635/143
f 1817/2596/144 1877/2631/144 1876/2636/144
f 1830/2598/145 1890/2632/145 1889/2637/145
f 1777/2600/146 1837/2633/146 1836/2638/146
f 1790/2602/147 1850/2634/147 1849/2639/147
f 1803/2604/148 1863/2635/148 1862/2640/148
f 1816/2606/150 1876/2636/150 1875/2641/150
f 1829/2608/89 1889/2637/89 1888/2642/89
f 1776/2609/92 1836/2638/92 1835/2643/92
f 1789/2610/88 1849/2639/88 1848/2644/88
f 1802/2611/149 1862/2640/149 1861/2645/149
f 1815/2617/90 1875/2641/90 1874/2646/90
f 1828/2496/91 1888/2642/91 1887/2647/91
f 1788/2493/93 1848/2644/93 1847/2648/93
f 1801/2616/94 1861/2645/94 1860/2649/94
f 1814/2499/95 1874/2646/95 1873/2650/95
f 1827/2501/97 1887/2647/97 1886/2651/97
f 1787/2506/98 1847/2648/98 1846/2652/98
f 1800/2509/99 1860/2649/99 1859/2653/99
f 1813/2511/100 1873/2650/100 1872/2654/100
f 1826/2513/101 1886/2651/101 1885/2655/101
f 1786/2515/102 1846/2652/102 1845/2656/102
f 1799/2517/103 1859/2653/103 1858/2657/103
f 1812/2519/104 1872/2654/104 1871/2658/104
f 1825/2521/105 1885/2655/105 1884/2659/105
f 1785/2524/106 1845/2656/106 1844/2660/106
f 1798/2661/107 1858/2716/107 1857/2662/107
f 1811/2527/108 1871/2658/108 1870/2663/108
f 1824/2529/109 1884/2659/109 1883/2664/109
f 1784/2531/111 1844/2660/111 1843/2665/111
f 1797/2534/113 1857/2662/113 1856/2666/113
f 1810/2536/114 1870/2663/114 1869/2667/114
f 1823/2538/115 1883/2664/115 1882/2668/115
f 1783/2540/116 1843/2665/116 1842/2669/116
f 1795/2550/117 1796/2542/117 1856/2666/117
f 1809/2544/118 1869/2667/118 1868/2671/118
f 1822/2546/119 1882/2668/119 1881/2672/119
f 1715/2504/120 1835/2643/120 1894/2673/120
f 1782/2674/121 1842/2681/121 1841/2675/121
f 1795/2550/122 1855/2670/122 1854/2676/122
f 1808/2552/123 1868/2671/123 1867/2677/123
f 1821/2678/124 1881/2709/124 1880/2679/124
f 1834/2556/125 1894/2673/125 1893/2680/125
f 1842/2681/121 1902/2783/121 1901/2682/121
f 1835/2643/120 1895/2726/120 1954/2683/120
f 1869/2667/118 1929/2686/118 1928/2684/118
f 1843/2665/116 1903/2687/116 1902/2685/116
f 1870/2663/114 1930/2688/114 1929/2686/114
f 1844/2660/111 1904/2689/111 1903/2687/111
f 1871/2658/108 1931/2691/108 1930/2688/108
f 1845/2656/106 1905/2692/106 1904/2689/106
f 1871/2658/104 1872/2654/104 1932/2690/104
f 1846/2652/102 1906/2693/102 1905/2692/102
f 1873/2650/100 1933/2694/100 1932/2690/100
f 1847/2648/98 1907/2695/98 1906/2693/98
f 1874/2646/95 1934/2696/95 1933/2694/95
f 1848/2644/93 1908/2697/93 1907/2695/93
f 1875/2641/90 1935/2698/90 1934/2696/90
f 1849/2639/88 1909/2699/88 1908/2697/88
f 1876/2636/150 1936/2700/150 1935/2698/150
f 1850/2634/147 1910/2701/147 1909/2699/147
f 1877/2631/144 1937/2703/144 1936/2700/144
f 1851/2629/142 1911/2704/142 1910/2701/142
f 1877/2631/139 1878/2626/139 1938/2702/139
f 1852/2624/137 1912/2705/137 1911/2704/137
f 1879/2621/134 1939/2706/134 1938/2702/134
f 1853/2619/132 1913/2708/132 1912/2705/132
f 1880/2679/129 1940/2710/129 1939/2706/129
f 1853/2619/127 1854/2676/127 1914/2707/127
f 1881/2709/124 1941/2747/124 1940/2710/124
f 1855/2670/122 1915/2712/122 1914/2707/122
f 1882/2668/119 1942/2714/119 1941/2711/119
f 1856/2666/117 1916/2715/117 1915/2712/117
f 1882/2668/115 1883/2664/115 1943/2713/115
f 1857/2662/113 1917/2717/113 1916/2715/113
f 1884/2659/109 1944/2718/109 1943/2713/109
f 1858/2716/107 1918/2755/107 1917/2717/107
f 1885/2655/105 1945/2720/105 1944/2718/105
f 1859/2653/103 1919/2721/103 1918/2719/103
f 1886/2651/101 1946/2722/101 1945/2720/101
f 1860/2649/99 1920/2723/99 1919/2721/99
f 1887/2647/97 1947/2724/97 1946/2722/97
f 1861/2645/94 1921/2725/94 1920/2723/94
f 1888/2642/91 1948/2728/91 1947/2724/91
f 1862/2640/149 1922/2729/149 1921/2725/149
f 1836/2638/92 1896/2730/92 1895/2726/92
f 1888/2642/89 1889/2637/89 1949/2727/89
f 1863/2635/148 1923/2731/148 1922/2729/148
f 1837/2633/146 1897/2732/146 1896/2730/146
f 1890/2632/145 1950/2733/145 1949/2727/145
f 1864/2630/143 1924/2734/143 1923/2731/143
f 1838/2628/141 1898/2735/141 1897/2732/141
f 1891/2627/140 1951/2736/140 1950/2733/140
f 1865/2625/138 1925/2737/138 1924/2734/138
f 1839/2623/136 1899/2738/136 1898/2735/136
f 1892/2622/135 1952/2739/135 1951/2736/135
f 1866/2620/133 1926/2740/133 1925/2737/133
f 1840/2618/131 1900/2741/131 1899/2738/131
f 1893/2680/130 1953/2742/130 1952/2739/130
f 1867/2677/128 1927/2743/128 1926/2740/128
f 1841/2675/126 1901/2682/126 1900/2741/126
f 1894/2673/125 1954/2683/125 1953/2742/125
f 1868/2671/123 1928/2684/123 1927/2743/123
f 1913/2708/132 1973/2746/132 1972/2744/132
f 1940/2710/129 2000/2748/129 1999/2745/129
f 1914/2707/127 1974/2749/127 1973/2746/127
f 1941/2747/124 2001/2847/124 2000/2748/124
f 1915/2712/122 1975/2751/122 1974/2749/122
f 1942/2714/119 2002/2752/119 2001/2750/119
f 1916/2715/117 1976/2753/117 1975/2751/117
f 1943/2713/115 2003/2754/115 2002/2752/115
f 1917/2717/113 1977/2756/113 1976/2753/113
f 1944/2718/109 2004/2758/109 2003/2754/109
f 1918/2755/107 1978/2855/107 1977/2756/107
f 1944/2718/105 1945/2720/105 2005/2757/105
f 1919/2721/103 1979/2760/103 1978/2759/103
f 1946/2722/101 2006/2761/101 2005/2757/101
f 1920/2723/99 1980/2762/99 1979/2760/99
f 1947/2724/97 2007/2763/97 2006/2761/97
f 1921/2725/94 1981/2764/94 1980/2762/94
f 1948/2728/91 2008/2766/91 2007/2763/91
f 1922/2729/149 1982/2767/149 1981/2764/149
f 1896/2730/92 1956/2768/92 1955/2765/92
f 1949/2727/89 2009/2769/89 2008/2766/89
f 1923/2731/148 1983/2770/148 1982/2767/148
f 1897/2732/146 1957/2771/146 1956/2768/146
f 1950/2733/145 2010/2772/145 2009/2769/145
f 1924/2734/143 1984/2773/143 1983/2770/143
f 1898/2735/141 1958/2774/141 1957/2771/141
f 1951/2736/140 2011/2775/140 2010/2772/140
f 1925/2737/138 1985/2776/138 1984/2773/138
f 1899/2738/136 1959/2777/136 1958/2774/136
f 1952/2739/135 2012/2778/135 2011/2775/135
f 1926/2740/133 1986/2779/133 1985/2776/133
f 1900/2741/131 1960/2780/131 1959/2777/131
f 1953/2742/130 2013/2781/130 2012/2778/130
f 1927/2743/128 1987/2782/128 1986/2779/128
f 1901/2682/126 1961/2784/126 1960/2780/126
f 1954/2683/125 2014/2785/125 2013/2781/125
f 1928/2684/123 1988/2786/123 1987/2782/123
f 1902/2783/121 1962/2820/121 1961/2784/121
f 1895/2726/120 1955/2765/120 2014/2785/120
f 1929/2686/118 1989/2789/118 1988/2786/118
f 1902/2685/116 1903/2687/116 1963/2787/116
f 1930/2688/114 1990/2790/114 1989/2789/114
f 1904/2689/111 1964/2791/111 1963/2787/111
f 1931/2691/108 1991/2792/108 1990/2790/108
f 1905/2692/106 1965/2793/106 1964/2791/106
f 1932/2690/104 1992/2794/104 1991/2792/104
f 1906/2693/102 1966/2795/102 1965/2793/102
f 1933/2694/100 1993/2796/100 1992/2794/100
f 1907/2695/98 1967/2797/98 1966/2795/98
f 1934/2696/95 1994/2798/95 1993/2796/95
f 1908/2697/93 1968/2799/93 1967/2797/93
f 1935/2698/90 1995/2801/90 1994/2798/90
f 1909/2699/88 1969/2803/88 1968/2799/88
f 1935/2698/150 1936/2700/150 1996/2800/150
f 1909/2699/147 1910/2701/147 1970/2802/147
f 1937/2703/144 1997/2806/144 1996/2800/144
f 1910/2701/142 1911/2704/142 1971/2804/142
f 1937/2703/139 1938/2702/139 1998/2805/139
f 1911/2704/137 1912/2705/137 1972/2744/137
f 1939/2706/134 1999/2745/134 1998/2805/134
f 1984/2773/143 2044/2810/143 2043/2807/143
f 1958/2774/141 2018/2811/141 2017/2808/141
f 2011/2775/140 2071/2812/140 2070/2809/140
f 1985/2776/138 2045/2813/138 2044/2810/138
f 1959/2777/136 2019/2814/136 2018/2811/136
f 2012/2778/135 2072/2815/135 2071/2812/135
f 1986/2779/133 2046/2816/133 2045/2813/133
f 1960/2780/131 2020/2817/131 2019/2814/131
f 2013/2781/130 2073/2818/130 2072/2815/130
f 1987/2782/128 2047/2819/128 2046/2816/128
f 1961/2784/126 2021/2821/126 2020/2817/126
f 2014/2785/125 2074/2822/125 2073/2818/125
f 1988/2786/123 2048/2823/123 2047/2819/123
f 1962/2820/121 2022/8794/121 2021/2821/121
f 1955/2765/120 2015/2865/120 2074/2822/120
f 1989/2789/118 2049/2825/118 2048/2823/118
f 1963/2787/116 2023/2826/116 2022/2824/116
f 1990/2790/114 2050/2827/114 2049/2825/114
f 1964/2791/111 2024/2828/111 2023/2826/111
f 1991/2792/108 2051/2829/108 2050/2827/108
f 1965/2793/106 2025/2830/106 2024/2828/106
f 1992/2794/104 2052/2831/104 2051/2829/104
f 1966/2795/102 2026/2832/102 2025/2830/102
f 1993/2796/100 2053/2833/100 2052/2831/100
f 1967/2797/98 2027/2835/98 2026/2832/98
f 1994/2798/95 2054/2836/95 2053/2833/95
f 1967/2797/93 1968/2799/93 2028/2834/93
f 1995/2801/90 2055/2838/90 2054/2836/90
f 1969/2803/88 2029/2839/88 2028/2834/88
f 1995/2801/150 1996/2800/150 2056/2837/150
f 1970/2802/147 2030/2840/147 2029/2839/147
f 1997/2806/144 2057/2841/144 2056/2837/144
f 1971/2804/142 2031/2842/142 2030/2840/142
f 1998/2805/139 2058/2843/139 2057/2841/139
f 1972/2744/137 2032/2844/137 2031/2842/137
f 1999/2745/134 2059/2845/134 2058/2843/134
f 1973/2746/132 2033/2846/132 2032/2844/132
f 2000/2748/129 2060/2848/129 2059/2845/129
f 1974/2749/127 2034/2849/127 2033/2846/127
f 2001/2847/124 2061/2882/124 2060/2848/124
f 1975/2751/122 2035/2851/122 2034/2849/122
f 2002/2752/119 2062/2852/119 2061/2850/119
f 1976/2753/117 2036/2853/117 2035/2851/117
f 2003/2754/115 2063/2854/115 2062/2852/115
f 1977/2756/113 2037/2856/113 2036/2853/113
f 2004/2758/109 2064/2858/109 2063/2854/109
f 1978/2855/107 2038/8795/107 2037/2856/107
f 2004/2758/105 2005/2757/105 2065/2857/105
f 1979/2760/103 2039/2860/103 2038/2859/103
f 2006/2761/101 2066/2861/101 2065/2857/101
f 1980/2762/99 2040/2862/99 2039/2860/99
f 2007/2763/97 2067/2863/97 2066/2861/97
f 1981/2764/94 2041/2864/94 2040/2862/94
f 2008/2766/91 2068/2866/91 2067/2863/91
f 1982/2767/149 2042/2867/149 2041/2864/149
f 1956/2768/92 2016/2868/92 2015/2865/92
f 2009/2769/89 2069/2869/89 2068/2866/89
f 1983/2770/148 2043/2807/148 2042/2867/148
f 1957/2771/146 2017/2808/146 2016/2868/146
f 2010/2772/145 2070/2809/145 2069/2869/145
f 2055/2838/90 2115/2873/90 2114/2870/90
f 2029/2839/88 2089/2874/88 2088/2871/88
f 2055/2838/150 2056/2837/150 2116/2872/150
f 2030/2840/147 2090/2876/147 2089/2874/147
f 2057/2841/144 2117/2877/144 2116/2872/144
f 2030/2840/142 2031/2842/142 2091/2875/142
f 2058/2843/139 2118/2879/139 2117/2877/139
f 2031/2842/137 2032/2844/137 2092/2878/137
f 2059/2845/134 2119/2881/134 2118/2879/134
f 2032/2844/132 2033/2846/132 2093/2880/132
f 2060/2848/129 2120/2883/129 2119/2881/129
f 2034/2849/127 2094/2884/127 2093/2880/127
f 2061/2882/124 2121/2983/124 2120/2883/124
f 2035/2851/122 2095/2886/122 2094/2884/122
f 2062/2852/119 2122/2887/119 2121/2885/119
f 2036/2853/117 2096/2888/117 2095/2886/117
f 2063/2854/115 2123/2889/115 2122/2887/115
f 2037/2856/113 2097/2891/113 2096/2888/113
f 2064/2858/109 2124/2893/109 2123/2889/109
f 2037/2856/107 2038/8795/107 2098/2890/107
f 2064/2858/105 2065/2857/105 2125/2892/105
f 2039/2860/103 2099/2895/103 2098/2894/103
f 2066/2861/101 2126/2896/101 2125/2892/101
f 2040/2862/99 2100/2897/99 2099/2895/99
f 2067/2863/97 2127/2898/97 2126/2896/97
f 2041/2864/94 2101/2899/94 2100/2897/94
f 2068/2866/91 2128/2901/91 2127/2898/91
f 2042/2867/149 2102/2902/149 2101/2899/149
f 2016/2868/92 2076/2903/92 2075/2900/92
f 2069/2869/89 2129/2904/89 2128/2901/89
f 2043/2807/148 2103/2905/148 2102/2902/148
f 2017/2808/146 2077/2906/146 2076/2903/146
f 2070/2809/145 2130/2907/145 2129/2904/145
f 2044/2810/143 2104/2908/143 2103/2905/143
f 2018/2811/141 2078/2909/141 2077/2906/141
f 2071/2812/140 2131/2910/140 2130/2907/140
f 2045/2813/138 2105/2911/138 2104/2908/138
f 2019/2814/136 2079/2912/136 2078/2909/136
f 2072/2815/135 2132/2913/135 2131/2910/135
f 2046/2816/133 2106/2914/133 2105/2911/133
f 2020/2817/131 2080/2915/131 2079/2912/131
f 2073/2818/130 2133/2916/130 2132/2913/130
f 2047/2819/128 2107/2917/128 2106/2914/128
f 2021/2821/126 2081/2919/126 2080/2915/126
f 2074/2822/125 2134/2920/125 2133/2916/125
f 2048/2823/123 2108/2921/123 2107/2917/123
f 2021/2821/121 2022/8794/121 2082/2918/121
f 2015/2865/120 2075/2900/120 2134/2920/120
f 2049/2825/118 2109/2923/118 2108/2921/118
f 2023/2826/116 2083/2924/116 2082/2922/116
f 2050/2827/114 2110/2925/114 2109/2923/114
f 2024/2828/111 2084/2927/111 2083/2924/111
f 2051/2829/108 2111/2928/108 2110/2925/108
f 2024/2828/106 2025/2830/106 2085/2926/106
f 2052/2831/104 2112/2929/104 2111/2928/104
f 2026/2832/102 2086/2930/102 2085/2926/102
f 2053/2833/100 2113/2931/100 2112/2929/100
f 2027/2835/98 2087/2932/98 2086/2930/98
f 2054/2836/95 2114/2870/95 2113/2931/95
f 2028/2834/93 2088/2871/93 2087/2932/93
f 2126/2896/101 2186/2935/101 2185/2933/101
f 2100/2897/99 2160/2936/99 2159/2934/99
f 2127/2898/97 2187/2937/97 2186/2935/97
f 2101/2899/94 2161/2938/94 2160/2936/94
f 2128/2901/91 2188/2940/91 2187/2937/91
f 2102/2902/149 2162/2941/149 2161/2938/149
f 2076/2903/92 2136/2942/92 2135/2939/92
f 2129/2904/89 2189/2943/89 2188/2940/89
f 2103/2905/148 2163/2944/148 2162/2941/148
f 2077/2906/146 2137/2945/146 2136/2942/146
f 2130/2907/145 2190/2946/145 2189/2943/145
f 2104/2908/143 2164/2947/143 2163/2944/143
f 2078/2909/141 2138/2948/141 2137/2945/141
f 2131/2910/140 2191/2949/140 2190/2946/140
f 2105/2911/138 2165/2951/138 2164/2947/138
f 2079/2912/136 2139/2952/136 2138/2948/136
f 2132/2913/135 2192/2953/135 2191/2949/135
f 2105/2911/133 2106/2914/133 2166/2950/133
f 2080/2915/131 2140/2954/131 2139/2952/131
f 2133/2916/130 2193/2955/130 2192/2953/130
f 2107/2917/128 2167/2956/128 2166/2950/128
f 2081/2919/126 2141/2957/126 2140/2954/126
f 2134/2920/125 2194/2958/125 2193/2955/125
f 2108/2921/123 2168/2959/123 2167/2956/123
f 2082/2918/121 2142/3050/121 2141/2957/121
f 2134/2920/120 2075/2900/120 2135/2939/120
f 2109/2923/118 2169/2961/118 2168/2959/118
f 2083/2924/116 2143/2962/116 2142/2960/116
f 2110/2925/114 2170/2963/114 2169/2961/114
f 2084/2927/111 2144/2964/111 2143/2962/111
f 2111/2928/108 2171/2965/108 2170/2963/108
f 2085/2926/106 2145/2966/106 2144/2964/106
f 2112/2929/104 2172/2967/104 2171/2965/104
f 2086/2930/102 2146/2968/102 2145/2966/102
f 2113/2931/100 2173/2969/100 2172/2967/100
f 2087/2932/98 2147/2970/98 2146/2968/98
f 2114/2870/95 2174/2971/95 2173/2969/95
f 2088/2871/93 2148/2972/93 2147/2970/93
f 2115/2873/90 2175/2974/90 2174/2971/90
f 2089/2874/88 2149/2975/88 2148/2972/88
f 2115/2873/150 2116/2872/150 2176/2973/150
f 2090/2876/147 2150/2976/147 2149/2975/147
f 2117/2877/144 2177/2977/144 2176/2973/144
f 2091/2875/142 2151/2978/142 2150/2976/142
f 2118/2879/139 2178/2979/139 2177/2977/139
f 2092/2878/137 2152/2980/137 2151/2978/137
f 2119/2881/134 2179/2981/134 2178/2979/134
f 2093/2880/132 2153/2982/132 2152/2980/132
f 2120/2883/129 2180/2984/129 2179/2981/129
f 2094/2884/127 2154/2985/127 2153/2982/127
f 2121/2983/124 2181/3014/124 2180/2984/124
f 2095/2886/122 2155/2988/122 2154/2985/122
f 2122/2887/119 2182/2989/119 2181/2986/119
f 2095/2886/117 2096/2888/117 2156/2987/117
f 2123/2889/115 2183/2990/115 2182/2989/115
f 2097/2891/113 2157/2991/113 2156/2987/113
f 2124/2893/109 2184/2992/109 2183/2990/109
f 2098/2890/107 2158/3022/107 2157/2991/107
f 2124/2893/105 2125/2892/105 2185/2933/105
f 2099/2895/103 2159/2934/103 2158/2993/103
f 2171/2965/108 2231/2996/108 2230/2994/108
f 2145/2966/106 2205/2997/106 2204/2995/106
f 2172/2967/104 2232/2998/104 2231/2996/104
f 2146/2968/102 2206/2999/102 2205/2997/102
f 2173/2969/100 2233/3000/100 2232/2998/100
f 2147/2970/98 2207/3002/98 2206/2999/98
f 2174/2971/95 2234/3003/95 2233/3000/95
f 2147/2970/93 2148/2972/93 2208/3001/93
f 2175/2974/90 2235/3004/90 2234/3003/90
f 2149/2975/88 2209/3005/88 2208/3001/88
f 2176/2973/150 2236/3006/150 2235/3004/150
f 2150/2976/147 2210/3008/147 2209/3005/147
f 2177/2977/144 2237/3009/144 2236/3006/144
f 2150/2976/142 2151/2978/142 2211/3007/142
f 2178/2979/139 2238/3010/139 2237/3009/139
f 2152/2980/137 2212/3011/137 2211/3007/137
f 2179/2981/134 2239/3012/134 2238/3010/134
f 2153/2982/132 2213/3013/132 2212/3011/132
f 2180/2984/129 2240/3015/129 2239/3012/129
f 2154/2985/127 2214/3016/127 2213/3013/127
f 2181/3014/124 2241/3117/124 2240/3015/124
f 2155/2988/122 2215/3018/122 2214/3016/122
f 2182/2989/119 2242/3019/119 2241/3017/119
f 2156/2987/117 2216/3020/117 2215/3018/117
f 2183/2990/115 2243/3021/115 2242/3019/115
f 2157/2991/113 2217/3023/113 2216/3020/113
f 2184/2992/109 2244/3024/109 2243/3021/109
f 2158/3022/107 2218/3062/107 2217/3023/107
f 2185/2933/105 2245/3027/105 2244/3024/105
f 2158/2993/103 2159/2934/103 2219/3025/103
f 2186/2935/101 2246/3028/101 2245/3027/101
f 2160/2936/99 2220/3029/99 2219/3025/99
f 2187/2937/97 2247/3030/97 2246/3028/97
f 2161/2938/94 2221/3031/94 2220/3029/94
f 2188/2940/91 2248/3033/91 2247/3030/91
f 2162/2941/149 2222/3034/149 2221/3031/149
f 2136/2942/92 2196/3035/92 2195/3032/92
f 2189/2943/89 2249/3036/89 2248/3033/89
f 2163/2944/148 2223/3037/148 2222/3034/148
f 2137/2945/146 2197/3038/146 2196/3035/146
f 2190/2946/145 2250/3039/145 2249/3036/145
f 2164/2947/143 2224/3040/143 2223/3037/143
f 2138/2948/141 2198/3042/141 2197/3038/141
f 2191/2949/140 2251/3043/140 2250/3039/140
f 2165/2951/138 2225/3045/138 2224/3040/138
f 2138/2948/136 2139/2952/136 2199/3041/136
f 2192/2953/135 2252/3046/135 2251/3043/135
f 2165/2951/133 2166/2950/133 2226/3044/133
f 2140/2954/131 2200/3047/131 2199/3041/131
f 2193/2955/130 2253/3048/130 2252/3046/130
f 2167/2956/128 2227/3049/128 2226/3044/128
f 2141/2957/126 2201/3051/126 2200/3047/126
f 2194/2958/125 2254/3052/125 2253/3048/125
f 2168/2959/123 2228/3053/123 2227/3049/123
f 2142/3050/121 2202/3090/121 2201/3051/121
f 2194/2958/120 2135/2939/120 2195/3032/120
f 2169/2961/118 2229/3055/118 2228/3053/118
f 2143/2962/116 2203/3056/116 2202/3054/116
f 2170/2963/114 2230/2994/114 2229/3055/114
f 2143/2962/111 2144/2964/111 2204/2995/111
f 2242/3019/119 2302/3059/119 2301/3057/119
f 2216/3020/117 2276/3060/117 2275/3058/117
f 2243/3021/115 2303/3061/115 2302/3059/115
f 2217/3023/113 2277/3063/113 2276/3060/113
f 2244/3024/109 2304/3064/109 2303/3061/109
f 2218/3062/107 2278/3161/107 2277/3063/107
f 2245/3027/105 2305/3066/105 2304/3064/105
f 2219/3025/103 2279/3067/103 2278/3065/103
f 2246/3028/101 2306/3068/101 2305/3066/101
f 2220/3029/99 2280/3069/99 2279/3067/99
f 2247/3030/97 2307/3070/97 2306/3068/97
f 2221/3031/94 2281/3071/94 2280/3069/94
f 2248/3033/91 2308/3073/91 2307/3070/91
f 2222/3034/149 2282/3074/149 2281/3071/149
f 2196/3035/92 2256/3076/92 2255/3072/92
f 2249/3036/89 2309/3077/89 2308/3073/89
f 2223/3037/148 2283/3078/148 2282/3074/148
f 2196/3035/146 2197/3038/146 2257/3075/146
f 2250/3039/145 2310/3080/145 2309/3077/145
f 2224/3040/143 2284/3081/143 2283/3078/143
f 2197/3038/141 2198/3042/141 2258/3079/141
f 2251/3043/140 2311/3082/140 2310/3080/140
f 2225/3045/138 2285/3084/138 2284/3081/138
f 2199/3041/136 2259/3085/136 2258/3079/136
f 2252/3046/135 2312/3086/135 2311/3082/135
f 2225/3045/133 2226/3044/133 2286/3083/133
f 2200/3047/131 2260/3087/131 2259/3085/131
f 2253/3048/130 2313/3088/130 2312/3086/130
f 2227/3049/128 2287/3089/128 2286/3083/128
f 2201/3051/126 2261/3091/126 2260/3087/126
f 2254/3052/125 2314/3092/125 2313/3088/125
f 2228/3053/123 2288/3093/123 2287/3089/123
f 2202/3090/121 2262/3125/121 2261/3091/121
f 2254/3052/120 2195/3032/120 2255/3072/120
f 2229/3055/118 2289/3095/118 2288/3093/118
f 2203/3056/116 2263/3096/116 2262/3094/116
f 2230/2994/114 2290/3097/114 2289/3095/114
f 2204/2995/111 2264/3098/111 2263/3096/111
f 2231/2996/108 2291/3099/108 2290/3097/108
f 2205/2997/106 2265/3100/106 2264/3098/106
f 2232/2998/104 2292/3101/104 2291/3099/104
f 2206/2999/102 2266/3102/102 2265/3100/102
f 2233/3000/100 2293/3103/100 2292/3101/100
f 2207/3002/98 2267/3104/98 2266/3102/98
f 2234/3003/95 2294/3105/95 2293/3103/95
f 2208/3001/93 2268/3106/93 2267/3104/93
f 2235/3004/90 2295/3107/90 2294/3105/90
f 2209/3005/88 2269/3108/88 2268/3106/88
f 2236/3006/150 2296/3109/150 2295/3107/150
f 2210/3008/147 2270/3110/147 2269/3108/147
f 2237/3009/144 2297/3111/144 2296/3109/144
f 2211/3007/142 2271/3112/142 2270/3110/142
f 2238/3010/139 2298/3113/139 2297/3111/139
f 2212/3011/137 2272/3114/137 2271/3112/137
f 2239/3012/134 2299/3115/134 2298/3113/134
f 2213/3013/132 2273/3116/132 2272/3114/132
f 2240/3015/129 2300/3118/129 2299/3115/129
f 2214/3016/127 2274/3119/127 2273/3116/127
f 2241/3117/124 2301/3154/124 2300/3118/124
f 2215/3018/122 2275/3058/122 2274/3119/122
f 2313/3088/130 2373/3123/130 2372/3120/130
f 2287/3089/128 2347/3124/128 2346/3121/128
f 2261/3091/126 2321/3126/126 2320/3122/126
f 2314/3092/125 2374/3128/125 2373/3123/125
f 2288/3093/123 2348/3129/123 2347/3124/123
f 2262/3125/121 2322/3225/121 2321/3126/121
f 2314/3092/120 2255/3072/120 2315/3127/120
f 2289/3095/118 2349/3132/118 2348/3129/118
f 2262/3094/116 2263/3096/116 2323/3130/116
f 2290/3097/114 2350/3133/114 2349/3132/114
f 2264/3098/111 2324/3134/111 2323/3130/111
f 2291/3099/108 2351/3135/108 2350/3133/108
f 2265/3100/106 2325/3137/106 2324/3134/106
f 2292/3101/104 2352/3138/104 2351/3135/104
f 2265/3100/102 2266/3102/102 2326/3136/102
f 2293/3103/100 2353/3139/100 2352/3138/100
f 2267/3104/98 2327/3140/98 2326/3136/98
f 2294/3105/95 2354/3141/95 2353/3139/95
f 2268/3106/93 2328/3142/93 2327/3140/93
f 2295/3107/90 2355/3143/90 2354/3141/90
f 2269/3108/88 2329/3144/88 2328/3142/88
f 2296/3109/150 2356/3145/150 2355/3143/150
f 2270/3110/147 2330/3146/147 2329/3144/147
f 2297/3111/144 2357/3147/144 2356/3145/144
f 2271/3112/142 2331/3148/142 2330/3146/142
f 2298/3113/139 2358/3149/139 2357/3147/139
f 2272/3114/137 2332/3150/137 2331/3148/137
f 2299/3115/134 2359/3151/134 2358/3149/134
f 2273/3116/132 2333/3153/132 2332/3150/132
f 2300/3118/129 2360/3155/129 2359/3151/129
f 2273/3116/127 2274/3119/127 2334/3152/127
f 2301/3154/124 2361/3190/124 2360/3155/124
f 2275/3058/122 2335/3158/122 2334/3152/122
f 2302/3059/119 2362/3159/119 2361/3156/119
f 2275/3058/117 2276/3060/117 2336/3157/117
f 2303/3061/115 2363/3160/115 2362/3159/115
f 2277/3063/113 2337/3162/113 2336/3157/113
f 2304/3064/109 2364/3163/109 2363/3160/109
f 2278/3161/107 2338/8796/107 2337/3162/107
f 2305/3066/105 2365/3165/105 2364/3163/105
f 2279/3067/103 2339/3166/103 2338/3164/103
f 2306/3068/101 2366/3167/101 2365/3165/101
f 2280/3069/99 2340/3168/99 2339/3166/99
f 2307/3070/97 2367/3169/97 2366/3167/97
f 2281/3071/94 2341/3170/94 2340/3168/94
f 2308/3073/91 2368/3171/91 2367/3169/91
f 2282/3074/149 2342/3172/149 2341/3170/149
f 2256/3076/92 2316/3173/92 2315/3127/92
f 2309/3077/89 2369/3174/89 2368/3171/89
f 2283/3078/148 2343/3175/148 2342/3172/148
f 2257/3075/146 2317/3176/146 2316/3173/146
f 2310/3080/145 2370/3177/145 2369/3174/145
f 2284/3081/143 2344/3178/143 2343/3175/143
f 2258/3079/141 2318/3179/141 2317/3176/141
f 2311/3082/140 2371/3180/140 2370/3177/140
f 2285/3084/138 2345/3181/138 2344/3178/138
f 2259/3085/136 2319/3182/136 2318/3179/136
f 2312/3086/135 2372/3120/135 2371/3180/135
f 2285/3084/133 2286/3083/133 2346/3121/133
f 2260/3087/131 2320/3122/131 2319/3182/131
f 2358/3149/139 2418/3186/139 2417/3183/139
f 2331/3148/137 2332/3150/137 2392/3184/137
f 2359/3151/134 2419/3188/134 2418/3186/134
f 2332/3150/132 2333/3153/132 2393/3187/132
f 2360/3155/129 2420/3191/129 2419/3188/129
f 2333/3153/127 2334/3152/127 2394/3189/127
f 2361/3190/124 2421/3291/124 2420/3191/124
f 2335/3158/122 2395/3193/122 2394/3189/122
f 2362/3159/119 2422/3194/119 2421/3192/119
f 2336/3157/117 2396/3195/117 2395/3193/117
f 2363/3160/115 2423/3196/115 2422/3194/115
f 2337/3162/113 2397/3198/113 2396/3195/113
f 2364/3163/109 2424/3199/109 2423/3196/109
f 2337/3162/107 2338/8796/107 2398/3197/107
f 2365/3165/105 2425/3201/105 2424/3199/105
f 2339/3166/103 2399/3202/103 2398/3200/103
f 2366/3167/101 2426/3203/101 2425/3201/101
f 2340/3168/99 2400/3204/99 2399/3202/99
f 2367/3169/97 2427/3205/97 2426/3203/97
f 2341/3170/94 2401/3206/94 2400/3204/94
f 2368/3171/91 2428/3208/91 2427/3205/91
f 2342/3172/149 2402/3210/149 2401/3206/149
f 2316/3173/92 2376/3211/92 2375/3207/92
f 2369/3174/89 2429/3212/89 2428/3208/89
f 2342/3172/148 2343/3175/148 2403/3209/148
f 2317/3176/146 2377/3213/146 2376/3211/146
f 2370/3177/145 2430/3214/145 2429/3212/145
f 2344/3178/143 2404/3215/143 2403/3209/143
f 2318/3179/141 2378/3216/141 2377/3213/141
f 2371/3180/140 2431/3217/140 2430/3214/140
f 2345/3181/138 2405/3219/138 2404/3215/138
f 2319/3182/136 2379/3220/136 2378/3216/136
f 2372/3120/135 2432/3221/135 2431/3217/135
f 2345/3181/133 2346/3121/133 2406/3218/133
f 2320/3122/131 2380/3222/131 2379/3220/131
f 2373/3123/130 2433/3223/130 2432/3221/130
f 2347/3124/128 2407/3224/128 2406/3218/128
f 2321/3126/126 2381/3226/126 2380/3222/126
f 2374/3128/125 2434/3227/125 2433/3223/125
f 2348/3129/123 2408/3228/123 2407/3224/123
f 2322/3225/121 2382/8797/121 2381/3226/121
f 2374/3128/120 2315/3127/120 2375/3207/120
f 2349/3132/118 2409/3230/118 2408/3228/118
f 2323/3130/116 2383/3231/116 2382/3229/116
f 2350/3133/114 2410/3232/114 2409/3230/114
f 2324/3134/111 2384/3233/111 2383/3231/111
f 2351/3135/108 2411/3234/108 2410/3232/108
f 2325/3137/106 2385/3236/106 2384/3233/106
f 2352/3138/104 2412/3237/104 2411/3234/104
f 2325/3137/102 2326/3136/102 2386/3235/102
f 2353/3139/100 2413/3239/100 2412/3237/100
f 2326/3136/98 2327/3140/98 2387/3238/98
f 2354/3141/95 2414/3240/95 2413/3239/95
f 2328/3142/93 2388/3241/93 2387/3238/93
f 2355/3143/90 2415/3242/90 2414/3240/90
f 2329/3144/88 2389/3243/88 2388/3241/88
f 2356/3145/150 2416/3244/150 2415/3242/150
f 2330/3146/147 2390/3245/147 2389/3243/147
f 2357/3147/144 2417/3183/144 2416/3244/144
f 2330/3146/142 2331/3148/142 2391/3185/142
f 2429/3212/89 2489/3249/89 2488/3246/89
f 2403/3209/148 2463/3250/148 2462/3247/148
f 2377/3213/146 2437/3251/146 2436/3248/146
f 2430/3214/145 2490/3252/145 2489/3249/145
f 2404/3215/143 2464/3253/143 2463/3250/143
f 2378/3216/141 2438/3255/141 2437/3251/141
f 2431/3217/140 2491/3256/140 2490/3252/140
f 2405/3219/138 2465/3258/138 2464/3253/138
f 2378/3216/136 2379/3220/136 2439/3254/136
f 2432/3221/135 2492/3259/135 2491/3256/135
f 2405/3219/133 2406/3218/133 2466/3257/133
f 2380/3222/131 2440/3260/131 2439/3254/131
f 2433/3223/130 2493/3261/130 2492/3259/130
f 2407/3224/128 2467/3262/128 2466/3257/128
f 2381/3226/126 2441/3264/126 2440/3260/126
f 2434/3227/125 2494/3266/125 2493/3261/125
f 2408/3228/123 2468/3267/123 2467/3262/123
f 2381/3226/121 2382/8797/121 2442/3263/121
f 2434/3227/120 2375/3207/120 2435/3265/120
f 2409/3230/118 2469/3269/118 2468/3267/118
f 2383/3231/116 2443/3270/116 2442/3268/116
f 2410/3232/114 2470/3271/114 2469/3269/114
f 2384/3233/111 2444/3272/111 2443/3270/111
f 2411/3234/108 2471/3273/108 2470/3271/108
f 2385/3236/106 2445/3274/106 2444/3272/106
f 2412/3237/104 2472/3275/104 2471/3273/104
f 2386/3235/102 2446/3276/102 2445/3274/102
f 2413/3239/100 2473/3277/100 2472/3275/100
f 2387/3238/98 2447/3278/98 2446/3276/98
f 2414/3240/95 2474/3279/95 2473/3277/95
f 2388/3241/93 2448/3280/93 2447/3278/93
f 2415/3242/90 2475/3281/90 2474/3279/90
f 2389/3243/88 2449/3282/88 2448/3280/88
f 2416/3244/150 2476/3283/150 2475/3281/150
f 2390/3245/147 2450/3284/147 2449/3282/147
f 2417/3183/144 2477/3285/144 2476/3283/144
f 2391/3185/142 2451/3286/142 2450/3284/142
f 2418/3186/139 2478/3287/139 2477/3285/139
f 2392/3184/137 2452/3288/137 2451/3286/137
f 2419/3188/134 2479/3289/134 2478/3287/134
f 2393/3187/132 2453/3290/132 2452/3288/132
f 2420/3191/129 2480/3292/129 2479/3289/129
f 2394/3189/127 2454/3294/127 2453/3290/127
f 2421/3291/124 2481/3323/124 2480/3292/124
f 2394/3189/122 2395/3193/122 2455/3293/122
f 2422/3194/119 2482/3296/119 2481/3295/119
f 2396/3195/117 2456/3297/117 2455/3293/117
f 2423/3196/115 2483/3298/115 2482/3296/115
f 2397/3198/113 2457/3299/113 2456/3297/113
f 2424/3199/109 2484/3300/109 2483/3298/109
f 2398/3197/107 2458/8798/107 2457/3299/107
f 2425/3201/105 2485/3302/105 2484/3300/105
f 2399/3202/103 2459/3303/103 2458/3301/103
f 2426/3203/101 2486/3304/101 2485/3302/101
f 2400/3204/99 2460/3305/99 2459/3303/99
f 2427/3205/97 2487/3306/97 2486/3304/97
f 2401/3206/94 2461/3307/94 2460/3305/94
f 2428/3208/91 2488/3246/91 2487/3306/91
f 2402/3210/149 2462/3247/149 2461/3307/149
f 2376/3211/92 2436/3248/92 2435/3265/92
f 2474/3279/95 2534/3310/95 2533/3308/95
f 2448/3280/93 2508/3311/93 2507/3309/93
f 2475/3281/90 2535/3312/90 2534/3310/90
f 2449/3282/88 2509/3313/88 2508/3311/88
f 2476/3283/150 2536/3314/150 2535/3312/150
f 2450/3284/147 2510/3315/147 2509/3313/147
f 2477/3285/144 2537/3316/144 2536/3314/144
f 2451/3286/142 2511/3317/142 2510/3315/142
f 2478/3287/139 2538/3318/139 2537/3316/139
f 2452/3288/137 2512/3319/137 2511/3317/137
f 2479/3289/134 2539/3320/134 2538/3318/134
f 2453/3290/132 2513/3322/132 2512/3319/132
f 2480/3292/129 2540/3324/129 2539/3320/129
f 2453/3290/127 2454/3294/127 2514/3321/127
f 2481/3323/124 2541/3423/124 2540/3324/124
f 2454/3294/122 2455/3293/122 2515/3325/122
f 2482/3296/119 2542/3327/119 2541/3326/119
f 2456/3297/117 2516/3328/117 2515/3325/117
f 2483/3298/115 2543/3329/115 2542/3327/115
f 2457/3299/113 2517/3331/113 2516/3328/113
f 2484/3300/109 2544/3332/109 2543/3329/109
f 2457/3299/107 2458/8798/107 2518/3330/107
f 2485/3302/105 2545/3334/105 2544/3332/105
f 2459/3303/103 2519/3335/103 2518/3333/103
f 2486/3304/101 2546/3336/101 2545/3334/101
f 2460/3305/99 2520/3337/99 2519/3335/99
f 2487/3306/97 2547/3338/97 2546/3336/97
f 2461/3307/94 2521/3339/94 2520/3337/94
f 2488/3246/91 2548/3341/91 2547/3338/91
f 2462/3247/149 2522/3342/149 2521/3339/149
f 2436/3248/92 2496/3343/92 2495/3340/92
f 2489/3249/89 2549/3344/89 2548/3341/89
f 2463/3250/148 2523/3345/148 2522/3342/148
f 2437/3251/146 2497/3346/146 2496/3343/146
f 2490/3252/145 2550/3347/145 2549/3344/145
f 2464/3253/143 2524/3348/143 2523/3345/143
f 2438/3255/141 2498/3349/141 2497/3346/141
f 2491/3256/140 2551/3350/140 2550/3347/140
f 2465/3258/138 2525/3352/138 2524/3348/138
f 2439/3254/136 2499/3353/136 2498/3349/136
f 2492/3259/135 2552/3354/135 2551/3350/135
f 2465/3258/133 2466/3257/133 2526/3351/133
f 2440/3260/131 2500/3355/131 2499/3353/131
f 2493/3261/130 2553/3356/130 2552/3354/130
f 2467/3262/128 2527/3357/128 2526/3351/128
f 2441/3264/126 2501/3358/126 2500/3355/126
f 2494/3266/125 2554/3359/125 2553/3356/125
f 2468/3267/123 2528/3360/123 2527/3357/123
f 2442/3263/121 2502/3396/121 2501/3358/121
f 2494/3266/120 2435/3265/120 2495/3340/120
f 2469/3269/118 2529/3362/118 2528/3360/118
f 2443/3270/116 2503/3363/116 2502/3361/116
f 2470/3271/114 2530/3364/114 2529/3362/114
f 2444/3272/111 2504/3365/111 2503/3363/111
f 2471/3273/108 2531/3366/108 2530/3364/108
f 2445/3274/106 2505/3367/106 2504/3365/106
f 2472/3275/104 2532/3368/104 2531/3366/104
f 2446/3276/102 2506/3369/102 2505/3367/102
f 2473/3277/100 2533/3308/100 2532/3368/100
f 2447/3278/98 2507/3309/98 2506/3369/98
f 2545/3334/105 2605/3372/105 2604/3370/105
f 2519/3335/103 2579/3374/103 2578/3371/103
f 2546/3336/101 2606/3375/101 2605/3372/101
f 2519/3335/99 2520/3337/99 2580/3373/99
f 2547/3338/97 2607/3376/97 2606/3375/97
f 2521/3339/94 2581/3377/94 2580/3373/94
f 2548/3341/91 2608/3379/91 2607/3376/91
f 2522/3342/149 2582/3380/149 2581/3377/149
f 2496/3343/92 2556/3381/92 2555/3378/92
f 2549/3344/89 2609/3382/89 2608/3379/89
f 2523/3345/148 2583/3383/148 2582/3380/148
f 2497/3346/146 2557/3384/146 2556/3381/146
f 2550/3347/145 2610/3385/145 2609/3382/145
f 2524/3348/143 2584/3386/143 2583/3383/143
f 2498/3349/141 2558/3387/141 2557/3384/141
f 2551/3350/140 2611/3388/140 2610/3385/140
f 2525/3352/138 2585/3390/138 2584/3386/138
f 2499/3353/136 2559/3391/136 2558/3387/136
f 2552/3354/135 2612/3392/135 2611/3388/135
f 2525/3352/133 2526/3351/133 2586/3389/133
f 2500/3355/131 2560/3393/131 2559/3391/131
f 2553/3356/130 2613/3394/130 2612/3392/130
f 2527/3357/128 2587/3395/128 2586/3389/128
f 2501/3358/126 2561/3397/126 2560/3393/126
f 2554/3359/125 2614/3398/125 2613/3394/125
f 2528/3360/123 2588/3399/123 2587/3395/123
f 2502/3396/121 2562/3492/121 2561/3397/121
f 2554/3359/120 2495/3340/120 2555/3378/120
f 2529/3362/118 2589/3401/118 2588/3399/118
f 2503/3363/116 2563/3403/116 2562/3400/116
f 2530/3364/114 2590/3404/114 2589/3401/114
f 2503/3363/111 2504/3365/111 2564/3402/111
f 2531/3366/108 2591/3405/108 2590/3404/108
f 2505/3367/106 2565/3406/106 2564/3402/106
f 2532/3368/104 2592/3407/104 2591/3405/104
f 2506/3369/102 2566/3408/102 2565/3406/102
f 2533/3308/100 2593/3409/100 2592/3407/100
f 2507/3309/98 2567/3410/98 2566/3408/98
f 2534/3310/95 2594/3411/95 2593/3409/95
f 2508/3311/93 2568/3413/93 2567/3410/93
f 2535/3312/90 2595/3414/90 2594/3411/90
f 2508/3311/88 2509/3313/88 2569/3412/88
f 2536/3314/150 2596/3415/150 2595/3414/150
f 2510/3315/147 2570/3417/147 2569/3412/147
f 2537/3316/144 2597/3418/144 2596/3415/144
f 2510/3315/142 2511/3317/142 2571/3416/142
f 2538/3318/139 2598/3420/139 2597/3418/139
f 2511/3317/137 2512/3319/137 2572/3419/137
f 2539/3320/134 2599/3421/134 2598/3420/134
f 2513/3322/132 2573/3422/132 2572/3419/132
f 2540/3324/129 2600/3424/129 2599/3421/129
f 2514/3321/127 2574/3425/127 2573/3422/127
f 2541/3423/124 2601/3461/124 2600/3424/124
f 2515/3325/122 2575/3427/122 2574/3425/122
f 2542/3327/119 2602/3428/119 2601/3426/119
f 2516/3328/117 2576/3429/117 2575/3427/117
f 2543/3329/115 2603/3430/115 2602/3428/115
f 2517/3331/113 2577/3431/113 2576/3429/113
f 2544/3332/109 2604/3370/109 2603/3430/109
f 2518/3330/107 2578/3468/107 2577/3431/107
f 2587/3395/128 2647/3435/128 2646/3432/128
f 2563/3403/116 2623/3436/116 2622/3433/116
f 2614/3398/125 2674/3437/125 2673/3434/125
f 2588/3399/123 2648/3438/123 2647/3435/123
f 2564/3402/111 2624/3439/111 2623/3436/111
f 2555/3378/120 2615/3474/120 2674/3437/120
f 2589/3401/118 2649/3440/118 2648/3438/118
f 2565/3406/106 2625/3442/106 2624/3439/106
f 2590/3404/114 2650/3443/114 2649/3440/114
f 2565/3406/102 2566/3408/102 2626/3441/102
f 2591/3405/108 2651/3444/108 2650/3443/108
f 2567/3410/98 2627/3446/98 2626/3441/98
f 2592/3407/104 2652/3447/104 2651/3444/104
f 2567/3410/93 2568/3413/93 2628/3445/93
f 2593/3409/100 2653/3448/100 2652/3447/100
f 2569/3412/88 2629/3449/88 2628/3445/88
f 2594/3411/95 2654/3451/95 2653/3448/95
f 2570/3417/147 2630/3450/147 2629/3449/147
f 2571/3416/142 2631/3452/142 2630/3450/142
f 2595/3414/90 2655/3453/90 2654/3451/90
f 2572/3419/137 2632/3455/137 2631/3452/137
f 2596/3415/150 2656/3454/150 2655/3453/150
f 2597/3418/144 2657/3456/144 2656/3454/144
f 2573/3422/132 2633/3460/132 2632/3455/132
f 2598/3420/139 2658/3457/139 2657/3456/139
f 2599/3421/134 2659/3458/134 2658/3457/134
f 2600/3424/129 2660/3462/129 2659/3458/129
f 2573/3422/127 2574/3425/127 2634/3459/127
f 2601/3461/124 2661/8799/124 2660/3462/124
f 2574/3425/122 2575/3427/122 2635/3463/122
f 2602/3428/119 2662/3466/119 2661/3464/119
f 2575/3427/117 2576/3429/117 2636/3465/117
f 2603/3430/115 2663/3467/115 2662/3466/115
f 2577/3431/113 2637/3469/113 2636/3465/113
f 2604/3370/109 2664/3470/109 2663/3467/109
f 2578/3468/107 2638/8800/107 2637/3469/107
f 2605/3372/105 2665/3472/105 2664/3470/105
f 2579/3374/103 2639/3473/103 2638/3471/103
f 2606/3375/101 2666/3475/101 2665/3472/101
f 2580/3373/99 2640/3477/99 2639/3473/99
f 2556/3381/92 2616/3476/92 2615/3474/92
f 2607/3376/97 2667/3478/97 2666/3475/97
f 2557/3384/146 2617/3479/146 2616/3476/146
f 2581/3377/94 2641/3480/94 2640/3477/94
f 2608/3379/91 2668/3481/91 2667/3478/91
f 2558/3387/141 2618/3482/141 2617/3479/141
f 2582/3380/149 2642/3483/149 2641/3480/149
f 2609/3382/89 2669/3484/89 2668/3481/89
f 2559/3391/136 2619/3486/136 2618/3482/136
f 2583/3383/148 2643/3485/148 2642/3483/148
f 2610/3385/145 2670/3487/145 2669/3484/145
f 2584/3386/143 2644/3488/143 2643/3485/143
f 2560/3393/131 2620/3489/131 2619/3486/131
f 2611/3388/140 2671/3490/140 2670/3487/140
f 2585/3390/138 2645/3491/138 2644/3488/138
f 2561/3397/126 2621/3493/126 2620/3489/126
f 2612/3392/135 2672/3494/135 2671/3490/135
f 2586/3389/133 2646/3432/133 2645/3491/133
f 2562/3492/121 2622/8801/121 2621/3493/121
f 2613/3394/130 2673/3434/130 2672/3494/130
f 2683/3495/35 2698/3547/35 2697/3496/35
f 2685/3498/36 2695/3549/36 2694/3499/36
f 2682/3501/37 2689/3518/37 2688/3502/37
f 2735/3504/3 2736/8802/3 2737/8803/3
f 2738/8804/3 2739/8805/3 2740/8806/3
f 2735/3504/3 2737/8803/3 2738/8804/3
f 2745/8807/3 2746/8808/3 2735/3504/3
f 2742/8809/3 2743/8810/3 2744/3506/3
f 2744/3506/3 2745/8807/3 2735/3504/3
f 2735/3504/3 2738/8804/3 2741/3505/3
f 2738/8804/3 2740/8806/3 2741/3505/3
f 2741/3505/3 2742/8809/3 2744/3506/3
f 2679/3507/37 2691/3514/37 2690/3508/37
f 2677/3510/35 2696/3536/35 2695/3511/35
f 2679/3507/34 2680/8811/34 2692/3513/34
f 2675/3515/37 2687/3533/37 2698/3516/37
f 2682/3501/34 2676/3509/34 2690/3508/34
f 2678/3519/34 2686/8812/34 2694/3520/34
f 2678/3522/36 2693/3540/36 2692/3523/36
f 2684/3525/36 2697/3542/36 2696/3526/36
f 2681/3528/35 2688/3538/35 2687/3529/35
f 2691/3514/34 2692/3513/34 2704/3531/34
f 2687/3533/37 2699/3554/37 2710/3534/37
f 2689/3518/37 2701/3551/37 2700/3535/37
f 2696/3536/35 2708/3557/35 2707/3537/35
f 2688/3538/35 2700/3568/35 2699/3539/35
f 2693/3540/36 2705/3559/36 2704/3541/36
f 2697/3542/36 2709/3562/36 2708/3543/36
f 2691/3514/37 2703/3532/37 2702/3544/37
f 2693/3521/34 2694/3520/34 2706/3545/34
f 2698/3547/35 2710/3566/35 2709/3548/35
f 2695/3549/36 2707/3570/36 2706/3550/36
f 2690/3508/34 2702/3544/34 2701/3551/34
f 2703/3532/34 2704/3531/34 2716/3552/34
f 2699/3554/37 2711/3575/37 2722/3555/37
f 2701/3551/37 2713/3561/37 2712/3556/37
f 2708/3557/35 2720/3578/35 2719/3558/35
f 2705/3559/36 2717/3580/36 2716/3560/36
f 2702/3544/34 2714/3565/34 2713/3561/34
f 2709/3562/36 2721/3583/36 2720/3563/36
f 2706/3545/34 2718/3585/34 2717/3564/34
f 2703/3532/37 2715/3553/37 2714/3565/37
f 2710/3566/35 2722/3588/35 2721/3567/35
f 2700/3568/35 2712/3590/35 2711/3569/35
f 2707/3570/36 2719/3572/36 2718/3571/36
f 2719/3572/36 2731/3594/36 2730/3573/36
f 2716/3552/34 2728/8813/34 2727/3574/34
f 2711/3575/37 2723/3598/37 2734/3576/37
f 2713/3561/37 2725/3582/37 2724/3577/37
f 2720/3578/35 2732/3601/35 2731/3579/35
f 2717/3580/36 2729/3603/36 2728/3581/36
f 2714/3565/34 2726/3587/34 2725/3582/34
f 2721/3583/36 2733/3606/36 2732/3584/36
f 2718/3585/34 2730/3608/34 2729/3586/34
f 2715/3553/37 2727/3574/37 2726/3587/37
f 2722/3588/35 2734/3611/35 2733/3589/35
f 2712/3590/35 2724/3592/35 2723/3591/35
f 2724/3592/35 2736/8814/35 2735/3593/35
f 2731/3594/36 2743/8815/36 2742/3595/36
f 2727/3574/34 2728/8813/34 2740/3596/34
f 2723/3598/37 2735/8816/37 2746/3599/37
f 2725/3582/37 2737/3605/37 2736/3600/37
f 2732/3601/35 2744/8817/35 2743/3602/35
f 2729/3603/36 2741/8818/36 2740/3604/36
f 2726/3587/34 2738/3610/34 2737/3605/34
f 2733/3606/36 2745/8819/36 2744/3607/36
f 2730/3608/34 2742/8820/34 2741/3609/34
f 2727/3574/37 2739/3597/37 2738/3610/37
f 2734/3611/35 2746/8821/35 2745/3612/35
f 2755/3613/35 2770/3665/35 2769/3614/35
f 2757/3616/36 2767/3667/36 2766/3617/36
f 2754/3619/37 2761/3636/37 2760/3620/37
f 2751/3622/37 2763/3632/37 2762/3623/37
f 2819/3625/3 2820/8822/3 2821/8823/3
f 2822/8824/3 2823/8825/3 2824/8826/3
f 2819/3625/3 2821/8823/3 2822/8824/3
f 2829/8827/3 2830/8828/3 2819/3625/3
f 2826/8829/3 2827/8830/3 2828/3627/3
f 2828/3627/3 2829/8827/3 2819/3625/3
f 2819/3625/3 2822/8824/3 2825/3626/3
f 2822/8824/3 2824/8826/3 2825/3626/3
f 2825/3626/3 2826/8829/3 2828/3627/3
f 2749/3628/35 2768/3654/35 2767/3629/35
f 2752/3631/34 2764/3649/34 2763/3632/34
f 2747/3633/37 2759/3651/37 2770/3634/37
f 2754/3619/34 2748/3624/34 2762/3623/34
f 2750/3637/34 2758/8831/34 2766/3638/34
f 2750/3640/36 2765/3658/36 2764/3641/36
f 2756/3643/36 2769/3660/36 2768/3644/36
f 2753/3646/35 2760/3656/35 2759/3647/35
f 2764/3649/34 2776/3670/34 2775/3650/34
f 2759/3651/37 2771/3672/37 2782/3652/37
f 2761/3636/37 2773/3669/37 2772/3653/37
f 2768/3654/35 2780/3675/35 2779/3655/35
f 2760/3656/35 2772/3686/35 2771/3657/35
f 2765/3658/36 2777/3677/36 2776/3659/36
f 2769/3660/36 2781/3680/36 2780/3661/36
f 2763/3632/37 2775/3650/37 2774/3662/37
f 2765/3639/34 2766/3638/34 2778/3663/34
f 2770/3665/35 2782/3684/35 2781/3666/35
f 2767/3667/36 2779/3688/36 2778/3668/36
f 2762/3623/34 2774/3662/34 2773/3669/34
f 2776/3670/34 2788/3692/34 2787/3671/34
f 2771/3672/37 2783/3694/37 2794/3673/37
f 2773/3669/37 2785/3679/37 2784/3674/37
f 2780/3675/35 2792/3697/35 2791/3676/35
f 2777/3677/36 2789/3699/36 2788/3678/36
f 2774/3662/34 2786/3683/34 2785/3679/34
f 2781/3680/36 2793/3702/36 2792/3681/36
f 2778/3663/34 2790/3704/34 2789/3682/34
f 2775/3650/37 2787/3671/37 2786/3683/37
f 2782/3684/35 2794/8832/35 2793/3685/35
f 2772/3686/35 2784/3709/35 2783/3687/35
f 2779/3688/36 2791/3690/36 2790/3689/36
f 2791/3690/36 2803/3713/36 2802/3691/36
f 2788/3692/34 2800/3715/34 2799/3693/34
f 2783/3694/37 2795/3717/37 2806/3695/37
f 2785/3679/37 2797/3701/37 2796/3696/37
f 2792/3697/35 2804/3720/35 2803/3698/35
f 2789/3699/36 2801/3722/36 2800/3700/36
f 2786/3683/34 2798/3706/34 2797/3701/34
f 2793/3702/36 2805/3725/36 2804/3703/36
f 2790/3704/34 2802/3727/34 2801/3705/34
f 2787/3671/37 2799/3693/37 2798/3706/37
f 2793/3685/35 2794/8832/35 2806/3707/35
f 2784/3709/35 2796/3711/35 2795/3710/35
f 2796/3711/35 2808/3733/35 2807/3712/35
f 2803/3713/36 2815/3735/36 2814/3714/36
f 2800/3715/34 2812/3737/34 2811/3716/34
f 2795/3717/37 2807/3739/37 2818/3718/37
f 2797/3701/37 2809/3724/37 2808/3719/37
f 2804/3720/35 2816/3742/35 2815/3721/35
f 2801/3722/36 2813/3744/36 2812/3723/36
f 2798/3706/34 2810/3729/34 2809/3724/34
f 2805/3725/36 2817/3747/36 2816/3726/36
f 2802/3727/34 2814/3749/34 2813/3728/34
f 2799/3693/37 2811/3716/37 2810/3729/37
f 2806/3707/35 2818/3731/35 2817/3730/35
f 2818/3731/35 2830/8833/35 2829/3732/35
f 2808/3733/35 2820/8834/35 2819/3734/35
f 2815/3735/36 2827/8835/36 2826/3736/36
f 2812/3737/34 2824/8836/34 2823/3738/34
f 2807/3739/37 2819/8837/37 2830/3740/37
f 2809/3724/37 2821/3746/37 2820/3741/37
f 2816/3742/35 2828/8838/35 2827/3743/35
f 2813/3744/36 2825/8839/36 2824/3745/36
f 2810/3729/34 2822/3751/34 2821/3746/34
f 2817/3747/36 2829/8840/36 2828/3748/36
f 2814/3749/34 2826/8841/34 2825/3750/34
f 2811/3716/37 2823/3738/37 2822/3751/37
f 2840/3752/35 2839/8842/35 2854/3753/35
f 2841/3755/36 2851/3805/36 2850/3756/36
f 2838/3758/37 2845/3775/37 2844/3759/37
f 2867/3761/3 2868/8843/3 2869/8844/3
f 2870/8845/3 2871/8846/3 2872/8847/3
f 2867/3761/3 2869/8844/3 2870/8845/3
f 2877/8848/3 2878/8849/3 2867/3761/3
f 2874/8850/3 2875/8851/3 2873/3762/3
f 2875/8851/3 2876/3763/3 2873/3762/3
f 2876/3763/3 2877/8848/3 2867/3761/3
f 2867/3761/3 2870/8845/3 2873/3762/3
f 2870/8845/3 2872/8847/3 2873/3762/3
f 2835/3764/37 2847/3771/37 2846/3765/37
f 2833/3767/35 2852/3793/35 2851/3768/35
f 2836/3770/34 2848/3788/34 2847/3771/34
f 2831/3772/37 2843/3790/37 2854/3773/37
f 2838/3758/34 2832/3766/34 2846/3765/34
f 2834/3776/34 2842/8852/34 2850/3777/34
f 2834/3779/36 2849/3797/36 2848/3780/36
f 2840/3782/36 2853/3799/36 2852/3783/36
f 2837/3785/35 2844/3795/35 2843/3786/35
f 2848/3788/34 2860/3808/34 2859/3789/34
f 2843/3790/37 2855/3810/37 2866/3791/37
f 2845/3775/37 2857/3807/37 2856/3792/37
f 2852/3793/35 2864/3813/35 2863/3794/35
f 2844/3795/35 2856/3824/35 2855/3796/35
f 2849/3797/36 2861/3815/36 2860/3798/36
f 2853/3799/36 2865/3818/36 2864/3800/36
f 2847/3771/37 2859/3789/37 2858/3801/37
f 2849/3778/34 2850/3777/34 2862/3802/34
f 2854/3753/35 2866/8853/35 2865/3804/35
f 2851/3805/36 2863/3826/36 2862/3806/36
f 2845/3775/34 2846/3765/34 2858/3801/34
f 2860/3808/34 2872/8854/34 2871/3809/34
f 2855/3810/37 2867/8855/37 2878/3811/37
f 2857/3807/37 2869/3817/37 2868/3812/37
f 2864/3813/35 2876/8856/35 2875/3814/35
f 2861/3815/36 2873/8857/36 2872/3816/36
f 2858/3801/34 2870/3821/34 2869/3817/34
f 2865/3818/36 2877/8858/36 2876/3819/36
f 2862/3802/34 2874/8859/34 2873/3820/34
f 2859/3789/37 2871/3809/37 2870/3821/37
f 2865/3804/35 2866/8853/35 2878/3822/35
f 2856/3824/35 2868/8860/35 2867/3825/35
f 2863/3826/36 2875/8861/36 2874/3827/36
f 2888/3828/34 2898/3873/34 2897/3829/34
f 2903/3831/37 2884/3894/37 2885/3832/37
f 2881/3834/35 2904/3858/35 2903/3835/35
f 2892/3837/35 2906/3883/35 2905/3838/35
f 2940/8862/3 2941/8863/3 2942/8864/3
f 2942/8864/3 2943/8865/3 2945/8866/3
f 2943/8865/3 2944/8867/3 2945/8866/3
f 2940/8862/3 2942/8864/3 2945/8866/3
f 2946/3841/3 2947/8868/3 2948/8869/3
f 2940/8862/3 2945/8866/3 2946/3841/3
f 2949/3842/3 2950/8870/3 2939/3840/3
f 2939/3840/3 2940/8862/3 2946/3841/3
f 2946/3841/3 2948/8869/3 2949/3842/3
f 2890/3843/37 2909/3851/37 2906/3844/37
f 2880/3846/34 2896/3863/34 2895/3847/34
f 2910/3849/34 2914/3896/34 2913/3850/34
f 2891/3852/36 2905/3875/36 2904/3853/36
f 2894/3855/36 2901/3881/36 2898/3856/36
f 2904/3858/35 2883/3892/35 2884/3859/35
f 2893/3860/35 2902/3878/35 2901/3861/35
f 2887/3830/37 2897/3829/37 2896/3863/37
f 2882/3864/37 2903/3831/37 2902/3833/37
f 2889/3866/34 2910/3849/34 2909/3851/34
f 2879/3867/36 2895/3871/36 2910/3868/36
f 2897/3829/37 2900/3874/37 2907/3870/37
f 2895/3871/36 2908/3885/36 2914/3872/36
f 2898/3873/34 2899/3891/34 2900/3874/34
f 2905/3875/36 2911/8871/36 2883/3876/36
f 2896/3863/34 2907/3870/34 2908/3877/34
f 2902/3878/35 2885/3898/35 2886/3879/35
f 2909/3851/37 2913/3850/37 2912/3880/37
f 2901/3881/36 2886/3904/36 2899/3882/36
f 2906/3883/35 2912/3887/35 2911/3884/35
f 2908/3885/36 2915/3909/36 2926/3886/36
f 2912/3887/35 2924/3912/35 2923/3888/35
f 2907/3870/37 2900/3874/37 2917/3889/37
f 2899/3891/34 2918/3916/34 2917/3889/34
f 2883/3892/35 2922/3919/35 2921/3893/35
f 2884/3894/37 2921/3914/37 2920/3895/37
f 2914/3896/34 2926/3923/34 2925/3897/34
f 2885/3898/35 2920/3907/35 2919/3899/35
f 2883/3876/36 2911/8871/36 2923/3900/36
f 2907/3870/34 2916/3890/34 2915/3902/34
f 2913/3850/37 2925/3897/37 2924/3903/37
f 2886/3904/36 2919/3921/36 2918/3905/36
f 2923/3900/36 2935/3927/36 2934/3906/36
f 2920/3907/35 2932/3929/35 2931/3908/35
f 2915/3909/36 2927/3931/36 2938/3910/36
f 2917/3889/37 2929/3917/37 2928/3911/37
f 2924/3912/35 2936/3934/35 2935/3913/35
f 2921/3914/37 2933/3936/37 2932/3915/37
f 2918/3916/34 2930/3938/34 2929/3917/34
f 2925/3897/37 2937/3924/37 2936/3918/37
f 2922/3919/35 2934/3941/35 2933/3920/35
f 2919/3921/36 2931/3943/36 2930/3922/36
f 2926/3923/34 2938/3945/34 2937/3924/34
f 2916/3890/34 2928/3911/34 2927/3925/34
f 2928/3911/34 2940/3933/34 2939/3926/34
f 2935/3927/36 2947/8872/36 2946/3928/36
f 2932/3929/35 2944/8873/35 2943/3930/35
f 2927/3931/36 2939/8874/36 2950/3932/36
f 2929/3917/37 2941/3939/37 2940/3933/37
f 2936/3934/35 2948/8875/35 2947/3935/35
f 2933/3936/37 2945/8876/37 2944/3937/37
f 2930/3938/34 2942/8877/34 2941/3939/34
f 2937/3924/37 2949/3946/37 2948/3940/37
f 2934/3941/35 2946/8878/35 2945/3942/35
f 2931/3943/36 2943/8879/36 2942/3944/36
f 2938/3945/34 2950/8880/34 2949/3946/34
f 2972/3947/3 2973/8881/3 2974/3948/3
f 2953/3950/35 2958/3963/35 2957/3951/35
f 2952/3953/34 2956/3965/34 2955/3954/34
f 2954/3956/36 2957/8882/36 2956/3957/36
f 2951/3955/37 2955/3954/37 2958/3959/37
f 2956/3957/36 2957/8882/36 2961/3961/36
f 2958/3963/35 2962/3968/35 2961/3964/35
f 2956/3965/34 2960/3970/34 2959/3966/34
f 2955/3954/37 2959/3966/37 2962/3967/37
f 2962/3968/35 2966/3978/35 2965/3969/35
f 2960/3970/34 2964/3980/34 2963/3971/34
f 2959/3966/37 2963/3971/37 2966/3972/37
f 2960/3962/36 2961/3961/36 2965/3973/36
f 2963/3971/37 2967/3981/37 2970/3975/37
f 2964/3974/36 2965/3973/36 2969/3976/36
f 2966/3978/35 2970/3982/35 2969/3979/35
f 2964/3980/34 2968/3984/34 2967/3981/34
f 2970/3982/35 2974/8883/35 2973/3983/35
f 2968/3984/34 2972/8884/34 2971/3985/34
f 2967/3981/37 2971/3985/37 2974/3986/37
f 2969/3976/36 2973/8885/36 2972/3987/36
f 3064/3988/3 3065/8886/3 3066/3989/3
f 2977/3991/36 2982/4006/36 2981/3992/36
f 2976/3994/37 2980/3998/37 2979/3995/37
f 2978/3997/34 2981/4004/34 2980/3998/34
f 2975/3999/35 2979/8887/35 2982/4000/35
f 2982/4000/35 2979/8887/35 2983/4002/35
f 2981/4004/34 2985/4013/34 2984/4005/34
f 2982/4006/36 2986/4009/36 2985/4007/36
f 2980/3998/37 2984/4005/37 2983/4008/37
f 2986/4009/36 2990/4019/36 2989/4010/36
f 2984/4005/37 2988/4014/37 2987/4011/37
f 2983/4002/35 2987/8888/35 2990/4012/35
f 2985/4013/34 2989/4017/34 2988/4014/34
f 2990/4012/35 2987/8888/35 2991/4015/35
f 2989/4017/34 2993/4022/34 2992/4018/34
f 2990/4019/36 2994/4024/36 2993/4020/36
f 2988/4014/37 2992/4018/37 2991/4021/37
f 2993/4022/34 2997/8889/34 2996/4023/34
f 2994/4024/36 2998/4028/36 2997/4025/36
f 2992/4018/37 2996/4023/37 2995/4026/37
f 2991/4015/35 2995/4031/35 2998/4027/35
f 2998/4028/36 3002/4039/36 3001/4029/36
f 2996/4023/37 3000/4034/37 2999/4030/37
f 2995/4031/35 2999/4035/35 3002/4032/35
f 2996/4023/34 2997/8889/34 3001/4033/34
f 2999/4035/35 3003/4045/35 3006/4036/35
f 3000/4034/34 3001/4033/34 3005/4037/34
f 3002/4039/36 3006/4042/36 3005/4040/36
f 3000/4034/37 3004/4038/37 3003/4041/37
f 3006/4042/36 3010/4048/36 3009/4043/36
f 3004/4038/37 3008/4047/37 3007/4044/37
f 3003/4045/35 3007/8890/35 3010/4046/35
f 3005/4037/34 3009/8891/34 3008/4047/34
f 3010/4048/36 3014/4058/36 3013/4049/36
f 3008/4047/37 3012/4054/37 3011/4050/37
f 3010/4046/35 3007/8890/35 3011/4051/35
f 3008/4047/34 3009/8891/34 3013/4053/34
f 3014/4052/35 3011/4051/35 3015/4055/35
f 3013/4053/34 3017/4065/34 3016/4057/34
f 3014/4058/36 3018/4061/36 3017/4059/36
f 3012/4054/37 3016/4057/37 3015/4060/37
f 3018/4061/36 3022/4072/36 3021/4062/36
f 3016/4057/37 3020/4066/37 3019/4063/37
f 3015/4055/35 3019/4068/35 3022/4064/35
f 3017/4065/34 3021/4070/34 3020/4066/34
f 3020/4066/37 3024/4071/37 3023/4067/37
f 3019/4068/35 3023/4074/35 3026/4069/35
f 3021/4070/34 3025/4076/34 3024/4071/34
f 3022/4072/36 3026/4078/36 3025/4073/36
f 3023/4074/35 3027/8892/35 3030/4075/35
f 3025/4076/34 3029/4086/34 3028/4077/34
f 3026/4078/36 3030/4081/36 3029/4079/36
f 3024/4071/37 3028/4077/37 3027/4080/37
f 3030/4081/36 3034/4091/36 3033/4082/36
f 3028/4077/37 3032/4087/37 3031/4083/37
f 3030/4075/35 3027/8892/35 3031/4084/35
f 3029/4086/34 3033/4089/34 3032/4087/34
f 3031/4084/35 3035/4099/35 3038/4088/35
f 3033/4089/34 3037/4094/34 3036/4090/34
f 3034/4091/36 3038/4096/36 3037/4092/36
f 3032/4087/37 3036/4090/37 3035/4093/37
f 3037/4094/34 3041/4106/34 3040/4095/34
f 3038/4096/36 3042/4101/36 3041/4097/36
f 3036/4090/37 3040/4095/37 3039/4098/37
f 3035/4099/35 3039/8893/35 3042/4100/35
f 3042/4101/36 3046/4111/36 3045/4102/36
f 3040/4095/37 3044/4107/37 3043/4103/37
f 3042/4100/35 3039/8893/35 3043/4104/35
f 3041/4106/34 3045/4109/34 3044/4107/34
f 3043/4104/35 3047/4117/35 3050/4108/35
f 3045/4109/34 3049/4119/34 3048/4110/34
f 3046/4111/36 3050/4114/36 3049/4112/36
f 3044/4107/37 3048/4110/37 3047/4113/37
f 3050/4114/36 3054/4121/36 3053/4115/36
f 3048/4110/37 3052/4120/37 3051/4116/37
f 3047/4117/35 3051/8894/35 3054/4118/35
f 3049/4119/34 3053/4126/34 3052/4120/34
f 3054/4121/36 3058/4132/36 3057/4122/36
f 3052/4120/37 3056/4127/37 3055/4123/37
f 3054/4118/35 3051/8894/35 3055/4124/35
f 3053/4126/34 3057/4130/34 3056/4127/34
f 3058/4125/35 3055/4124/35 3059/4128/35
f 3057/4130/34 3061/4139/34 3060/4131/34
f 3058/4132/36 3062/4135/36 3061/4133/36
f 3056/4127/37 3060/4131/37 3059/4134/37
f 3062/4135/36 3066/8895/36 3065/4136/36
f 3060/4131/37 3064/4140/37 3063/4137/37
f 3059/4128/35 3063/8896/35 3066/4138/35
f 3061/4139/34 3065/8897/34 3064/4140/34
f 3116/4141/3 3117/8898/3 3118/4142/3
f 3069/4144/36 3074/4159/36 3073/4145/36
f 3068/4147/37 3072/4151/37 3071/4148/37
f 3068/4147/34 3070/8899/34 3073/4150/34
f 3067/4152/35 3071/4155/35 3074/4153/35
f 3071/4155/35 3075/4165/35 3078/4156/35
f 3072/4151/34 3073/4150/34 3077/4157/34
f 3074/4159/36 3078/4162/36 3077/4160/36
f 3072/4151/37 3076/4158/37 3075/4161/37
f 3078/4162/36 3082/4172/36 3081/4163/36
f 3076/4158/37 3080/4167/37 3079/4164/37
f 3075/4165/35 3079/4168/35 3082/4166/35
f 3077/4157/34 3081/4170/34 3080/4167/34
f 3079/4168/35 3083/4180/35 3086/4169/35
f 3081/4170/34 3085/4175/34 3084/4171/34
f 3082/4172/36 3086/4177/36 3085/4173/36
f 3080/4167/37 3084/4171/37 3083/4174/37
f 3085/4175/34 3089/4187/34 3088/4176/34
f 3086/4177/36 3090/4182/36 3089/4178/36
f 3084/4171/37 3088/4176/37 3087/4179/37
f 3083/4180/35 3087/4185/35 3090/4181/35
f 3090/4182/36 3094/4193/36 3093/4183/36
f 3088/4176/37 3092/4188/37 3091/4184/37
f 3087/4185/35 3091/4189/35 3094/4186/35
f 3089/4187/34 3093/8900/34 3092/4188/34
f 3091/4189/35 3095/4199/35 3098/4190/35
f 3092/4188/34 3093/8900/34 3097/4191/34
f 3094/4193/36 3098/4196/36 3097/4194/36
f 3092/4188/37 3096/4192/37 3095/4195/37
f 3098/4196/36 3102/4202/36 3101/4197/36
f 3096/4192/37 3100/4201/37 3099/4198/37
f 3095/4199/35 3099/4205/35 3102/4200/35
f 3097/4191/34 3101/4207/34 3100/4201/34
f 3102/4202/36 3106/4213/36 3105/4203/36
f 3100/4201/37 3104/4208/37 3103/4204/37
f 3099/4205/35 3103/4209/35 3106/4206/35
f 3101/4207/34 3105/4211/34 3104/4208/34
f 3103/4209/35 3107/4219/35 3110/4210/35
f 3105/4211/34 3109/4221/34 3108/4212/34
f 3106/4213/36 3110/4216/36 3109/4214/36
f 3104/4208/37 3108/4212/37 3107/4215/37
f 3110/4216/36 3114/4228/36 3113/4217/36
f 3108/4212/37 3112/4222/37 3111/4218/37
f 3107/4219/35 3111/4224/35 3114/4220/35
f 3109/4221/34 3113/8901/34 3112/4222/34
f 3112/4222/37 3116/4227/37 3115/4223/37
f 3111/4224/35 3115/8902/35 3118/4225/35
f 3112/4222/34 3113/8901/34 3117/4226/34
f 3114/4228/36 3118/8903/36 3117/4229/36
f 3568/4231/3 3519/8904/3 3545/8905/3
f 3519/8904/3 3520/8906/3 3544/8907/3
f 3568/4231/3 3545/8905/3 3546/4232/3
f 3520/8906/3 3521/8908/3 3543/8909/3
f 3521/8908/3 3522/8910/3 3542/8911/3
f 3520/8906/3 3543/8909/3 3544/8907/3
f 3522/8910/3 3523/8912/3 3540/8913/3
f 3523/8912/3 3524/8914/3 3539/8915/3
f 3539/8915/3 3524/8914/3 3538/8916/3
f 3524/8914/3 3525/8917/3 3538/8916/3
f 3525/8917/3 3526/8918/3 3538/8916/3
f 3526/8918/3 3527/8919/3 3536/8920/3
f 3527/8919/3 3528/8921/3 3536/8920/3
f 3528/8921/3 3529/8922/3 3534/8923/3
f 3529/8922/3 3530/8924/3 3534/8923/3
f 3530/8924/3 3531/8925/3 3532/8926/3
f 3532/8926/3 3533/8927/3 3530/8924/3
f 3533/8927/3 3534/8923/3 3530/8924/3
f 3534/8923/3 3535/8928/3 3528/8921/3
f 3535/8928/3 3536/8920/3 3528/8921/3
f 3536/8920/3 3537/8929/3 3526/8918/3
f 3537/8929/3 3538/8916/3 3526/8918/3
f 3539/8915/3 3540/8913/3 3523/8912/3
f 3540/8913/3 3541/8930/3 3522/8910/3
f 3541/8930/3 3542/8911/3 3522/8910/3
f 3542/8911/3 3543/8909/3 3521/8908/3
f 3544/8907/3 3545/8905/3 3519/8904/3
f 3546/4232/3 3547/8931/3 3566/8932/3
f 3547/8931/3 3548/8933/3 3565/8934/3
f 3565/8934/3 3548/8933/3 3564/8935/3
f 3548/8933/3 3549/8936/3 3564/8935/3
f 3549/8936/3 3550/8937/3 3563/8938/3
f 3563/8938/3 3550/8937/3 3562/8939/3
f 3550/8937/3 3551/8940/3 3562/8939/3
f 3551/8940/3 3552/8941/3 3562/8939/3
f 3552/8941/3 3553/8942/3 3561/8943/3
f 3553/8942/3 3554/8944/3 3560/8945/3
f 3561/8943/3 3553/8942/3 3560/8945/3
f 3554/8944/3 3555/8946/3 3558/8947/3
f 3555/8946/3 3556/8948/3 3558/8947/3
f 3556/8948/3 3557/8949/3 3558/8947/3
f 3558/8947/3 3559/8950/3 3554/8944/3
f 3559/8950/3 3560/8945/3 3554/8944/3
f 3561/8943/3 3562/8939/3 3552/8941/3
f 3563/8938/3 3564/8935/3 3549/8936/3
f 3565/8934/3 3566/8932/3 3547/8931/3
f 3566/8932/3 3567/4230/3 3546/4232/3
f 3151/4233/151 3201/4246/151 3200/4234/151
f 3138/4236/152 3188/4248/152 3187/4237/152
f 3165/4239/153 3215/4250/153 3214/4240/153
f 3125/4242/154 3175/4252/154 3174/4243/154
f 3152/4245/155 3202/4254/155 3201/4246/155
f 3139/4247/156 3189/4256/156 3188/4248/156
f 3166/4249/157 3216/4258/157 3215/4250/157
f 3126/4251/158 3176/4260/158 3175/4252/158
f 3153/4253/159 3203/4262/159 3202/4254/159
f 3140/4255/160 3190/4264/160 3189/4256/160
f 3167/4257/161 3217/4266/161 3216/4258/161
f 3127/4259/162 3177/4385/162 3176/4260/162
f 3154/4261/163 3204/4271/163 3203/4262/163
f 3141/4263/164 3191/4273/164 3190/4264/164
f 3168/4265/165 3218/4275/165 3217/4266/165
f 3128/4267/166 3178/4277/166 3177/4268/166
f 3155/4270/167 3205/4279/167 3204/4271/167
f 3141/4263/168 3142/4281/168 3192/4272/168
f 3119/4274/169 3169/4306/169 3218/4275/169
f 3129/4276/170 3179/4283/170 3178/4277/170
f 3155/4270/171 3156/4285/171 3206/4278/171
f 3143/4280/172 3193/4287/172 3192/4272/172
f 3130/4282/173 3180/4289/173 3179/4283/173
f 3157/4284/34 3207/4345/34 3206/4278/34
f 3144/4286/174 3194/4294/174 3193/4287/174
f 3131/4288/175 3181/4296/175 3180/4289/175
f 3158/4290/176 3208/4298/176 3207/4291/176
f 3145/4293/177 3195/4300/177 3194/4294/177
f 3131/4288/35 3132/4302/35 3182/4295/35
f 3159/4297/178 3209/4304/178 3208/4298/178
f 3146/4299/179 3196/4308/179 3195/4300/179
f 3133/4301/180 3183/4310/180 3182/4295/180
f 3160/4303/181 3210/4312/181 3209/4304/181
f 3120/4305/182 3170/4314/182 3169/4306/182
f 3147/4307/183 3197/4316/183 3196/4308/183
f 3134/4309/184 3184/4318/184 3183/4310/184
f 3161/4311/185 3211/4320/185 3210/4312/185
f 3121/4313/186 3171/4322/186 3170/4314/186
f 3148/4315/187 3198/4324/187 3197/4316/187
f 3135/4317/188 3185/4326/188 3184/4318/188
f 3161/4311/189 3162/4328/189 3212/4319/189
f 3122/4321/190 3172/4330/190 3171/4322/190
f 3149/4323/191 3199/4331/191 3198/4324/191
f 3136/4325/192 3186/4333/192 3185/4326/192
f 3163/4327/193 3213/4334/193 3212/4319/193
f 3122/4321/194 3123/4335/194 3173/4329/194
f 3150/4235/195 3200/4234/195 3199/4331/195
f 3137/4332/196 3187/4370/196 3186/4333/196
f 3164/4241/197 3214/4240/197 3213/4334/197
f 3123/4335/198 3124/4244/198 3174/4243/198
f 3218/4275/165 3268/4340/165 3267/4336/165
f 3178/4277/166 3228/4341/166 3227/4337/166
f 3205/4279/167 3255/4342/167 3254/4338/167
f 3192/4272/168 3242/4343/168 3241/4339/168
f 3169/4306/169 3219/4357/169 3268/4340/169
f 3179/4283/170 3229/4344/170 3228/4341/170
f 3206/4278/171 3256/4346/171 3255/4342/171
f 3193/4287/172 3243/4347/172 3242/4343/172
f 3180/4289/173 3230/4348/173 3229/4344/173
f 3207/4345/34 3257/4425/34 3256/4346/34
f 3194/4294/174 3244/4350/174 3243/4347/174
f 3181/4296/175 3231/4351/175 3230/4348/175
f 3208/4298/176 3258/4352/176 3257/4349/176
f 3195/4300/177 3245/4353/177 3244/4350/177
f 3182/4295/35 3232/4354/35 3231/4351/35
f 3209/4304/178 3259/4356/178 3258/4352/178
f 3196/4308/179 3246/4359/179 3245/4353/179
f 3183/4310/180 3233/4360/180 3232/4354/180
f 3209/4304/181 3210/4312/181 3260/4355/181
f 3170/4314/182 3220/4361/182 3219/4357/182
f 3196/4308/183 3197/4316/183 3247/4358/183
f 3184/4318/184 3234/4362/184 3233/4360/184
f 3211/4320/185 3261/4363/185 3260/4355/185
f 3171/4322/186 3221/4364/186 3220/4361/186
f 3198/4324/187 3248/4365/187 3247/4358/187
f 3185/4326/188 3235/4366/188 3234/4362/188
f 3212/4319/189 3262/4367/189 3261/4363/189
f 3172/4330/190 3222/4368/190 3221/4364/190
f 3199/4331/191 3249/4369/191 3248/4365/191
f 3186/4333/192 3236/4371/192 3235/4366/192
f 3213/4334/193 3263/4372/193 3262/4367/193
f 3173/4329/194 3223/4373/194 3222/4368/194
f 3200/4234/195 3250/4374/195 3249/4369/195
f 3187/4370/196 3237/4399/196 3236/4371/196
f 3214/4240/197 3264/4376/197 3263/4372/197
f 3174/4243/198 3224/4377/198 3223/4373/198
f 3201/4246/151 3251/4379/151 3250/4374/151
f 3188/4248/152 3238/4380/152 3237/4375/152
f 3215/4250/153 3265/4381/153 3264/4376/153
f 3175/4252/154 3225/4382/154 3224/4377/154
f 3201/4246/155 3202/4254/155 3252/4378/155
f 3189/4256/156 3239/4383/156 3238/4380/156
f 3216/4258/157 3266/4384/157 3265/4381/157
f 3176/4260/158 3226/4386/158 3225/4382/158
f 3203/4262/159 3253/4387/159 3252/4378/159
f 3190/4264/160 3240/4388/160 3239/4383/160
f 3216/4258/161 3217/4266/161 3267/4336/161
f 3177/4385/162 3227/4413/162 3226/4386/162
f 3204/4271/163 3254/4338/163 3253/4387/163
f 3191/4273/164 3241/4339/164 3240/4388/164
f 3234/4362/188 3235/4366/188 3285/4389/188
f 3262/4367/189 3312/4395/189 3311/4391/189
f 3222/4368/190 3272/4396/190 3271/4392/190
f 3249/4369/191 3299/4398/191 3298/4393/191
f 3235/4366/192 3236/4371/192 3286/4394/192
f 3263/4372/193 3313/4401/193 3312/4395/193
f 3223/4373/194 3273/4402/194 3272/4396/194
f 3249/4369/195 3250/4374/195 3300/4397/195
f 3237/4399/196 3287/4474/196 3286/4394/196
f 3263/4372/197 3264/4376/197 3314/4400/197
f 3224/4377/198 3274/4405/198 3273/4402/198
f 3251/4379/151 3301/4406/151 3300/4397/151
f 3237/4375/152 3238/4380/152 3288/4403/152
f 3265/4381/153 3315/4407/153 3314/4400/153
f 3225/4382/154 3275/4408/154 3274/4405/154
f 3252/4378/155 3302/4409/155 3301/4406/155
f 3239/4383/156 3289/4411/156 3288/4403/156
f 3266/4384/157 3316/4412/157 3315/4407/157
f 3226/4386/158 3276/4414/158 3275/4408/158
f 3253/4387/159 3303/4416/159 3302/4409/159
f 3239/4383/160 3240/4388/160 3290/4410/160
f 3267/4336/161 3317/4418/161 3316/4412/161
f 3227/4413/162 3277/4488/162 3276/4414/162
f 3253/4387/163 3254/4338/163 3304/4415/163
f 3240/4388/164 3241/4339/164 3291/4417/199
f 3268/4340/165 3318/4420/165 3317/4418/165
f 3228/4341/166 3278/4421/166 3277/4419/166
f 3255/4342/167 3305/4422/167 3304/4415/167
f 3242/4343/168 3292/4423/168 3291/4417/168
f 3219/4357/169 3269/4437/169 3318/4420/169
f 3229/4344/170 3279/4424/170 3278/4421/170
f 3256/4346/171 3306/4426/171 3305/4422/171
f 3243/4347/172 3293/4427/172 3292/4423/172
f 3230/4348/173 3280/4428/173 3279/4424/173
f 3257/4425/34 3307/4447/34 3306/4426/34
f 3244/4350/174 3294/4430/174 3293/4427/174
f 3231/4351/175 3281/4431/175 3280/4428/175
f 3258/4352/176 3308/4432/176 3307/4429/176
f 3245/4353/177 3295/4433/177 3294/4430/177
f 3232/4354/35 3282/4434/35 3281/4431/35
f 3259/4356/178 3309/4436/178 3308/4432/178
f 3246/4359/179 3296/4438/179 3295/4433/179
f 3233/4360/180 3283/4439/180 3282/4434/180
f 3259/4356/181 3260/4355/181 3310/4435/181
f 3220/4361/182 3270/4440/182 3269/4437/182
f 3247/4358/183 3297/4441/183 3296/4438/183
f 3234/4362/184 3284/4390/184 3283/4439/184
f 3261/4363/185 3311/4391/185 3310/4435/185
f 3221/4364/186 3271/4392/186 3270/4440/186
f 3248/4365/187 3298/4393/187 3297/4441/187
f 3269/4437/169 3319/4458/169 3368/4442/169
f 3279/4424/170 3329/4446/170 3328/4443/170
f 3306/4426/171 3356/4448/171 3355/4444/171
f 3293/4427/172 3343/4449/172 3342/4445/172
f 3280/4428/173 3330/4450/173 3329/4446/173
f 3307/4447/34 3357/4527/34 3356/4448/34
f 3294/4430/174 3344/4452/174 3343/4449/174
f 3281/4431/175 3331/4453/175 3330/4450/175
f 3308/4432/176 3358/4454/176 3357/4451/176
f 3295/4433/177 3345/4455/177 3344/4452/177
f 3282/4434/35 3332/4456/35 3331/4453/35
f 3309/4436/178 3359/4457/178 3358/4454/178
f 3296/4438/179 3346/4459/179 3345/4455/179
f 3283/4439/180 3333/4460/180 3332/4456/180
f 3310/4435/181 3360/4461/181 3359/4457/181
f 3270/4440/182 3320/4462/182 3319/4458/182
f 3297/4441/183 3347/4463/183 3346/4459/183
f 3284/4390/184 3334/4464/184 3333/4460/184
f 3311/4391/185 3361/4465/185 3360/4461/185
f 3271/4392/186 3321/4467/186 3320/4462/186
f 3298/4393/187 3348/4468/187 3347/4463/187
f 3285/4389/188 3335/4469/188 3334/4464/188
f 3312/4395/189 3362/4470/189 3361/4465/189
f 3271/4392/190 3272/4396/190 3322/4466/190
f 3299/4398/191 3349/4473/191 3348/4468/191
f 3286/4394/192 3336/4475/192 3335/4469/192
f 3313/4401/193 3363/4477/193 3362/4470/193
f 3272/4396/194 3273/4402/194 3323/4471/194
f 3299/4398/195 3300/4397/195 3350/4472/195
f 3287/4474/196 3337/4500/196 3336/4475/196
f 3313/4401/197 3314/4400/197 3364/4476/197
f 3274/4405/198 3324/4480/198 3323/4471/198
f 3301/4406/151 3351/4481/151 3350/4472/151
f 3287/4404/152 3288/4403/152 3338/4478/152
f 3315/4407/153 3365/4482/153 3364/4476/153
f 3275/4408/154 3325/4484/154 3324/4480/154
f 3302/4409/155 3352/4485/155 3351/4481/155
f 3289/4411/156 3339/4486/156 3338/4478/156
f 3316/4412/157 3366/4487/157 3365/4482/157
f 3275/4408/158 3276/4414/158 3326/4483/158
f 3303/4416/159 3353/4489/159 3352/4485/159
f 3290/4410/160 3340/4490/160 3339/4486/160
f 3317/4418/161 3367/4491/161 3366/4487/161
f 3277/4488/162 3327/8951/162 3326/4483/162
f 3304/4415/163 3354/4493/163 3353/4489/163
f 3291/4417/199 3341/4494/164 3340/4490/164
f 3318/4420/165 3368/4442/165 3367/4491/165
f 3278/4421/166 3328/4443/166 3327/4492/166
f 3305/4422/167 3355/4444/167 3354/4493/167
f 3291/4417/168 3292/4423/168 3342/4445/168
f 3336/4475/192 3386/4501/192 3385/4495/192
f 3363/4477/193 3413/4503/193 3412/4496/193
f 3323/4471/194 3373/4504/194 3372/4497/194
f 3349/4473/195 3350/4472/195 3400/4498/195
f 3337/4500/196 3387/4575/196 3386/4501/196
f 3363/4477/197 3364/4476/197 3414/4502/197
f 3324/4480/198 3374/4506/198 3373/4504/198
f 3351/4481/151 3401/4507/151 3400/4498/151
f 3338/4478/152 3388/4508/152 3387/4505/152
f 3365/4482/153 3415/4509/153 3414/4502/153
f 3325/4484/154 3375/4511/154 3374/4506/154
f 3352/4485/155 3402/4512/155 3401/4507/155
f 3339/4486/156 3389/4513/156 3388/4508/156
f 3366/4487/157 3416/4514/157 3415/4509/157
f 3325/4484/158 3326/4483/158 3376/4510/158
f 3353/4489/159 3403/4516/159 3402/4512/159
f 3340/4490/160 3390/4517/160 3389/4513/160
f 3367/4491/161 3417/4518/161 3416/4514/161
f 3326/4483/162 3327/8951/162 3377/4515/162
f 3354/4493/163 3404/4520/163 3403/4516/163
f 3341/4494/164 3391/4521/164 3390/4517/164
f 3368/4442/165 3418/4522/165 3417/4518/165
f 3328/4443/166 3378/4523/166 3377/4519/166
f 3355/4444/167 3405/4524/167 3404/4520/167
f 3342/4445/168 3392/4525/168 3391/4521/168
f 3319/4458/169 3369/4538/169 3418/4522/169
f 3329/4446/170 3379/4526/170 3378/4523/170
f 3356/4448/171 3406/4528/171 3405/4524/171
f 3343/4449/172 3393/4529/172 3392/4525/172
f 3330/4450/173 3380/4530/173 3379/4526/173
f 3357/4527/34 3407/4549/34 3406/4528/34
f 3344/4452/174 3394/4532/174 3393/4529/174
f 3331/4453/175 3381/4533/175 3380/4530/175
f 3358/4454/176 3408/4534/176 3407/4531/176
f 3345/4455/177 3395/4535/177 3394/4532/177
f 3332/4456/35 3382/4536/35 3381/4533/35
f 3359/4457/178 3409/4537/178 3408/4534/178
f 3346/4459/179 3396/4539/179 3395/4535/179
f 3333/4460/180 3383/4540/180 3382/4536/180
f 3360/4461/181 3410/4541/181 3409/4537/181
f 3320/4462/182 3370/4542/182 3369/4538/182
f 3347/4463/183 3397/4543/183 3396/4539/183
f 3334/4464/184 3384/4544/184 3383/4540/184
f 3361/4465/185 3411/4545/185 3410/4541/185
f 3321/4467/186 3371/4546/186 3370/4542/186
f 3348/4468/187 3398/4547/187 3397/4543/187
f 3335/4469/188 3385/4495/188 3384/4544/188
f 3362/4470/189 3412/4496/189 3411/4545/189
f 3321/4467/190 3322/4466/190 3372/4497/190
f 3349/4473/191 3399/4499/191 3398/4547/191
f 3380/4530/173 3430/4552/173 3429/4548/173
f 3407/4549/34 3457/4629/34 3456/4550/34
f 3394/4532/174 3444/4554/174 3443/4551/174
f 3381/4533/175 3431/4556/175 3430/4552/175
f 3408/4534/176 3458/4557/176 3457/4553/176
f 3395/4535/177 3445/4558/177 3444/4554/177
f 3381/4533/35 3382/4536/35 3432/4555/35
f 3409/4537/178 3459/4559/178 3458/4557/178
f 3396/4539/179 3446/4561/179 3445/4558/179
f 3383/4540/180 3433/4562/180 3432/4555/180
f 3410/4541/181 3460/4563/181 3459/4559/181
f 3370/4542/182 3420/4564/182 3419/4560/182
f 3397/4543/183 3447/4565/183 3446/4561/183
f 3384/4544/184 3434/4566/184 3433/4562/184
f 3411/4545/185 3461/4567/185 3460/4563/185
f 3371/4546/186 3421/4568/186 3420/4564/186
f 3398/4547/187 3448/4569/200 3447/4565/200
f 3385/4495/188 3435/4570/188 3434/4566/188
f 3412/4496/189 3462/4571/189 3461/4567/189
f 3372/4497/190 3422/4572/190 3421/4568/190
f 3399/4499/191 3449/4574/191 3448/4569/191
f 3386/4501/192 3436/4576/192 3435/4570/192
f 3413/4503/193 3463/4578/193 3462/4571/193
f 3373/4504/194 3423/4579/194 3422/4572/194
f 3399/4499/195 3400/4498/195 3450/4573/195
f 3387/4575/196 3437/4600/196 3436/4576/196
f 3413/4503/197 3414/4502/197 3464/4577/197
f 3374/4506/198 3424/4581/198 3423/4579/198
f 3401/4507/151 3451/4582/151 3450/4573/151
f 3388/4508/152 3438/4583/152 3437/4580/152
f 3415/4509/153 3465/4584/153 3464/4577/153
f 3375/4511/154 3425/4585/154 3424/4581/154
f 3402/4512/155 3452/4586/155 3451/4582/155
f 3389/4513/156 3439/4587/156 3438/4583/156
f 3416/4514/157 3466/4588/157 3465/4584/157
f 3376/4510/158 3426/4589/158 3425/4585/158
f 3403/4516/159 3453/4590/159 3452/4586/159
f 3390/4517/160 3440/4591/160 3439/4587/160
f 3417/4518/161 3467/4592/161 3466/4588/161
f 3377/4515/162 3427/4615/162 3426/4589/162
f 3404/4520/163 3454/4594/163 3453/4590/163
f 3391/4521/164 3441/4595/164 3440/4591/164
f 3418/4522/165 3468/4596/165 3467/4592/165
f 3378/4523/166 3428/4597/166 3427/4593/166
f 3405/4524/167 3455/4598/167 3454/4594/167
f 3392/4525/168 3442/4599/168 3441/4595/168
f 3369/4538/169 3419/4560/169 3468/4596/169
f 3379/4526/170 3429/4548/170 3428/4597/170
f 3406/4528/171 3456/4550/171 3455/4598/171
f 3393/4529/172 3443/4551/172 3442/4599/172
f 3437/4600/196 3487/4675/196 3486/4601/196
f 3464/4577/197 3514/4606/197 3513/4602/197
f 3424/4581/198 3474/4608/198 3473/4603/198
f 3451/4582/151 3501/4609/151 3500/4604/151
f 3438/4583/152 3488/4610/152 3487/4605/152
f 3465/4584/153 3515/4611/153 3514/4606/153
f 3424/4581/154 3425/4585/154 3475/4607/154
f 3452/4586/155 3502/4612/155 3501/4609/155
f 3439/4587/156 3489/4613/156 3488/4610/156
f 3466/4588/157 3516/4614/157 3515/4611/157
f 3426/4589/158 3476/4616/158 3475/4607/158
f 3453/4590/159 3503/4617/159 3502/4612/159
f 3440/4591/160 3490/4618/160 3489/4613/160
f 3467/4592/161 3517/4619/161 3516/4614/161
f 3427/4615/162 3477/4691/162 3476/4616/162
f 3454/4594/163 3504/4621/163 3503/4617/163
f 3441/4595/164 3491/4622/164 3490/4618/164
f 3468/4596/165 3518/4623/165 3517/4619/165
f 3428/4597/166 3478/4625/166 3477/4620/166
f 3455/4598/167 3505/4626/167 3504/4621/167
f 3442/4599/168 3492/4627/168 3491/4622/168
f 3419/4560/169 3469/4639/169 3518/4623/169
f 3428/4597/170 3429/4548/170 3479/4624/170
f 3456/4550/171 3506/4630/171 3505/4626/171
f 3443/4551/172 3493/4631/172 3492/4627/172
f 3429/4548/173 3430/4552/173 3480/4628/173
f 3457/4629/34 3507/4703/34 3506/4630/34
f 3444/4554/174 3494/4634/174 3493/4631/174
f 3430/4552/175 3431/4556/175 3481/4632/175
f 3458/4557/176 3508/4635/176 3507/4633/176
f 3445/4558/177 3495/4636/177 3494/4634/177
f 3432/4555/35 3482/4637/35 3481/4632/35
f 3459/4559/178 3509/4638/178 3508/4635/178
f 3446/4561/179 3496/4640/179 3495/4636/179
f 3433/4562/180 3483/4642/180 3482/4637/180
f 3460/4563/181 3510/4643/181 3509/4638/181
f 3420/4564/182 3470/4644/182 3469/4639/182
f 3447/4565/183 3497/4645/183 3496/4640/183
f 3433/4562/184 3434/4566/184 3484/4641/184
f 3461/4567/185 3511/4647/185 3510/4643/185
f 3421/4568/186 3471/4648/186 3470/4644/186
f 3448/4569/200 3498/4649/200 3497/4645/200
f 3434/4566/188 3435/4570/188 3485/4646/188
f 3462/4571/189 3512/4650/189 3511/4647/189
f 3422/4572/190 3472/4651/190 3471/4648/190
f 3449/4574/191 3499/4652/191 3498/4649/191
f 3436/4576/192 3486/4601/192 3485/4646/192
f 3463/4578/193 3513/4602/193 3512/4650/193
f 3423/4579/194 3473/4603/194 3472/4651/194
f 3450/4573/195 3500/4604/195 3499/4652/195
f 3480/4628/175 3481/4632/175 3531/4653/175
f 3508/4635/176 3558/4658/176 3557/4655/176
f 3495/4636/177 3545/4659/177 3544/4656/177
f 3481/4632/35 3482/4637/35 3532/4657/35
f 3509/4638/178 3559/4660/178 3558/4658/178
f 3496/4640/179 3546/4662/179 3545/4659/179
f 3483/4642/180 3533/4663/180 3532/4657/180
f 3510/4643/181 3560/4664/181 3559/4660/181
f 3470/4644/182 3520/4665/182 3519/4661/182
f 3497/4645/183 3547/4666/183 3546/4662/183
f 3484/4641/184 3534/4667/184 3533/4663/184
f 3511/4647/185 3561/4668/185 3560/4664/185
f 3471/4648/186 3521/4669/186 3520/4665/186
f 3498/4649/200 3548/4670/200 3547/4666/200
f 3485/4646/188 3535/4671/188 3534/4667/188
f 3512/4650/189 3562/4672/189 3561/4668/189
f 3472/4651/190 3522/4673/190 3521/4669/190
f 3499/4652/191 3549/4674/191 3548/4670/191
f 3486/4601/192 3536/4676/192 3535/4671/192
f 3513/4602/193 3563/4677/193 3562/4672/193
f 3473/4603/194 3523/4678/194 3522/4673/194
f 3500/4604/195 3550/4679/195 3549/4674/195
f 3487/4675/196 3537/8952/196 3536/4676/196
f 3514/4606/197 3564/4681/197 3563/4677/197
f 3474/4608/198 3524/4682/198 3523/4678/198
f 3501/4609/151 3551/4683/151 3550/4679/151
f 3488/4610/152 3538/4684/152 3537/4680/152
f 3515/4611/153 3565/4685/153 3564/4681/153
f 3475/4607/154 3525/4687/154 3524/4682/154
f 3502/4612/155 3552/4688/155 3551/4683/155
f 3489/4613/156 3539/4689/156 3538/4684/156
f 3516/4614/157 3566/4690/157 3565/4685/157
f 3475/4607/158 3476/4616/158 3526/4686/158
f 3503/4617/159 3553/4692/159 3552/4688/159
f 3490/4618/160 3540/4693/160 3539/4689/160
f 3517/4619/161 3567/4694/161 3566/4690/161
f 3477/4691/162 3527/8953/162 3526/4686/162
f 3504/4621/163 3554/4696/163 3553/4692/163
f 3491/4622/164 3541/4697/164 3540/4693/164
f 3518/4623/165 3568/4698/165 3567/4694/165
f 3478/4625/166 3528/4699/166 3527/4695/166
f 3505/4626/167 3555/4700/167 3554/4696/167
f 3492/4627/168 3542/4701/168 3541/4697/168
f 3469/4639/169 3519/4661/169 3568/4698/169
f 3479/4624/170 3529/4702/170 3528/4699/170
f 3506/4630/171 3556/4704/171 3555/4700/171
f 3493/4631/172 3543/4705/172 3542/4701/172
f 3480/4628/173 3530/4654/173 3529/4702/173
f 3507/4703/34 3557/8954/34 3556/4704/34
f 3494/4634/174 3544/4656/174 3543/4705/174
f 3594/4706/36 3573/4765/36 3574/4707/36
f 3582/4709/36 3596/4756/36 3595/4710/36
f 3578/4712/37 3588/4723/37 3587/4713/37
f 3570/4715/37 3586/4751/37 3585/4716/37
f 3591/4718/34 3588/4723/34 3578/4712/34
f 3580/4720/35 3599/4753/35 3596/4721/35
f 3588/4723/37 3589/4755/37 3590/4724/37
f 3571/4725/36 3594/4706/36 3593/4708/36
f 3581/4727/34 3595/4733/34 3594/4728/34
f 3738/8955/3 3739/8956/3 3740/8957/3
f 3740/8957/3 3741/8958/3 3743/8959/3
f 3741/8958/3 3742/8960/3 3743/8959/3
f 3738/8955/3 3740/8957/3 3743/8959/3
f 3744/4731/3 3745/8961/3 3746/8962/3
f 3738/8955/3 3743/8959/3 3744/4731/3
f 3747/4732/3 3748/8963/3 3737/4730/3
f 3737/4730/3 3738/8955/3 3744/4731/3
f 3744/4731/3 3746/8962/3 3747/4732/3
f 3595/4733/34 3601/4769/34 3573/4734/34
f 3583/4735/36 3592/4749/36 3591/4736/36
f 3577/4738/35 3587/8964/35 3586/4739/35
f 3572/4741/35 3593/4760/35 3592/4742/35
f 3579/4744/37 3600/4748/37 3599/4745/37
f 3585/4716/34 3598/4752/34 3604/4747/34
f 3569/4717/34 3585/4716/34 3600/4748/34
f 3592/4749/36 3575/4771/36 3576/4750/36
f 3586/4751/37 3597/4773/37 3598/4752/37
f 3599/4753/35 3603/4775/35 3602/4754/35
f 3591/4718/34 3576/4778/34 3589/4755/34
f 3596/4756/36 3602/4781/36 3601/4757/36
f 3586/4739/35 3587/8964/35 3590/4758/35
f 3593/4760/35 3574/4767/35 3575/4761/35
f 3600/4748/37 3604/4747/37 3603/4762/37
f 3590/4758/35 3607/4783/35 3606/4763/35
f 3589/4755/37 3608/4779/37 3607/4764/37
f 3573/4765/36 3612/4792/36 3611/4766/36
f 3574/4767/35 3611/4787/35 3610/4768/35
f 3601/4769/34 3613/8965/34 3612/4770/34
f 3575/4771/36 3610/4801/36 3609/4772/36
f 3597/4773/37 3606/4797/37 3605/4774/37
f 3603/4775/35 3615/4790/35 3614/4776/35
f 3598/4752/34 3605/4774/34 3616/4777/34
f 3576/4778/34 3609/4794/34 3608/4779/34
f 3604/4747/37 3616/4777/37 3615/4780/37
f 3602/4781/36 3614/4785/36 3613/4782/36
f 3607/4783/35 3619/4806/35 3618/4784/35
f 3614/4785/36 3626/4808/36 3625/4786/36
f 3611/4787/35 3623/4810/35 3622/4788/35
f 3608/4779/37 3620/4795/37 3619/4789/37
f 3615/4790/35 3627/4813/35 3626/4791/35
f 3612/4792/36 3624/4815/36 3623/4793/36
f 3609/4794/34 3621/4817/34 3620/4795/34
f 3616/4777/37 3628/4803/37 3627/4796/37
f 3606/4797/37 3618/4820/37 3617/4798/37
f 3612/4770/34 3613/8965/34 3625/4799/34
f 3610/4801/36 3622/4823/36 3621/4802/36
f 3616/4777/34 3605/4774/34 3617/4798/34
f 3628/4803/34 3617/4798/34 3629/4804/34
f 3619/4806/35 3631/4828/35 3630/4807/35
f 3626/4808/36 3638/4830/36 3637/4809/36
f 3623/4810/35 3635/4832/35 3634/4811/35
f 3620/4795/37 3632/4818/37 3631/4812/37
f 3627/4813/35 3639/8966/35 3638/4814/35
f 3624/4815/36 3636/4837/36 3635/4816/36
f 3621/4817/34 3633/4839/34 3632/4818/34
f 3628/4803/37 3640/4805/37 3639/4819/37
f 3618/4820/37 3630/4842/37 3629/4804/37
f 3624/4800/34 3625/4799/34 3637/4821/34
f 3622/4823/36 3634/4825/36 3633/4824/36
f 3634/4825/36 3646/4845/36 3645/4826/36
f 3629/4804/34 3641/4843/34 3652/4827/34
f 3631/4828/35 3643/8967/35 3642/4829/35
f 3638/4830/36 3650/4850/36 3649/4831/36
f 3635/4832/35 3647/4852/35 3646/4833/35
f 3632/4818/37 3644/4840/37 3643/4834/37
f 3638/4814/35 3639/8966/35 3651/4835/35
f 3636/4837/36 3648/4856/36 3647/4838/36
f 3633/4839/34 3645/4858/34 3644/4840/34
f 3640/4805/37 3652/4827/37 3651/4841/37
f 3630/4842/37 3642/4861/37 3641/4843/37
f 3637/4821/34 3649/4863/34 3648/4844/34
f 3646/4845/36 3658/4867/36 3657/4846/36
f 3641/4843/34 3653/4862/34 3664/4847/34
f 3642/4829/35 3643/8967/35 3655/4848/35
f 3650/4850/36 3662/4871/36 3661/4851/36
f 3647/4852/35 3659/4873/35 3658/4853/35
f 3644/4840/37 3656/4859/37 3655/4854/37
f 3651/4835/35 3663/4876/35 3662/4855/35
f 3648/4856/36 3660/4878/36 3659/4857/36
f 3645/4858/34 3657/8968/34 3656/4859/34
f 3652/4827/37 3664/4847/37 3663/4860/37
f 3642/4861/37 3654/4883/37 3653/4862/37
f 3649/4863/34 3661/4865/34 3660/4864/34
f 3661/4865/34 3673/4887/34 3672/4866/34
f 3658/4867/36 3670/4889/36 3669/4868/36
f 3653/4862/34 3665/4884/34 3676/4869/34
f 3655/4848/35 3667/8969/35 3666/4870/35
f 3662/4871/36 3674/4894/36 3673/4872/36
f 3659/4873/35 3671/4896/35 3670/4874/35
f 3656/4859/37 3668/4881/37 3667/4875/37
f 3663/4876/35 3675/8970/35 3674/4877/35
f 3660/4878/36 3672/4901/36 3671/4879/36
f 3656/4859/34 3657/8968/34 3669/4880/34
f 3664/4847/37 3676/4869/37 3675/4882/37
f 3654/4883/37 3666/4885/37 3665/4884/37
f 3666/4885/37 3678/4906/37 3677/4886/37
f 3673/4887/34 3685/4908/34 3684/4888/34
f 3670/4889/36 3682/4910/36 3681/4890/36
f 3665/4884/34 3677/4886/34 3688/4891/34
f 3666/4870/35 3667/8969/35 3679/4892/35
f 3674/4894/36 3686/4914/36 3685/4895/36
f 3671/4896/35 3683/4916/35 3682/4897/35
f 3668/4881/37 3680/4903/37 3679/4898/37
f 3674/4877/35 3675/8970/35 3687/4899/35
f 3672/4901/36 3684/4921/36 3683/4902/36
f 3669/4880/34 3681/4923/34 3680/4903/34
f 3676/4869/37 3688/4891/37 3687/4904/37
f 3688/4891/37 3700/4912/37 3699/4905/37
f 3678/4906/37 3690/4928/37 3689/4907/37
f 3685/4908/34 3697/4930/34 3696/4909/34
f 3682/4910/36 3694/4932/36 3693/4911/36
f 3677/4886/34 3689/4907/34 3700/4912/34
f 3679/4892/35 3691/4935/35 3690/4913/35
f 3686/4914/36 3698/4937/36 3697/4915/36
f 3683/4916/35 3695/4939/35 3694/4917/35
f 3680/4903/37 3692/4924/37 3691/4918/37
f 3686/4900/35 3687/4899/35 3699/4919/35
f 3684/4921/36 3696/4943/36 3695/4922/36
f 3681/4923/34 3693/4925/34 3692/4924/34
f 3693/4925/34 3705/4945/34 3704/4926/34
f 3700/4912/37 3712/4934/37 3711/4927/37
f 3690/4928/37 3702/4948/37 3701/4929/37
f 3697/4930/34 3709/4950/34 3708/4931/34
f 3694/4932/36 3706/4952/36 3705/4933/36
f 3689/4907/34 3701/4929/34 3712/4934/34
f 3691/4935/35 3703/8971/35 3702/4936/35
f 3698/4937/36 3710/4957/36 3709/4938/36
f 3695/4939/35 3707/4959/35 3706/4940/35
f 3692/4924/37 3704/4926/37 3703/4941/37
f 3699/4919/35 3711/8972/35 3710/4942/35
f 3696/4943/36 3708/4964/36 3707/4944/36
f 3705/4945/34 3717/4968/34 3716/4946/34
f 3712/4934/37 3724/4954/37 3723/4947/37
f 3702/4948/37 3714/4971/37 3713/4949/37
f 3709/4950/34 3721/4973/34 3720/4951/34
f 3706/4952/36 3718/4975/36 3717/4953/36
f 3701/4929/34 3713/4949/34 3724/4954/34
f 3702/4936/35 3703/8971/35 3715/4955/35
f 3710/4957/36 3722/4979/36 3721/4958/36
f 3707/4959/35 3719/4981/35 3718/4960/35
f 3704/4926/37 3716/4946/37 3715/4961/37
f 3710/4942/35 3711/8972/35 3723/4962/35
f 3708/4964/36 3720/4966/36 3719/4965/36
f 3720/4966/36 3732/4985/36 3731/4967/36
f 3717/4968/34 3729/4987/34 3728/4969/34
f 3724/4954/37 3736/4977/37 3735/4970/37
f 3714/4971/37 3726/4990/37 3725/4972/37
f 3721/4973/34 3733/4992/34 3732/4974/34
f 3718/4975/36 3730/4994/36 3729/4976/36
f 3713/4949/34 3725/4972/34 3736/4977/34
f 3715/4955/35 3727/8973/35 3726/4978/35
f 3722/4979/36 3734/4999/36 3733/4980/36
f 3719/4981/35 3731/5001/35 3730/4982/35
f 3716/4946/37 3728/4969/37 3727/4983/37
f 3723/4962/35 3735/5004/35 3734/4984/35
f 3732/4985/36 3744/8974/36 3743/4986/36
f 3729/4987/34 3741/8975/34 3740/4988/34
f 3736/4977/37 3748/4996/37 3747/4989/37
f 3726/4990/37 3738/8976/37 3737/4991/37
f 3733/4992/34 3745/8977/34 3744/4993/34
f 3730/4994/36 3742/8978/36 3741/4995/36
f 3725/4972/34 3737/4991/34 3748/4996/34
f 3726/4978/35 3727/8973/35 3739/4997/35
f 3734/4999/36 3746/8979/36 3745/5000/36
f 3731/5001/35 3743/8980/35 3742/5002/35
f 3728/4969/37 3740/4988/37 3739/5003/37
f 3735/5004/35 3747/8981/35 3746/5005/35
f 3749/5006/37 3761/5016/37 3772/5007/37
f 3754/5009/36 3765/5051/36 3764/5010/36
f 3904/8982/3 3893/8983/3 3903/5014/3
f 3893/8983/3 3894/8984/3 3903/5014/3
f 3894/8984/3 3895/8985/3 3896/8986/3
f 3897/5012/3 3898/8987/3 3900/5013/3
f 3898/8987/3 3899/8988/3 3900/5013/3
f 3894/8984/3 3896/8986/3 3897/5012/3
f 3901/8989/3 3902/8990/3 3903/5014/3
f 3900/5013/3 3901/8989/3 3903/5014/3
f 3903/5014/3 3894/8984/3 3897/5012/3
f 3753/5015/34 3762/5024/34 3761/5016/34
f 3760/5017/35 3770/5061/35 3769/5018/35
f 3750/5020/34 3766/5058/34 3765/5021/34
f 3755/5023/37 3763/5035/37 3762/5024/37
f 3758/5025/37 3771/5047/37 3770/5026/37
f 3750/5028/36 3752/8991/36 3767/5029/36
f 3757/5031/35 3768/5049/35 3767/5032/35
f 3756/5034/34 3764/5045/34 3763/5035/34
f 3759/5036/36 3769/5056/36 3768/5037/36
f 3751/5039/35 3772/5053/35 3771/5040/35
f 3762/5024/34 3774/5055/34 3773/5042/34
f 3766/5030/36 3767/5029/36 3779/5043/36
f 3764/5045/34 3776/5067/34 3775/5046/34
f 3771/5047/37 3783/5069/37 3782/5048/37
f 3768/5049/35 3780/5071/35 3779/5050/35
f 3765/5051/36 3777/5073/36 3776/5052/36
f 3772/5053/35 3784/5075/35 3783/5054/35
f 3762/5024/37 3763/5035/37 3775/5046/37
f 3769/5056/36 3781/8992/36 3780/5057/36
f 3766/5058/34 3778/5080/34 3777/5059/34
f 3761/5016/37 3773/5042/37 3784/5060/37
f 3770/5061/35 3782/5063/35 3781/5062/35
f 3782/5063/35 3794/5085/35 3793/5064/35
f 3778/5044/36 3779/5043/36 3791/5065/36
f 3776/5067/34 3788/5089/34 3787/5068/34
f 3783/5069/37 3795/5091/37 3794/5070/37
f 3780/5071/35 3792/5093/35 3791/5072/35
f 3777/5073/36 3789/5095/36 3788/5074/36
f 3784/5075/35 3796/5097/35 3795/5076/35
f 3774/5055/34 3786/5083/34 3785/5077/34
f 3780/5057/36 3781/8992/36 3793/5078/36
f 3778/5080/34 3790/5101/34 3789/5081/34
f 3773/5042/37 3785/5077/37 3796/5082/37
f 3775/5046/37 3787/5068/37 3786/5083/37
f 3787/5068/37 3799/5090/37 3798/5084/37
f 3794/5085/35 3806/5106/35 3805/5086/35
f 3790/5066/36 3791/5065/36 3803/5087/36
f 3788/5089/34 3800/5110/34 3799/5090/34
f 3795/5091/37 3807/5112/37 3806/5092/37
f 3792/5093/35 3804/5114/35 3803/5094/35
f 3789/5095/36 3801/5116/36 3800/5096/36
f 3796/5097/35 3808/5118/35 3807/5098/35
f 3786/5083/34 3798/5084/34 3797/5099/34
f 3793/5078/36 3805/5121/36 3804/5100/36
f 3790/5101/34 3802/5123/34 3801/5102/34
f 3785/5077/37 3797/5099/37 3808/5103/37
f 3797/5099/37 3809/5120/37 3820/5104/37
f 3799/5090/37 3811/5111/37 3810/5105/37
f 3806/5106/35 3818/5129/35 3817/5107/35
f 3802/5088/36 3803/5087/36 3815/5108/36
f 3800/5110/34 3812/5132/34 3811/5111/34
f 3807/5112/37 3819/5134/37 3818/5113/37
f 3804/5114/35 3816/5136/35 3815/5115/35
f 3801/5116/36 3813/8993/36 3812/5117/36
f 3808/5118/35 3820/5140/35 3819/5119/35
f 3798/5084/34 3810/5105/34 3809/5120/34
f 3805/5121/36 3817/8994/36 3816/5122/36
f 3802/5123/34 3814/5125/34 3813/5124/34
f 3814/5125/34 3826/5145/34 3825/5126/34
f 3809/5120/37 3821/5142/37 3832/5127/37
f 3811/5111/37 3823/5133/37 3822/5128/37
f 3818/5129/35 3830/5149/35 3829/5130/35
f 3815/5108/36 3827/5151/36 3826/5131/36
f 3812/5132/34 3824/5153/34 3823/5133/34
f 3819/5134/37 3831/5155/37 3830/5135/37
f 3816/5136/35 3828/5157/35 3827/5137/35
f 3812/5117/36 3813/8993/36 3825/5138/36
f 3820/5140/35 3832/5161/35 3831/5141/35
f 3810/5105/34 3822/5128/34 3821/5142/34
f 3816/5122/36 3817/8994/36 3829/5143/36
f 3826/5145/34 3838/5168/34 3837/5146/34
f 3821/5142/37 3833/5163/37 3844/5147/37
f 3823/5133/37 3835/5154/37 3834/5148/37
f 3830/5149/35 3842/5172/35 3841/5150/35
f 3827/5151/36 3839/5174/36 3838/5152/36
f 3824/5153/34 3836/5176/34 3835/5154/34
f 3831/5155/37 3843/5178/37 3842/5156/37
f 3828/5157/35 3840/5180/35 3839/5158/35
f 3824/5139/36 3825/5138/36 3837/5159/36
f 3832/5161/35 3844/5184/35 3843/5162/35
f 3822/5128/34 3834/5148/34 3833/5163/34
f 3828/5144/36 3829/5143/36 3841/5164/36
f 3840/5165/36 3841/5164/36 3853/5166/36
f 3838/5168/34 3850/5189/34 3849/5169/34
f 3833/5163/37 3845/5186/37 3856/5170/37
f 3835/5154/37 3847/5177/37 3846/5171/37
f 3842/5172/35 3854/5194/35 3853/5173/35
f 3839/5174/36 3851/5196/36 3850/5175/36
f 3836/5176/34 3848/5198/34 3847/5177/34
f 3843/5178/37 3855/8995/37 3854/5179/37
f 3840/5180/35 3852/5201/35 3851/5181/35
f 3836/5160/36 3837/5159/36 3849/5182/36
f 3844/5184/35 3856/5204/35 3855/5185/35
f 3834/5148/34 3846/5171/34 3845/5186/34
f 3846/5171/34 3858/5193/34 3857/5187/34
f 3853/5166/36 3865/5209/36 3864/5188/36
f 3850/5189/34 3862/5211/34 3861/5190/34
f 3856/5170/37 3845/5186/37 3857/5187/37
f 3846/5171/37 3847/5177/37 3859/5192/37
f 3854/5194/35 3866/5215/35 3865/5195/35
f 3851/5196/36 3863/5217/36 3862/5197/36
f 3848/5198/34 3860/5219/34 3859/5192/34
f 3854/5179/37 3855/8995/37 3867/5199/37
f 3852/5201/35 3864/5223/35 3863/5202/35
f 3849/5182/36 3861/8996/36 3860/5203/36
f 3856/5204/35 3868/5206/35 3867/5205/35
f 3868/5206/35 3880/5229/35 3879/5207/35
f 3858/5193/34 3870/5214/34 3869/5208/34
f 3865/5209/36 3877/8997/36 3876/5210/36
f 3862/5211/34 3874/5234/34 3873/5212/34
f 3857/5187/37 3869/5208/37 3880/5213/37
f 3859/5192/37 3871/5220/37 3870/5214/37
f 3866/5215/35 3878/5238/35 3877/5216/35
f 3863/5217/36 3875/5240/36 3874/5218/36
f 3860/5219/34 3872/5242/34 3871/5220/34
f 3866/5200/37 3867/5199/37 3879/5221/37
f 3864/5223/35 3876/5245/35 3875/5224/35
f 3860/5203/36 3861/8996/36 3873/5225/36
f 3872/5226/36 3873/5225/36 3885/5227/36
f 3880/5229/35 3892/5249/35 3891/5230/35
f 3870/5214/34 3882/5237/34 3881/5231/34
f 3876/5210/36 3877/8997/36 3889/5232/36
f 3874/5234/34 3886/5254/34 3885/5235/34
f 3869/5208/37 3881/5231/37 3892/5236/37
f 3871/5220/37 3883/5243/37 3882/5237/37
f 3878/5238/35 3890/5258/35 3889/5239/35
f 3875/5240/36 3887/5260/36 3886/5241/36
f 3872/5242/34 3884/5262/34 3883/5243/34
f 3879/5221/37 3891/5264/37 3890/5244/37
f 3876/5245/35 3888/5266/35 3887/5246/35
f 3884/5228/36 3885/5227/36 3897/5247/36
f 3892/5249/35 3904/8998/35 3903/5250/35
f 3882/5237/34 3894/5257/34 3893/5251/34
f 3888/5233/36 3889/5232/36 3901/5252/36
f 3886/5254/34 3898/8999/34 3897/5255/34
f 3881/5231/37 3893/5251/37 3904/5256/37
f 3883/5243/37 3895/5263/37 3894/5257/37
f 3890/5258/35 3902/9000/35 3901/5259/35
f 3887/5260/36 3899/9001/36 3898/5261/36
f 3884/5262/34 3896/9002/34 3895/5263/34
f 3891/5264/37 3903/9003/37 3902/5265/37
f 3888/5266/35 3900/9004/35 3899/5267/35
f 3910/5268/36 3918/5295/36 3917/5269/36
f 3992/5273/3 3985/9005/3 3987/5271/3
f 3985/9005/3 3986/9006/3 3987/5271/3
f 3987/5271/3 3988/9007/3 3990/5272/3
f 3988/9007/3 3989/9008/3 3990/5272/3
f 3990/5272/3 3991/9009/3 3992/5273/3
f 3907/5274/36 3920/5293/36 3919/5275/36
f 3906/5277/37 3914/5285/37 3913/5278/37
f 3911/5280/37 3916/5284/37 3915/5281/37
f 3912/5283/34 3917/9010/34 3916/5284/34
f 3906/5277/34 3909/5282/34 3915/5281/34
f 3908/5286/34 3919/5300/34 3918/5287/34
f 3905/5289/35 3913/5298/35 3920/5290/35
f 3914/5285/37 3922/5304/37 3921/5292/37
f 3920/5293/36 3928/5310/36 3927/5294/36
f 3918/5295/36 3926/5312/36 3925/5296/36
f 3916/5284/37 3924/5303/37 3923/5297/37
f 3913/5298/35 3921/9011/35 3928/5299/35
f 3919/5300/34 3927/5305/34 3926/5301/34
f 3916/5284/34 3917/9010/34 3925/5302/34
f 3914/5285/34 3915/5281/34 3923/5297/34
f 3927/5305/34 3935/5319/34 3934/5306/34
f 3925/5302/34 3933/9012/34 3932/5307/34
f 3922/5304/34 3923/5297/34 3931/5308/34
f 3928/5310/36 3936/5324/36 3935/5311/36
f 3926/5312/36 3934/5326/36 3933/5313/36
f 3924/5303/37 3932/5307/37 3931/5308/37
f 3922/5304/37 3930/5309/37 3929/5314/37
f 3928/5299/35 3921/9011/35 3929/5315/35
f 3930/5309/37 3938/5323/37 3937/5317/37
f 3929/5315/35 3937/9013/35 3944/5318/35
f 3935/5319/34 3943/5337/34 3942/5320/34
f 3932/5307/34 3933/9012/34 3941/5321/34
f 3931/5308/34 3939/5328/34 3938/5323/34
f 3936/5324/36 3944/5329/36 3943/5325/36
f 3934/5326/36 3942/5331/36 3941/5327/36
f 3932/5307/37 3940/5322/37 3939/5328/37
f 3944/5329/36 3952/5344/36 3951/5330/36
f 3942/5331/36 3950/5346/36 3949/5332/36
f 3940/5322/37 3948/5340/37 3947/5333/37
f 3938/5323/37 3946/5341/37 3945/5334/37
f 3944/5318/35 3937/9013/35 3945/5335/35
f 3943/5337/34 3951/5350/34 3950/5338/34
f 3940/5322/34 3941/5321/34 3949/5339/34
f 3939/5328/34 3947/5333/34 3946/5341/34
f 3946/5341/34 3947/5333/34 3955/5342/34
f 3952/5344/36 3960/5361/36 3959/5345/36
f 3950/5346/36 3958/5363/36 3957/5347/36
f 3948/5340/37 3956/5352/37 3955/5342/37
f 3946/5341/37 3954/5343/37 3953/5348/37
f 3945/5335/35 3953/5353/35 3960/5349/35
f 3951/5350/34 3959/5355/34 3958/5351/34
f 3949/5339/34 3957/9014/34 3956/5352/34
f 3953/5353/35 3961/5368/35 3968/5354/35
f 3959/5355/34 3967/5370/34 3966/5356/34
f 3956/5352/34 3957/9014/34 3965/5357/34
f 3954/5343/34 3955/5342/34 3963/5359/34
f 3960/5361/36 3968/5374/36 3967/5362/36
f 3958/5363/36 3966/5376/36 3965/5364/36
f 3956/5352/37 3964/5358/37 3963/5359/37
f 3954/5343/37 3962/5360/37 3961/5365/37
f 3964/5358/37 3972/5372/37 3971/5366/37
f 3962/5360/37 3970/5373/37 3969/5367/37
f 3961/5368/35 3969/5384/35 3976/5369/35
f 3967/5370/34 3975/5386/34 3974/5371/34
f 3965/5357/34 3973/5388/34 3972/5372/34
f 3962/5360/34 3963/5359/34 3971/5366/34
f 3968/5374/36 3976/5378/36 3975/5375/36
f 3966/5376/36 3974/5380/36 3973/5377/36
f 3976/5378/36 3984/5395/36 3983/5379/36
f 3974/5380/36 3982/5397/36 3981/5381/36
f 3972/5372/37 3980/5389/37 3979/5382/37
f 3970/5373/37 3978/5390/37 3977/5383/37
f 3969/5384/35 3977/5400/35 3984/5385/35
f 3975/5386/34 3983/5402/34 3982/5387/34
f 3973/5388/34 3981/9015/34 3980/5389/34
f 3970/5373/34 3971/5366/34 3979/5382/34
f 3980/5389/34 3981/9015/34 3989/5391/34
f 3978/5390/34 3979/5382/34 3987/5393/34
f 3984/5395/36 3992/9016/36 3991/5396/36
f 3982/5397/36 3990/9017/36 3989/5398/36
f 3980/5389/37 3988/5392/37 3987/5393/37
f 3978/5390/37 3986/5394/37 3985/5399/37
f 3977/5400/35 3985/9018/35 3992/5401/35
f 3983/5402/34 3991/9019/34 3990/5403/34
f 4056/5406/3 4049/9020/3 4051/5404/3
f 4049/9020/3 4050/9021/3 4051/5404/3
f 4051/5404/3 4052/9022/3 4053/9023/3
f 4054/5405/3 4055/9024/3 4056/5406/3
f 4051/5404/3 4053/9023/3 4054/5405/3
f 3998/5407/36 4006/5431/36 4005/5408/36
f 3995/5410/36 4008/5429/36 4007/5411/36
f 3994/5413/37 4002/5421/37 4001/5414/37
f 3999/5416/37 4004/5420/37 4003/5417/37
f 4000/5419/34 4005/9025/34 4004/5420/34
f 3997/5418/34 4003/5417/34 4002/5421/34
f 3996/5422/34 4007/5436/34 4006/5423/34
f 3995/5425/35 3993/9026/35 4001/5426/35
f 4002/5421/37 4010/5440/37 4009/5428/37
f 4008/5429/36 4016/5446/36 4015/5430/36
f 4006/5431/36 4014/5448/36 4013/5432/36
f 4004/5420/37 4012/5439/37 4011/5433/37
f 4008/5427/35 4001/5426/35 4009/5434/35
f 4007/5436/34 4015/5441/34 4014/5437/34
f 4004/5420/34 4005/9025/34 4013/5438/34
f 4003/5417/34 4011/5433/34 4010/5440/34
f 4015/5441/34 4023/9027/34 4022/5442/34
f 4012/5439/34 4013/5438/34 4021/5443/34
f 4011/5433/34 4019/5450/34 4018/5445/34
f 4016/5446/36 4024/5460/36 4023/5447/36
f 4014/5448/36 4022/5462/36 4021/5449/36
f 4012/5439/37 4020/5444/37 4019/5450/37
f 4010/5440/37 4018/5445/37 4017/5451/37
f 4009/5434/35 4017/9028/35 4024/5452/35
f 4018/5445/37 4026/5459/37 4025/5453/37
f 4024/5452/35 4017/9028/35 4025/5454/35
f 4022/5442/34 4023/9027/34 4031/5456/34
f 4021/5443/34 4029/5474/34 4028/5458/34
f 4019/5450/34 4027/5464/34 4026/5459/34
f 4024/5460/36 4032/5465/36 4031/5461/36
f 4022/5462/36 4030/5467/36 4029/5463/36
f 4020/5444/37 4028/5458/37 4027/5464/37
f 4032/5465/36 4040/5479/36 4039/5466/36
f 4030/5467/36 4038/5481/36 4037/5468/36
f 4028/5458/37 4036/5475/37 4035/5469/37
f 4026/5459/37 4034/5476/37 4033/5470/37
f 4025/5454/35 4033/5484/35 4040/5471/35
f 4030/5457/34 4031/5456/34 4039/5472/34
f 4029/5474/34 4037/5488/34 4036/5475/34
f 4026/5459/34 4027/5464/34 4035/5469/34
f 4034/5476/34 4035/5469/34 4043/5477/34
f 4040/5479/36 4048/5498/36 4047/5480/36
f 4038/5481/36 4046/5500/36 4045/5482/36
f 4036/5475/37 4044/5489/37 4043/5477/37
f 4034/5476/37 4042/5478/37 4041/5483/37
f 4033/5484/35 4041/5490/35 4048/5485/35
f 4038/5473/34 4039/5472/34 4047/5486/34
f 4037/5488/34 4045/5494/34 4044/5489/34
f 4041/5490/35 4049/9029/35 4056/5491/35
f 4046/5487/34 4047/5486/34 4055/5492/34
f 4045/5494/34 4053/9030/34 4052/5495/34
f 4042/5478/34 4043/5477/34 4051/5496/34
f 4048/5498/36 4056/9031/36 4055/5499/36
f 4046/5500/36 4054/9032/36 4053/5501/36
f 4044/5489/37 4052/5495/37 4051/5496/37
f 4042/5478/37 4050/5497/37 4049/5502/37
f 4062/5503/34 4069/5513/34 4068/5504/34
f 4144/9033/3 4137/9034/3 4138/5506/3
f 4138/5506/3 4139/9035/3 4140/9036/3
f 4141/5507/3 4142/9037/3 4143/5508/3
f 4138/5506/3 4140/9036/3 4141/5507/3
f 4143/5508/3 4144/9033/3 4138/5506/3
f 4059/5509/36 4072/5529/36 4071/5510/36
f 4058/5512/37 4070/5523/37 4069/5513/37
f 4063/5514/35 4067/5538/35 4066/5515/35
f 4064/5505/37 4068/5504/37 4067/5517/37
f 4061/5519/37 4066/5527/37 4065/5520/37
f 4060/5522/34 4071/5535/34 4070/5523/34
f 4057/5524/35 4065/5533/35 4072/5525/35
f 4066/5527/37 4074/5549/37 4073/5528/37
f 4072/5529/36 4080/5545/36 4079/5530/36
f 4070/5523/37 4078/5536/37 4077/5531/37
f 4068/5504/37 4076/5537/37 4075/5532/37
f 4065/5533/35 4073/5551/35 4080/5534/35
f 4071/5535/34 4079/5540/34 4078/5536/34
f 4069/5513/34 4077/5531/34 4076/5537/34
f 4067/5538/35 4075/9038/35 4074/5539/35
f 4079/5540/34 4087/5557/34 4086/5541/34
f 4077/5531/34 4085/5547/34 4084/5542/34
f 4074/5539/35 4075/9038/35 4083/5543/35
f 4080/5545/36 4088/5561/36 4087/5546/36
f 4078/5536/37 4086/5541/37 4085/5547/37
f 4076/5537/37 4084/5542/37 4083/5548/37
f 4074/5549/37 4082/5553/37 4081/5550/37
f 4073/5551/35 4081/5555/35 4088/5552/35
f 4082/5553/37 4090/5569/37 4089/5554/37
f 4081/5555/35 4089/5571/35 4096/5556/35
f 4087/5557/34 4095/9039/34 4094/5558/34
f 4085/5547/34 4093/5563/34 4092/5559/34
f 4083/5543/35 4091/5576/35 4090/5560/35
f 4088/5561/36 4096/5565/36 4095/5562/36
f 4086/5541/37 4094/5558/37 4093/5563/37
f 4084/5542/37 4092/5559/37 4091/5564/37
f 4096/5565/36 4104/5580/36 4103/5566/36
f 4094/5558/37 4102/5574/37 4101/5567/37
f 4092/5559/37 4100/5575/37 4099/5568/37
f 4090/5569/37 4098/5584/37 4097/5570/37
f 4089/5571/35 4097/5586/35 4104/5572/35
f 4094/5558/34 4095/9039/34 4103/5573/34
f 4093/5563/34 4101/5567/34 4100/5575/34
f 4091/5576/35 4099/5578/35 4098/5577/35
f 4099/5578/35 4107/5596/35 4106/5579/35
f 4104/5580/36 4112/5598/36 4111/5581/36
f 4102/5574/37 4110/5588/37 4109/5582/37
f 4100/5575/37 4108/5589/37 4107/5583/37
f 4098/5584/37 4106/5601/37 4105/5585/37
f 4097/5586/35 4105/9040/35 4112/5587/35
f 4103/5573/34 4111/5592/34 4110/5588/34
f 4100/5575/34 4101/5567/34 4109/5582/34
f 4112/5587/35 4105/9040/35 4113/5590/35
f 4111/5592/34 4119/5607/34 4118/5593/34
f 4108/5589/34 4109/5582/34 4117/5594/34
f 4107/5596/35 4115/5610/35 4114/5597/35
f 4112/5598/36 4120/5612/36 4119/5599/36
f 4110/5588/37 4118/5593/37 4117/5594/37
f 4108/5589/37 4116/5595/37 4115/5600/37
f 4106/5601/37 4114/5604/37 4113/5602/37
f 4116/5595/37 4124/5609/37 4123/5603/37
f 4114/5604/37 4122/5619/37 4121/5605/37
f 4113/5590/35 4121/5621/35 4128/5606/35
f 4119/5607/34 4127/5623/34 4126/5608/34
f 4117/5594/34 4125/5614/34 4124/5609/34
f 4115/5610/35 4123/5626/35 4122/5611/35
f 4120/5612/36 4128/5615/36 4127/5613/36
f 4118/5593/37 4126/5608/37 4125/5614/37
f 4128/5615/36 4136/5632/36 4135/5616/36
f 4126/5608/37 4134/5624/37 4133/5617/37
f 4124/5609/37 4132/5625/37 4131/5618/37
f 4122/5619/37 4130/5635/37 4129/5620/37
f 4121/5621/35 4129/5637/35 4136/5622/35
f 4127/5623/34 4135/5639/34 4134/5624/34
f 4124/5609/34 4125/5614/34 4133/5617/34
f 4123/5626/35 4131/5630/35 4130/5627/35
f 4132/5625/34 4133/5617/34 4141/5628/34
f 4131/5630/35 4139/9041/35 4138/5631/35
f 4136/5632/36 4144/9042/36 4143/5633/36
f 4134/5624/37 4142/5640/37 4141/5628/37
f 4132/5625/37 4140/5629/37 4139/5634/37
f 4130/5635/37 4138/9043/37 4137/5636/37
f 4129/5637/35 4137/9044/35 4144/5638/35
f 4135/5639/34 4143/9045/34 4142/5640/34
f 4224/9046/3 4217/9047/3 4223/5643/3
f 4217/9047/3 4218/5641/3 4223/5643/3
f 4218/5641/3 4219/9048/3 4220/5642/3
f 4220/5642/3 4221/9049/3 4222/9050/3
f 4220/5642/3 4222/9050/3 4223/5643/3
f 4150/5644/37 4159/5676/37 4158/5645/37
f 4147/5647/35 4160/5669/35 4159/5648/35
f 4146/5650/34 4154/5667/34 4153/5651/34
f 4149/5653/36 4151/9051/36 4157/5654/36
f 4152/5656/35 4158/5671/35 4157/5657/35
f 4149/5659/35 4156/5673/35 4155/5660/35
f 4148/5662/36 4155/5679/36 4154/5663/36
f 4145/5652/37 4153/5651/37 4160/5665/37
f 4154/5667/34 4162/5693/34 4161/5668/34
f 4160/5669/35 4168/5687/35 4167/5670/35
f 4158/5671/35 4166/5689/35 4165/5672/35
f 4156/5673/35 4164/5691/35 4163/5674/35
f 4153/5651/37 4161/5668/37 4168/5675/37
f 4159/5676/37 4167/5681/37 4166/5677/37
f 4157/5654/36 4165/5683/36 4164/5678/36
f 4155/5679/36 4163/5685/36 4162/5680/36
f 4167/5681/37 4175/5699/37 4174/5682/37
f 4165/5683/36 4173/9052/36 4172/5684/36
f 4163/5685/36 4171/5703/36 4170/5686/36
f 4168/5687/35 4176/5705/35 4175/5688/35
f 4166/5689/35 4174/5707/35 4173/5690/35
f 4164/5691/35 4172/5709/35 4171/5692/35
f 4162/5693/34 4170/5696/34 4169/5694/34
f 4168/5675/37 4161/5668/37 4169/5694/37
f 4170/5696/34 4178/5717/34 4177/5697/34
f 4169/5694/37 4177/5697/37 4184/5698/37
f 4175/5699/37 4183/5720/37 4182/5700/37
f 4172/5684/36 4173/9052/36 4181/5701/36
f 4171/5703/36 4179/5724/36 4178/5704/36
f 4176/5705/35 4184/5711/35 4183/5706/35
f 4174/5707/35 4182/5713/35 4181/5708/35
f 4172/5709/35 4180/5715/35 4179/5710/35
f 4184/5711/35 4192/5728/35 4191/5712/35
f 4182/5713/35 4190/5730/35 4189/5714/35
f 4180/5715/35 4188/5732/35 4187/5716/35
f 4178/5717/34 4186/5734/34 4185/5718/34
f 4177/5697/37 4185/5718/37 4192/5719/37
f 4183/5720/37 4191/5737/37 4190/5721/37
f 4180/5702/36 4181/5701/36 4189/5722/36
f 4179/5724/36 4187/9053/36 4186/5725/36
f 4186/5725/36 4187/9053/36 4195/5726/36
f 4192/5728/35 4200/5747/35 4199/5729/35
f 4190/5730/35 4198/5749/35 4197/5731/35
f 4188/5732/35 4196/5751/35 4195/5733/35
f 4186/5734/34 4194/5753/34 4193/5735/34
f 4185/5718/37 4193/5735/37 4200/5736/37
f 4191/5737/37 4199/5743/37 4198/5738/37
f 4188/5723/36 4189/5722/36 4197/5739/36
f 4200/5736/37 4193/5735/37 4201/5741/37
f 4199/5743/37 4207/9054/37 4206/5744/37
f 4197/5739/36 4205/5761/36 4204/5745/36
f 4195/5726/36 4203/5763/36 4202/5746/36
f 4200/5747/35 4208/5765/35 4207/5748/35
f 4198/5749/35 4206/5767/35 4205/5750/35
f 4196/5751/35 4204/5754/35 4203/5752/35
f 4194/5753/34 4202/5756/34 4201/5741/34
f 4204/5754/35 4212/5773/35 4211/5755/35
f 4202/5756/34 4210/5775/34 4209/5757/34
f 4201/5741/37 4209/5757/37 4216/5758/37
f 4206/5744/37 4207/9054/37 4215/5759/37
f 4205/5761/36 4213/9055/36 4212/5762/36
f 4203/5763/36 4211/5781/36 4210/5764/36
f 4208/5765/35 4216/5769/35 4215/5766/35
f 4206/5767/35 4214/5771/35 4213/5768/35
f 4216/5769/35 4224/9056/35 4223/5770/35
f 4214/5771/35 4222/9057/35 4221/5772/35
f 4212/5773/35 4220/9058/35 4219/5774/35
f 4210/5775/34 4218/9059/34 4217/5776/34
f 4209/5757/37 4217/5776/37 4224/5777/37
f 4215/5759/37 4223/9060/37 4222/5778/37
f 4212/5762/36 4213/9055/36 4221/5779/36
f 4211/5781/36 4219/9061/36 4218/5782/36
f 4225/5783/35 4237/5836/35 4248/5784/35
f 4230/5786/36 4242/5834/36 4241/5787/36
f 4296/5791/3 4285/9062/3 4287/9063/3
f 4285/9062/3 4286/9064/3 4287/9063/3
f 4287/9063/3 4288/9065/3 4289/9066/3
f 4294/9067/3 4295/9068/3 4296/5791/3
f 4291/9069/3 4292/9070/3 4293/5790/3
f 4293/5790/3 4294/9067/3 4296/5791/3
f 4296/5791/3 4287/9063/3 4290/5789/3
f 4287/9063/3 4289/9066/3 4290/5789/3
f 4290/5789/3 4291/9069/3 4293/5790/3
f 4229/5792/34 4239/5801/34 4238/5793/34
f 4236/5795/35 4247/5823/35 4246/5796/35
f 4226/5794/37 4238/5793/37 4237/5798/37
f 4231/5800/37 4240/5812/37 4239/5801/37
f 4234/5802/37 4248/5829/37 4247/5803/37
f 4228/5805/34 4243/9071/34 4242/5806/34
f 4233/5808/35 4245/5832/35 4244/5809/35
f 4232/5811/34 4241/9072/34 4240/5812/34
f 4235/5813/36 4246/5838/36 4245/5814/36
f 4227/5816/36 4244/5825/36 4243/5817/36
f 4238/5793/37 4250/5831/37 4249/5819/37
f 4242/5806/34 4243/9071/34 4255/5820/34
f 4240/5812/37 4252/5828/37 4251/5822/37
f 4247/5823/35 4259/5845/35 4258/5824/35
f 4244/5825/36 4256/5847/36 4255/5826/36
f 4240/5812/34 4241/9072/34 4253/5827/34
f 4248/5829/37 4260/5850/37 4259/5830/37
f 4238/5793/34 4239/5801/34 4251/5822/34
f 4245/5832/35 4257/5853/35 4256/5833/35
f 4242/5834/36 4254/5855/36 4253/5835/36
f 4237/5836/35 4249/5857/35 4260/5837/35
f 4246/5838/36 4258/5840/36 4257/5839/36
f 4258/5840/36 4270/5862/36 4269/5841/36
f 4254/5821/34 4255/5820/34 4267/5842/34
f 4252/5828/37 4264/5849/37 4263/5844/37
f 4259/5845/35 4271/5866/35 4270/5846/35
f 4256/5847/36 4268/5868/36 4267/5848/36
f 4253/5827/34 4265/5870/34 4264/5849/34
f 4260/5850/37 4272/5872/37 4271/5851/37
f 4250/5831/37 4262/5859/37 4261/5852/37
f 4257/5853/35 4269/5875/35 4268/5854/35
f 4254/5855/36 4266/5877/36 4265/5856/36
f 4249/5857/35 4261/5879/35 4272/5858/35
f 4250/5831/34 4251/5822/34 4263/5844/34
f 4262/5859/34 4263/5844/34 4275/5860/34
f 4270/5862/36 4282/5885/36 4281/5863/36
f 4266/5843/34 4267/5842/34 4279/5864/34
f 4264/5849/37 4276/5871/37 4275/5860/37
f 4271/5866/35 4283/9073/35 4282/5867/35
f 4268/5868/36 4280/5890/36 4279/5869/36
f 4265/5870/34 4277/5892/34 4276/5871/34
f 4272/5872/37 4284/5894/37 4283/5873/37
f 4262/5859/37 4274/5861/37 4273/5874/37
f 4269/5875/35 4281/9074/35 4280/5876/35
f 4266/5877/36 4278/5899/36 4277/5878/36
f 4261/5879/35 4273/9075/35 4284/5880/35
f 4284/5880/35 4273/9075/35 4285/5881/35
f 4274/5861/34 4275/5860/34 4287/5883/34
f 4282/5885/36 4294/9076/36 4293/5886/36
f 4279/5864/34 4291/9077/34 4290/5887/34
f 4276/5871/37 4288/5893/37 4287/5883/37
f 4282/5867/35 4283/9073/35 4295/5888/35
f 4280/5890/36 4292/9078/36 4291/5891/36
f 4277/5892/34 4289/9079/34 4288/5893/34
f 4284/5894/37 4296/9080/37 4295/5895/37
f 4274/5861/37 4286/5884/37 4285/5896/37
f 4280/5876/35 4281/9074/35 4293/5897/35
f 4278/5899/36 4290/9081/36 4289/5900/36
f 4297/5901/35 4309/5954/35 4320/5902/35
f 4302/5904/37 4320/5947/37 4319/5905/37
f 4356/5909/3 4345/9082/3 4346/9083/3
f 4347/9084/3 4348/9085/3 4349/9086/3
f 4356/5909/3 4346/9083/3 4347/9084/3
f 4354/9087/3 4355/9088/3 4356/5909/3
f 4351/9089/3 4352/9090/3 4353/5908/3
f 4353/5908/3 4354/9087/3 4356/5909/3
f 4356/5909/3 4347/9084/3 4350/5907/3
f 4347/9084/3 4349/9086/3 4350/5907/3
f 4350/5907/3 4351/9089/3 4353/5908/3
f 4301/5910/35 4317/5950/35 4316/5911/35
f 4308/5913/34 4313/9091/34 4312/5914/34
f 4298/5916/37 4310/5929/37 4309/5917/37
f 4303/5919/36 4318/5956/36 4317/5920/36
f 4306/5922/36 4314/5952/36 4313/5923/36
f 4306/5925/34 4300/9092/34 4315/5926/34
f 4305/5928/34 4311/5933/34 4310/5929/34
f 4304/5930/35 4319/5941/35 4318/5931/35
f 4307/5915/37 4312/5914/37 4311/5933/37
f 4299/5934/36 4316/5943/36 4315/5935/36
f 4311/5933/34 4323/5940/34 4322/5937/34
f 4314/5927/34 4315/5926/34 4327/5938/34
f 4312/5914/37 4324/5946/37 4323/5940/37
f 4319/5941/35 4331/9093/35 4330/5942/35
f 4316/5943/36 4328/5964/36 4327/5944/36
f 4312/5914/34 4313/9091/34 4325/5945/34
f 4320/5947/37 4332/5968/37 4331/5948/37
f 4310/5929/37 4322/5937/37 4321/5949/37
f 4317/5950/35 4329/5971/35 4328/5951/35
f 4314/5952/36 4326/5973/36 4325/5953/36
f 4309/5954/35 4321/9094/35 4332/5955/35
f 4318/5956/36 4330/5958/36 4329/5957/36
f 4330/5958/36 4342/5979/36 4341/5959/36
f 4327/5938/34 4339/5981/34 4338/5960/34
f 4324/5946/37 4336/5967/37 4335/5961/37
f 4330/5942/35 4331/9093/35 4343/5962/35
f 4328/5964/36 4340/5985/36 4339/5965/36
f 4324/5946/34 4325/5945/34 4337/5966/34
f 4332/5968/37 4344/5989/37 4343/5969/37
f 4322/5937/37 4334/5977/37 4333/5970/37
f 4329/5971/35 4341/5992/35 4340/5972/35
f 4326/5973/36 4338/5994/36 4337/5974/36
f 4332/5955/35 4321/9094/35 4333/5975/35
f 4322/5937/34 4323/5940/34 4335/5961/34
f 4335/5961/34 4347/5983/34 4346/5978/34
f 4342/5979/36 4354/9095/36 4353/5980/36
f 4339/5981/34 4351/9096/34 4350/5982/34
f 4336/5967/37 4348/5988/37 4347/5983/37
f 4343/5962/35 4355/9097/35 4354/5984/35
f 4340/5985/36 4352/9098/36 4351/5986/36
f 4336/5967/34 4337/5966/34 4349/5987/34
f 4344/5989/37 4356/9099/37 4355/5990/37
f 4334/5977/37 4346/5978/37 4345/5991/37
f 4341/5992/35 4353/9100/35 4352/5993/35
f 4338/5994/36 4350/9101/36 4349/5995/36
f 4333/5975/35 4345/9102/35 4356/5996/35
f 4420/5999/3 4413/9103/3 4414/9104/3
f 4414/9104/3 4415/9105/3 4420/5999/3
f 4415/9105/3 4416/9106/3 4417/5997/3
f 4417/5997/3 4418/9107/3 4419/5998/3
f 4415/9105/3 4417/5997/3 4420/5999/3
f 4362/6000/37 4372/6024/37 4371/6001/37
f 4359/6003/36 4368/6028/36 4367/6004/36
f 4358/6006/37 4366/6019/37 4365/6007/37
f 4363/6009/36 4370/6026/36 4369/6010/36
f 4364/6012/35 4371/9108/35 4370/6013/35
f 4361/6015/35 4369/6034/35 4368/6016/35
f 4360/6018/34 4367/6036/34 4366/6019/34
f 4357/6020/35 4365/9109/35 4372/6021/35
f 4366/6019/37 4374/6037/37 4373/6023/37
f 4372/6024/37 4380/6044/37 4379/6025/37
f 4370/6026/36 4378/6046/36 4377/6027/36
f 4368/6028/36 4376/6048/36 4375/6029/36
f 4372/6021/35 4365/9109/35 4373/6030/35
f 4370/6013/35 4371/9108/35 4379/6032/35
f 4369/6034/35 4377/6040/35 4376/6035/35
f 4367/6036/34 4375/6042/34 4374/6037/34
f 4378/6033/35 4379/6032/35 4387/6038/35
f 4377/6040/35 4385/6056/35 4384/6041/35
f 4375/6042/34 4383/9110/34 4382/6043/34
f 4380/6044/37 4388/6060/37 4387/6045/37
f 4378/6046/36 4386/6062/36 4385/6047/36
f 4376/6048/36 4384/6064/36 4383/6049/36
f 4374/6037/37 4382/6043/37 4381/6050/37
f 4380/6031/35 4373/6030/35 4381/6051/35
f 4382/6043/37 4390/6059/37 4389/6053/37
f 4381/6051/35 4389/6073/35 4396/6054/35
f 4387/6038/35 4395/6075/35 4394/6055/35
f 4385/6056/35 4393/6077/35 4392/6057/35
f 4382/6043/34 4383/9110/34 4391/6058/34
f 4388/6060/37 4396/6066/37 4395/6061/37
f 4386/6062/36 4394/6068/36 4393/6063/36
f 4384/6064/36 4392/6070/36 4391/6065/36
f 4396/6066/37 4404/6082/37 4403/6067/37
f 4394/6068/36 4402/6084/36 4401/6069/36
f 4392/6070/36 4400/6086/36 4399/6071/36
f 4390/6059/37 4398/6080/37 4397/6072/37
f 4389/6073/35 4397/6089/35 4404/6074/35
f 4395/6075/35 4403/6091/35 4402/6076/35
f 4393/6077/35 4401/6093/35 4400/6078/35
f 4390/6059/34 4391/6058/34 4399/6079/34
f 4399/6079/34 4407/9111/34 4406/6081/34
f 4404/6082/37 4412/6103/37 4411/6083/37
f 4402/6084/36 4410/6105/36 4409/6085/36
f 4400/6086/36 4408/6107/36 4407/6087/36
f 4398/6080/37 4406/6081/37 4405/6088/37
f 4397/6089/35 4405/6095/35 4412/6090/35
f 4403/6091/35 4411/9112/35 4410/6092/35
f 4401/6093/35 4409/6099/35 4408/6094/35
f 4405/6095/35 4413/9113/35 4420/6096/35
f 4410/6092/35 4411/9112/35 4419/6097/35
f 4409/6099/35 4417/9114/35 4416/6100/35
f 4406/6081/34 4407/9111/34 4415/6101/34
f 4412/6103/37 4420/9115/37 4419/6104/37
f 4410/6105/36 4418/9116/36 4417/6106/36
f 4408/6107/36 4416/9117/36 4415/6108/36
f 4406/6081/37 4414/6102/37 4413/6109/37
f 4421/6110/35 4433/6162/35 4444/6111/35
f 4426/6113/34 4437/6126/34 4436/6114/34
f 4504/6118/3 4493/9118/3 4494/9119/3
f 4494/9119/3 4495/9120/3 4496/9121/3
f 4497/9122/3 4498/9123/3 4499/6116/3
f 4494/9119/3 4496/9121/3 4497/9122/3
f 4502/9124/3 4503/9125/3 4504/6118/3
f 4504/6118/3 4494/9119/3 4497/9122/3
f 4497/9122/3 4499/6116/3 4504/6118/3
f 4499/6116/3 4500/9126/3 4501/6117/3
f 4501/6117/3 4502/9124/3 4504/6118/3
f 4425/6119/37 4434/6146/37 4433/6120/37
f 4432/6122/35 4443/9127/35 4442/6123/35
f 4422/6125/37 4438/6134/37 4437/6126/37
f 4425/6127/35 4427/9128/35 4435/6128/35
f 4430/6130/37 4444/6156/37 4443/6131/37
f 4422/6125/34 4424/9129/34 4439/6133/34
f 4429/6135/35 4441/6159/35 4440/6136/35
f 4428/6115/37 4436/6114/37 4435/6138/37
f 4431/6140/36 4442/6164/36 4441/6141/36
f 4423/6143/36 4440/6153/36 4439/6144/36
f 4434/6146/37 4446/6178/37 4445/6147/37
f 4438/6134/34 4439/6133/34 4451/6148/34
f 4436/6114/37 4448/6155/37 4447/6150/37
f 4442/6123/35 4443/9127/35 4455/6151/35
f 4440/6153/36 4452/6173/36 4451/6154/36
f 4437/6126/34 4449/6161/34 4448/6155/34
f 4444/6156/37 4456/6176/37 4455/6157/37
f 4435/6128/35 4447/6185/35 4446/6158/35
f 4441/6159/35 4453/9130/35 4452/6160/35
f 4438/6134/37 4450/6149/37 4449/6161/37
f 4433/6162/35 4445/9131/35 4456/6163/35
f 4442/6164/36 4454/6166/36 4453/6165/36
f 4454/6166/36 4466/6189/36 4465/6167/36
f 4450/6149/34 4451/6148/34 4463/6168/34
f 4448/6155/37 4460/6175/37 4459/6170/37
f 4454/6152/35 4455/6151/35 4467/6171/35
f 4452/6173/36 4464/6194/36 4463/6174/36
f 4449/6161/34 4461/6182/34 4460/6175/34
f 4456/6176/37 4468/6197/37 4467/6177/37
f 4446/6178/37 4458/6199/37 4457/6179/37
f 4452/6160/35 4453/9130/35 4465/6180/35
f 4450/6149/37 4462/6169/37 4461/6182/37
f 4456/6163/35 4445/9131/35 4457/6183/35
f 4447/6185/35 4459/6187/35 4458/6186/35
f 4459/6187/35 4471/6206/35 4470/6188/35
f 4466/6189/36 4478/6208/36 4477/6190/36
f 4463/6168/34 4475/9132/34 4474/6191/34
f 4460/6175/37 4472/6196/37 4471/6192/37
f 4467/6171/35 4479/6213/35 4478/6193/35
f 4464/6194/36 4476/6215/36 4475/6195/36
f 4461/6182/34 4473/6202/34 4472/6196/34
f 4468/6197/37 4480/6218/37 4479/6198/37
f 4458/6199/37 4470/6220/37 4469/6200/37
f 4465/6180/35 4477/6222/35 4476/6201/35
f 4462/6169/37 4474/6191/37 4473/6202/37
f 4457/6183/35 4469/6204/35 4480/6203/35
f 4469/6204/35 4481/6226/35 4492/6205/35
f 4471/6206/35 4483/6228/35 4482/6207/35
f 4478/6208/36 4490/6230/36 4489/6209/36
f 4474/6191/34 4475/9132/34 4487/6210/34
f 4472/6196/37 4484/6217/37 4483/6212/37
f 4479/6213/35 4491/6235/35 4490/6214/35
f 4476/6215/36 4488/6237/36 4487/6216/36
f 4473/6202/34 4485/6224/34 4484/6217/34
f 4480/6218/37 4492/6240/37 4491/6219/37
f 4470/6220/37 4482/6242/37 4481/6221/37
f 4477/6222/35 4489/6244/35 4488/6223/35
f 4474/6191/37 4486/6211/37 4485/6224/37
f 4486/6211/37 4498/6233/37 4497/6225/37
f 4481/6226/35 4493/9133/35 4504/6227/35
f 4483/6228/35 4495/9134/35 4494/6229/35
f 4490/6230/36 4502/9135/36 4501/6231/36
f 4486/6211/34 4487/6210/34 4499/6232/34
f 4484/6217/37 4496/6239/37 4495/6234/37
f 4491/6235/35 4503/9136/35 4502/6236/35
f 4488/6237/36 4500/9137/36 4499/6238/36
f 4485/6224/34 4497/6225/34 4496/6239/34
f 4492/6240/37 4504/9138/37 4503/6241/37
f 4482/6242/37 4494/9139/37 4493/6243/37
f 4489/6244/35 4501/9140/35 4500/6245/35
f 4510/6246/35 4519/6280/35 4518/6247/35
f 4544/9141/3 4537/9142/3 4543/6251/3
f 4537/9142/3 4538/6249/3 4543/6251/3
f 4538/6249/3 4539/9143/3 4540/6250/3
f 4540/6250/3 4541/9144/3 4542/9145/3
f 4540/6250/3 4542/9145/3 4543/6251/3
f 4507/6252/36 4520/6273/36 4519/6253/36
f 4506/6255/37 4514/6268/37 4513/6256/37
f 4509/6258/34 4511/9146/34 4517/6259/34
f 4512/6261/36 4518/6275/36 4517/6262/36
f 4509/6264/36 4516/6277/36 4515/6265/36
f 4508/6267/34 4515/6284/34 4514/6268/34
f 4507/6269/35 4505/9147/35 4513/6270/35
f 4514/6268/37 4522/6285/37 4521/6272/37
f 4520/6273/36 4528/6291/36 4527/6274/36
f 4518/6275/36 4526/6293/36 4525/6276/36
f 4516/6277/36 4524/6295/36 4523/6278/36
f 4513/6270/35 4521/9148/35 4528/6279/35
f 4519/6280/35 4527/9149/35 4526/6281/35
f 4516/6260/34 4517/6259/34 4525/6282/34
f 4515/6284/34 4523/9150/34 4522/6285/34
f 4526/6281/35 4527/9149/35 4535/6286/35
f 4525/6282/34 4533/9151/34 4532/6288/34
f 4522/6285/34 4523/9150/34 4531/6289/34
f 4528/6291/36 4536/6306/36 4535/6292/36
f 4526/6293/36 4534/6308/36 4533/6294/36
f 4524/6295/36 4532/6310/36 4531/6296/36
f 4522/6285/37 4530/6290/37 4529/6297/37
f 4528/6279/35 4521/9148/35 4529/6298/35
f 4530/6290/37 4538/6305/37 4537/6300/37
f 4529/6298/35 4537/9152/35 4544/6301/35
f 4535/6286/35 4543/9153/35 4542/6302/35
f 4532/6288/34 4533/9151/34 4541/6303/34
f 4531/6289/34 4539/9154/34 4538/6305/34
f 4536/6306/36 4544/9155/36 4543/6307/36
f 4534/6308/36 4542/9156/36 4541/6309/36
f 4532/6310/36 4540/9157/36 4539/6311/36
f 4550/6312/34 4557/6349/34 4556/6313/34
f 4648/6316/3 4641/9158/3 4642/6317/3
f 4642/6317/3 4643/9159/3 4646/9160/3
f 4643/9159/3 4644/9161/3 4646/9160/3
f 4644/9161/3 4645/9162/3 4646/9160/3
f 4646/9160/3 4647/6315/3 4642/6317/3
f 4547/6318/36 4560/6340/36 4559/6319/36
f 4546/6321/36 4558/6342/36 4557/6322/36
f 4549/6324/35 4551/9163/35 4555/6325/35
f 4552/6314/37 4556/6313/37 4555/6327/37
f 4549/6329/37 4554/6338/37 4553/6330/37
f 4548/6332/34 4559/6347/34 4558/6333/34
f 4545/6335/35 4553/6345/35 4560/6336/35
f 4554/6338/37 4562/6363/37 4561/6339/37
f 4560/6340/36 4568/6358/36 4567/6341/36
f 4558/6342/36 4566/6360/36 4565/6343/36
f 4556/6313/37 4564/6350/37 4563/6344/37
f 4553/6345/35 4561/9164/35 4568/6346/35
f 4559/6347/34 4567/6352/34 4566/6348/34
f 4557/6349/34 4565/9165/34 4564/6350/34
f 4555/6325/35 4563/9166/35 4562/6351/35
f 4567/6352/34 4575/6370/34 4574/6353/34
f 4564/6350/34 4565/9165/34 4573/6354/34
f 4562/6351/35 4563/9166/35 4571/6356/35
f 4568/6358/36 4576/6374/36 4575/6359/36
f 4566/6360/36 4574/6376/36 4573/6361/36
f 4564/6350/37 4572/6355/37 4571/6362/37
f 4562/6363/37 4570/6367/37 4569/6364/37
f 4568/6346/35 4561/9164/35 4569/6365/35
f 4570/6367/37 4578/6384/37 4577/6368/37
f 4569/6365/35 4577/6386/35 4584/6369/35
f 4575/6370/34 4583/6388/34 4582/6371/34
f 4573/6354/34 4581/6390/34 4580/6372/34
f 4571/6356/35 4579/6392/35 4578/6373/35
f 4576/6374/36 4584/6379/36 4583/6375/36
f 4574/6376/36 4582/6381/36 4581/6377/36
f 4572/6355/37 4580/6372/37 4579/6378/37
f 4584/6379/36 4592/6396/36 4591/6380/36
f 4582/6381/36 4590/6398/36 4589/6382/36
f 4580/6372/37 4588/6391/37 4587/6383/37
f 4578/6384/37 4586/6401/37 4585/6385/37
f 4577/6386/35 4585/6403/35 4592/6387/35
f 4583/6388/34 4591/6405/34 4590/6389/34
f 4581/6390/34 4589/6407/34 4588/6391/34
f 4579/6392/35 4587/9167/35 4586/6393/35
f 4586/6393/35 4587/9167/35 4595/6394/35
f 4592/6396/36 4600/6416/36 4599/6397/36
f 4590/6398/36 4598/6418/36 4597/6399/36
f 4588/6391/37 4596/6408/37 4595/6400/37
f 4586/6401/37 4594/6421/37 4593/6402/37
f 4585/6403/35 4593/6409/35 4600/6404/35
f 4591/6405/34 4599/9168/34 4598/6406/34
f 4589/6407/34 4597/6413/34 4596/6408/34
f 4593/6409/35 4601/6426/35 4608/6410/35
f 4598/6406/34 4599/9168/34 4607/6411/34
f 4597/6413/34 4605/6430/34 4604/6414/34
f 4595/6394/35 4603/6432/35 4602/6415/35
f 4600/6416/36 4608/6434/36 4607/6417/36
f 4598/6418/36 4606/6436/36 4605/6419/36
f 4596/6408/37 4604/6414/37 4603/6420/37
f 4594/6421/37 4602/6424/37 4601/6422/37
f 4604/6414/37 4612/6431/37 4611/6423/37
f 4602/6424/37 4610/6443/37 4609/6425/37
f 4601/6426/35 4609/6445/35 4616/6427/35
f 4606/6412/34 4607/6411/34 4615/6428/34
f 4605/6430/34 4613/6448/34 4612/6431/34
f 4603/6432/35 4611/6450/35 4610/6433/35
f 4608/6434/36 4616/6438/36 4615/6435/36
f 4606/6436/36 4614/6440/36 4613/6437/36
f 4616/6438/36 4624/6456/36 4623/6439/36
f 4614/6440/36 4622/6458/36 4621/6441/36
f 4612/6431/37 4620/6449/37 4619/6442/37
f 4610/6443/37 4618/6461/37 4617/6444/37
f 4609/6445/35 4617/6463/35 4624/6446/35
f 4615/6428/34 4623/6465/34 4622/6447/34
f 4613/6448/34 4621/6452/34 4620/6449/34
f 4611/6450/35 4619/6454/35 4618/6451/35
f 4621/6452/34 4629/9169/34 4628/6453/34
f 4619/6454/35 4627/6473/35 4626/6455/35
f 4624/6456/36 4632/6475/36 4631/6457/36
f 4622/6458/36 4630/6477/36 4629/6459/36
f 4620/6449/37 4628/6453/37 4627/6460/37
f 4618/6461/37 4626/6480/37 4625/6462/37
f 4617/6463/35 4625/6467/35 4632/6464/35
f 4623/6465/34 4631/9170/34 4630/6466/34
f 4625/6467/35 4633/9171/35 4640/6468/35
f 4630/6466/34 4631/9170/34 4639/6469/34
f 4628/6453/34 4629/9169/34 4637/6471/34
f 4627/6473/35 4635/6492/35 4634/6474/35
f 4632/6475/36 4640/6494/36 4639/6476/36
f 4630/6477/36 4638/6482/36 4637/6478/36
f 4628/6453/37 4636/6472/37 4635/6479/37
f 4626/6480/37 4634/6485/37 4633/6481/37
f 4638/6482/36 4646/9172/36 4645/6483/36
f 4636/6472/37 4644/6491/37 4643/6484/37
f 4634/6485/37 4642/9173/37 4641/6486/37
f 4640/6468/35 4633/9171/35 4641/6487/35
f 4639/6469/34 4647/9174/34 4646/6489/34
f 4636/6472/34 4637/6471/34 4645/6490/34
f 4635/6492/35 4643/9175/35 4642/6493/35
f 4640/6494/36 4648/9176/36 4647/6495/36
f 4728/6497/3 4721/9177/3 4722/9178/3
f 4722/9178/3 4723/9179/3 4728/6497/3
f 4723/9179/3 4724/6498/3 4728/6497/3
f 4724/6498/3 4725/9180/3 4726/9181/3
f 4726/9181/3 4727/6496/3 4724/6498/3
f 4654/6499/37 4664/6523/37 4663/6500/37
f 4651/6502/36 4660/6527/36 4659/6503/36
f 4650/6505/37 4658/6518/37 4657/6506/37
f 4655/6508/36 4662/6525/36 4661/6509/36
f 4656/6511/35 4663/6531/35 4662/6512/35
f 4653/6514/34 4661/9182/34 4660/6515/34
f 4652/6517/34 4659/6535/34 4658/6518/34
f 4649/6519/35 4657/9183/35 4664/6520/35
f 4658/6518/37 4666/6536/37 4665/6522/37
f 4664/6523/37 4672/6543/37 4671/6524/37
f 4662/6525/36 4670/6545/36 4669/6526/36
f 4660/6527/36 4668/6547/36 4667/6528/36
f 4664/6520/35 4657/9183/35 4665/6529/35
f 4663/6531/35 4671/9184/35 4670/6532/35
f 4660/6515/34 4661/9182/34 4669/6533/34
f 4659/6535/34 4667/6541/34 4666/6536/34
f 4670/6532/35 4671/9184/35 4679/6537/35
f 4668/6534/34 4669/6533/34 4677/6539/34
f 4667/6541/34 4675/6557/34 4674/6542/34
f 4672/6543/37 4680/6559/37 4679/6544/37
f 4670/6545/36 4678/6561/36 4677/6546/36
f 4668/6547/36 4676/6563/36 4675/6548/36
f 4666/6536/37 4674/6542/37 4673/6549/37
f 4672/6530/35 4665/6529/35 4673/6550/35
f 4674/6542/37 4682/6558/37 4681/6552/37
f 4673/6550/35 4681/6572/35 4688/6553/35
f 4679/6537/35 4687/6574/35 4686/6554/35
f 4676/6540/34 4677/6539/34 4685/6555/34
f 4675/6557/34 4683/6577/34 4682/6558/34
f 4680/6559/37 4688/6565/37 4687/6560/37
f 4678/6561/36 4686/6567/36 4685/6562/36
f 4676/6563/36 4684/6569/36 4683/6564/36
f 4688/6565/37 4696/6581/37 4695/6566/37
f 4686/6567/36 4694/6583/36 4693/6568/36
f 4684/6569/36 4692/6585/36 4691/6570/36
f 4682/6558/37 4690/6578/37 4689/6571/37
f 4681/6572/35 4689/6588/35 4696/6573/35
f 4687/6574/35 4695/9185/35 4694/6575/35
f 4685/6555/34 4693/6592/34 4692/6576/34
f 4683/6577/34 4691/6579/34 4690/6578/34
f 4691/6579/34 4699/9186/34 4698/6580/34
f 4696/6581/37 4704/6601/37 4703/6582/37
f 4694/6583/36 4702/6603/36 4701/6584/36
f 4692/6585/36 4700/6605/36 4699/6586/36
f 4690/6578/37 4698/6580/37 4697/6587/37
f 4689/6588/35 4697/6594/35 4704/6589/35
f 4694/6575/35 4695/9185/35 4703/6590/35
f 4693/6592/34 4701/6597/34 4700/6593/34
f 4697/6594/35 4705/9187/35 4712/6595/35
f 4703/6590/35 4711/6613/35 4710/6596/35
f 4701/6597/34 4709/6615/34 4708/6598/34
f 4698/6580/34 4699/9186/34 4707/6599/34
f 4704/6601/37 4712/6618/37 4711/6602/37
f 4702/6603/36 4710/6620/36 4709/6604/36
f 4700/6605/36 4708/6608/36 4707/6606/36
f 4698/6580/37 4706/6600/37 4705/6607/37
f 4708/6608/36 4716/6626/36 4715/6609/36
f 4706/6600/37 4714/6617/37 4713/6610/37
f 4712/6595/35 4705/9187/35 4713/6611/35
f 4711/6613/35 4719/6630/35 4718/6614/35
f 4709/6615/34 4717/6632/34 4716/6616/34
f 4707/6599/34 4715/6634/34 4714/6617/34
f 4712/6618/37 4720/6622/37 4719/6619/37
f 4710/6620/36 4718/6624/36 4717/6621/36
f 4720/6622/37 4728/9188/37 4727/6623/37
f 4718/6624/36 4726/9189/36 4725/6625/36
f 4716/6626/36 4724/9190/36 4723/6627/36
f 4714/6617/37 4722/6635/37 4721/6628/37
f 4713/6611/35 4721/9191/35 4728/6629/35
f 4719/6630/35 4727/9192/35 4726/6631/35
f 4717/6632/34 4725/9193/34 4724/6633/34
f 4715/6634/34 4723/9194/34 4722/6635/34
f 4731/6636/35 4750/6691/35 4749/6637/35
f 4736/6639/37 4743/6655/37 4742/6640/37
f 4734/6642/34 4746/6686/34 4745/6643/34
f 4737/6645/35 4752/9195/35 4751/6646/35
f 4777/6648/3 4778/9196/3 4779/9197/3
f 4780/9198/3 4781/9199/3 4782/9200/3
f 4777/6648/3 4779/9197/3 4780/9198/3
f 4787/9201/3 4788/9202/3 4777/6648/3
f 4784/9203/3 4785/9204/3 4786/6650/3
f 4786/6650/3 4787/9201/3 4777/6648/3
f 4777/6648/3 4780/9198/3 4783/6649/3
f 4780/9198/3 4782/9200/3 4783/6649/3
f 4783/6649/3 4784/9203/3 4786/6650/3
f 4729/6651/37 4741/6688/37 4752/6652/37
f 4736/6639/34 4730/6668/34 4744/6654/34
f 4732/6656/34 4740/9205/34 4748/6657/34
f 4732/6659/36 4747/6672/36 4746/6660/36
f 4738/6662/36 4751/6676/36 4750/6663/36
f 4735/6665/35 4742/9206/35 4741/6666/35
f 4733/6644/37 4745/6643/37 4744/6654/37
f 4739/6669/36 4749/6683/36 4748/6670/36
f 4747/6672/36 4759/6695/36 4758/6673/36
f 4741/6666/35 4742/9206/35 4754/6674/35
f 4751/6676/36 4763/6698/36 4762/6677/36
f 4745/6643/37 4757/6687/37 4756/6678/37
f 4747/6658/34 4748/6657/34 4760/6679/34
f 4751/6646/35 4752/9195/35 4764/6681/35
f 4749/6683/36 4761/6704/36 4760/6684/36
f 4744/6654/34 4756/6678/34 4755/6685/34
f 4746/6686/34 4758/6706/34 4757/6687/34
f 4741/6688/37 4753/6708/37 4764/6689/37
f 4743/6655/37 4755/6685/37 4754/6690/37
f 4750/6691/35 4762/6693/35 4761/6692/35
f 4762/6693/35 4774/6712/35 4773/6694/35
f 4759/6695/36 4771/6714/36 4770/6696/36
f 4756/6678/34 4768/6701/34 4767/6697/34
f 4763/6698/36 4775/6717/36 4774/6699/36
f 4760/6679/34 4772/6719/34 4771/6700/34
f 4757/6687/37 4769/6707/37 4768/6701/37
f 4764/6681/35 4776/6722/35 4775/6702/35
f 4754/6674/35 4766/6724/35 4765/6703/35
f 4761/6704/36 4773/6726/36 4772/6705/36
f 4758/6706/34 4770/6728/34 4769/6707/34
f 4753/6708/37 4765/6730/37 4776/6709/37
f 4755/6685/37 4767/6697/37 4766/6710/37
f 4767/6697/37 4779/6716/37 4778/6711/37
f 4774/6712/35 4786/9207/35 4785/6713/35
f 4771/6714/36 4783/9208/36 4782/6715/36
f 4768/6701/34 4780/6721/34 4779/6716/34
f 4775/6717/36 4787/9209/36 4786/6718/36
f 4772/6719/34 4784/9210/34 4783/6720/34
f 4769/6707/37 4781/6729/37 4780/6721/37
f 4776/6722/35 4788/9211/35 4787/6723/35
f 4766/6724/35 4778/9212/35 4777/6725/35
f 4773/6726/36 4785/9213/36 4784/6727/36
f 4770/6728/34 4782/9214/34 4781/6729/34
f 4765/6730/37 4777/9215/37 4788/6731/37
f 4791/6732/35 4810/6787/35 4809/6733/35
f 4796/6735/37 4803/6751/37 4802/6736/37
f 4793/6738/34 4794/9216/34 4806/6739/34
f 4797/6741/35 4812/6777/35 4811/6742/35
f 4885/6744/3 4886/9217/3 4887/9218/3
f 4888/9219/3 4889/9220/3 4890/9221/3
f 4885/6744/3 4887/9218/3 4888/9219/3
f 4895/9222/3 4896/9223/3 4885/6744/3
f 4892/9224/3 4893/9225/3 4894/6746/3
f 4894/6746/3 4895/9222/3 4885/6744/3
f 4885/6744/3 4888/9219/3 4891/6745/3
f 4888/9219/3 4890/9221/3 4891/6745/3
f 4891/6745/3 4892/9224/3 4894/6746/3
f 4789/6747/37 4801/6784/37 4812/6748/37
f 4790/6750/34 4804/6764/34 4803/6751/34
f 4792/6752/34 4800/9226/34 4808/6753/34
f 4792/6755/36 4807/6768/36 4806/6756/36
f 4798/6758/36 4811/6772/36 4810/6759/36
f 4795/6761/35 4802/6770/35 4801/6762/35
f 4793/6738/37 4805/6740/37 4804/6764/37
f 4799/6765/36 4809/6779/36 4808/6766/36
f 4807/6768/36 4819/6791/36 4818/6769/36
f 4802/6770/35 4814/6801/35 4813/6771/35
f 4811/6772/36 4823/6794/36 4822/6773/36
f 4805/6740/37 4817/6783/37 4816/6774/37
f 4807/6754/34 4808/6753/34 4820/6775/34
f 4812/6777/35 4824/6799/35 4823/6778/35
f 4809/6779/36 4821/6803/36 4820/6780/36
f 4804/6764/34 4816/6774/34 4815/6781/34
f 4805/6740/34 4806/6739/34 4818/6782/34
f 4801/6784/37 4813/6807/37 4824/6785/37
f 4803/6751/37 4815/6781/37 4814/6786/37
f 4810/6787/35 4822/6789/35 4821/6788/35
f 4822/6789/35 4834/6811/35 4833/6790/35
f 4819/6791/36 4831/6813/36 4830/6792/36
f 4816/6774/34 4828/6798/34 4827/6793/34
f 4823/6794/36 4835/6817/36 4834/6795/36
f 4819/6776/34 4820/6775/34 4832/6796/34
f 4817/6783/37 4829/6806/37 4828/6798/37
f 4824/6799/35 4836/9227/35 4835/6800/35
f 4814/6801/35 4826/6822/35 4825/6802/35
f 4821/6803/36 4833/6824/36 4832/6804/36
f 4817/6783/34 4818/6782/34 4830/6805/34
f 4813/6807/37 4825/6828/37 4836/6808/37
f 4815/6781/37 4827/6793/37 4826/6809/37
f 4827/6793/37 4839/6816/37 4838/6810/37
f 4834/6811/35 4846/9228/35 4845/6812/35
f 4831/6813/36 4843/6835/36 4842/6814/36
f 4827/6793/34 4828/6798/34 4840/6815/34
f 4835/6817/36 4847/6839/36 4846/6818/36
f 4832/6796/34 4844/6841/34 4843/6819/34
f 4829/6806/37 4841/6827/37 4840/6815/37
f 4835/6800/35 4836/9227/35 4848/6820/35
f 4826/6822/35 4838/6844/35 4837/6823/35
f 4833/6824/36 4845/6846/36 4844/6825/36
f 4829/6806/34 4830/6805/34 4842/6826/34
f 4825/6828/37 4837/6830/37 4848/6829/37
f 4837/6830/37 4849/6851/37 4860/6831/37
f 4839/6816/37 4851/6838/37 4850/6832/37
f 4845/6812/35 4846/9228/35 4858/6833/35
f 4843/6835/36 4855/6855/36 4854/6836/36
f 4839/6816/34 4840/6815/34 4852/6837/34
f 4847/6839/36 4859/6859/36 4858/6840/36
f 4844/6841/34 4856/9229/34 4855/6842/34
f 4841/6827/37 4853/6848/37 4852/6837/37
f 4848/6820/35 4860/6863/35 4859/6843/35
f 4838/6844/35 4850/6865/35 4849/6845/35
f 4845/6846/36 4857/6867/36 4856/6847/36
f 4842/6826/34 4854/6849/34 4853/6848/34
f 4854/6849/34 4866/6869/34 4865/6850/34
f 4849/6851/37 4861/6871/37 4872/6852/37
f 4851/6838/37 4863/6858/37 4862/6853/37
f 4858/6833/35 4870/6874/35 4869/6854/35
f 4855/6855/36 4867/6876/36 4866/6856/36
f 4851/6838/34 4852/6837/34 4864/6857/34
f 4859/6859/36 4871/6879/36 4870/6860/36
f 4855/6842/34 4856/9229/34 4868/6861/34
f 4853/6848/37 4865/6850/37 4864/6857/37
f 4860/6863/35 4872/6884/35 4871/6864/35
f 4850/6865/35 4862/6886/35 4861/6866/35
f 4857/6867/36 4869/6888/36 4868/6868/36
f 4866/6869/34 4878/6892/34 4877/6870/34
f 4861/6871/37 4873/6894/37 4884/6872/37
f 4863/6858/37 4875/6878/37 4874/6873/37
f 4870/6874/35 4882/6897/35 4881/6875/35
f 4867/6876/36 4879/6899/36 4878/6877/36
f 4864/6857/34 4876/6883/34 4875/6878/34
f 4871/6879/36 4883/6902/36 4882/6880/36
f 4867/6862/34 4868/6861/34 4880/6881/34
f 4865/6850/37 4877/6870/37 4876/6883/37
f 4872/6884/35 4884/9230/35 4883/6885/35
f 4862/6886/35 4874/6908/35 4873/6887/35
f 4869/6888/36 4881/6890/36 4880/6889/36
f 4881/6890/36 4893/9231/36 4892/6891/36
f 4878/6892/34 4890/9232/34 4889/6893/34
f 4873/6894/37 4885/9233/37 4896/6895/37
f 4875/6878/37 4887/6901/37 4886/6896/37
f 4882/6897/35 4894/9234/35 4893/6898/35
f 4879/6899/36 4891/9235/36 4890/6900/36
f 4876/6883/34 4888/6905/34 4887/6901/34
f 4883/6902/36 4895/9236/36 4894/6903/36
f 4880/6881/34 4892/9237/34 4891/6904/34
f 4877/6870/37 4889/6893/37 4888/6905/37
f 4883/6885/35 4884/9230/35 4896/6906/35
f 4874/6908/35 4886/9238/35 4885/6909/35
f 4902/6910/34 4912/6932/34 4911/6911/34
f 4938/6915/3 4933/9239/3 4936/6913/3
f 4933/9239/3 4934/9240/3 4936/6913/3
f 4934/9240/3 4935/9241/3 4936/6913/3
f 4906/6916/36 4912/6920/36 4902/6917/36
f 4906/6916/36 4907/6941/36 4914/6919/36
f 4904/6921/37 4909/6930/37 4908/6922/37
f 4903/6924/35 4908/6935/35 4906/6925/35
f 4911/6911/37 4913/6933/37 4897/6927/37
f 4898/6929/34 4910/6928/34 4909/6930/34
f 4901/6912/37 4911/6911/37 4910/6928/37
f 4909/6930/37 4900/6934/37 4905/6931/37
f 4912/6932/34 4914/6938/34 4913/6933/34
f 4910/6928/34 4897/6927/34 4900/6934/34
f 4908/6935/35 4905/6944/35 4907/6936/35
f 4900/6934/37 4917/6943/37 4916/6937/37
f 4914/6938/34 4920/6950/34 4919/6939/34
f 4913/6933/37 4919/6939/37 4918/6940/37
f 4907/6941/36 4915/6946/36 4920/6942/36
f 4897/6927/34 4918/6940/34 4917/6943/34
f 4905/6944/35 4916/6953/35 4915/6945/35
f 4915/6946/36 4921/6960/36 4926/6947/36
f 4919/6939/37 4925/6951/37 4924/6948/37
f 4917/6943/37 4923/6952/37 4922/6949/37
f 4920/6950/34 4926/6955/34 4925/6951/34
f 4918/6940/34 4924/6948/34 4923/6952/34
f 4916/6953/35 4922/6958/35 4921/6954/35
f 4926/6955/34 4932/6968/34 4931/6956/34
f 4924/6948/34 4930/6962/34 4929/6957/34
f 4922/6958/35 4928/6971/35 4927/6959/35
f 4921/6960/36 4927/6964/36 4932/6961/36
f 4925/6951/37 4931/6956/37 4930/6962/37
f 4923/6952/37 4929/6957/37 4928/6963/37
f 4927/6964/36 4933/9242/36 4938/6965/36
f 4931/6956/37 4937/6969/37 4936/6966/37
f 4929/6957/37 4935/6970/37 4934/6967/37
f 4932/6968/34 4938/9243/34 4937/6969/34
f 4930/6962/34 4936/6966/34 4935/6970/34
f 4928/6971/35 4934/9244/35 4933/6972/35
f 5002/6974/3 4995/9245/3 4996/6975/3
f 4996/6975/3 4997/9246/3 5000/9247/3
f 4997/9246/3 4998/9248/3 5000/9247/3
f 4998/9248/3 4999/9249/3 5000/9247/3
f 5000/9247/3 5001/6973/3 4996/6975/3
f 4943/6976/37 4948/7005/37 4947/6977/37
f 4942/6979/34 4953/7000/34 4952/6980/34
f 4941/6982/35 4939/9250/35 4947/6983/35
f 4944/6985/34 4951/9251/34 4950/6986/34
f 4941/6988/36 4954/7007/36 4953/6989/36
f 4940/6991/36 4952/7009/36 4951/6992/36
f 4943/6994/35 4945/9252/35 4949/6995/35
f 4946/6987/37 4950/6986/37 4949/6997/37
f 4947/6983/35 4955/7015/35 4962/6999/35
f 4953/7000/34 4961/7017/34 4960/7001/34
f 4950/6986/34 4951/9251/34 4959/7002/34
f 4949/6995/35 4957/9253/35 4956/7004/35
f 4948/7005/37 4956/7013/37 4955/7006/37
f 4954/7007/36 4962/7022/36 4961/7008/36
f 4952/7009/36 4960/7024/36 4959/7010/36
f 4950/6986/37 4958/7003/37 4957/7011/37
f 4958/7003/37 4966/7019/37 4965/7012/37
f 4956/7013/37 4964/7031/37 4963/7014/37
f 4955/7015/35 4963/7033/35 4970/7016/35
f 4961/7017/34 4969/7035/34 4968/7018/34
f 4959/7002/34 4967/7037/34 4966/7019/34
f 4956/7004/35 4957/9253/35 4965/7020/35
f 4962/7022/36 4970/7026/36 4969/7023/36
f 4960/7024/36 4968/7028/36 4967/7025/36
f 4970/7026/36 4978/7044/36 4977/7027/36
f 4968/7028/36 4976/7046/36 4975/7029/36
f 4966/7019/37 4974/7038/37 4973/7030/37
f 4964/7031/37 4972/7049/37 4971/7032/37
f 4963/7033/35 4971/9254/35 4978/7034/35
f 4969/7035/34 4977/7053/34 4976/7036/34
f 4967/7037/34 4975/9255/34 4974/7038/34
f 4965/7020/35 4973/7042/35 4972/7039/35
f 4974/7038/34 4975/9255/34 4983/7040/34
f 4973/7042/35 4981/9256/35 4980/7043/35
f 4978/7044/36 4986/7062/36 4985/7045/36
f 4976/7046/36 4984/7064/36 4983/7047/36
f 4974/7038/37 4982/7041/37 4981/7048/37
f 4972/7049/37 4980/7067/37 4979/7050/37
f 4978/7034/35 4971/9254/35 4979/7051/35
f 4977/7053/34 4985/7057/34 4984/7054/34
f 4986/7052/35 4979/7051/35 4987/7055/35
f 4985/7057/34 4993/9257/34 4992/7058/34
f 4983/7040/34 4991/9258/34 4990/7059/34
f 4980/7043/35 4981/9256/35 4989/7060/35
f 4986/7062/36 4994/7080/36 4993/7063/36
f 4984/7064/36 4992/7069/36 4991/7065/36
f 4982/7041/37 4990/7059/37 4989/7066/37
f 4980/7067/37 4988/7072/37 4987/7068/37
f 4992/7069/36 5000/9259/36 4999/7070/36
f 4990/7059/37 4998/7078/37 4997/7071/37
f 4988/7072/37 4996/9260/37 4995/7073/37
f 4987/7055/35 4995/9261/35 5002/7074/35
f 4992/7058/34 4993/9257/34 5001/7075/34
f 4990/7059/34 4991/9258/34 4999/7077/34
f 4989/7060/35 4997/9262/35 4996/7079/35
f 4994/7080/36 5002/9263/36 5001/7081/36
f 5007/7082/37 5012/7114/37 5011/7083/37
f 5042/9264/3 5035/9265/3 5036/7085/3
f 5036/7085/3 5037/9266/3 5038/9267/3
f 5039/7086/3 5040/9268/3 5041/7087/3
f 5036/7085/3 5038/9267/3 5039/7086/3
f 5041/7087/3 5042/9264/3 5036/7085/3
f 5004/7088/34 5006/9269/34 5017/7089/34
f 5003/7091/35 5011/7106/35 5018/7092/35
f 5008/7094/34 5015/7100/34 5014/7095/34
f 5005/7097/36 5018/7116/36 5017/7098/36
f 5004/7088/37 5016/7090/37 5015/7100/37
f 5009/7101/35 5013/7112/35 5012/7102/35
f 5010/7096/37 5014/7095/37 5013/7104/37
f 5011/7106/35 5019/9270/35 5026/7107/35
f 5016/7090/34 5017/7089/34 5025/7108/34
f 5014/7095/34 5015/7100/34 5023/7110/34
f 5013/7112/35 5021/7128/35 5020/7113/35
f 5012/7114/37 5020/7120/37 5019/7115/37
f 5018/7116/36 5026/7130/36 5025/7117/36
f 5016/7090/37 5024/7109/37 5023/7110/37
f 5014/7095/37 5022/7111/37 5021/7118/37
f 5022/7111/37 5030/7127/37 5029/7119/37
f 5020/7120/37 5028/7136/37 5027/7121/37
f 5026/7107/35 5019/9270/35 5027/7122/35
f 5024/7109/34 5025/7108/34 5033/7124/34
f 5022/7111/34 5023/7110/34 5031/7126/34
f 5021/7128/35 5029/9271/35 5028/7129/35
f 5026/7130/36 5034/7132/36 5033/7131/36
f 5024/7109/37 5032/7125/37 5031/7126/37
f 5034/7132/36 5042/9272/36 5041/7133/36
f 5032/7125/37 5040/7139/37 5039/7134/37
f 5030/7127/37 5038/7140/37 5037/7135/37
f 5028/7136/37 5036/9273/37 5035/7137/37
f 5027/7122/35 5035/9274/35 5042/7138/35
f 5033/7124/34 5041/9275/34 5040/7139/34
f 5031/7126/34 5039/7134/34 5038/7140/34
f 5028/7129/35 5029/9271/35 5037/7141/35
f 5047/7143/34 5053/7164/34 5052/7144/34
f 5098/7147/3 5091/9276/3 5093/7148/3
f 5091/9276/3 5092/9277/3 5093/7148/3
f 5093/7148/3 5094/9278/3 5097/7146/3
f 5094/9278/3 5095/9279/3 5097/7146/3
f 5095/9279/3 5096/9280/3 5097/7146/3
f 5046/7149/35 5057/7169/35 5056/7150/35
f 5043/7152/35 5051/7167/35 5058/7153/35
f 5048/7155/36 5056/7177/36 5055/7156/36
f 5045/7158/36 5058/7175/36 5057/7159/36
f 5044/7145/37 5052/7144/37 5051/7161/37
f 5049/7163/37 5054/7166/37 5053/7164/37
f 5049/7163/34 5050/9281/34 5055/7165/34
f 5051/7167/35 5059/9282/35 5066/7168/35
f 5057/7169/35 5065/7183/35 5064/7170/35
f 5055/7165/34 5063/9283/34 5062/7171/34
f 5052/7144/34 5053/7164/34 5061/7172/34
f 5052/7144/37 5060/7173/37 5059/7174/37
f 5058/7175/36 5066/7188/36 5065/7176/36
f 5056/7177/36 5064/7190/36 5063/7178/36
f 5054/7166/37 5062/7171/37 5061/7172/37
f 5062/7171/37 5070/7186/37 5069/7179/37
f 5060/7173/37 5068/7187/37 5067/7180/37
f 5066/7168/35 5059/9282/35 5067/7181/35
f 5065/7183/35 5073/7199/35 5072/7184/35
f 5062/7171/34 5063/9283/34 5071/7185/34
f 5060/7173/34 5061/7172/34 5069/7179/34
f 5066/7188/36 5074/7192/36 5073/7189/36
f 5064/7190/36 5072/7194/36 5071/7191/36
f 5074/7192/36 5082/7206/36 5081/7193/36
f 5072/7194/36 5080/7208/36 5079/7195/36
f 5070/7186/37 5078/7201/37 5077/7196/37
f 5068/7187/37 5076/7202/37 5075/7197/37
f 5067/7181/35 5075/7212/35 5082/7198/35
f 5073/7199/35 5081/7214/35 5080/7200/35
f 5071/7185/34 5079/7203/34 5078/7201/34
f 5069/7179/34 5077/7196/34 5076/7202/34
f 5079/7203/34 5087/7220/34 5086/7204/34
f 5077/7196/34 5085/7210/34 5084/7205/34
f 5082/7206/36 5090/7223/36 5089/7207/36
f 5080/7208/36 5088/7225/36 5087/7209/36
f 5078/7201/37 5086/7204/37 5085/7210/37
f 5076/7202/37 5084/7205/37 5083/7211/37
f 5075/7212/35 5083/7216/35 5090/7213/35
f 5081/7214/35 5089/9284/35 5088/7215/35
f 5083/7216/35 5091/9285/35 5098/7217/35
f 5088/7215/35 5089/9284/35 5097/7218/35
f 5087/7220/34 5095/9286/34 5094/7221/34
f 5085/7210/34 5093/7227/34 5092/7222/34
f 5090/7223/36 5098/9287/36 5097/7224/36
f 5088/7225/36 5096/9288/36 5095/7226/36
f 5086/7204/37 5094/7221/37 5093/7227/37
f 5084/7205/37 5092/7222/37 5091/7228/37
f 5146/9289/3 5139/9290/3 5140/7229/3
f 5140/7229/3 5141/9291/3 5142/9292/3
f 5143/7230/3 5144/9293/3 5145/7231/3
f 5140/7229/3 5142/9292/3 5143/7230/3
f 5145/7231/3 5146/9289/3 5140/7229/3
f 5103/7232/37 5108/7259/37 5107/7233/37
f 5102/7235/34 5113/7254/34 5112/7236/34
f 5101/7238/35 5099/9294/35 5107/7239/35
f 5104/7241/34 5111/7247/34 5110/7242/34
f 5101/7244/36 5114/7261/36 5113/7245/36
f 5100/7237/37 5112/7236/37 5111/7247/37
f 5105/7248/35 5109/9295/35 5108/7249/35
f 5106/7243/37 5110/7242/37 5109/7251/37
f 5107/7239/35 5115/7268/35 5122/7253/35
f 5113/7254/34 5121/7270/34 5120/7255/34
f 5111/7247/34 5119/7263/34 5118/7256/34
f 5108/7249/35 5109/9295/35 5117/7257/35
f 5108/7259/37 5116/7266/37 5115/7260/37
f 5114/7261/36 5122/7274/36 5121/7262/36
f 5112/7236/37 5120/7255/37 5119/7263/37
f 5110/7242/37 5118/7256/37 5117/7264/37
f 5118/7256/37 5126/7272/37 5125/7265/37
f 5116/7266/37 5124/7281/37 5123/7267/37
f 5115/7268/35 5123/7283/35 5130/7269/35
f 5121/7270/34 5129/7285/34 5128/7271/34
f 5119/7263/34 5127/7276/34 5126/7272/34
f 5117/7257/35 5125/7288/35 5124/7273/35
f 5122/7274/36 5130/7277/36 5129/7275/36
f 5120/7255/37 5128/7271/37 5127/7276/37
f 5130/7277/36 5138/7293/36 5137/7278/36
f 5128/7271/37 5136/7286/37 5135/7279/37
f 5126/7272/37 5134/7287/37 5133/7280/37
f 5124/7281/37 5132/7297/37 5131/7282/37
f 5123/7283/35 5131/7299/35 5138/7284/35
f 5129/7285/34 5137/7301/34 5136/7286/34
f 5127/7276/34 5135/7279/34 5134/7287/34
f 5125/7288/35 5133/9296/35 5132/7289/35
f 5135/7279/34 5143/7295/34 5142/7290/34
f 5132/7289/35 5133/9296/35 5141/7291/35
f 5138/7293/36 5146/9297/36 5145/7294/36
f 5136/7286/37 5144/7302/37 5143/7295/37
f 5134/7287/37 5142/7290/37 5141/7296/37
f 5132/7297/37 5140/9298/37 5139/7298/37
f 5131/7299/35 5139/9299/35 5146/7300/35
f 5137/7301/34 5145/9300/34 5144/7302/34
f 5151/7303/36 5158/7340/36 5157/7304/36
f 5186/9301/3 5179/9302/3 5185/7308/3
f 5179/9302/3 5180/7306/3 5185/7308/3
f 5180/7306/3 5181/9303/3 5182/7307/3
f 5182/7307/3 5183/9304/3 5184/9305/3
f 5182/7307/3 5184/9305/3 5185/7308/3
f 5150/7309/34 5157/7333/34 5156/7310/34
f 5149/7312/35 5147/9306/35 5155/7313/35
f 5154/7315/35 5152/9307/35 5161/7316/35
f 5149/7318/36 5162/7336/36 5161/7319/36
f 5148/7311/37 5156/7310/37 5155/7321/37
f 5153/7323/34 5159/7331/34 5158/7324/34
f 5154/7326/36 5160/7338/36 5159/7327/36
f 5155/7313/35 5163/7345/35 5170/7329/35
f 5161/7316/35 5169/9308/35 5168/7330/35
f 5159/7331/34 5167/7349/34 5166/7332/34
f 5157/7333/34 5165/7351/34 5164/7334/34
f 5156/7310/37 5164/7334/37 5163/7335/37
f 5162/7336/36 5170/7353/36 5169/7337/36
f 5160/7338/36 5168/7355/36 5167/7339/36
f 5158/7340/36 5166/7342/36 5165/7341/36
f 5166/7342/36 5174/7361/36 5173/7343/36
f 5164/7334/37 5172/7352/37 5171/7344/37
f 5163/7345/35 5171/7364/35 5178/7346/35
f 5168/7330/35 5169/9308/35 5177/7347/35
f 5167/7349/34 5175/9309/34 5174/7350/34
f 5165/7351/34 5173/7369/34 5172/7352/34
f 5170/7353/36 5178/7357/36 5177/7354/36
f 5168/7355/36 5176/7359/36 5175/7356/36
f 5178/7357/36 5186/9310/36 5185/7358/36
f 5176/7359/36 5184/9311/36 5183/7360/36
f 5174/7361/36 5182/9312/36 5181/7362/36
f 5172/7352/37 5180/7370/37 5179/7363/37
f 5171/7364/35 5179/9313/35 5186/7365/35
f 5177/7347/35 5185/9314/35 5184/7366/35
f 5174/7350/34 5175/9309/34 5183/7367/34
f 5173/7369/34 5181/9315/34 5180/7370/34
f 5298/7373/3 5291/9316/3 5293/7371/3
f 5291/9316/3 5292/9317/3 5293/7371/3
f 5293/7371/3 5294/9318/3 5295/9319/3
f 5296/7372/3 5297/9320/3 5298/7373/3
f 5293/7371/3 5295/9319/3 5296/7372/3
f 5191/7374/34 5197/7392/34 5196/7375/34
f 5190/7377/34 5201/7397/34 5200/7378/34
f 5187/7380/35 5195/7395/35 5202/7381/35
f 5192/7383/36 5200/7405/36 5199/7384/36
f 5189/7386/36 5202/7403/36 5201/7387/36
f 5188/7376/37 5196/7375/37 5195/7389/37
f 5193/7391/37 5198/7394/37 5197/7392/37
f 5194/7393/34 5199/7399/34 5198/7394/34
f 5195/7395/35 5203/7410/35 5210/7396/35
f 5201/7397/34 5209/7412/34 5208/7398/34
f 5199/7399/34 5207/7414/34 5206/7400/34
f 5197/7392/34 5205/7407/34 5204/7401/34
f 5196/7375/37 5204/7401/37 5203/7402/37
f 5202/7403/36 5210/7417/36 5209/7404/36
f 5200/7405/36 5208/7419/36 5207/7406/36
f 5198/7394/37 5206/7400/37 5205/7407/37
f 5206/7400/37 5214/7415/37 5213/7408/37
f 5204/7401/37 5212/7416/37 5211/7409/37
f 5203/7410/35 5211/7427/35 5218/7411/35
f 5209/7412/34 5217/9321/34 5216/7413/34
f 5207/7414/34 5215/7431/34 5214/7415/34
f 5205/7407/34 5213/7408/34 5212/7416/34
f 5210/7417/36 5218/7421/36 5217/7418/36
f 5208/7419/36 5216/7423/36 5215/7420/36
f 5218/7421/36 5226/7437/36 5225/7422/36
f 5216/7423/36 5224/7439/36 5223/7424/36
f 5214/7415/37 5222/7432/37 5221/7425/37
f 5212/7416/37 5220/7433/37 5219/7426/37
f 5211/7427/35 5219/7443/35 5226/7428/35
f 5216/7413/34 5217/9321/34 5225/7429/34
f 5215/7431/34 5223/7434/34 5222/7432/34
f 5213/7408/34 5221/7425/34 5220/7433/34
f 5223/7434/34 5231/7450/34 5230/7435/34
f 5221/7425/34 5229/7441/34 5228/7436/34
f 5226/7437/36 5234/7453/36 5233/7438/36
f 5224/7439/36 5232/7455/36 5231/7440/36
f 5222/7432/37 5230/7435/37 5229/7441/37
f 5220/7433/37 5228/7436/37 5227/7442/37
f 5219/7443/35 5227/7446/35 5234/7444/35
f 5225/7429/34 5233/7448/34 5232/7445/34
f 5227/7446/35 5235/7463/35 5242/7447/35
f 5233/7448/34 5241/7465/34 5240/7449/34
f 5231/7450/34 5239/7467/34 5238/7451/34
f 5229/7441/34 5237/7457/34 5236/7452/34
f 5234/7453/36 5242/7470/36 5241/7454/36
f 5232/7455/36 5240/7459/36 5239/7456/36
f 5230/7435/37 5238/7451/37 5237/7457/37
f 5228/7436/37 5236/7452/37 5235/7458/37
f 5240/7459/36 5248/7474/36 5247/7460/36
f 5238/7451/37 5246/7468/37 5245/7461/37
f 5236/7452/37 5244/7469/37 5243/7462/37
f 5235/7463/35 5243/9322/35 5250/7464/35
f 5241/7465/34 5249/7480/34 5248/7466/34
f 5239/7467/34 5247/7482/34 5246/7468/34
f 5237/7457/34 5245/7461/34 5244/7469/34
f 5242/7470/36 5250/7472/36 5249/7471/36
f 5250/7472/36 5258/7490/36 5257/7473/36
f 5248/7474/36 5256/7492/36 5255/7475/36
f 5246/7468/37 5254/7483/37 5253/7476/37
f 5244/7469/37 5252/7484/37 5251/7477/37
f 5250/7464/35 5243/9322/35 5251/7478/35
f 5249/7480/34 5257/7485/34 5256/7481/34
f 5247/7482/34 5255/7487/34 5254/7483/34
f 5245/7461/34 5253/7476/34 5252/7484/34
f 5257/7485/34 5265/7500/34 5264/7486/34
f 5255/7487/34 5263/7502/34 5262/7488/34
f 5253/7476/34 5261/7494/34 5260/7489/34
f 5258/7490/36 5266/7505/36 5265/7491/36
f 5256/7492/36 5264/7507/36 5263/7493/36
f 5254/7483/37 5262/7488/37 5261/7494/37
f 5252/7484/37 5260/7489/37 5259/7495/37
f 5251/7478/35 5259/7498/35 5266/7496/35
f 5260/7489/37 5268/7504/37 5267/7497/37
f 5259/7498/35 5267/7516/35 5274/7499/35
f 5265/7500/34 5273/7518/34 5272/7501/34
f 5263/7502/34 5271/7520/34 5270/7503/34
f 5261/7494/34 5269/7509/34 5268/7504/34
f 5266/7505/36 5274/7510/36 5273/7506/36
f 5264/7507/36 5272/7512/36 5271/7508/36
f 5262/7488/37 5270/7503/37 5269/7509/37
f 5274/7510/36 5282/7524/36 5281/7511/36
f 5272/7512/36 5280/7526/36 5279/7513/36
f 5270/7503/37 5278/7521/37 5277/7514/37
f 5268/7504/37 5276/7522/37 5275/7515/37
f 5267/7516/35 5275/9323/35 5282/7517/35
f 5273/7518/34 5281/7532/34 5280/7519/34
f 5271/7520/34 5279/7534/34 5278/7521/34
f 5269/7509/34 5277/7514/34 5276/7522/34
f 5277/7514/34 5285/7528/34 5284/7523/34
f 5282/7524/36 5290/7543/36 5289/7525/36
f 5280/7526/36 5288/7545/36 5287/7527/36
f 5278/7521/37 5286/7535/37 5285/7528/37
f 5276/7522/37 5284/7523/37 5283/7529/37
f 5282/7517/35 5275/9323/35 5283/7530/35
f 5281/7532/34 5289/9324/34 5288/7533/34
f 5279/7534/34 5287/7540/34 5286/7535/34
f 5290/7531/35 5283/7530/35 5291/7536/35
f 5288/7533/34 5289/9324/34 5297/7538/34
f 5287/7540/34 5295/9325/34 5294/7541/34
f 5285/7528/34 5293/7547/34 5292/7542/34
f 5290/7543/36 5298/9326/36 5297/7544/36
f 5288/7545/36 5296/9327/36 5295/7546/36
f 5286/7535/37 5294/7541/37 5293/7547/37
f 5284/7523/37 5292/7542/37 5291/7548/37
f 5303/7549/34 5309/7570/34 5308/7550/34
f 5354/7553/3 5347/9328/3 5349/7554/3
f 5347/9328/3 5348/9329/3 5349/7554/3
f 5349/7554/3 5350/9330/3 5353/7552/3
f 5350/9330/3 5351/9331/3 5353/7552/3
f 5351/9331/3 5352/9332/3 5353/7552/3
f 5302/7555/35 5313/7574/35 5312/7556/35
f 5301/7558/35 5299/9333/35 5307/7559/35
f 5304/7561/36 5312/7582/36 5311/7562/36
f 5301/7564/36 5314/7580/36 5313/7565/36
f 5300/7551/37 5308/7550/37 5307/7567/37
f 5305/7569/37 5310/7572/37 5309/7570/37
f 5306/7571/34 5311/7576/34 5310/7572/34
f 5307/7559/35 5315/7587/35 5322/7573/35
f 5313/7574/35 5321/7589/35 5320/7575/35
f 5311/7576/34 5319/7591/34 5318/7577/34
f 5309/7570/34 5317/7584/34 5316/7578/34
f 5308/7550/37 5316/7578/37 5315/7579/37
f 5314/7580/36 5322/7594/36 5321/7581/36
f 5312/7582/36 5320/7596/36 5319/7583/36
f 5310/7572/37 5318/7577/37 5317/7584/37
f 5318/7577/37 5326/7592/37 5325/7585/37
f 5316/7578/37 5324/7593/37 5323/7586/37
f 5315/7587/35 5323/7604/35 5330/7588/35
f 5321/7589/35 5329/7606/35 5328/7590/35
f 5319/7591/34 5327/7608/34 5326/7592/34
f 5317/7584/34 5325/7585/34 5324/7593/34
f 5322/7594/36 5330/7598/36 5329/7595/36
f 5320/7596/36 5328/7600/36 5327/7597/36
f 5330/7598/36 5338/7615/36 5337/7599/36
f 5328/7600/36 5336/7617/36 5335/7601/36
f 5326/7592/37 5334/7609/37 5333/7602/37
f 5324/7593/37 5332/7610/37 5331/7603/37
f 5323/7604/35 5331/9334/35 5338/7605/35
f 5329/7606/35 5337/7622/35 5336/7607/35
f 5327/7608/34 5335/7611/34 5334/7609/34
f 5325/7585/34 5333/7602/34 5332/7610/34
f 5335/7611/34 5343/7628/34 5342/7612/34
f 5332/7610/34 5333/7602/34 5341/7613/34
f 5338/7615/36 5346/7631/36 5345/7616/36
f 5336/7617/36 5344/7633/36 5343/7618/36
f 5334/7609/37 5342/7612/37 5341/7613/37
f 5332/7610/37 5340/7614/37 5339/7619/37
f 5338/7605/35 5331/9334/35 5339/7620/35
f 5337/7622/35 5345/7626/35 5344/7623/35
f 5346/7621/35 5339/7620/35 5347/7624/35
f 5345/7626/35 5353/9335/35 5352/7627/35
f 5343/7628/34 5351/9336/34 5350/7629/34
f 5341/7613/34 5349/7635/34 5348/7630/34
f 5346/7631/36 5354/9337/36 5353/7632/36
f 5344/7633/36 5352/9338/36 5351/7634/36
f 5342/7612/37 5350/7629/37 5349/7635/37
f 5340/7614/37 5348/7630/37 5347/7636/37
f 5418/7639/3 5411/9339/3 5412/7637/3
f 5412/7637/3 5413/9340/3 5415/7638/3
f 5413/9340/3 5414/9341/3 5415/7638/3
f 5415/7638/3 5416/9342/3 5417/9343/3
f 5415/7638/3 5417/9343/3 5418/7639/3
f 5359/7640/35 5367/9344/35 5366/7641/35
f 5358/7643/34 5365/7669/34 5364/7644/34
f 5355/7646/35 5363/7663/35 5370/7647/35
f 5360/7649/37 5370/7672/37 5369/7650/37
f 5357/7652/36 5366/7676/36 5365/7653/36
f 5356/7645/37 5364/7644/37 5363/7655/37
f 5361/7657/36 5368/7674/36 5367/7658/36
f 5362/7660/35 5369/9345/35 5368/7661/35
f 5363/7663/35 5371/9346/35 5378/7664/35
f 5368/7661/35 5369/9345/35 5377/7665/35
f 5366/7641/35 5367/9344/35 5375/7667/35
f 5365/7669/34 5373/7685/34 5372/7670/34
f 5364/7644/37 5372/7670/37 5371/7671/37
f 5370/7672/37 5378/7687/37 5377/7673/37
f 5368/7674/36 5376/7689/36 5375/7675/36
f 5366/7676/36 5374/7678/36 5373/7677/36
f 5374/7678/36 5382/7695/36 5381/7679/36
f 5372/7670/37 5380/7686/37 5379/7680/37
f 5378/7664/35 5371/9346/35 5379/7681/35
f 5377/7665/35 5385/7699/35 5384/7683/35
f 5375/7667/35 5383/7701/35 5382/7684/35
f 5373/7685/34 5381/7703/34 5380/7686/34
f 5378/7687/37 5386/7691/37 5385/7688/37
f 5376/7689/36 5384/7693/36 5383/7690/36
f 5386/7691/37 5394/7709/37 5393/7692/37
f 5384/7693/36 5392/7711/36 5391/7694/36
f 5382/7695/36 5390/7713/36 5389/7696/36
f 5380/7686/37 5388/7704/37 5387/7697/37
f 5379/7681/35 5387/7716/35 5394/7698/35
f 5385/7699/35 5393/7718/35 5392/7700/35
f 5383/7701/35 5391/7705/35 5390/7702/35
f 5381/7703/34 5389/9347/34 5388/7704/34
f 5391/7705/35 5399/7724/35 5398/7706/35
f 5388/7704/34 5389/9347/34 5397/7707/34
f 5394/7709/37 5402/7727/37 5401/7710/37
f 5392/7711/36 5400/7729/36 5399/7712/36
f 5390/7713/36 5398/7731/36 5397/7714/36
f 5388/7704/37 5396/7708/37 5395/7715/37
f 5387/7716/35 5395/7720/35 5402/7717/35
f 5393/7718/35 5401/7722/35 5400/7719/35
f 5395/7720/35 5403/7739/35 5410/7721/35
f 5401/7722/35 5409/7741/35 5408/7723/35
f 5399/7724/35 5407/7743/35 5406/7725/35
f 5397/7707/34 5405/7745/34 5404/7726/34
f 5402/7727/37 5410/7747/37 5409/7728/37
f 5400/7729/36 5408/7734/36 5407/7730/36
f 5398/7731/36 5406/7736/36 5405/7732/36
f 5396/7708/37 5404/7726/37 5403/7733/37
f 5408/7734/36 5416/9348/36 5415/7735/36
f 5406/7736/36 5414/9349/36 5413/7737/36
f 5404/7726/37 5412/7746/37 5411/7738/37
f 5403/7739/35 5411/9350/35 5418/7740/35
f 5409/7741/35 5417/9351/35 5416/7742/35
f 5407/7743/35 5415/9352/35 5414/7744/35
f 5405/7745/34 5413/9353/34 5412/7746/34
f 5410/7747/37 5418/9354/37 5417/7748/37
f 5423/7749/35 5431/7778/35 5430/7750/35
f 5538/7754/3 5531/9355/3 5532/7752/3
f 5532/7752/3 5533/9356/3 5535/7753/3
f 5533/9356/3 5534/9357/3 5535/7753/3
f 5535/7753/3 5536/9358/3 5537/9359/3
f 5535/7753/3 5537/9359/3 5538/7754/3
f 5422/7755/34 5429/7780/34 5428/7756/34
f 5419/7758/35 5427/7775/35 5434/7759/35
f 5424/7761/37 5434/7783/37 5433/7762/37
f 5421/7764/36 5430/7787/36 5429/7765/36
f 5420/7757/37 5428/7756/37 5427/7767/37
f 5425/7769/36 5432/7785/36 5431/7770/36
f 5425/7772/35 5426/9360/35 5433/7773/35
f 5427/7775/35 5435/7792/35 5442/7776/35
f 5433/7773/35 5441/7794/35 5440/7777/35
f 5431/7778/35 5439/7796/35 5438/7779/35
f 5429/7780/34 5437/7798/34 5436/7781/34
f 5428/7756/37 5436/7781/37 5435/7782/37
f 5434/7783/37 5442/7800/37 5441/7784/37
f 5432/7785/36 5440/7802/36 5439/7786/36
f 5430/7787/36 5438/7789/36 5437/7788/36
f 5438/7789/36 5446/7808/36 5445/7790/36
f 5436/7781/37 5444/7799/37 5443/7791/37
f 5435/7792/35 5443/7811/35 5450/7793/35
f 5441/7794/35 5449/7813/35 5448/7795/35
f 5439/7796/35 5447/7815/35 5446/7797/35
f 5437/7798/34 5445/9361/34 5444/7799/34
f 5442/7800/37 5450/7804/37 5449/7801/37
f 5440/7802/36 5448/7806/36 5447/7803/36
f 5450/7804/37 5458/7823/37 5457/7805/37
f 5448/7806/36 5456/7825/36 5455/7807/36
f 5446/7808/36 5454/7827/36 5453/7809/36
f 5444/7799/37 5452/7818/37 5451/7810/37
f 5443/7811/35 5451/7830/35 5458/7812/35
f 5449/7813/35 5457/7832/35 5456/7814/35
f 5447/7815/35 5455/7819/35 5454/7816/35
f 5444/7799/34 5445/9361/34 5453/7817/34
f 5455/7819/35 5463/7838/35 5462/7820/35
f 5452/7818/34 5453/7817/34 5461/7821/34
f 5458/7823/37 5466/7841/37 5465/7824/37
f 5456/7825/36 5464/7843/36 5463/7826/36
f 5454/7827/36 5462/7845/36 5461/7828/36
f 5452/7818/37 5460/7822/37 5459/7829/37
f 5451/7830/35 5459/7834/35 5466/7831/35
f 5457/7832/35 5465/7836/35 5464/7833/35
f 5459/7834/35 5467/7853/35 5474/7835/35
f 5465/7836/35 5473/9362/35 5472/7837/35
f 5463/7838/35 5471/7857/35 5470/7839/35
f 5461/7821/34 5469/7859/34 5468/7840/34
f 5466/7841/37 5474/7861/37 5473/7842/37
f 5464/7843/36 5472/7848/36 5471/7844/36
f 5462/7845/36 5470/7850/36 5469/7846/36
f 5460/7822/37 5468/7840/37 5467/7847/37
f 5472/7848/36 5480/7865/36 5479/7849/36
f 5470/7850/36 5478/7867/36 5477/7851/36
f 5468/7840/37 5476/7860/37 5475/7852/37
f 5467/7853/35 5475/7870/35 5482/7854/35
f 5472/7837/35 5473/9362/35 5481/7855/35
f 5471/7857/35 5479/7874/35 5478/7858/35
f 5469/7859/34 5477/7876/34 5476/7860/34
f 5474/7861/37 5482/7863/37 5481/7862/37
f 5482/7863/37 5490/7883/37 5489/7864/37
f 5480/7865/36 5488/7885/36 5487/7866/36
f 5478/7867/36 5486/7887/36 5485/7868/36
f 5476/7860/37 5484/7877/37 5483/7869/37
f 5475/7870/35 5483/7890/35 5490/7871/35
f 5480/7856/35 5481/7855/35 5489/7872/35
f 5479/7874/35 5487/7879/35 5486/7875/35
f 5477/7876/34 5485/7881/34 5484/7877/34
f 5489/7872/35 5497/7895/35 5496/7878/35
f 5487/7879/35 5495/7897/35 5494/7880/35
f 5485/7881/34 5493/7899/34 5492/7882/34
f 5490/7883/37 5498/7901/37 5497/7884/37
f 5488/7885/36 5496/7903/36 5495/7886/36
f 5486/7887/36 5494/7905/36 5493/7888/36
f 5484/7877/37 5492/7882/37 5491/7889/37
f 5483/7890/35 5491/7893/35 5498/7891/35
f 5492/7882/37 5500/7900/37 5499/7892/37
f 5491/7893/35 5499/7914/35 5506/7894/35
f 5497/7895/35 5505/9363/35 5504/7896/35
f 5495/7897/35 5503/7918/35 5502/7898/35
f 5493/7899/34 5501/7920/34 5500/7900/34
f 5498/7901/37 5506/7907/37 5505/7902/37
f 5496/7903/36 5504/7909/36 5503/7904/36
f 5494/7905/36 5502/7911/36 5501/7906/36
f 5506/7907/37 5514/7924/37 5513/7908/37
f 5504/7909/36 5512/7926/36 5511/7910/36
f 5502/7911/36 5510/7928/36 5509/7912/36
f 5500/7900/37 5508/7921/37 5507/7913/37
f 5499/7914/35 5507/9364/35 5514/7915/35
f 5504/7896/35 5505/9363/35 5513/7916/35
f 5503/7918/35 5511/7934/35 5510/7919/35
f 5501/7920/34 5509/7922/34 5508/7921/34
f 5509/7922/34 5517/7941/34 5516/7923/34
f 5514/7924/37 5522/7943/37 5521/7925/37
f 5512/7926/36 5520/7945/36 5519/7927/36
f 5510/7928/36 5518/7947/36 5517/7929/36
f 5508/7921/37 5516/7923/37 5515/7930/37
f 5514/7915/35 5507/9364/35 5515/7931/35
f 5513/7916/35 5521/9365/35 5520/7933/35
f 5511/7934/35 5519/7939/35 5518/7935/35
f 5515/7931/35 5523/9366/35 5530/7936/35
f 5520/7933/35 5521/9365/35 5529/7937/35
f 5519/7939/35 5527/7956/35 5526/7940/35
f 5517/7941/34 5525/7958/34 5524/7942/34
f 5522/7943/37 5530/7960/37 5529/7944/37
f 5520/7945/36 5528/7962/36 5527/7946/36
f 5518/7947/36 5526/7950/36 5525/7948/36
f 5516/7923/37 5524/7942/37 5523/7949/37
f 5526/7950/36 5534/9367/36 5533/7951/36
f 5524/7942/37 5532/7959/37 5531/7952/37
f 5530/7936/35 5523/9366/35 5531/7953/35
f 5529/7937/35 5537/9368/35 5536/7955/35
f 5527/7956/35 5535/9369/35 5534/7957/35
f 5525/7958/34 5533/9370/34 5532/7959/34
f 5530/7960/37 5538/9371/37 5537/7961/37
f 5528/7962/36 5536/9372/36 5535/7963/36
f 5543/7964/36 5550/8003/36 5549/7965/36
f 5578/9373/3 5571/9374/3 5577/7969/3
f 5571/9374/3 5572/7967/3 5577/7969/3
f 5572/7967/3 5573/9375/3 5574/7968/3
f 5574/7968/3 5575/9376/3 5576/9377/3
f 5574/7968/3 5576/9377/3 5577/7969/3
f 5542/7970/34 5549/7996/34 5548/7971/34
f 5539/7973/35 5547/7990/35 5554/7974/35
f 5544/7976/35 5553/7992/35 5552/7977/35
f 5541/7979/36 5554/7999/36 5553/7980/36
f 5540/7972/37 5548/7971/37 5547/7982/37
f 5545/7984/34 5551/7994/34 5550/7985/34
f 5546/7987/36 5552/8001/36 5551/7988/36
f 5547/7990/35 5555/8008/35 5562/7991/35
f 5553/7992/35 5561/8010/35 5560/7993/35
f 5551/7994/34 5559/8012/34 5558/7995/34
f 5549/7996/34 5557/8014/34 5556/7997/34
f 5548/7971/37 5556/7997/37 5555/7998/37
f 5554/7999/36 5562/8016/36 5561/8000/36
f 5552/8001/36 5560/8018/36 5559/8002/36
f 5550/8003/36 5558/8005/36 5557/8004/36
f 5558/8005/36 5566/8024/36 5565/8006/36
f 5556/7997/37 5564/8015/37 5563/8007/37
f 5555/8008/35 5563/9378/35 5570/8009/35
f 5561/8010/35 5569/9379/35 5568/8011/35
f 5559/8012/34 5567/8031/34 5566/8013/34
f 5557/8014/34 5565/8033/34 5564/8015/34
f 5562/8016/36 5570/8020/36 5569/8017/36
f 5560/8018/36 5568/8022/36 5567/8019/36
f 5570/8020/36 5578/9380/36 5577/8021/36
f 5568/8022/36 5576/9381/36 5575/8023/36
f 5566/8024/36 5574/9382/36 5573/8025/36
f 5564/8015/37 5572/8034/37 5571/8026/37
f 5570/8009/35 5563/9378/35 5571/8027/35
f 5568/8011/35 5569/9379/35 5577/8029/35
f 5567/8031/34 5575/9383/34 5574/8032/34
f 5565/8033/34 5573/9384/34 5572/8034/34
f 5581/8035/35 5583/9385/35 5591/8036/35
f 5634/8040/3 5627/9386/3 5628/8038/3
f 5628/8038/3 5629/9387/3 5631/8039/3
f 5629/9387/3 5630/9388/3 5631/8039/3
f 5631/8039/3 5632/9389/3 5634/8040/3
f 5632/9389/3 5633/9390/3 5634/8040/3
f 5582/8041/34 5589/8066/34 5588/8042/34
f 5579/8044/35 5587/8061/35 5594/8045/35
f 5584/8047/37 5594/8069/37 5593/8048/37
f 5581/8050/36 5590/8073/36 5589/8051/36
f 5580/8043/37 5588/8042/37 5587/8053/37
f 5585/8055/36 5592/8071/36 5591/8056/36
f 5586/8058/35 5593/8063/35 5592/8059/35
f 5587/8061/35 5595/8078/35 5602/8062/35
f 5593/8063/35 5601/8080/35 5600/8064/35
f 5591/8036/35 5599/8082/35 5598/8065/35
f 5589/8066/34 5597/8084/34 5596/8067/34
f 5588/8042/37 5596/8067/37 5595/8068/37
f 5594/8069/37 5602/8086/37 5601/8070/37
f 5592/8071/36 5600/8088/36 5599/8072/36
f 5590/8073/36 5598/8075/36 5597/8074/36
f 5598/8075/36 5606/8094/36 5605/8076/36
f 5596/8067/37 5604/8085/37 5603/8077/37
f 5595/8078/35 5603/8097/35 5610/8079/35
f 5601/8080/35 5609/8099/35 5608/8081/35
f 5599/8082/35 5607/8101/35 5606/8083/35
f 5597/8084/34 5605/8103/34 5604/8085/34
f 5602/8086/37 5610/8090/37 5609/8087/37
f 5600/8088/36 5608/8092/36 5607/8089/36
f 5610/8090/37 5618/8109/37 5617/8091/37
f 5608/8092/36 5616/8111/36 5615/8093/36
f 5606/8094/36 5614/8113/36 5613/8095/36
f 5604/8085/37 5612/8104/37 5611/8096/37
f 5603/8097/35 5611/9391/35 5618/8098/35
f 5609/8099/35 5617/9392/35 5616/8100/35
f 5607/8101/35 5615/9393/35 5614/8102/35
f 5605/8103/34 5613/8107/34 5612/8104/34
f 5614/8102/35 5615/9393/35 5623/8105/35
f 5613/8107/34 5621/8124/34 5620/8108/34
f 5618/8109/37 5626/8126/37 5625/8110/37
f 5616/8111/36 5624/8128/36 5623/8112/36
f 5614/8113/36 5622/8130/36 5621/8114/36
f 5612/8104/37 5620/8108/37 5619/8115/37
f 5618/8098/35 5611/9391/35 5619/8116/35
f 5616/8100/35 5617/9392/35 5625/8118/35
f 5619/8116/35 5627/9394/35 5634/8120/35
f 5625/8118/35 5633/9395/35 5632/8121/35
f 5622/8106/35 5623/8105/35 5631/8122/35
f 5621/8124/34 5629/9396/34 5628/8125/34
f 5626/8126/37 5634/9397/37 5633/8127/37
f 5624/8128/36 5632/9398/36 5631/8129/36
f 5622/8130/36 5630/9399/36 5629/8131/36
f 5620/8108/37 5628/8125/37 5627/8132/37
f 5660/8133/36 5639/8193/36 5640/8134/36
f 5648/8136/36 5662/8183/36 5661/8137/36
f 5644/8139/37 5654/8150/37 5653/8140/37
f 5636/8142/37 5652/8178/37 5651/8143/37
f 5657/8145/34 5654/8150/34 5644/8139/34
f 5646/8147/35 5665/8180/35 5662/8148/35
f 5654/8150/37 5655/8182/37 5656/8151/37
f 5637/8152/36 5660/8133/36 5659/8135/36
f 5647/8154/34 5661/8160/34 5660/8155/34
f 5804/9400/3 5805/9401/3 5806/9402/3
f 5806/9402/3 5807/9403/3 5809/9404/3
f 5807/9403/3 5808/9405/3 5809/9404/3
f 5804/9400/3 5806/9402/3 5809/9404/3
f 5810/8158/3 5811/9406/3 5812/9407/3
f 5804/9400/3 5809/9404/3 5810/8158/3
f 5813/8159/3 5814/9408/3 5803/8157/3
f 5803/8157/3 5804/9400/3 5810/8158/3
f 5810/8158/3 5812/9407/3 5813/8159/3
f 5661/8160/34 5667/8197/34 5639/8161/34
f 5649/8162/36 5658/8176/36 5657/8163/36
f 5643/8165/35 5653/8185/35 5652/8166/35
f 5638/8168/35 5659/8187/35 5658/8169/35
f 5645/8171/37 5666/8175/37 5665/8172/37
f 5651/8143/34 5664/8179/34 5670/8174/34
f 5635/8144/34 5651/8143/34 5666/8175/34
f 5658/8176/36 5641/8199/36 5642/8177/36
f 5652/8178/37 5663/8201/37 5664/8179/37
f 5665/8180/35 5669/8203/35 5668/8181/35
f 5657/8145/34 5642/8206/34 5655/8182/34
f 5662/8183/36 5668/8209/36 5667/8184/36
f 5653/8185/35 5656/8190/35 5663/8186/35
f 5659/8187/35 5640/8195/35 5641/8188/35
f 5666/8175/37 5670/8174/37 5669/8189/37
f 5656/8190/35 5673/8211/35 5672/8191/35
f 5655/8182/37 5674/8207/37 5673/8192/37
f 5639/8193/36 5678/8220/36 5677/8194/36
f 5640/8195/35 5677/8215/35 5676/8196/35
f 5667/8197/34 5679/9409/34 5678/8198/34
f 5641/8199/36 5676/8229/36 5675/8200/36
f 5663/8201/37 5672/8225/37 5671/8202/37
f 5669/8203/35 5681/8218/35 5680/8204/35
f 5664/8179/34 5671/8202/34 5682/8205/34
f 5642/8206/34 5675/8222/34 5674/8207/34
f 5670/8174/37 5682/8205/37 5681/8208/37
f 5668/8209/36 5680/8213/36 5679/8210/36
f 5673/8211/35 5685/9410/35 5684/8212/35
f 5680/8213/36 5692/8235/36 5691/8214/36
f 5677/8215/35 5689/8237/35 5688/8216/35
f 5674/8207/37 5686/8223/37 5685/8217/37
f 5681/8218/35 5693/9411/35 5692/8219/35
f 5678/8220/36 5690/8242/36 5689/8221/36
f 5675/8222/34 5687/8244/34 5686/8223/34
f 5682/8205/37 5694/8231/37 5693/8224/37
f 5672/8225/37 5684/8247/37 5683/8226/37
f 5678/8198/34 5679/9409/34 5691/8227/34
f 5676/8229/36 5688/8250/36 5687/8230/36
f 5682/8205/34 5671/8202/34 5683/8226/34
f 5683/8226/34 5695/8248/34 5706/8232/34
f 5684/8212/35 5685/9410/35 5697/8233/35
f 5692/8235/36 5704/8256/36 5703/8236/36
f 5689/8237/35 5701/8258/35 5700/8238/35
f 5686/8223/37 5698/8245/37 5697/8239/37
f 5692/8219/35 5693/9411/35 5705/8240/35
f 5690/8242/36 5702/8262/36 5701/8243/36
f 5687/8244/34 5699/8264/34 5698/8245/34
f 5694/8231/37 5706/8232/37 5705/8246/37
f 5684/8247/37 5696/8267/37 5695/8248/37
f 5691/8227/34 5703/8269/34 5702/8249/34
f 5688/8250/36 5700/8252/36 5699/8251/36
f 5700/8252/36 5712/8271/36 5711/8253/36
f 5695/8248/34 5707/8268/34 5718/8254/34
f 5697/8233/35 5709/8274/35 5708/8255/35
f 5704/8256/36 5716/8276/36 5715/8257/36
f 5701/8258/35 5713/9412/35 5712/8259/35
f 5698/8245/37 5710/8265/37 5709/8260/37
f 5705/8240/35 5717/8281/35 5716/8261/35
f 5702/8262/36 5714/8283/36 5713/8263/36
f 5699/8264/34 5711/8285/34 5710/8265/34
f 5706/8232/37 5718/8254/37 5717/8266/37
f 5696/8267/37 5708/8288/37 5707/8268/37
f 5703/8269/34 5715/8290/34 5714/8270/34
f 5712/8271/36 5724/8294/36 5723/8272/36
f 5707/8268/34 5719/8289/34 5730/8273/34
f 5709/8274/35 5721/8297/35 5720/8275/35
f 5716/8276/36 5728/8299/36 5727/8277/36
f 5712/8259/35 5713/9412/35 5725/8278/35
f 5710/8265/37 5722/8286/37 5721/8280/37
f 5717/8281/35 5729/8303/35 5728/8282/35
f 5714/8283/36 5726/8305/36 5725/8284/36
f 5711/8285/34 5723/8307/34 5722/8286/34
f 5718/8254/37 5730/8273/37 5729/8287/37
f 5708/8288/37 5720/8310/37 5719/8289/37
f 5715/8290/34 5727/8292/34 5726/8291/34
f 5727/8292/34 5739/8314/34 5738/8293/34
f 5724/8294/36 5736/8316/36 5735/8295/36
f 5719/8289/34 5731/8311/34 5742/8296/34
f 5721/8297/35 5733/8319/35 5732/8298/35
f 5728/8299/36 5740/8321/36 5739/8300/36
f 5725/8278/35 5737/8323/35 5736/8301/35
f 5722/8286/37 5734/8308/37 5733/8302/37
f 5729/8303/35 5741/9413/35 5740/8304/35
f 5726/8305/36 5738/8328/36 5737/8306/36
f 5723/8307/34 5735/8330/34 5734/8308/34
f 5730/8273/37 5742/8296/37 5741/8309/37
f 5720/8310/37 5732/8312/37 5731/8311/37
f 5732/8312/37 5744/8334/37 5743/8313/37
f 5739/8314/34 5751/8336/34 5750/8315/34
f 5736/8316/36 5748/8338/36 5747/8317/36
f 5731/8311/34 5743/8313/34 5754/8318/34
f 5733/8319/35 5745/8341/35 5744/8320/35
f 5740/8321/36 5752/8343/36 5751/8322/36
f 5737/8323/35 5749/8345/35 5748/8324/35
f 5734/8308/37 5746/8331/37 5745/8325/37
f 5740/8304/35 5741/9413/35 5753/8326/35
f 5738/8328/36 5750/8350/36 5749/8329/36
f 5735/8330/34 5747/8352/34 5746/8331/34
f 5742/8296/37 5754/8318/37 5753/8332/37
f 5754/8318/37 5766/8340/37 5765/8333/37
f 5744/8334/37 5756/8357/37 5755/8335/37
f 5751/8336/34 5763/8359/34 5762/8337/34
f 5748/8338/36 5760/8361/36 5759/8339/36
f 5743/8313/34 5755/8335/34 5766/8340/34
f 5745/8341/35 5757/9414/35 5756/8342/35
f 5752/8343/36 5764/8366/36 5763/8344/36
f 5749/8345/35 5761/8368/35 5760/8346/35
f 5746/8331/37 5758/8353/37 5757/8347/37
f 5752/8327/35 5753/8326/35 5765/8348/35
f 5750/8350/36 5762/8372/36 5761/8351/36
f 5747/8352/34 5759/8354/34 5758/8353/34
f 5759/8354/34 5771/8374/34 5770/8355/34
f 5766/8340/37 5778/8363/37 5777/8356/37
f 5756/8357/37 5768/8377/37 5767/8358/37
f 5763/8359/34 5775/8379/34 5774/8360/34
f 5760/8361/36 5772/8381/36 5771/8362/36
f 5755/8335/34 5767/8358/34 5778/8363/34
f 5756/8342/35 5757/9414/35 5769/8364/35
f 5764/8366/36 5776/8385/36 5775/8367/36
f 5761/8368/35 5773/8387/35 5772/8369/35
f 5758/8353/37 5770/8355/37 5769/8370/37
f 5765/8348/35 5777/8390/35 5776/8371/35
f 5762/8372/36 5774/8392/36 5773/8373/36
f 5771/8374/34 5783/8396/34 5782/8375/34
f 5778/8363/37 5790/8383/37 5789/8376/37
f 5768/8377/37 5780/8399/37 5779/8378/37
f 5775/8379/34 5787/8401/34 5786/8380/34
f 5772/8381/36 5784/8403/36 5783/8382/36
f 5767/8358/34 5779/8378/34 5790/8383/34
f 5769/8364/35 5781/8406/35 5780/8384/35
f 5776/8385/36 5788/8408/36 5787/8386/36
f 5773/8387/35 5785/9415/35 5784/8388/35
f 5770/8355/37 5782/8375/37 5781/8389/37
f 5777/8390/35 5789/9416/35 5788/8391/35
f 5774/8392/36 5786/8394/36 5785/8393/36
f 5786/8394/36 5798/8415/36 5797/8395/36
f 5783/8396/34 5795/8417/34 5794/8397/34
f 5790/8383/37 5802/8405/37 5801/8398/37
f 5780/8399/37 5792/8420/37 5791/8400/37
f 5787/8401/34 5799/8422/34 5798/8402/34
f 5784/8403/36 5796/8424/36 5795/8404/36
f 5779/8378/34 5791/8400/34 5802/8405/34
f 5781/8406/35 5793/8427/35 5792/8407/35
f 5788/8408/36 5800/8429/36 5799/8409/36
f 5784/8388/35 5785/9415/35 5797/8410/35
f 5782/8375/37 5794/8397/37 5793/8412/37
f 5788/8391/35 5789/9416/35 5801/8413/35
f 5798/8415/36 5810/9417/36 5809/8416/36
f 5795/8417/34 5807/9418/34 5806/8418/34
f 5802/8405/37 5814/8426/37 5813/8419/37
f 5792/8420/37 5804/9419/37 5803/8421/37
f 5799/8422/34 5811/9420/34 5810/8423/34
f 5796/8424/36 5808/9421/36 5807/8425/36
f 5791/8400/34 5803/8421/34 5814/8426/34
f 5793/8427/35 5805/9422/35 5804/8428/35
f 5800/8429/36 5812/9423/36 5811/8430/36
f 5797/8410/35 5809/9424/35 5808/8431/35
f 5794/8397/37 5806/8418/37 5805/8432/37
f 5801/8413/35 5813/9425/35 5812/8433/35
