# Blender 4.4.0
# www.blender.org
mtllib Leclerc_blend camo included.mtl
o turret_stuff.001
v 0.459624 1.544684 0.145845 0.4143 0.3988 0.2666
v 0.456763 1.544256 0.173729 0.4143 0.3988 0.2666
v 0.448515 1.543848 0.200521 0.4143 0.3988 0.2666
v 0.435198 1.543474 0.225191 0.4143 0.3988 0.2666
v 0.417322 1.543150 0.246790 0.4143 0.3988 0.2666
v 0.395573 1.542889 0.264490 0.4143 0.3988 0.2666
v 0.370786 1.542699 0.277607 0.4143 0.3988 0.2666
v 0.344203 1.542590 0.285553 0.4143 0.3988 0.2666
v 0.317818 1.542585 0.286745 0.4143 0.3988 0.2666
v 0.625514 1.299268 0.106680 0.4143 0.3988 0.2666
v 0.291871 1.542742 0.277421 0.4143 0.3988 0.2666
v 0.266941 1.542962 0.263967 0.4143 0.3988 0.2666
v 0.245337 1.543248 0.246091 0.4143 0.3988 0.2666
v 0.227637 1.543592 0.224347 0.4143 0.3988 0.2666
v 0.214522 1.543980 0.199570 0.4143 0.3988 0.2666
v 0.206493 1.544398 0.172712 0.4143 0.3988 0.2666
v 0.203859 1.544830 0.144805 0.4143 0.3988 0.2666
v 0.206720 1.545258 0.116920 0.4143 0.3988 0.2666
v 0.214968 1.545667 0.090128 0.4143 0.3988 0.2666
v 0.228285 1.546040 0.065459 0.4143 0.3988 0.2666
v 0.246161 1.546364 0.043859 0.4143 0.3988 0.2666
v 0.267910 1.546626 0.026160 0.4143 0.3988 0.2666
v 0.292948 1.546817 0.012909 0.4143 0.3988 0.2666
v 0.318972 1.546944 0.003796 0.4143 0.3988 0.2666
v 0.560585 1.299836 0.081026 0.4143 0.3988 0.2666
v 0.345346 1.546909 0.005203 0.4143 0.3988 0.2666
v 0.371863 1.546770 0.013364 0.4143 0.3988 0.2666
v 0.396542 1.546553 0.026683 0.4143 0.3988 0.2666
v 0.418146 1.546266 0.044559 0.4143 0.3988 0.2666
v 0.435846 1.545922 0.066303 0.4143 0.3988 0.2666
v 0.448961 1.545534 0.091080 0.4143 0.3988 0.2666
v 0.456990 1.545116 0.117938 0.4143 0.3988 0.2666
v 0.409648 1.484471 0.144713 0.4143 0.3988 0.2666
v 0.407789 1.484193 0.162823 0.4143 0.3988 0.2666
v 0.402431 1.483928 0.180228 0.4143 0.3988 0.2666
v 0.393776 1.483685 0.196262 0.4143 0.3988 0.2666
v 0.382151 1.483474 0.210308 0.4143 0.3988 0.2666
v 0.367999 1.483304 0.221825 0.4143 0.3988 0.2666
v 0.351861 1.483181 0.230366 0.4143 0.3988 0.2666
v 0.334357 1.483109 0.235597 0.4143 0.3988 0.2666
v 0.316165 1.483092 0.237314 0.4143 0.3988 0.2666
v 0.297987 1.483130 0.235449 0.4143 0.3988 0.2666
v 0.280501 1.432397 0.229293 0.4143 0.3988 0.2666
v 0.264433 1.432539 0.220621 0.4143 0.3988 0.2666
v 0.250375 1.432726 0.208989 0.4143 0.3988 0.2666
v 0.238865 1.432949 0.194849 0.4143 0.3988 0.2666
v 0.230341 1.433202 0.178746 0.4143 0.3988 0.2666
v 0.225125 1.433473 0.161298 0.4143 0.3988 0.2666
v 0.223414 1.433753 0.143173 0.4143 0.3988 0.2666
v 0.225272 1.434031 0.125063 0.4143 0.3988 0.2666
v 0.230630 1.434297 0.107658 0.4143 0.3988 0.2666
v 0.239285 1.434540 0.091625 0.4143 0.3988 0.2666
v 0.250910 1.434750 0.077579 0.4143 0.3988 0.2666
v 0.265063 1.434921 0.066062 0.4143 0.3988 0.2666
v 0.281201 1.435044 0.057521 0.4143 0.3988 0.2666
v 0.298730 1.485940 0.053073 0.4143 0.3988 0.2666
v 0.316923 1.485957 0.051356 0.4143 0.3988 0.2666
v 0.335101 1.485919 0.053221 0.4143 0.3988 0.2666
v 0.352561 1.485827 0.058594 0.4143 0.3988 0.2666
v 0.368629 1.485685 0.067266 0.4143 0.3988 0.2666
v 0.382687 1.485499 0.078898 0.4143 0.3988 0.2666
v 0.394197 1.485275 0.093038 0.4143 0.3988 0.2666
v 0.402721 1.485023 0.109141 0.4143 0.3988 0.2666
v 0.407937 1.484751 0.126589 0.4143 0.3988 0.2666
v 0.349627 1.485087 0.113013 0.4143 0.3988 0.2666
v 0.349432 1.545122 0.114064 0.4143 0.3988 0.2666
v 0.601808 1.485325 0.084052 0.4143 0.3988 0.2666
v 0.560484 1.545501 0.085058 0.4143 0.3988 0.2666
v 0.349163 1.482907 0.228928 0.4143 0.3988 0.2666
v 0.348970 1.543450 0.229627 0.4143 0.3988 0.2666
v 0.625608 1.484780 0.109539 0.4143 0.3988 0.2666
v 0.625415 1.545151 0.110116 0.4143 0.3988 0.2666
v 0.508559 1.484501 0.143036 0.4143 0.3988 0.2666
v 0.508364 1.544599 0.144153 0.4143 0.3988 0.2666
v 0.750033 1.304443 -0.233254 0.4143 0.3988 0.2666
v 0.725317 1.301774 -0.059233 0.4143 0.3988 0.2666
v 0.537766 1.483380 0.199406 0.4143 0.3988 0.2666
v 0.465974 1.482908 0.229451 0.4143 0.3988 0.2666
v 0.517331 1.483144 0.214498 0.4143 0.3988 0.2666
v 0.491053 1.482972 0.225495 0.4143 0.3988 0.2666
v 0.465781 1.543383 0.230103 0.4143 0.3988 0.2666
v 0.537567 1.543810 0.200033 0.4143 0.3988 0.2666
v 0.490860 1.543432 0.226137 0.4143 0.3988 0.2666
v 0.517135 1.543588 0.215131 0.4143 0.3988 0.2666
v 0.668944 1.308272 -0.479111 0.4143 0.3988 0.2666
v 0.635236 1.299576 0.086359 0.4143 0.3988 0.2666
v 0.635423 1.505949 0.069241 0.4143 0.3988 0.2666
v 0.644380 1.308550 -0.496317 0.4143 0.3988 0.2666
v 0.689924 1.370578 -0.678743 0.4143 0.3988 0.2666
v 0.863949 1.370663 -0.689971 0.4143 0.3988 0.2666
v 0.864089 1.380940 -1.356922 0.4143 0.3988 0.2666
v 0.657989 1.383056 -1.487521 0.4143 0.3988 0.2666
v -0.415073 1.383454 -1.478114 0.0000 0.0000 0.0000
v 0.748301 1.454290 -0.218209 0.4143 0.3988 0.2666
v 0.717747 1.451680 -0.044563 0.4143 0.3988 0.2666
v 0.672660 1.460043 -0.463372 0.4143 0.3988 0.2666
v 0.644464 1.475496 -0.493745 0.4143 0.3988 0.2666
v 0.689978 1.478298 -0.677083 0.4143 0.3988 0.2666
v 0.843053 1.392747 -0.689716 0.4143 0.3988 0.2666
v 0.827650 1.482588 -0.959962 0.4143 0.3988 0.2666
v 0.829838 1.488503 -1.343921 0.4143 0.3988 0.2666
v 0.657771 1.490476 -1.466287 0.4143 0.3988 0.2666
v -0.176065 1.317801 0.156471 0.4143 0.3988 0.2666
v 0.468972 1.484904 0.114663 0.4143 0.3988 0.2666
v 0.471832 1.484436 0.144966 0.4143 0.3988 0.2666
v 0.460253 1.485358 0.085499 0.4143 0.3988 0.2666
v 0.446013 1.485780 0.058597 0.4143 0.3988 0.2666
v 0.426796 1.486153 0.034989 0.4143 0.3988 0.2666
v 0.403343 1.486464 0.015583 0.4143 0.3988 0.2666
v 0.376555 1.486701 0.001126 0.4143 0.3988 0.2666
v 0.347460 1.486853 -0.007828 0.4143 0.3988 0.2666
v 0.317176 1.486916 -0.010935 0.4143 0.3988 0.2666
v 0.286869 1.486888 -0.008075 0.4143 0.3988 0.2666
v 0.257676 1.435944 -0.000141 0.4143 0.3988 0.2666
v 0.230771 1.435739 0.014099 0.4143 0.3988 0.2666
v 0.207160 1.435454 0.033313 0.4143 0.3988 0.2666
v 0.187752 1.435103 0.056763 0.4143 0.3988 0.2666
v 0.173293 1.434698 0.083549 0.4143 0.3988 0.2666
v 0.164337 1.434254 0.112641 0.4143 0.3988 0.2666
v 0.161230 1.433789 0.142920 0.4143 0.3988 0.2666
v 0.164090 1.433320 0.173224 0.4143 0.3988 0.2666
v 0.172808 1.432867 0.202388 0.4143 0.3988 0.2666
v 0.187049 1.432445 0.229290 0.4143 0.3988 0.2666
v 0.206265 1.432071 0.252898 0.4143 0.3988 0.2666
v 0.229718 1.431760 0.272303 0.4143 0.3988 0.2666
v 0.256507 1.431524 0.286761 0.4143 0.3988 0.2666
v 0.285628 1.482195 0.296498 0.4143 0.3988 0.2666
v 0.315911 1.482132 0.299605 0.4143 0.3988 0.2666
v 0.346218 1.482161 0.296744 0.4143 0.3988 0.2666
v 0.375385 1.482280 0.288027 0.4143 0.3988 0.2666
v 0.402291 1.482486 0.273788 0.4143 0.3988 0.2666
v 0.425902 1.482770 0.254574 0.4143 0.3988 0.2666
v 0.445310 1.483122 0.231123 0.4143 0.3988 0.2666
v 0.459769 1.483527 0.204338 0.4143 0.3988 0.2666
v 0.468725 1.483971 0.175246 0.4143 0.3988 0.2666
v 0.407809 1.231320 0.122684 0.4143 0.3988 0.2666
v 0.409520 1.231040 0.140808 0.4143 0.3988 0.2666
v 0.402593 1.231591 0.105236 0.4143 0.3988 0.2666
v 0.394069 1.231844 0.089133 0.4143 0.3988 0.2666
v 0.382559 1.232068 0.074992 0.4143 0.3988 0.2666
v 0.368501 1.232254 0.063361 0.4143 0.3988 0.2666
v 0.352433 1.232396 0.054689 0.4143 0.3988 0.2666
v 0.334973 1.232487 0.049315 0.4143 0.3988 0.2666
v 0.316794 1.232525 0.047450 0.4143 0.3988 0.2666
v 0.298602 1.232508 0.049167 0.4143 0.3988 0.2666
v 0.281098 1.232436 0.054399 0.4143 0.3988 0.2666
v 0.264960 1.232313 0.062940 0.4143 0.3988 0.2666
v 0.250808 1.232142 0.074457 0.4143 0.3988 0.2666
v 0.239183 1.231932 0.088503 0.4143 0.3988 0.2666
v 0.230528 1.231689 0.104536 0.4143 0.3988 0.2666
v 0.225170 1.231424 0.121941 0.4143 0.3988 0.2666
v 0.223312 1.231146 0.140051 0.4143 0.3988 0.2666
v 0.225022 1.230865 0.158176 0.4143 0.3988 0.2666
v 0.230238 1.230594 0.175624 0.4143 0.3988 0.2666
v 0.238762 1.230342 0.191727 0.4143 0.3988 0.2666
v 0.250272 1.230118 0.205867 0.4143 0.3988 0.2666
v 0.264330 1.229932 0.217499 0.4143 0.3988 0.2666
v 0.280398 1.229790 0.226171 0.4143 0.3988 0.2666
v 0.297859 1.229698 0.231544 0.4143 0.3988 0.2666
v 0.316037 1.229660 0.233409 0.4143 0.3988 0.2666
v 0.334229 1.229677 0.231692 0.4143 0.3988 0.2666
v 0.351733 1.229749 0.226461 0.4143 0.3988 0.2666
v 0.367871 1.229873 0.217920 0.4143 0.3988 0.2666
v 0.382023 1.230043 0.206403 0.4143 0.3988 0.2666
v 0.393648 1.230254 0.192357 0.4143 0.3988 0.2666
v 0.402303 1.230496 0.176323 0.4143 0.3988 0.2666
v 0.407661 1.230762 0.158918 0.4143 0.3988 0.2666
v 0.642958 1.449907 0.076316 0.4143 0.3988 0.2666
v 0.625561 1.393292 0.108129 0.4143 0.3988 0.2666
v 0.601762 1.393837 0.082642 0.4143 0.3988 0.2666
v 0.605942 1.298514 0.156201 0.4143 0.3988 0.2666
v 0.605989 1.392539 0.157649 0.4143 0.3988 0.2666
v 0.385117 1.301081 0.011694 0.4143 0.3988 0.2666
v 0.385163 1.392111 0.013097 0.4143 0.3988 0.2666
v 0.365545 1.300328 0.061215 0.4143 0.3988 0.2666
v 0.365591 1.391358 0.062617 0.4143 0.3988 0.2666
v 0.594034 1.514295 -0.040251 0.4143 0.3988 0.2666
v 0.564009 1.514777 -0.070518 0.4143 0.3988 0.2666
v 0.537573 1.514579 -0.056809 0.4143 0.3988 0.2666
v 0.504872 1.514443 -0.046894 0.4143 0.3988 0.2666
v 0.493525 1.514294 -0.036892 0.4143 0.3988 0.2666
v 0.393042 1.514390 -0.039812 0.4143 0.3988 0.2666
v 0.322748 1.514624 -0.052658 0.4143 0.3988 0.2666
v 0.277893 1.515415 -0.102541 0.4143 0.3988 0.2666
v 0.281039 1.518770 -0.320418 0.4143 0.3988 0.2666
v 0.324299 1.520085 -0.407172 0.4143 0.3988 0.2666
v 0.403348 1.520093 -0.410238 0.4143 0.3988 0.2666
v 0.412431 1.520279 -0.422620 0.4143 0.3988 0.2666
v 0.476793 1.520260 -0.423487 0.4143 0.3988 0.2666
v 0.510999 1.519944 -0.404152 0.4143 0.3988 0.2666
v 0.571558 1.519910 -0.403909 0.4143 0.3988 0.2666
v 0.588411 1.519587 -0.383519 0.4143 0.3988 0.2666
v 0.612145 1.519661 -0.389068 0.4143 0.3988 0.2666
v 0.640137 1.518758 -0.331376 0.4143 0.3988 0.2666
v 0.662323 1.517249 -0.234195 0.4143 0.3988 0.2666
v 0.659420 1.514815 -0.076152 0.4143 0.3988 0.2666
v 0.594003 1.454035 -0.041179 0.4143 0.3988 0.2666
v 0.563979 1.454516 -0.071446 0.4143 0.3988 0.2666
v 0.537543 1.454319 -0.057738 0.4143 0.3988 0.2666
v 0.504841 1.454182 -0.047822 0.4143 0.3988 0.2666
v 0.493495 1.454034 -0.037820 0.4143 0.3988 0.2666
v 0.393012 1.454130 -0.040741 0.4143 0.3988 0.2666
v 0.322718 1.454363 -0.053587 0.4143 0.3988 0.2666
v 0.277863 1.455154 -0.103469 0.4143 0.3988 0.2666
v 0.281009 1.458510 -0.321347 0.4143 0.3988 0.2666
v 0.324268 1.459825 -0.408101 0.4143 0.3988 0.2666
v 0.403317 1.459832 -0.411167 0.4143 0.3988 0.2666
v 0.412401 1.460019 -0.423548 0.4143 0.3988 0.2666
v 0.476763 1.459999 -0.424415 0.4143 0.3988 0.2666
v 0.510968 1.459684 -0.405080 0.4143 0.3988 0.2666
v 0.571527 1.459650 -0.404838 0.4143 0.3988 0.2666
v 0.588380 1.459327 -0.384448 0.4143 0.3988 0.2666
v 0.612114 1.459401 -0.389996 0.4143 0.3988 0.2666
v 0.640106 1.458497 -0.332305 0.4143 0.3988 0.2666
v 0.662292 1.456989 -0.235124 0.4143 0.3988 0.2666
v 0.659390 1.454555 -0.077080 0.4143 0.3988 0.2666
v 0.642933 1.401344 0.075568 0.4143 0.3988 0.2666
v 0.727201 1.452012 -0.069654 0.4143 0.3988 0.2666
v 0.717723 1.403169 -0.045311 0.4143 0.3988 0.2666
v 0.635321 1.466652 0.088934 0.4143 0.3988 0.2666
v 0.727176 1.401372 -0.070434 0.4143 0.3988 0.2666
v 0.748275 1.403651 -0.218989 0.4143 0.3988 0.2666
v 0.725401 1.468720 -0.056661 0.4143 0.3988 0.2666
v 0.746472 1.456630 -0.244312 0.4143 0.3988 0.2666
v 0.669029 1.475219 -0.476538 0.4143 0.3988 0.2666
v 0.672632 1.406157 -0.464202 0.4143 0.3988 0.2666
v 0.750118 1.471389 -0.230681 0.4143 0.3988 0.2666
v 0.746444 1.402744 -0.245142 0.4143 0.3988 0.2666
v 0.615981 1.401614 0.058896 0.3414 0.3282 0.2166
v 0.690771 1.403439 -0.061983 0.3414 0.3282 0.2166
v 0.690795 1.451950 -0.061235 0.3414 0.3282 0.2166
v 0.616006 1.450178 0.059645 0.3414 0.3282 0.2166
v 0.706916 1.401427 -0.073311 0.3414 0.3282 0.2166
v 0.728015 1.403705 -0.221866 0.3414 0.3282 0.2166
v 0.706941 1.452066 -0.072530 0.3414 0.3282 0.2166
v 0.728041 1.454345 -0.221086 0.3414 0.3282 0.2166
v 0.657071 1.406084 -0.458960 0.3414 0.3282 0.2166
v 0.730883 1.402671 -0.239900 0.3414 0.3282 0.2166
v 0.657099 1.459970 -0.458130 0.3414 0.3282 0.2166
v 0.730911 1.456557 -0.239070 0.3414 0.3282 0.2166
v -0.142895 1.383464 -1.487664 0.4143 0.3988 0.2666
v -0.139066 1.490142 -1.418479 0.4143 0.3988 0.2666
v 0.649156 1.155843 -0.233074 0.4143 0.3988 0.2666
v 0.649340 1.520591 -0.227454 0.4143 0.3988 0.2666
v 0.634896 1.154768 -0.162891 0.4143 0.3988 0.2666
v 0.635081 1.519517 -0.157270 0.4143 0.3988 0.2666
v 0.594861 1.153874 -0.103506 0.4143 0.3988 0.2666
v 0.595046 1.518622 -0.097886 0.4143 0.3988 0.2666
v 0.535145 1.153294 -0.063960 0.4143 0.3988 0.2666
v 0.535330 1.518043 -0.058340 0.4143 0.3988 0.2666
v 0.464840 1.153119 -0.050275 0.4143 0.3988 0.2666
v 0.465025 1.517868 -0.044654 0.4143 0.3988 0.2666
v 0.394649 1.153374 -0.064532 0.4143 0.3988 0.2666
v 0.394833 1.518123 -0.058911 0.4143 0.3988 0.2666
v 0.335258 1.154021 -0.104562 0.4143 0.3988 0.2666
v 0.335442 1.518770 -0.098941 0.4143 0.3988 0.2666
v 0.295708 1.154961 -0.164270 0.4143 0.3988 0.2666
v 0.295892 1.519710 -0.158650 0.4143 0.3988 0.2666
v 0.282021 1.156051 -0.234567 0.4143 0.3988 0.2666
v 0.282205 1.520800 -0.228947 0.4143 0.3988 0.2666
v 0.296280 1.157126 -0.304750 0.4143 0.3988 0.2666
v 0.296465 1.521874 -0.299130 0.4143 0.3988 0.2666
v 0.336315 1.158020 -0.364135 0.4143 0.3988 0.2666
v 0.336500 1.522769 -0.358514 0.4143 0.3988 0.2666
v 0.396031 1.158600 -0.403681 0.4143 0.3988 0.2666
v 0.396216 1.523348 -0.398060 0.4143 0.3988 0.2666
v 0.466336 1.158775 -0.417366 0.4143 0.3988 0.2666
v 0.466521 1.523524 -0.411746 0.4143 0.3988 0.2666
v 0.536528 1.158520 -0.403109 0.4143 0.3988 0.2666
v 0.536712 1.523268 -0.397489 0.4143 0.3988 0.2666
v 0.595919 1.157873 -0.363079 0.4143 0.3988 0.2666
v 0.596103 1.522622 -0.357459 0.4143 0.3988 0.2666
v 0.635469 1.156933 -0.303371 0.4143 0.3988 0.2666
v 0.635653 1.521681 -0.297750 0.4143 0.3988 0.2666
v 0.276450 1.478588 -0.682263 0.4143 0.3988 0.2666
v 0.278204 1.485222 -1.112854 0.4143 0.3988 0.2666
v 0.521402 1.489715 -1.412439 0.4143 0.3988 0.2666
v 0.679004 1.478320 -0.678127 0.4143 0.3988 0.2666
v 0.265936 1.478576 -0.681173 0.4143 0.3988 0.2666
v 0.267646 1.485040 -1.100750 0.4143 0.3988 0.2666
v -0.141947 1.485273 -1.102415 0.4143 0.3988 0.2666
v -0.143662 1.478790 -0.681590 0.4143 0.3988 0.2666
v 0.468755 1.544212 0.176174 0.4143 0.3988 0.2666
v 0.471862 1.544677 0.145895 0.4143 0.3988 0.2666
v 0.459800 1.543769 0.205266 0.4143 0.3988 0.2666
v 0.445340 1.543363 0.232052 0.4143 0.3988 0.2666
v 0.425932 1.543012 0.255502 0.4143 0.3988 0.2666
v 0.402322 1.542728 0.274716 0.4143 0.3988 0.2666
v 0.375416 1.542522 0.288955 0.4143 0.3988 0.2666
v 0.346249 1.542402 0.297673 0.4143 0.3988 0.2666
v 0.315967 1.542396 0.299042 0.4143 0.3988 0.2666
v 0.260109 1.542808 0.274138 0.4143 0.3988 0.2666
v 0.236656 1.543119 0.254732 0.4143 0.3988 0.2666
v 0.217440 1.543493 0.231125 0.4143 0.3988 0.2666
v 0.203199 1.543914 0.204222 0.4143 0.3988 0.2666
v 0.194481 1.544368 0.175059 0.4143 0.3988 0.2666
v 0.191621 1.544837 0.144755 0.4143 0.3988 0.2666
v 0.194728 1.545302 0.114475 0.4143 0.3988 0.2666
v 0.203684 1.545745 0.085384 0.4143 0.3988 0.2666
v 0.218143 1.546151 0.058598 0.4143 0.3988 0.2666
v 0.237551 1.546502 0.035147 0.4143 0.3988 0.2666
v 0.261162 1.546787 0.015933 0.4143 0.3988 0.2666
v 0.317221 1.547135 -0.008515 0.4143 0.3988 0.2666
v 0.376585 1.546942 0.002054 0.4143 0.3988 0.2666
v 0.347490 1.547095 -0.006900 0.4143 0.3988 0.2666
v 0.403374 1.546706 0.016512 0.4143 0.3988 0.2666
v 0.426827 1.546395 0.035917 0.4143 0.3988 0.2666
v 0.446043 1.546021 0.059525 0.4143 0.3988 0.2666
v 0.460284 1.545600 0.086427 0.4143 0.3988 0.2666
v 0.469002 1.545146 0.115591 0.4143 0.3988 0.2666
v 0.452242 1.553310 0.172840 0.4143 0.3988 0.2666
v 0.455000 1.553722 0.145965 0.4143 0.3988 0.2666
v 0.444293 1.552916 0.198662 0.4143 0.3988 0.2666
v 0.431458 1.552556 0.222439 0.4143 0.3988 0.2666
v 0.414229 1.552244 0.243257 0.4143 0.3988 0.2666
v 0.393267 1.551992 0.260316 0.4143 0.3988 0.2666
v 0.369377 1.551809 0.272959 0.4143 0.3988 0.2666
v 0.343756 1.551704 0.280616 0.4143 0.3988 0.2666
v 0.318327 1.551699 0.281765 0.4143 0.3988 0.2666
v 0.269291 1.552062 0.259812 0.4143 0.3988 0.2666
v 0.293318 1.551850 0.272779 0.4143 0.3988 0.2666
v 0.248469 1.552338 0.242583 0.4143 0.3988 0.2666
v 0.231410 1.552669 0.221626 0.4143 0.3988 0.2666
v 0.218769 1.553044 0.197745 0.4143 0.3988 0.2666
v 0.211031 1.553447 0.171860 0.4143 0.3988 0.2666
v 0.208492 1.553862 0.144963 0.4143 0.3988 0.2666
v 0.211250 1.554275 0.118087 0.4143 0.3988 0.2666
v 0.219199 1.554669 0.092266 0.4143 0.3988 0.2666
v 0.232034 1.555029 0.068489 0.4143 0.3988 0.2666
v 0.249263 1.555341 0.047671 0.4143 0.3988 0.2666
v 0.270225 1.555593 0.030612 0.4143 0.3988 0.2666
v 0.294357 1.555778 0.017841 0.4143 0.3988 0.2666
v 0.319438 1.555900 0.009058 0.4143 0.3988 0.2666
v 0.370415 1.555733 0.018280 0.4143 0.3988 0.2666
v 0.344858 1.555867 0.010414 0.4143 0.3988 0.2666
v 0.394201 1.555523 0.031117 0.4143 0.3988 0.2666
v 0.415023 1.555247 0.048345 0.4143 0.3988 0.2666
v 0.432082 1.554915 0.069303 0.4143 0.3988 0.2666
v 0.444723 1.554541 0.093183 0.4143 0.3988 0.2666
v 0.452461 1.554138 0.119068 0.4143 0.3988 0.2666
v -0.139788 1.485459 -1.114553 0.4143 0.3988 0.2666
v 0.680116 1.482524 -0.950997 0.4143 0.3988 0.2666
v 0.522910 1.482614 -0.951637 0.4143 0.3988 0.2666
v 0.519409 1.482670 -0.955173 0.4143 0.3988 0.2666
v 0.528949 1.482750 -0.960711 0.4143 0.3988 0.2666
v 0.531023 1.490590 -1.469523 0.4143 0.3988 0.2666
v 0.272913 1.462837 -0.679021 0.4143 0.3988 0.2666
v 0.274668 1.469471 -1.109589 0.4143 0.3988 0.2666
v 0.524924 1.474068 -1.416169 0.4143 0.3988 0.2666
v 0.682496 1.462565 -0.674812 0.4143 0.3988 0.2666
v 0.268288 1.462840 -0.679039 0.4143 0.3988 0.2666
v 0.270017 1.469377 -1.103355 0.4143 0.3988 0.2666
v -0.144315 1.469613 -1.105040 0.4143 0.3988 0.2666
v -0.146049 1.463056 -0.679461 0.4143 0.3988 0.2666
v -0.143319 1.469709 -1.111289 0.4143 0.3988 0.2666
v -0.142053 1.474495 -1.421957 0.4143 0.3988 0.2666
v 0.683637 1.466878 -0.954746 0.4143 0.3988 0.2666
v 0.522916 1.466969 -0.955399 0.4143 0.3988 0.2666
v 0.522916 1.466969 -0.955399 0.4143 0.3988 0.2666
v 0.528941 1.467052 -0.960953 0.4143 0.3988 0.2666
v 0.530939 1.474605 -1.451201 0.4143 0.3988 0.2666
v 0.826349 1.466883 -0.959743 0.4143 0.3988 0.2666
v 0.827913 1.472795 -1.343513 0.4143 0.3988 0.2666
v 0.657571 1.474783 -1.466917 0.4143 0.3988 0.2666
v 0.528922 1.383171 -1.490752 0.4143 0.3988 0.2666
v 0.531042 1.490611 -1.470890 0.4143 0.3988 0.2666
v 0.522367 1.383215 -1.493376 0.4143 0.3988 0.2666
v 0.524244 1.489797 -1.417869 0.4143 0.3988 0.2666
v 0.683424 1.466964 -0.960325 0.4143 0.3988 0.2666
v 0.684103 1.482666 -0.960322 0.4143 0.3988 0.2666
v 0.530809 1.489779 -1.416910 0.4143 0.3988 0.2666
v 0.530801 1.474081 -1.417152 0.4143 0.3988 0.2666
v -0.700311 1.320112 0.023651 0.4143 0.3988 0.2666
v -0.728457 1.321423 -0.060473 0.4143 0.3988 0.2666
v -0.733141 1.324178 -0.239099 0.4143 0.3988 0.2666
v -0.715848 1.324389 -0.253389 0.4143 0.3988 0.2666
v -0.719794 1.325192 -0.305372 0.4143 0.3988 0.2666
v -0.745451 1.325411 -0.318770 0.4143 0.3988 0.2666
v -0.746454 1.326245 -0.372802 0.4143 0.3988 0.2666
v -0.733268 1.326479 -0.388473 0.4143 0.3988 0.2666
v -0.732861 1.328106 -0.494050 0.4143 0.3988 0.2666
v -0.719158 1.328158 -0.497904 0.4143 0.3988 0.2666
v -0.719110 1.328339 -0.509636 0.4143 0.3988 0.2666
v -0.736692 1.328409 -0.513617 0.4143 0.3988 0.2666
v -0.737900 1.328979 -0.550509 0.4143 0.3988 0.2666
v -0.716845 1.329079 -0.557700 0.4143 0.3988 0.2666
v -0.716298 1.331145 -0.691809 0.4143 0.3988 0.2666
v -0.175863 1.330770 -0.685248 0.4143 0.3988 0.2666
v -0.175999 1.448092 0.158478 0.4143 0.3988 0.2666
v -0.526989 1.448282 0.157679 0.4143 0.3988 0.2666
v -0.700245 1.450404 0.025658 0.4143 0.3988 0.2666
v -0.728391 1.451714 -0.058465 0.4143 0.3988 0.2666
v -0.733075 1.454469 -0.237091 0.4143 0.3988 0.2666
v -0.715782 1.454680 -0.251381 0.4143 0.3988 0.2666
v -0.719728 1.455483 -0.303364 0.4143 0.3988 0.2666
v -0.745385 1.455703 -0.316763 0.4143 0.3988 0.2666
v -0.746388 1.456536 -0.370794 0.4143 0.3988 0.2666
v -0.733202 1.456771 -0.386466 0.4143 0.3988 0.2666
v -0.732795 1.458397 -0.492042 0.4143 0.3988 0.2666
v -0.719092 1.458450 -0.495897 0.4143 0.3988 0.2666
v -0.719044 1.458630 -0.507628 0.4143 0.3988 0.2666
v -0.736627 1.458701 -0.511610 0.4143 0.3988 0.2666
v -0.737834 1.459270 -0.548501 0.4143 0.3988 0.2666
v -0.716779 1.459370 -0.555692 0.4143 0.3988 0.2666
v -0.716232 1.461436 -0.689801 0.4143 0.3988 0.2666
v -0.175797 1.461062 -0.683240 0.4143 0.3988 0.2666
v -0.667376 1.449445 0.086778 0.4143 0.3988 0.2666
v -0.604918 1.448838 0.124129 0.4143 0.3988 0.2666
v -0.589199 1.448335 0.156263 0.4143 0.3988 0.2666
v 0.560566 1.507962 0.059515 0.4143 0.3988 0.2666
v -0.193172 1.449951 0.038391 0.4143 0.3988 0.2666
v -0.631044 1.451940 -0.076332 0.4143 0.3988 0.2666
v -0.642481 1.455094 -0.280655 0.4143 0.3988 0.2666
v -0.628533 1.455265 -0.292181 0.4143 0.3988 0.2666
v -0.631716 1.455913 -0.334107 0.4143 0.3988 0.2666
v -0.652409 1.456089 -0.344914 0.4143 0.3988 0.2666
v -0.653218 1.456761 -0.388493 0.4143 0.3988 0.2666
v -0.642583 1.456951 -0.401133 0.4143 0.3988 0.2666
v -0.642255 1.458263 -0.486285 0.4143 0.3988 0.2666
v -0.631203 1.458305 -0.489394 0.4143 0.3988 0.2666
v -0.631164 1.458451 -0.498856 0.4143 0.3988 0.2666
v -0.645345 1.458507 -0.502067 0.4143 0.3988 0.2666
v -0.646319 1.458967 -0.531822 0.4143 0.3988 0.2666
v -0.629337 1.459047 -0.537622 0.4143 0.3988 0.2666
v -0.628896 1.460714 -0.645787 0.4143 0.3988 0.2666
v -0.193009 1.460412 -0.640495 0.4143 0.3988 0.2666
v -0.526438 1.450147 0.036604 0.4143 0.3988 0.2666
v -0.201899 1.427732 -0.046582 0.4143 0.3988 0.2666
v -0.575421 1.429429 -0.144445 0.4143 0.3988 0.2666
v -0.584558 1.430107 -0.188140 0.4143 0.3988 0.2666
v -0.585177 1.432119 -0.318740 0.4143 0.3988 0.2666
v -0.573279 1.432265 -0.328572 0.4143 0.3988 0.2666
v -0.575994 1.432817 -0.364337 0.4143 0.3988 0.2666
v -0.593647 1.432968 -0.373556 0.4143 0.3988 0.2666
v -0.594337 1.433542 -0.410731 0.4143 0.3988 0.2666
v -0.585265 1.433703 -0.421513 0.4143 0.3988 0.2666
v -0.584985 1.434822 -0.494151 0.4143 0.3988 0.2666
v -0.575557 1.434858 -0.496803 0.4143 0.3988 0.2666
v -0.575524 1.434983 -0.504874 0.4143 0.3988 0.2666
v -0.587621 1.435031 -0.507614 0.4143 0.3988 0.2666
v -0.588451 1.435423 -0.532996 0.4143 0.3988 0.2666
v -0.573965 1.435492 -0.537943 0.4143 0.3988 0.2666
v -0.573589 1.436913 -0.630213 0.4143 0.3988 0.2666
v -0.201760 1.436656 -0.625699 0.4143 0.3988 0.2666
v -0.539975 1.428663 -0.095912 0.4143 0.3988 0.2666
v -0.497003 1.428245 -0.070215 0.4143 0.3988 0.2666
v -0.486188 1.427899 -0.048106 0.4143 0.3988 0.2666
v -0.201931 1.364742 -0.047552 0.4143 0.3988 0.2666
v -0.575453 1.366439 -0.145415 0.4143 0.3988 0.2666
v -0.584589 1.367117 -0.189110 0.4143 0.3988 0.2666
v -0.585209 1.369130 -0.319711 0.4143 0.3988 0.2666
v -0.573311 1.369275 -0.329543 0.4143 0.3988 0.2666
v -0.576026 1.369827 -0.365308 0.4143 0.3988 0.2666
v -0.593679 1.369978 -0.374526 0.4143 0.3988 0.2666
v -0.594369 1.370552 -0.411701 0.4143 0.3988 0.2666
v -0.585297 1.370713 -0.422483 0.4143 0.3988 0.2666
v -0.585017 1.371832 -0.495122 0.4143 0.3988 0.2666
v -0.575588 1.371868 -0.497774 0.4143 0.3988 0.2666
v -0.575556 1.371993 -0.505845 0.4143 0.3988 0.2666
v -0.587652 1.372041 -0.508584 0.4143 0.3988 0.2666
v -0.588483 1.372433 -0.533967 0.4143 0.3988 0.2666
v -0.573997 1.372502 -0.538914 0.4143 0.3988 0.2666
v -0.573621 1.373923 -0.631184 0.4143 0.3988 0.2666
v -0.201792 1.373666 -0.626670 0.4143 0.3988 0.2666
v -0.540007 1.365673 -0.096883 0.4143 0.3988 0.2666
v -0.497035 1.365255 -0.071185 0.4143 0.3988 0.2666
v -0.486220 1.364909 -0.049076 0.4143 0.3988 0.2666
v -0.762966 1.332165 -0.682201 0.4143 0.3988 0.2666
v -0.746558 1.451168 -0.680301 0.4143 0.3988 0.2666
v -0.663967 1.331871 -0.681802 0.0000 0.0000 0.0000
v -0.676221 1.445135 0.058642 0.4143 0.3988 0.2666
v -0.164759 1.343126 0.055007 0.4143 0.3988 0.2666
v -0.164725 1.444845 0.060722 0.4143 0.3988 0.2666
v -0.165244 1.437079 0.187320 0.4143 0.3988 0.2666
v -0.604924 1.436673 0.123941 0.4143 0.3988 0.2666
v -0.589205 1.436170 0.156075 0.4143 0.3988 0.2666
v -0.751875 1.442183 -0.069466 0.4143 0.3988 0.2666
v -0.643837 1.415143 0.171061 0.4143 0.3988 0.2666
v -0.668453 1.320377 0.168202 0.4143 0.3988 0.2666
v -0.754433 1.324397 -0.072656 0.4143 0.3988 0.2666
v -0.667366 1.438277 0.175597 0.4143 0.3988 0.2666
v -0.473067 1.356075 0.160188 0.4143 0.3988 0.2666
v -0.473775 1.415556 0.181490 0.4143 0.3988 0.2666
v -0.644051 1.355159 0.173003 0.4143 0.3988 0.2666
v -0.474087 1.422193 0.140522 0.4143 0.3988 0.2666
v -0.644150 1.421781 0.130093 0.4143 0.3988 0.2666
v -0.747934 1.412006 -0.058258 0.4143 0.3988 0.2666
v -0.672256 1.408505 0.161633 0.4143 0.3988 0.2666
v -0.672124 1.350546 0.157764 0.4143 0.3988 0.2666
v -0.749857 1.354177 -0.059589 0.4143 0.3988 0.2666
v -0.743475 1.357466 -0.316457 0.4143 0.3988 0.2666
v -0.761769 1.358926 -0.316191 0.4143 0.3988 0.2666
v -0.750545 1.413192 -0.315318 0.4143 0.3988 0.2666
v -0.754448 1.410343 -0.095314 0.4143 0.3988 0.2666
v -0.751847 1.356957 -0.096362 0.4143 0.3988 0.2666
v -0.732251 1.411731 -0.315584 0.4143 0.3988 0.2666
v -0.736154 1.408883 -0.095580 0.4143 0.3988 0.2666
v -0.733554 1.355496 -0.096628 0.4143 0.3988 0.2666
v -0.733297 1.412010 -0.063393 0.4143 0.3988 0.2666
v -0.657619 1.408509 0.156498 0.4143 0.3988 0.2666
v -0.735220 1.354182 -0.064725 0.4143 0.3988 0.2666
v -0.657487 1.350551 0.152628 0.4143 0.3988 0.2666
v -0.644098 1.348261 0.171885 0.4143 0.3988 0.2666
v -0.473114 1.349177 0.159070 0.4143 0.3988 0.2666
v -0.644410 1.354898 0.130918 0.4143 0.3988 0.2666
v -0.473427 1.355814 0.118103 0.4143 0.3988 0.2666
v -0.473067 1.356075 0.160188 0.0000 0.0000 0.0000
v -0.644051 1.355159 0.173003 0.0000 0.0000 0.0000
v 0.268296 1.478538 -0.678798 0.4143 0.3988 0.2666
v 0.270025 1.485076 -1.103113 0.4143 0.3988 0.2666
v -0.144307 1.485311 -1.104798 0.4143 0.3988 0.2666
v -0.146041 1.478754 -0.679219 0.4143 0.3988 0.2666
v 0.265938 1.481791 -0.681124 0.4143 0.3988 0.2666
v 0.267648 1.488256 -1.100700 0.4143 0.3988 0.2666
v -0.141945 1.488488 -1.102366 0.4143 0.3988 0.2666
v -0.143660 1.482005 -0.681540 0.4143 0.3988 0.2666
v 0.682504 1.478264 -0.674570 0.4143 0.3988 0.2666
v 0.683645 1.482576 -0.954504 0.4143 0.3988 0.2666
v 0.272921 1.478536 -0.678779 0.4143 0.3988 0.2666
v 0.274676 1.485169 -1.109347 0.4143 0.3988 0.2666
v -0.143311 1.485407 -1.111047 0.4143 0.3988 0.2666
v 0.522924 1.482668 -0.955157 0.4143 0.3988 0.2666
v 0.522924 1.482668 -0.955157 0.4143 0.3988 0.2666
v 0.524932 1.489767 -1.415927 0.4143 0.3988 0.2666
v -0.142572 1.490198 -1.422032 0.4143 0.3988 0.2666
v 0.679006 1.481967 -0.678071 0.4143 0.3988 0.2666
v 0.680118 1.486171 -0.950941 0.4143 0.3988 0.2666
v 0.276451 1.482235 -0.682207 0.4143 0.3988 0.2666
v 0.278206 1.488869 -1.112797 0.4143 0.3988 0.2666
v -0.139786 1.489106 -1.114497 0.4143 0.3988 0.2666
v 0.522911 1.486261 -0.951581 0.4143 0.3988 0.2666
v 0.519411 1.486317 -0.955116 0.4143 0.3988 0.2666
v 0.521404 1.493362 -1.412383 0.4143 0.3988 0.2666
v -0.139064 1.493789 -1.418423 0.4143 0.3988 0.2666
v 0.470365 0.871936 -0.007832 0.9063 0.9063 0.9063
v 0.470448 1.036391 -0.005298 0.9063 0.9063 0.9063
v 0.460789 0.870503 0.085481 0.9063 0.9063 0.9063
v 0.460873 1.034958 0.088016 0.9063 0.9063 0.9063
v 0.433191 0.869135 0.175134 0.9063 0.9063 0.9063
v 0.433274 1.033591 0.177668 0.9063 0.9063 0.9063
v 0.388630 0.867886 0.257681 0.9063 0.9063 0.9063
v 0.388714 1.032341 0.260215 0.9063 0.9063 0.9063
v 0.328820 0.866802 0.329949 0.9063 0.9063 0.9063
v 0.328904 1.031258 0.332483 0.9063 0.9063 0.9063
v 0.256059 0.865927 0.389162 0.9063 0.9063 0.9063
v 0.256142 1.030382 0.391696 0.9063 0.9063 0.9063
v 0.173143 0.865293 0.433043 0.9063 0.9063 0.9063
v 0.173226 1.029748 0.435578 0.9063 0.9063 0.9063
v 0.083258 0.864924 0.459908 0.9063 0.9063 0.9063
v 0.083341 1.029380 0.462442 0.9063 0.9063 0.9063
v -0.010141 0.864836 0.468722 0.9063 0.9063 0.9063
v -0.010058 1.029291 0.471256 0.9063 0.9063 0.9063
v -0.103465 0.865030 0.459148 0.9063 0.9063 0.9063
v -0.103382 1.029486 0.461683 0.9063 0.9063 0.9063
v -0.193128 0.865501 0.431554 0.9063 0.9063 0.9063
v -0.193045 1.029956 0.434088 0.9063 0.9063 0.9063
v -0.275684 0.866229 0.386999 0.9063 0.9063 0.9063
v -0.275601 1.030685 0.389533 0.9063 0.9063 0.9063
v -0.347960 0.867187 0.327197 0.9063 0.9063 0.9063
v -0.347877 1.031643 0.329731 0.9063 0.9063 0.9063
v -0.407179 0.868338 0.254444 0.9063 0.9063 0.9063
v -0.407096 1.032794 0.256979 0.9063 0.9063 0.9063
v -0.451066 0.869638 0.171538 0.9063 0.9063 0.9063
v -0.450982 1.034093 0.174072 0.9063 0.9063 0.9063
v -0.477932 0.871036 0.081664 0.9063 0.9063 0.9063
v -0.477849 1.035492 0.084198 0.9063 0.9063 0.9063
v -0.486747 0.872480 -0.011724 0.9063 0.9063 0.9063
v -0.486664 1.036935 -0.009190 0.9063 0.9063 0.9063
v -0.477172 0.873913 -0.105037 0.9063 0.9063 0.9063
v -0.477088 1.038368 -0.102503 0.9063 0.9063 0.9063
v -0.449573 0.875280 -0.194690 0.9063 0.9063 0.9063
v -0.449490 1.039736 -0.192156 0.9063 0.9063 0.9063
v -0.405013 0.876530 -0.277237 0.9063 0.9063 0.9063
v -0.404929 1.040985 -0.274702 0.9063 0.9063 0.9063
v -0.345203 0.877613 -0.349505 0.9063 0.9063 0.9063
v -0.345119 1.042069 -0.346970 0.9063 0.9063 0.9063
v -0.272441 0.878489 -0.408717 0.9063 0.9063 0.9063
v -0.272358 1.042944 -0.406183 0.9063 0.9063 0.9063
v -0.189525 0.879123 -0.452599 0.9063 0.9063 0.9063
v -0.189442 1.043578 -0.450065 0.9063 0.9063 0.9063
v -0.099640 0.879491 -0.479464 0.9063 0.9063 0.9063
v -0.099557 1.043947 -0.476929 0.9063 0.9063 0.9063
v -0.006241 0.879580 -0.488278 0.9063 0.9063 0.9063
v -0.006158 1.044036 -0.485744 0.9063 0.9063 0.9063
v 0.087083 0.879385 -0.478704 0.9063 0.9063 0.9063
v 0.087167 1.043841 -0.476170 0.9063 0.9063 0.9063
v 0.176746 0.878915 -0.451110 0.9063 0.9063 0.9063
v 0.176829 1.043370 -0.448575 0.9063 0.9063 0.9063
v 0.259302 0.878186 -0.406555 0.9063 0.9063 0.9063
v 0.259385 1.042642 -0.404021 0.9063 0.9063 0.9063
v 0.331578 0.877228 -0.346752 0.9063 0.9063 0.9063
v 0.331661 1.041684 -0.344218 0.9063 0.9063 0.9063
v 0.390797 0.876077 -0.274000 0.9063 0.9063 0.9063
v 0.390880 1.040533 -0.271466 0.9063 0.9063 0.9063
v 0.434684 0.874778 -0.191094 0.9063 0.9063 0.9063
v 0.434767 1.039233 -0.188560 0.9063 0.9063 0.9063
v 0.461550 0.873379 -0.101220 0.9063 0.9063 0.9063
v 0.461633 1.037835 -0.098686 0.9063 0.9063 0.9063
v 0.483926 0.853124 -0.008066 0.4143 0.3988 0.2666
v 0.533848 0.861631 -0.007732 0.4143 0.3988 0.2666
v 0.478925 1.038635 0.044455 0.4143 0.3988 0.2666
v 0.533934 1.030833 -0.005125 0.4143 0.3988 0.2666
v 0.479330 1.040165 -0.054887 0.4143 0.3988 0.2666
v 0.474079 0.851650 0.087893 0.4143 0.3988 0.2666
v 0.523002 0.860008 0.097961 0.4143 0.3988 0.2666
v 0.479268 1.038686 0.041112 0.4143 0.3988 0.2666
v 0.459488 1.037196 0.138467 0.4143 0.3988 0.2666
v 0.523088 1.029210 0.100568 0.4143 0.3988 0.2666
v 0.445698 0.850244 0.180088 0.4143 0.3988 0.2666
v 0.491742 0.858459 0.199508 0.4143 0.3988 0.2666
v 0.460477 1.037245 0.135255 0.4143 0.3988 0.2666
v 0.422082 1.035852 0.226881 0.4143 0.3988 0.2666
v 0.491828 1.027661 0.202115 0.4143 0.3988 0.2666
v 0.399874 0.848959 0.264975 0.4143 0.3988 0.2666
v 0.441270 0.857044 0.293005 0.4143 0.3988 0.2666
v 0.423678 1.035897 0.223923 0.4143 0.3988 0.2666
v 0.368144 1.034656 0.306299 0.4143 0.3988 0.2666
v 0.441356 1.026246 0.295612 0.4143 0.3988 0.2666
v 0.338368 0.847845 0.339293 0.4143 0.3988 0.2666
v 0.373525 0.855817 0.374861 0.4143 0.3988 0.2666
v 0.370286 1.034695 0.303710 0.4143 0.3988 0.2666
v 0.299746 1.033652 0.373670 0.4143 0.3988 0.2666
v 0.373611 1.025019 0.377468 0.4143 0.3988 0.2666
v 0.263543 0.846945 0.400185 0.4143 0.3988 0.2666
v 0.291111 0.854825 0.441929 0.4143 0.3988 0.2666
v 0.302353 1.033684 0.371548 0.4143 0.3988 0.2666
v 0.219518 1.032880 0.426404 0.4143 0.3988 0.2666
v 0.291197 1.024027 0.444536 0.4143 0.3988 0.2666
v 0.178275 0.846292 0.445311 0.4143 0.3988 0.2666
v 0.197195 0.854107 0.491633 0.4143 0.3988 0.2666
v 0.222489 1.032903 0.424832 0.4143 0.3988 0.2666
v 0.130543 1.032369 0.462475 0.4143 0.3988 0.2666
v 0.197280 1.023309 0.494240 0.4143 0.3988 0.2666
v 0.085842 0.845913 0.472937 0.4143 0.3988 0.2666
v 0.095385 0.853689 0.522061 0.4143 0.3988 0.2666
v 0.133763 1.032383 0.461513 0.4143 0.3988 0.2666
v 0.036239 1.032139 0.480498 0.4143 0.3988 0.2666
v 0.095471 1.022891 0.524668 0.4143 0.3988 0.2666
v -0.010206 0.845822 0.482002 0.4143 0.3988 0.2666
v -0.010405 0.853589 0.532045 0.4143 0.3988 0.2666
v 0.039585 1.032143 0.480182 0.4143 0.3988 0.2666
v -0.059769 1.032199 0.479777 0.4143 0.3988 0.2666
v -0.010319 1.022791 0.534652 0.4143 0.3988 0.2666
v -0.106177 0.846023 0.472156 0.4143 0.3988 0.2666
v -0.116110 0.853810 0.521200 0.4143 0.3988 0.2666
v -0.056425 1.032192 0.480121 0.4143 0.3988 0.2666
v -0.153791 1.032546 0.460344 0.4143 0.3988 0.2666
v -0.116025 1.023011 0.523808 0.4143 0.3988 0.2666
v -0.198382 0.846506 0.443779 0.4143 0.3988 0.2666
v -0.170189 0.854093 0.504557 0.4143 0.3988 0.2666
v -0.261384 0.854728 0.466352 0.4143 0.3988 0.2666
v -0.150579 1.032529 0.461332 0.4143 0.3988 0.2666
v -0.242215 1.033167 0.422942 0.4143 0.3988 0.2666
v -0.261298 1.023930 0.468960 0.4143 0.3988 0.2666
v -0.170103 1.023295 0.507164 0.4143 0.3988 0.2666
v -0.283279 0.847255 0.397961 0.4143 0.3988 0.2666
v -0.267460 0.854782 0.463073 0.4143 0.3988 0.2666
v -0.349449 0.855675 0.407813 0.4143 0.3988 0.2666
v -0.239257 1.033141 0.424539 0.4143 0.3988 0.2666
v -0.321642 1.034038 0.369011 0.4143 0.3988 0.2666
v -0.267375 1.023984 0.465680 0.4143 0.3988 0.2666
v -0.357605 0.848241 0.336463 0.4143 0.3988 0.2666
v -0.354769 0.855745 0.403411 0.4143 0.3988 0.2666
v -0.424400 0.856862 0.333219 0.4143 0.3988 0.2666
v -0.319053 1.034004 0.371153 0.4143 0.3988 0.2666
v -0.389021 1.035126 0.300622 0.4143 0.3988 0.2666
v -0.424314 1.026064 0.335826 0.4143 0.3988 0.2666
v -0.354683 1.024947 0.406018 0.4143 0.3988 0.2666
v -0.418503 0.849424 0.261647 0.4143 0.3988 0.2666
v -0.428758 0.856947 0.327864 0.4143 0.3988 0.2666
v -0.483356 0.858245 0.245438 0.4143 0.3988 0.2666
v -0.386899 1.035085 0.303229 0.4143 0.3988 0.2666
v -0.441761 1.036389 0.220404 0.4143 0.3988 0.2666
v -0.463634 0.850761 0.176390 0.4143 0.3988 0.2666
v -0.486586 0.858340 0.239336 0.4143 0.3988 0.2666
v -0.524052 0.859769 0.147843 0.4143 0.3988 0.2666
v -0.440188 1.036343 0.223374 0.4143 0.3988 0.2666
v -0.477835 1.037778 0.131439 0.4143 0.3988 0.2666
v -0.486500 1.027542 0.241943 0.4143 0.3988 0.2666
v -0.491263 0.852199 0.083967 0.4143 0.3988 0.2666
v -0.526029 0.859872 0.141228 0.4143 0.3988 0.2666
v -0.544924 0.861377 0.044185 0.4143 0.3988 0.2666
v -0.476873 1.037728 0.134659 0.4143 0.3988 0.2666
v -0.495859 1.039240 0.037147 0.4143 0.3988 0.2666
v -0.525944 1.029074 0.143835 0.4143 0.3988 0.2666
v -0.500327 0.853683 -0.012069 0.4143 0.3988 0.2666
v -0.545573 0.861483 0.037311 0.4143 0.3988 0.2666
v -0.545170 0.863006 -0.061553 0.4143 0.3988 0.2666
v -0.495543 1.039189 0.040493 0.4143 0.3988 0.2666
v -0.495138 1.040719 -0.058850 0.4143 0.3988 0.2666
v -0.545084 1.032208 -0.058945 0.4143 0.3988 0.2666
v -0.545487 1.030685 0.039919 0.4143 0.3988 0.2666
v -0.490480 0.855157 -0.108028 0.4143 0.3988 0.2666
v -0.544465 0.863112 -0.068421 0.4143 0.3988 0.2666
v -0.524780 0.864595 -0.165307 0.4143 0.3988 0.2666
v -0.495481 1.040668 -0.055507 0.4143 0.3988 0.2666
v -0.475701 1.042158 -0.152862 0.4143 0.3988 0.2666
v -0.524695 1.033796 -0.162700 0.4143 0.3988 0.2666
v -0.462099 0.856563 -0.200223 0.4143 0.3988 0.2666
v -0.522749 0.864695 -0.171906 0.4143 0.3988 0.2666
v -0.484538 0.866081 -0.263091 0.4143 0.3988 0.2666
v -0.476690 1.042109 -0.149650 0.4143 0.3988 0.2666
v -0.438295 1.043501 -0.241276 0.4143 0.3988 0.2666
v -0.484453 1.035283 -0.260483 0.4143 0.3988 0.2666
v -0.416275 0.857848 -0.285111 0.4143 0.3988 0.2666
v -0.481259 0.866173 -0.269166 0.4143 0.3988 0.2666
v -0.425991 0.867408 -0.351145 0.4143 0.3988 0.2666
v -0.439891 1.043457 -0.238318 0.4143 0.3988 0.2666
v -0.384356 1.044698 -0.320694 0.4143 0.3988 0.2666
v -0.354769 0.858962 -0.359428 0.4143 0.3988 0.2666
v -0.421589 0.867488 -0.356465 0.4143 0.3988 0.2666
v -0.351388 0.868525 -0.426088 0.4143 0.3988 0.2666
v -0.386499 1.044659 -0.318104 0.4143 0.3988 0.2666
v -0.315959 1.045701 -0.388065 0.4143 0.3988 0.2666
v -0.351303 1.037727 -0.423481 0.4143 0.3988 0.2666
v -0.421503 1.036690 -0.353857 0.4143 0.3988 0.2666
v -0.279944 0.859863 -0.420320 0.4143 0.3988 0.2666
v -0.346033 0.868590 -0.430446 0.4143 0.3988 0.2666
v -0.263597 0.869389 -0.485038 0.4143 0.3988 0.2666
v -0.318566 1.045670 -0.385943 0.4143 0.3988 0.2666
v -0.235731 1.046473 -0.440799 0.4143 0.3988 0.2666
v -0.263511 1.038591 -0.482431 0.4143 0.3988 0.2666
v -0.345947 1.037792 -0.427839 0.4143 0.3988 0.2666
v -0.194677 0.860515 -0.465446 0.4143 0.3988 0.2666
v -0.257494 0.869436 -0.488268 0.4143 0.3988 0.2666
v -0.165990 0.869967 -0.525730 0.4143 0.3988 0.2666
v -0.238702 1.046450 -0.439227 0.4143 0.3988 0.2666
v -0.146755 1.046984 -0.476870 0.4143 0.3988 0.2666
v -0.165905 1.039169 -0.523123 0.4143 0.3988 0.2666
v -0.102243 0.860894 -0.493072 0.4143 0.3988 0.2666
v -0.159374 0.869994 -0.527707 0.4143 0.3988 0.2666
v -0.062320 0.870236 -0.546601 0.4143 0.3988 0.2666
v -0.149976 1.046971 -0.475908 0.4143 0.3988 0.2666
v -0.052452 1.047214 -0.494892 0.4143 0.3988 0.2666
v -0.062234 1.039438 -0.543993 0.4143 0.3988 0.2666
v -0.006195 0.860985 -0.502137 0.4143 0.3988 0.2666
v -0.055445 0.870243 -0.547249 0.4143 0.3988 0.2666
v 0.043431 0.870186 -0.546847 0.4143 0.3988 0.2666
v -0.055798 1.047211 -0.494576 0.4143 0.3988 0.2666
v 0.043556 1.047154 -0.494172 0.4143 0.3988 0.2666
v 0.043516 1.039388 -0.544240 0.4143 0.3988 0.2666
v 0.089776 0.860785 -0.492291 0.4143 0.3988 0.2666
v 0.099718 0.870069 -0.541073 0.4143 0.3988 0.2666
v 0.040213 1.047161 -0.494515 0.4143 0.3988 0.2666
v 0.137579 1.046807 -0.474738 0.4143 0.3988 0.2666
v 0.099803 1.039271 -0.538466 0.4143 0.3988 0.2666
v 0.181981 0.860301 -0.463914 0.4143 0.3988 0.2666
v 0.201276 0.869536 -0.509817 0.4143 0.3988 0.2666
v 0.134366 1.046824 -0.475727 0.4143 0.3988 0.2666
v 0.226003 1.046186 -0.437337 0.4143 0.3988 0.2666
v 0.201362 1.038738 -0.507210 0.4143 0.3988 0.2666
v 0.266878 0.859552 -0.418096 0.4143 0.3988 0.2666
v 0.294784 0.868711 -0.459352 0.4143 0.3988 0.2666
v 0.223045 1.046212 -0.438933 0.4143 0.3988 0.2666
v 0.305430 1.045315 -0.383406 0.4143 0.3988 0.2666
v 0.294870 1.037913 -0.456745 0.4143 0.3988 0.2666
v 0.341204 0.858567 -0.356598 0.4143 0.3988 0.2666
v 0.376649 0.867626 -0.391616 0.4143 0.3988 0.2666
v 0.302840 1.045349 -0.385548 0.4143 0.3988 0.2666
v 0.372808 1.044227 -0.315017 0.4143 0.3988 0.2666
v 0.376734 1.036828 -0.389009 0.4143 0.3988 0.2666
v 0.402102 0.857383 -0.281783 0.4143 0.3988 0.2666
v 0.443724 0.866322 -0.309212 0.4143 0.3988 0.2666
v 0.370686 1.044268 -0.317623 0.4143 0.3988 0.2666
v 0.425548 1.042965 -0.234799 0.4143 0.3988 0.2666
v 0.443810 1.035524 -0.306605 0.4143 0.3988 0.2666
v 0.447233 0.856046 -0.196525 0.4143 0.3988 0.2666
v 0.493433 0.864850 -0.215307 0.4143 0.3988 0.2666
v 0.423975 1.043011 -0.237769 0.4143 0.3988 0.2666
v 0.461623 1.041575 -0.145834 0.4143 0.3988 0.2666
v 0.493518 1.034052 -0.212700 0.4143 0.3988 0.2666
v 0.474862 0.854608 -0.104103 0.4143 0.3988 0.2666
v 0.523864 0.863266 -0.113509 0.4143 0.3988 0.2666
v 0.460660 1.041625 -0.149054 0.4143 0.3988 0.2666
v 0.479646 1.040113 -0.051541 0.4143 0.3988 0.2666
v 0.523949 1.032468 -0.110902 0.4143 0.3988 0.2666
v 0.495705 1.038626 0.044451 0.4143 0.3988 0.2666
v 0.475925 1.037136 0.141805 0.4143 0.3988 0.2666
v 0.495697 1.038625 0.044524 0.4143 0.3988 0.2666
v 0.496102 1.040156 -0.054819 0.4143 0.3988 0.2666
v 0.496109 1.040154 -0.054746 0.4143 0.3988 0.2666
v 0.477123 1.041667 -0.152259 0.4143 0.3988 0.2666
v 0.477144 1.041666 -0.152188 0.4143 0.3988 0.2666
v 0.439497 1.043101 -0.244124 0.4143 0.3988 0.2666
v 0.439531 1.043100 -0.244059 0.4143 0.3988 0.2666
v 0.384670 1.044404 -0.326884 0.4143 0.3988 0.2666
v 0.384716 1.044403 -0.326827 0.4143 0.3988 0.2666
v 0.314748 1.045525 -0.397358 0.4143 0.3988 0.2666
v 0.314805 1.045525 -0.397312 0.4143 0.3988 0.2666
v 0.232420 1.046422 -0.452839 0.4143 0.3988 0.2666
v 0.232484 1.046421 -0.452804 0.4143 0.3988 0.2666
v 0.140848 1.047059 -0.491194 0.4143 0.3988 0.2666
v 0.140918 1.047059 -0.491173 0.4143 0.3988 0.2666
v 0.043552 1.047413 -0.510950 0.4143 0.3988 0.2666
v 0.043625 1.047413 -0.510942 0.4143 0.3988 0.2666
v -0.055730 1.047469 -0.511346 0.4143 0.3988 0.2666
v -0.055657 1.047469 -0.511353 0.4143 0.3988 0.2666
v -0.153181 1.047226 -0.492369 0.4143 0.3988 0.2666
v -0.153111 1.047226 -0.492390 0.4143 0.3988 0.2666
v -0.245057 1.046693 -0.454746 0.4143 0.3988 0.2666
v -0.244992 1.046693 -0.454781 0.4143 0.3988 0.2666
v -0.327827 1.045890 -0.399925 0.4143 0.3988 0.2666
v -0.327770 1.045891 -0.399971 0.4143 0.3988 0.2666
v -0.398310 1.044848 -0.330011 0.4143 0.3988 0.2666
v -0.398264 1.044849 -0.330067 0.4143 0.3988 0.2666
v -0.453799 1.043608 -0.247692 0.4143 0.3988 0.2666
v -0.453764 1.043609 -0.247756 0.4143 0.3988 0.2666
v -0.492159 1.042217 -0.156130 0.4143 0.3988 0.2666
v -0.492137 1.042218 -0.156200 0.4143 0.3988 0.2666
v -0.511918 1.040727 -0.058845 0.4143 0.3988 0.2666
v -0.511910 1.040729 -0.058918 0.4143 0.3988 0.2666
v -0.512315 1.039198 0.040424 0.4143 0.3988 0.2666
v -0.512322 1.039199 0.040351 0.4143 0.3988 0.2666
v -0.493336 1.037687 0.137864 0.4143 0.3988 0.2666
v -0.493357 1.037688 0.137794 0.4143 0.3988 0.2666
v -0.455710 1.036252 0.229729 0.4143 0.3988 0.2666
v -0.455744 1.036253 0.229664 0.4143 0.3988 0.2666
v -0.400882 1.034949 0.312489 0.4143 0.3988 0.2666
v -0.400929 1.034950 0.312432 0.4143 0.3988 0.2666
v -0.330961 1.033828 0.382964 0.4143 0.3988 0.2666
v -0.331017 1.033829 0.382917 0.4143 0.3988 0.2666
v -0.248632 1.032932 0.438445 0.4143 0.3988 0.2666
v -0.248697 1.032932 0.438410 0.4143 0.3988 0.2666
v -0.157060 1.032294 0.476800 0.4143 0.3988 0.2666
v -0.157130 1.032295 0.476778 0.4143 0.3988 0.2666
v -0.059764 1.031941 0.496555 0.4143 0.3988 0.2666
v -0.059837 1.031941 0.496548 0.4143 0.3988 0.2666
v 0.039517 1.031884 0.496952 0.4143 0.3988 0.2666
v 0.039444 1.031884 0.496959 0.4143 0.3988 0.2666
v 0.136968 1.032127 0.477974 0.4143 0.3988 0.2666
v 0.136898 1.032127 0.477995 0.4143 0.3988 0.2666
v 0.228844 1.032661 0.440352 0.4143 0.3988 0.2666
v 0.228779 1.032660 0.440386 0.4143 0.3988 0.2666
v 0.311614 1.033463 0.385530 0.4143 0.3988 0.2666
v 0.311558 1.033463 0.385577 0.4143 0.3988 0.2666
v 0.382098 1.034505 0.315616 0.4143 0.3988 0.2666
v 0.382051 1.034504 0.315673 0.4143 0.3988 0.2666
v 0.437586 1.035746 0.233297 0.4143 0.3988 0.2666
v 0.475946 1.037137 0.141735 0.4143 0.3988 0.2666
v 0.437551 1.035745 0.233361 0.4143 0.3988 0.2666
v 0.475933 1.053260 0.142054 0.4143 0.3988 0.2666
v 0.495713 1.054750 0.044699 0.4143 0.3988 0.2666
v 0.495706 1.054749 0.044772 0.4143 0.3988 0.2666
v 0.496111 1.056279 -0.054571 0.4143 0.3988 0.2666
v 0.496117 1.056278 -0.054498 0.4143 0.3988 0.2666
v 0.477131 1.057790 -0.152010 0.4143 0.3988 0.2666
v 0.477152 1.057789 -0.151940 0.4143 0.3988 0.2666
v 0.439505 1.059225 -0.243875 0.4143 0.3988 0.2666
v 0.439539 1.059224 -0.243810 0.4143 0.3988 0.2666
v 0.384678 1.060528 -0.326635 0.4143 0.3988 0.2666
v 0.384724 1.060527 -0.326578 0.4143 0.3988 0.2666
v 0.314756 1.061649 -0.397110 0.4143 0.3988 0.2666
v 0.314813 1.061648 -0.397063 0.4143 0.3988 0.2666
v 0.232428 1.062546 -0.452591 0.4143 0.3988 0.2666
v 0.232492 1.062545 -0.452556 0.4143 0.3988 0.2666
v 0.140856 1.063183 -0.490946 0.4143 0.3988 0.2666
v 0.140926 1.063183 -0.490924 0.4143 0.3988 0.2666
v 0.043560 1.063537 -0.510701 0.4143 0.3988 0.2666
v 0.043633 1.063537 -0.510694 0.4143 0.3988 0.2666
v -0.055721 1.063593 -0.511098 0.4143 0.3988 0.2666
v -0.055649 1.063593 -0.511105 0.4143 0.3988 0.2666
v -0.153173 1.063350 -0.492120 0.4143 0.3988 0.2666
v -0.153102 1.063350 -0.492141 0.4143 0.3988 0.2666
v -0.245049 1.062817 -0.454498 0.4143 0.3988 0.2666
v -0.244984 1.062817 -0.454532 0.4143 0.3988 0.2666
v -0.327819 1.062014 -0.399676 0.4143 0.3988 0.2666
v -0.327762 1.062014 -0.399723 0.4143 0.3988 0.2666
v -0.398302 1.060972 -0.329762 0.4143 0.3988 0.2666
v -0.398255 1.060973 -0.329819 0.4143 0.3988 0.2666
v -0.453790 1.059732 -0.247443 0.4143 0.3988 0.2666
v -0.453756 1.059733 -0.247508 0.4143 0.3988 0.2666
v -0.492151 1.058340 -0.155882 0.4143 0.3988 0.2666
v -0.492129 1.058341 -0.155952 0.4143 0.3988 0.2666
v -0.511909 1.056851 -0.058597 0.4143 0.3988 0.2666
v -0.511902 1.056852 -0.058670 0.4143 0.3988 0.2666
v -0.512307 1.055322 0.040673 0.4143 0.3988 0.2666
v -0.512314 1.055323 0.040600 0.4143 0.3988 0.2666
v -0.493328 1.053811 0.138112 0.4143 0.3988 0.2666
v -0.493349 1.053812 0.138042 0.4143 0.3988 0.2666
v -0.455702 1.052376 0.229977 0.4143 0.3988 0.2666
v -0.455736 1.052377 0.229912 0.4143 0.3988 0.2666
v -0.400874 1.051073 0.312737 0.4143 0.3988 0.2666
v -0.400920 1.051074 0.312680 0.4143 0.3988 0.2666
v -0.330953 1.049952 0.383212 0.4143 0.3988 0.2666
v -0.331009 1.049953 0.383165 0.4143 0.3988 0.2666
v -0.248624 1.049055 0.438693 0.4143 0.3988 0.2666
v -0.248689 1.049056 0.438658 0.4143 0.3988 0.2666
v -0.157052 1.048418 0.477048 0.4143 0.3988 0.2666
v -0.157122 1.048418 0.477027 0.4143 0.3988 0.2666
v -0.059756 1.048064 0.496804 0.4143 0.3988 0.2666
v -0.059829 1.048064 0.496796 0.4143 0.3988 0.2666
v 0.039525 1.048008 0.497200 0.4143 0.3988 0.2666
v 0.039452 1.048008 0.497207 0.4143 0.3988 0.2666
v 0.136976 1.048251 0.478223 0.4143 0.3988 0.2666
v 0.136906 1.048251 0.478244 0.4143 0.3988 0.2666
v 0.228852 1.048784 0.440600 0.4143 0.3988 0.2666
v 0.228788 1.048784 0.440635 0.4143 0.3988 0.2666
v 0.311622 1.049587 0.385779 0.4143 0.3988 0.2666
v 0.311566 1.049587 0.385825 0.4143 0.3988 0.2666
v 0.382106 1.050629 0.315865 0.4143 0.3988 0.2666
v 0.382059 1.050628 0.315921 0.4143 0.3988 0.2666
v 0.437594 1.051869 0.233545 0.4143 0.3988 0.2666
v 0.437559 1.051868 0.233610 0.4143 0.3988 0.2666
v 0.475954 1.053261 0.141984 0.4143 0.3988 0.2666
v -0.653598 1.421049 -0.425574 0.4143 0.3988 0.2666
v -0.653651 1.424597 -0.421800 0.4143 0.3988 0.2666
v -0.653020 1.552733 -0.549345 0.4143 0.3988 0.2666
v -0.653073 1.556281 -0.545570 0.4143 0.3988 0.2666
v -0.447156 1.421995 -0.423603 0.4143 0.3988 0.2666
v -0.447208 1.425542 -0.419829 0.4143 0.3988 0.2666
v -0.446578 1.553679 -0.547374 0.4143 0.3988 0.2666
v -0.446630 1.557227 -0.543600 0.4143 0.3988 0.2666
v -0.447236 1.369436 -0.420694 0.4143 0.3988 0.2666
v -0.653679 1.367554 -0.422679 0.4143 0.3988 0.2666
v -0.429946 1.455677 -0.678941 0.4143 0.3988 0.2666
v -0.429953 1.455251 -0.651350 0.4143 0.3988 0.2666
v -0.429900 1.546665 -0.677539 0.4143 0.3988 0.2666
v -0.429907 1.546239 -0.649948 0.4143 0.3988 0.2666
v -0.155508 1.455536 -0.678866 0.4143 0.3988 0.2666
v -0.155516 1.455111 -0.651275 0.4143 0.3988 0.2666
v -0.155462 1.546525 -0.677464 0.4143 0.3988 0.2666
v -0.155470 1.546099 -0.649873 0.4143 0.3988 0.2666
v -0.150953 1.501558 -1.533453 0.4143 0.3988 0.2666
v -0.131842 1.501462 -1.533347 0.4143 0.3988 0.2666
v -0.155750 1.488385 -0.678361 0.4143 0.3988 0.2666
v -0.136638 1.488289 -0.678256 0.4143 0.3988 0.2666
v -0.150666 1.559698 -1.532555 0.4143 0.3988 0.2666
v -0.131554 1.559602 -1.532449 0.4143 0.3988 0.2666
v -0.155462 1.546525 -0.677464 0.4143 0.3988 0.2666
v -0.136350 1.546428 -0.677358 0.4143 0.3988 0.2666
v -0.670181 1.505291 -0.561480 0.4143 0.3988 0.2666
v -0.678369 1.505295 -0.561512 0.4143 0.3988 0.2666
v -0.666383 1.520363 -1.539745 0.4143 0.3988 0.2666
v -0.674571 1.520368 -1.539777 0.4143 0.3988 0.2666
v -0.670159 1.547706 -0.560827 0.4143 0.3988 0.2666
v -0.678347 1.547711 -0.560858 0.4143 0.3988 0.2666
v -0.666362 1.562778 -1.539091 0.4143 0.3988 0.2666
v -0.674550 1.562783 -1.539123 0.4143 0.3988 0.2666
v -0.435030 1.425183 -0.601233 0.4143 0.3988 0.2666
v -0.434895 1.457983 -0.600404 0.4143 0.3988 0.2666
v -0.201997 1.424202 -0.600299 0.4143 0.3988 0.2666
v -0.201863 1.457003 -0.599470 0.4143 0.3988 0.2666
v -0.435680 1.421196 -0.443346 0.4143 0.3988 0.2666
v -0.435545 1.453997 -0.442517 0.4143 0.3988 0.2666
v -0.202647 1.420215 -0.442412 0.4143 0.3988 0.2666
v -0.202513 1.453016 -0.441583 0.4143 0.3988 0.2666
v 0.647758 1.500961 -0.223323 0.4143 0.3988 0.2666
v 0.605441 1.539993 -0.222894 0.4143 0.3988 0.2666
v 0.638638 1.500102 -0.167228 0.4143 0.3988 0.2666
v 0.598446 1.539333 -0.179872 0.4143 0.3988 0.2666
v 0.612628 1.499336 -0.116696 0.4143 0.3988 0.2666
v 0.578498 1.538746 -0.141116 0.4143 0.3988 0.2666
v 0.572274 1.498740 -0.076673 0.4143 0.3988 0.2666
v 0.547548 1.538289 -0.110421 0.4143 0.3988 0.2666
v 0.521526 1.498371 -0.051078 0.4143 0.3988 0.2666
v 0.508627 1.538006 -0.090791 0.4143 0.3988 0.2666
v 0.465351 1.498266 -0.042416 0.4143 0.3988 0.2666
v 0.465544 1.537926 -0.084147 0.4143 0.3988 0.2666
v 0.409249 1.498435 -0.051535 0.4143 0.3988 0.2666
v 0.422516 1.538055 -0.091141 0.4143 0.3988 0.2666
v 0.358712 1.498861 -0.077542 0.4143 0.3988 0.2666
v 0.383756 1.538382 -0.111087 0.4143 0.3988 0.2666
v 0.318685 1.499503 -0.117891 0.4143 0.3988 0.2666
v 0.353057 1.538875 -0.142033 0.4143 0.3988 0.2666
v 0.293088 1.500298 -0.168633 0.4143 0.3988 0.2666
v 0.333425 1.539484 -0.180949 0.4143 0.3988 0.2666
v 0.284425 1.501168 -0.224801 0.4143 0.3988 0.2666
v 0.326781 1.540151 -0.224027 0.4143 0.3988 0.2666
v 0.293545 1.502028 -0.280896 0.4143 0.3988 0.2666
v 0.333776 1.540811 -0.267050 0.4143 0.3988 0.2666
v 0.319555 1.502793 -0.331428 0.4143 0.3988 0.2666
v 0.353725 1.541398 -0.305806 0.4143 0.3988 0.2666
v 0.359909 1.503389 -0.371450 0.4143 0.3988 0.2666
v 0.384675 1.541855 -0.336501 0.4143 0.3988 0.2666
v 0.410657 1.503758 -0.397045 0.4143 0.3988 0.2666
v 0.423596 1.542138 -0.356131 0.4143 0.3988 0.2666
v 0.466832 1.503863 -0.405707 0.4143 0.3988 0.2666
v 0.466679 1.542218 -0.362774 0.4143 0.3988 0.2666
v 0.522934 1.503694 -0.396589 0.4143 0.3988 0.2666
v 0.509707 1.542089 -0.355781 0.4143 0.3988 0.2666
v 0.573472 1.503268 -0.370582 0.4143 0.3988 0.2666
v 0.548467 1.541762 -0.335835 0.4143 0.3988 0.2666
v 0.613498 1.502626 -0.330233 0.4143 0.3988 0.2666
v 0.579165 1.541270 -0.304889 0.4143 0.3988 0.2666
v 0.639096 1.501831 -0.279491 0.4143 0.3988 0.2666
v 0.598797 1.540660 -0.265972 0.4143 0.3988 0.2666
v 0.638658 1.539109 -0.166627 0.4143 0.3988 0.2666
v 0.647778 1.539969 -0.222722 0.4143 0.3988 0.2666
v 0.612648 1.538343 -0.116095 0.4143 0.3988 0.2666
v 0.572293 1.537747 -0.076072 0.4143 0.3988 0.2666
v 0.521545 1.537378 -0.050477 0.4143 0.3988 0.2666
v 0.465371 1.537273 -0.041815 0.4143 0.3988 0.2666
v 0.409269 1.537442 -0.050934 0.4143 0.3988 0.2666
v 0.358731 1.537869 -0.076941 0.4143 0.3988 0.2666
v 0.318705 1.538511 -0.117290 0.4143 0.3988 0.2666
v 0.293107 1.539305 -0.168032 0.4143 0.3988 0.2666
v 0.284445 1.540175 -0.224200 0.4143 0.3988 0.2666
v 0.293565 1.541035 -0.280295 0.4143 0.3988 0.2666
v 0.319575 1.541800 -0.330827 0.4143 0.3988 0.2666
v 0.359929 1.542397 -0.370849 0.4143 0.3988 0.2666
v 0.410677 1.542765 -0.396444 0.4143 0.3988 0.2666
v 0.466852 1.542871 -0.405106 0.4143 0.3988 0.2666
v 0.522954 1.542702 -0.395988 0.4143 0.3988 0.2666
v 0.573491 1.542275 -0.369981 0.4143 0.3988 0.2666
v 0.613518 1.541633 -0.329632 0.4143 0.3988 0.2666
v 0.639115 1.540839 -0.278890 0.4143 0.3988 0.2666
v 0.548417 1.520956 -0.196635 0.4143 0.3988 0.2666
v 0.552767 1.521366 -0.223396 0.4143 0.3988 0.2666
v 0.536008 1.520591 -0.172528 0.4143 0.3988 0.2666
v 0.516757 1.520307 -0.153435 0.4143 0.3988 0.2666
v 0.492547 1.520131 -0.141225 0.4143 0.3988 0.2666
v 0.465749 1.520081 -0.137093 0.4143 0.3988 0.2666
v 0.438985 1.520161 -0.141443 0.4143 0.3988 0.2666
v 0.414875 1.520364 -0.153850 0.4143 0.3988 0.2666
v 0.395780 1.520671 -0.173099 0.4143 0.3988 0.2666
v 0.383569 1.521050 -0.197306 0.4143 0.3988 0.2666
v 0.379436 1.521465 -0.224101 0.4143 0.3988 0.2666
v 0.383787 1.521875 -0.250861 0.4143 0.3988 0.2666
v 0.396196 1.522240 -0.274968 0.4143 0.3988 0.2666
v 0.415447 1.522525 -0.294061 0.4143 0.3988 0.2666
v 0.439657 1.522701 -0.306271 0.4143 0.3988 0.2666
v 0.466455 1.522751 -0.310404 0.4143 0.3988 0.2666
v 0.493219 1.522670 -0.306053 0.4143 0.3988 0.2666
v 0.517328 1.522467 -0.293647 0.4143 0.3988 0.2666
v 0.536423 1.522161 -0.274398 0.4143 0.3988 0.2666
v 0.548635 1.521781 -0.250191 0.4143 0.3988 0.2666
v 0.598437 1.520677 -0.180159 0.4143 0.3988 0.2666
v 0.605432 1.521336 -0.223182 0.4143 0.3988 0.2666
v 0.578488 1.520090 -0.141403 0.4143 0.3988 0.2666
v 0.547539 1.519633 -0.110708 0.4143 0.3988 0.2666
v 0.508617 1.519350 -0.091078 0.4143 0.3988 0.2666
v 0.465534 1.519269 -0.084435 0.4143 0.3988 0.2666
v 0.422507 1.519399 -0.091428 0.4143 0.3988 0.2666
v 0.383746 1.519726 -0.111374 0.4143 0.3988 0.2666
v 0.353048 1.520218 -0.142320 0.4143 0.3988 0.2666
v 0.333416 1.520828 -0.181237 0.4143 0.3988 0.2666
v 0.326772 1.521495 -0.224315 0.4143 0.3988 0.2666
v 0.333767 1.522154 -0.267337 0.4143 0.3988 0.2666
v 0.353715 1.522741 -0.306093 0.4143 0.3988 0.2666
v 0.384665 1.523199 -0.336788 0.4143 0.3988 0.2666
v 0.423586 1.523481 -0.356418 0.4143 0.3988 0.2666
v 0.466670 1.523562 -0.363062 0.4143 0.3988 0.2666
v 0.509697 1.523432 -0.356068 0.4143 0.3988 0.2666
v 0.548457 1.523106 -0.336122 0.4143 0.3988 0.2666
v 0.579156 1.522613 -0.305176 0.4143 0.3988 0.2666
v 0.598788 1.522004 -0.266260 0.4143 0.3988 0.2666
v 0.508153 1.551062 -0.209442 0.4143 0.3988 0.2666
v 0.510375 1.551272 -0.223108 0.4143 0.3988 0.2666
v 0.501817 1.550876 -0.197131 0.4143 0.3988 0.2666
v 0.491985 1.550730 -0.187381 0.4143 0.3988 0.2666
v 0.479622 1.550640 -0.181145 0.4143 0.3988 0.2666
v 0.465937 1.550615 -0.179035 0.4143 0.3988 0.2666
v 0.452269 1.550656 -0.181256 0.4143 0.3988 0.2666
v 0.439957 1.550760 -0.187592 0.4143 0.3988 0.2666
v 0.430205 1.550916 -0.197422 0.4143 0.3988 0.2666
v 0.423969 1.551110 -0.209784 0.4143 0.3988 0.2666
v 0.421859 1.551322 -0.223468 0.4143 0.3988 0.2666
v 0.424081 1.551531 -0.237134 0.4143 0.3988 0.2666
v 0.430417 1.551718 -0.249445 0.4143 0.3988 0.2666
v 0.440249 1.551863 -0.259195 0.4143 0.3988 0.2666
v 0.452612 1.551953 -0.265431 0.4143 0.3988 0.2666
v 0.466297 1.551978 -0.267541 0.4143 0.3988 0.2666
v 0.479965 1.551937 -0.265319 0.4143 0.3988 0.2666
v 0.492277 1.551834 -0.258983 0.4143 0.3988 0.2666
v 0.502029 1.551677 -0.249153 0.4143 0.3988 0.2666
v 0.508265 1.551484 -0.236792 0.4143 0.3988 0.2666
v 0.548432 1.550837 -0.196175 0.4143 0.3988 0.2666
v 0.552783 1.551247 -0.222935 0.4143 0.3988 0.2666
v 0.536023 1.550472 -0.172068 0.4143 0.3988 0.2666
v 0.516772 1.550188 -0.152975 0.4143 0.3988 0.2666
v 0.492562 1.550012 -0.140765 0.4143 0.3988 0.2666
v 0.465764 1.549962 -0.136632 0.4143 0.3988 0.2666
v 0.439000 1.550042 -0.140983 0.4143 0.3988 0.2666
v 0.414891 1.550246 -0.153389 0.4143 0.3988 0.2666
v 0.395795 1.550552 -0.172638 0.4143 0.3988 0.2666
v 0.383584 1.550931 -0.196845 0.4143 0.3988 0.2666
v 0.379451 1.551346 -0.223640 0.4143 0.3988 0.2666
v 0.383802 1.551756 -0.250401 0.4143 0.3988 0.2666
v 0.396211 1.552121 -0.274508 0.4143 0.3988 0.2666
v 0.415462 1.552406 -0.293601 0.4143 0.3988 0.2666
v 0.439672 1.552582 -0.305811 0.4143 0.3988 0.2666
v 0.466470 1.552632 -0.309943 0.4143 0.3988 0.2666
v 0.493234 1.552551 -0.305593 0.4143 0.3988 0.2666
v 0.517344 1.552348 -0.293186 0.4143 0.3988 0.2666
v 0.536438 1.552042 -0.273937 0.4143 0.3988 0.2666
v 0.548650 1.551662 -0.249731 0.4143 0.3988 0.2666
v 0.519646 1.580608 -0.205205 0.4143 0.3988 0.2666
v 0.522474 1.580874 -0.222603 0.4143 0.3988 0.2666
v 0.511579 1.580370 -0.189533 0.4143 0.3988 0.2666
v 0.499063 1.580185 -0.177121 0.4143 0.3988 0.2666
v 0.483324 1.580071 -0.169183 0.4143 0.3988 0.2666
v 0.465902 1.580038 -0.166496 0.4143 0.3988 0.2666
v 0.448503 1.580091 -0.169324 0.4143 0.3988 0.2666
v 0.432829 1.580223 -0.177390 0.4143 0.3988 0.2666
v 0.420415 1.580422 -0.189904 0.4143 0.3988 0.2666
v 0.412477 1.580669 -0.205641 0.4143 0.3988 0.2666
v 0.409790 1.580938 -0.223061 0.4143 0.3988 0.2666
v 0.412618 1.581205 -0.240458 0.4143 0.3988 0.2666
v 0.420685 1.581442 -0.256130 0.4143 0.3988 0.2666
v 0.433201 1.581627 -0.268543 0.4143 0.3988 0.2666
v 0.448940 1.581742 -0.276480 0.4143 0.3988 0.2666
v 0.466361 1.581774 -0.279167 0.4143 0.3988 0.2666
v 0.483761 1.581722 -0.276339 0.4143 0.3988 0.2666
v 0.499435 1.581590 -0.268273 0.4143 0.3988 0.2666
v 0.511849 1.581391 -0.255759 0.4143 0.3988 0.2666
v 0.519787 1.581144 -0.240022 0.4143 0.3988 0.2666
v 0.465544 1.538559 -0.084137 0.4143 0.3988 0.2666
v 0.508627 1.538639 -0.090781 0.4143 0.3988 0.2666
v 0.455289 1.559088 -0.189952 0.4143 0.3988 0.2666
v 0.482087 1.559138 -0.194084 0.4143 0.3988 0.2666
v 0.598448 1.541969 -0.179831 0.4143 0.3988 0.2666
v 0.605443 1.542628 -0.222854 0.4143 0.3988 0.2666
v 0.547549 1.540925 -0.110380 0.4143 0.3988 0.2666
v 0.578499 1.541382 -0.141075 0.4143 0.3988 0.2666
v 0.383757 1.541018 -0.111046 0.4143 0.3988 0.2666
v 0.422517 1.540691 -0.091100 0.4143 0.3988 0.2666
v 0.333427 1.542120 -0.180909 0.4143 0.3988 0.2666
v 0.353059 1.541510 -0.141992 0.4143 0.3988 0.2666
v 0.333777 1.543446 -0.267009 0.4143 0.3988 0.2666
v 0.326783 1.542787 -0.223987 0.4143 0.3988 0.2666
v 0.384676 1.544491 -0.336460 0.4143 0.3988 0.2666
v 0.353726 1.544033 -0.305765 0.4143 0.3988 0.2666
v 0.466680 1.544854 -0.362734 0.4143 0.3988 0.2666
v 0.423597 1.544773 -0.356090 0.4143 0.3988 0.2666
v 0.548468 1.544397 -0.335794 0.4143 0.3988 0.2666
v 0.509708 1.544724 -0.355740 0.4143 0.3988 0.2666
v 0.598799 1.543296 -0.265932 0.4143 0.3988 0.2666
v 0.579167 1.543905 -0.304848 0.4143 0.3988 0.2666
v 0.497159 1.559422 -0.204528 0.4143 0.3988 0.2666
v 0.501510 1.559832 -0.231289 0.4143 0.3988 0.2666
v 0.477200 1.559199 -0.189417 0.4143 0.3988 0.2666
v 0.496451 1.559483 -0.208510 0.4143 0.3988 0.2666
v 0.433284 1.559351 -0.197870 0.4143 0.3988 0.2666
v 0.457393 1.559148 -0.185463 0.4143 0.3988 0.2666
v 0.428366 1.559665 -0.218048 0.4143 0.3988 0.2666
v 0.440577 1.559286 -0.193842 0.4143 0.3988 0.2666
v 0.433435 1.560054 -0.243449 0.4143 0.3988 0.2666
v 0.429084 1.559644 -0.216689 0.4143 0.3988 0.2666
v 0.453387 1.560251 -0.256906 0.4143 0.3988 0.2666
v 0.434136 1.559966 -0.237813 0.4143 0.3988 0.2666
v 0.476196 1.560263 -0.258468 0.4143 0.3988 0.2666
v 0.449398 1.560213 -0.254336 0.4143 0.3988 0.2666
v 0.493986 1.560075 -0.246811 0.4143 0.3988 0.2666
v 0.469877 1.560278 -0.259218 0.4143 0.3988 0.2666
v 0.502215 1.559760 -0.226619 0.4143 0.3988 0.2666
v 0.490003 1.560139 -0.250826 0.4143 0.3988 0.2666
v 0.508533 1.580670 -0.208865 0.4143 0.3988 0.2666
v 0.510774 1.580881 -0.222650 0.4143 0.3988 0.2666
v 0.502141 1.580482 -0.196448 0.4143 0.3988 0.2666
v 0.492225 1.580335 -0.186613 0.4143 0.3988 0.2666
v 0.479754 1.580245 -0.180323 0.4143 0.3988 0.2666
v 0.465950 1.580219 -0.178194 0.4143 0.3988 0.2666
v 0.452164 1.580260 -0.180435 0.4143 0.3988 0.2666
v 0.439745 1.580365 -0.186826 0.4143 0.3988 0.2666
v 0.429909 1.580523 -0.196741 0.4143 0.3988 0.2666
v 0.423618 1.580718 -0.209211 0.4143 0.3988 0.2666
v 0.421490 1.580932 -0.223013 0.4143 0.3988 0.2666
v 0.423731 1.581143 -0.236798 0.4143 0.3988 0.2666
v 0.430122 1.581331 -0.249215 0.4143 0.3988 0.2666
v 0.440039 1.581478 -0.259050 0.4143 0.3988 0.2666
v 0.452510 1.581568 -0.265340 0.4143 0.3988 0.2666
v 0.466314 1.581594 -0.267469 0.4143 0.3988 0.2666
v 0.480100 1.581553 -0.265228 0.4143 0.3988 0.2666
v 0.492519 1.581448 -0.258837 0.4143 0.3988 0.2666
v 0.502355 1.581290 -0.248922 0.4143 0.3988 0.2666
v 0.508646 1.581095 -0.236453 0.4143 0.3988 0.2666
v 0.519646 1.580608 -0.205205 0.4143 0.3988 0.2666
v 0.522474 1.580874 -0.222603 0.4143 0.3988 0.2666
v 0.511579 1.580370 -0.189533 0.4143 0.3988 0.2666
v 0.499063 1.580185 -0.177121 0.4143 0.3988 0.2666
v 0.483324 1.580071 -0.169183 0.4143 0.3988 0.2666
v 0.465902 1.580038 -0.166496 0.4143 0.3988 0.2666
v 0.448503 1.580091 -0.169324 0.4143 0.3988 0.2666
v 0.432829 1.580223 -0.177390 0.4143 0.3988 0.2666
v 0.420415 1.580422 -0.189904 0.4143 0.3988 0.2666
v 0.412477 1.580669 -0.205641 0.4143 0.3988 0.2666
v 0.409790 1.580938 -0.223061 0.4143 0.3988 0.2666
v 0.412618 1.581205 -0.240458 0.4143 0.3988 0.2666
v 0.420685 1.581442 -0.256130 0.4143 0.3988 0.2666
v 0.433201 1.581627 -0.268543 0.4143 0.3988 0.2666
v 0.448940 1.581742 -0.276480 0.4143 0.3988 0.2666
v 0.466361 1.581774 -0.279167 0.4143 0.3988 0.2666
v 0.483761 1.581722 -0.276339 0.4143 0.3988 0.2666
v 0.499435 1.581590 -0.268273 0.4143 0.3988 0.2666
v 0.511849 1.581391 -0.255759 0.4143 0.3988 0.2666
v 0.519787 1.581144 -0.240022 0.4143 0.3988 0.2666
v 0.508524 1.562708 -0.209142 0.4143 0.3988 0.2666
v 0.510765 1.562920 -0.222927 0.4143 0.3988 0.2666
v 0.502132 1.562520 -0.196725 0.4143 0.3988 0.2666
v 0.492216 1.562374 -0.186889 0.4143 0.3988 0.2666
v 0.479745 1.562283 -0.180600 0.4143 0.3988 0.2666
v 0.465941 1.562257 -0.178471 0.4143 0.3988 0.2666
v 0.452155 1.562299 -0.180712 0.4143 0.3988 0.2666
v 0.439736 1.562403 -0.187103 0.4143 0.3988 0.2666
v 0.429899 1.562561 -0.197018 0.4143 0.3988 0.2666
v 0.423609 1.562757 -0.209487 0.4143 0.3988 0.2666
v 0.421480 1.562970 -0.223290 0.4143 0.3988 0.2666
v 0.423722 1.563182 -0.237075 0.4143 0.3988 0.2666
v 0.430113 1.563370 -0.249492 0.4143 0.3988 0.2666
v 0.440030 1.563516 -0.259327 0.4143 0.3988 0.2666
v 0.452501 1.563607 -0.265617 0.4143 0.3988 0.2666
v 0.466305 1.563633 -0.267745 0.4143 0.3988 0.2666
v 0.480091 1.563591 -0.265505 0.4143 0.3988 0.2666
v 0.492510 1.563486 -0.259114 0.4143 0.3988 0.2666
v 0.502346 1.563329 -0.249199 0.4143 0.3988 0.2666
v 0.508637 1.563133 -0.236729 0.4143 0.3988 0.2666
v 0.508833 1.550622 -0.222258 0.4143 0.3988 0.2666
v 0.620598 1.547810 -0.221846 0.4143 0.3988 0.2666
v 0.508850 1.551326 -0.226298 0.4143 0.3988 0.2666
v 0.620619 1.548662 -0.226734 0.4143 0.3988 0.2666
v 0.508866 1.553244 -0.229924 0.4143 0.3988 0.2666
v 0.620638 1.550982 -0.231119 0.4143 0.3988 0.2666
v 0.508888 1.559871 -0.234584 0.4143 0.3988 0.2666
v 0.620665 1.558999 -0.236757 0.4143 0.3988 0.2666
v 0.508892 1.567972 -0.234460 0.4143 0.3988 0.2666
v 0.620670 1.568799 -0.236606 0.4143 0.3988 0.2666
v 0.508876 1.574453 -0.229597 0.4143 0.3988 0.2666
v 0.620651 1.576638 -0.230724 0.4143 0.3988 0.2666
v 0.508862 1.576258 -0.225914 0.4143 0.3988 0.2666
v 0.620634 1.578822 -0.226269 0.4143 0.3988 0.2666
v 0.508846 1.576838 -0.221854 0.4143 0.3988 0.2666
v 0.620614 1.579522 -0.221357 0.4143 0.3988 0.2666
v 0.508829 1.576134 -0.217813 0.4143 0.3988 0.2666
v 0.620594 1.578671 -0.216469 0.4143 0.3988 0.2666
v 0.508814 1.574215 -0.214188 0.4143 0.3988 0.2666
v 0.620575 1.576350 -0.212084 0.4143 0.3988 0.2666
v 0.508791 1.567588 -0.209527 0.4143 0.3988 0.2666
v 0.620547 1.568334 -0.206446 0.4143 0.3988 0.2666
v 0.508787 1.559487 -0.209652 0.4143 0.3988 0.2666
v 0.620543 1.558534 -0.206597 0.4143 0.3988 0.2666
v 0.508803 1.553007 -0.214515 0.4143 0.3988 0.2666
v 0.620562 1.550695 -0.212479 0.4143 0.3988 0.2666
v 0.508817 1.551201 -0.218197 0.4143 0.3988 0.2666
v 0.620579 1.548511 -0.216934 0.4143 0.3988 0.2666
v 0.595580 1.547824 -0.221947 0.4143 0.3988 0.2666
v 0.595600 1.548676 -0.226835 0.4143 0.3988 0.2666
v 0.595619 1.550996 -0.231221 0.4143 0.3988 0.2666
v 0.595635 1.554558 -0.234675 0.4143 0.3988 0.2666
v 0.595647 1.559013 -0.236859 0.4143 0.3988 0.2666
v 0.595652 1.568813 -0.236708 0.4143 0.3988 0.2666
v 0.595645 1.573198 -0.234387 0.4143 0.3988 0.2666
v 0.595632 1.576652 -0.230825 0.4143 0.3988 0.2666
v 0.595615 1.578836 -0.226371 0.4143 0.3988 0.2666
v 0.595596 1.579537 -0.221459 0.4143 0.3988 0.2666
v 0.595576 1.578685 -0.216571 0.4143 0.3988 0.2666
v 0.595556 1.576365 -0.212185 0.4143 0.3988 0.2666
v 0.595540 1.572803 -0.208732 0.4143 0.3988 0.2666
v 0.595529 1.568348 -0.206547 0.4143 0.3988 0.2666
v 0.595524 1.558548 -0.206698 0.4143 0.3988 0.2666
v 0.595531 1.554163 -0.209019 0.4143 0.3988 0.2666
v 0.595544 1.550709 -0.212581 0.4143 0.3988 0.2666
v 0.595560 1.548525 -0.217036 0.4143 0.3988 0.2666
v 0.593306 1.551278 -0.225955 0.4143 0.3988 0.2666
v 0.593322 1.553196 -0.229580 0.4143 0.3988 0.2666
v 0.593335 1.556141 -0.232435 0.4143 0.3988 0.2666
v 0.593344 1.559823 -0.234241 0.4143 0.3988 0.2666
v 0.593349 1.567924 -0.234116 0.4143 0.3988 0.2666
v 0.593343 1.571550 -0.232198 0.4143 0.3988 0.2666
v 0.593332 1.574405 -0.229253 0.4143 0.3988 0.2666
v 0.593319 1.576210 -0.225571 0.4143 0.3988 0.2666
v 0.593302 1.576789 -0.221510 0.4143 0.3988 0.2666
v 0.593285 1.576085 -0.217470 0.4143 0.3988 0.2666
v 0.593270 1.574167 -0.213844 0.4143 0.3988 0.2666
v 0.593256 1.571223 -0.210989 0.4143 0.3988 0.2666
v 0.593247 1.567540 -0.209184 0.4143 0.3988 0.2666
v 0.593243 1.559439 -0.209309 0.4143 0.3988 0.2666
v 0.593249 1.555814 -0.211227 0.4143 0.3988 0.2666
v 0.593259 1.552959 -0.214171 0.4143 0.3988 0.2666
v 0.593273 1.551153 -0.217854 0.4143 0.3988 0.2666
v 0.593289 1.550574 -0.221914 0.4143 0.3988 0.2666
v 0.304792 1.579701 -0.222641 0.4143 0.3988 0.2666
v 0.416558 1.576889 -0.222229 0.4143 0.3988 0.2666
v 0.416600 1.559923 -0.234960 0.4143 0.3988 0.2666
v 0.304843 1.559177 -0.238041 0.4143 0.3988 0.2666
v 0.304812 1.579001 -0.227553 0.4143 0.3988 0.2666
v 0.416604 1.568024 -0.234835 0.4143 0.3988 0.2666
v 0.416588 1.574504 -0.229972 0.4143 0.3988 0.2666
v 0.416574 1.576310 -0.226290 0.4143 0.3988 0.2666
v 0.416577 1.553296 -0.230299 0.4143 0.3988 0.2666
v 0.304816 1.551161 -0.232403 0.4143 0.3988 0.2666
v 0.304829 1.576817 -0.232008 0.4143 0.3988 0.2666
v 0.304848 1.568977 -0.237890 0.4143 0.3988 0.2666
v 0.416561 1.551378 -0.226674 0.4143 0.3988 0.2666
v 0.416544 1.550673 -0.222633 0.4143 0.3988 0.2666
v 0.304797 1.548840 -0.228018 0.4143 0.3988 0.2666
v 0.304776 1.547989 -0.223130 0.4143 0.3988 0.2666
v 0.416528 1.551253 -0.218573 0.4143 0.3988 0.2666
v 0.304757 1.548689 -0.218218 0.4143 0.3988 0.2666
v 0.416514 1.553058 -0.214890 0.4143 0.3988 0.2666
v 0.304740 1.550874 -0.213763 0.4143 0.3988 0.2666
v 0.416498 1.559539 -0.210027 0.4143 0.3988 0.2666
v 0.304720 1.558713 -0.207881 0.4143 0.3988 0.2666
v 0.416502 1.567640 -0.209903 0.4143 0.3988 0.2666
v 0.304725 1.568513 -0.207730 0.4143 0.3988 0.2666
v 0.416525 1.574267 -0.214563 0.4143 0.3988 0.2666
v 0.304753 1.576529 -0.213368 0.4143 0.3988 0.2666
v 0.416541 1.576185 -0.218189 0.4143 0.3988 0.2666
v 0.304772 1.578850 -0.217754 0.4143 0.3988 0.2666
v 0.329811 1.579687 -0.222540 0.4143 0.3988 0.2666
v 0.329830 1.578986 -0.227451 0.4143 0.3988 0.2666
v 0.329847 1.576802 -0.231906 0.4143 0.3988 0.2666
v 0.329860 1.573349 -0.235468 0.4143 0.3988 0.2666
v 0.329867 1.568963 -0.237788 0.4143 0.3988 0.2666
v 0.329862 1.559163 -0.237939 0.4143 0.3988 0.2666
v 0.329850 1.554708 -0.235755 0.4143 0.3988 0.2666
v 0.329834 1.551146 -0.232302 0.4143 0.3988 0.2666
v 0.329815 1.548826 -0.227916 0.4143 0.3988 0.2666
v 0.329795 1.547974 -0.223028 0.4143 0.3988 0.2666
v 0.329775 1.548675 -0.218117 0.4143 0.3988 0.2666
v 0.329758 1.550859 -0.213662 0.4143 0.3988 0.2666
v 0.329746 1.554313 -0.210100 0.4143 0.3988 0.2666
v 0.329739 1.558698 -0.207779 0.4143 0.3988 0.2666
v 0.329744 1.568498 -0.207628 0.4143 0.3988 0.2666
v 0.329755 1.572953 -0.209812 0.4143 0.3988 0.2666
v 0.329771 1.576515 -0.213266 0.4143 0.3988 0.2666
v 0.329791 1.578835 -0.217652 0.4143 0.3988 0.2666
v 0.332118 1.576358 -0.226633 0.4143 0.3988 0.2666
v 0.332132 1.574553 -0.230316 0.4143 0.3988 0.2666
v 0.332142 1.571697 -0.233260 0.4143 0.3988 0.2666
v 0.332148 1.568072 -0.235178 0.4143 0.3988 0.2666
v 0.332144 1.559971 -0.235303 0.4143 0.3988 0.2666
v 0.332134 1.556288 -0.233498 0.4143 0.3988 0.2666
v 0.332121 1.553344 -0.230642 0.4143 0.3988 0.2666
v 0.332105 1.551426 -0.227017 0.4143 0.3988 0.2666
v 0.332088 1.550722 -0.222977 0.4143 0.3988 0.2666
v 0.332072 1.551301 -0.218916 0.4143 0.3988 0.2666
v 0.332058 1.553106 -0.215233 0.4143 0.3988 0.2666
v 0.332048 1.555961 -0.212289 0.4143 0.3988 0.2666
v 0.332042 1.559587 -0.210371 0.4143 0.3988 0.2666
v 0.332046 1.567688 -0.210246 0.4143 0.3988 0.2666
v 0.332056 1.571370 -0.212051 0.4143 0.3988 0.2666
v 0.332069 1.574315 -0.214907 0.4143 0.3988 0.2666
v 0.332085 1.576233 -0.218532 0.4143 0.3988 0.2666
v 0.332102 1.576937 -0.222573 0.4143 0.3988 0.2666
v -0.975400 1.111361 -1.362605 0.4143 0.3988 0.2666
v -0.920937 1.376728 -1.360045 0.4143 0.3988 0.2666
v 0.931112 1.110480 -1.382448 0.4143 0.3988 0.2666
v 0.856518 1.372862 -1.374259 0.4143 0.3988 0.2666
v 0.861900 1.409333 -0.545572 0.4143 0.3988 0.2666
v -0.911678 1.416473 -0.552690 0.4143 0.3988 0.2666
v 0.949323 1.078174 -0.676774 0.4143 0.3988 0.2666
v -0.911145 1.419550 -0.683299 0.4143 0.3988 0.2666
v 0.862434 1.415780 -0.676129 0.4143 0.3988 0.2666
v -0.995869 1.079280 -0.684684 0.4143 0.3988 0.2666
v 0.851573 1.411292 -0.621413 0.4143 0.3988 0.2666
v -0.996102 1.069114 -0.628745 0.4143 0.3988 0.2666
v 0.949089 1.068008 -0.620834 0.4143 0.3988 0.2666
v -0.911359 1.418772 -0.630930 0.4143 0.3988 0.2666
v -0.996105 1.068959 -0.628036 0.4143 0.3988 0.2666
v 0.949086 1.067853 -0.620126 0.4143 0.3988 0.2666
v 0.852491 1.364453 -0.693906 0.4143 0.3988 0.2666
v 0.851160 1.348456 -0.378614 0.4143 0.3988 0.2666
v -0.922418 1.355596 -0.385732 0.4143 0.3988 0.2666
v 0.848924 1.288063 0.228168 0.4143 0.3988 0.2666
v -0.991334 1.033439 0.181358 0.4143 0.3988 0.2666
v 0.945636 1.031813 0.223317 0.4143 0.3988 0.2666
v -0.916235 1.283477 0.186649 0.4143 0.3988 0.2666
v -0.964235 1.152076 0.401855 0.4143 0.3988 0.2666
v -0.916237 1.283441 0.186978 0.4143 0.3988 0.2666
v 0.941361 1.104994 -1.300872 0.4143 0.3988 0.2666
v -0.921260 1.374097 -1.281018 0.4143 0.3988 0.2666
v 0.856195 1.369891 -1.295238 0.4143 0.3988 0.2666
v -0.987054 1.105656 -1.280536 0.4143 0.3988 0.2666
v 0.840114 1.284080 0.362456 0.4143 0.3988 0.2666
v -0.900002 1.279247 0.335223 0.4143 0.3988 0.2666
v -0.978623 1.291445 -1.361263 0.4143 0.3988 0.2666
v 0.931668 1.296779 -1.374282 0.4143 0.3988 0.2666
v -0.995998 1.249878 -0.629030 0.4143 0.3988 0.2666
v 0.949193 1.248773 -0.621120 0.4143 0.3988 0.2666
v -0.996003 1.249811 -0.627840 0.4143 0.3988 0.2666
v 0.949188 1.248705 -0.619929 0.4143 0.3988 0.2666
v -0.991284 1.154061 0.186078 0.4143 0.3988 0.2666
v 0.945685 1.152435 0.228037 0.4143 0.3988 0.2666
v 0.941823 1.291422 -1.293362 0.4143 0.3988 0.2666
v -0.990213 1.286058 -1.279919 0.4143 0.3988 0.2666
v 0.680716 1.273108 0.556903 0.4143 0.3988 0.2666
v 0.792261 1.148807 0.670626 0.4143 0.3988 0.2666
v 0.928788 1.150265 0.444448 0.4143 0.3988 0.2666
v 0.541012 1.145047 0.795914 0.4143 0.3988 0.2666
v -0.975443 1.029789 0.417697 0.4143 0.3988 0.2666
v -0.676806 1.146340 0.764654 0.4143 0.3988 0.2666
v -0.565882 1.144107 0.905931 0.4143 0.3988 0.2666
v -0.190308 1.143893 0.907458 0.4143 0.3988 0.2666
v -0.182084 1.150179 0.499287 0.4143 0.3988 0.2666
v -0.559029 1.273731 0.681994 0.4143 0.3988 0.2666
v 0.349099 1.272050 0.604421 0.4143 0.3988 0.2666
v 0.279048 1.149943 0.499417 0.4143 0.3988 0.2666
v 0.948338 1.028151 0.460899 0.4143 0.3988 0.2666
v 0.825989 1.024530 0.699843 0.4143 0.3988 0.2666
v 0.547559 1.024661 0.838351 0.4143 0.3988 0.2666
v -0.686912 1.024263 0.766858 0.4143 0.3988 0.2666
v -0.566424 1.021994 0.910133 0.4143 0.3988 0.2666
v -0.193927 1.021687 0.917856 0.4143 0.3988 0.2666
v -0.183527 1.273482 0.685815 0.4143 0.3988 0.2666
v 0.366201 1.270896 0.627235 0.4143 0.3988 0.2666
v 0.399777 1.262732 0.649092 0.4143 0.3988 0.2666
v 0.425226 1.253215 0.669027 0.4143 0.3988 0.2666
v 0.453564 1.241714 0.690028 0.4143 0.3988 0.2666
v 0.479869 1.225291 0.719874 0.4143 0.3988 0.2666
v 0.510475 1.197616 0.755482 0.4143 0.3988 0.2666
v -0.185557 1.276342 0.500274 0.4143 0.3988 0.2666
v 0.282870 1.276075 0.502179 0.4143 0.3988 0.2666
v 0.321738 1.148418 0.609398 0.4143 0.3988 0.2666
v -0.185606 1.028183 0.495965 0.4143 0.3988 0.2666
v 0.281724 1.027864 0.501327 0.4143 0.3988 0.2666
v 0.321097 1.026188 0.608792 0.4143 0.3988 0.2666
v 0.537385 1.086927 0.819072 0.4143 0.3988 0.2666
v 0.660750 1.333534 0.361963 0.4143 0.3988 0.2666
v -0.603450 1.334252 0.356822 0.4143 0.3988 0.2666
v 0.272743 1.333754 0.360385 0.4143 0.3988 0.2666
v 0.663778 1.368642 -0.377815 0.4143 0.3988 0.2666
v 0.661326 1.335709 0.220767 0.4143 0.3988 0.2666
v -0.605215 1.336692 0.198545 0.4143 0.3988 0.2666
v -0.472097 1.195912 0.183934 0.4143 0.3988 0.2666
v -0.204845 1.195760 0.185020 0.4143 0.3988 0.2666
v -0.458340 1.256060 0.780202 0.4143 0.3988 0.2666
v -0.223283 1.255926 0.781157 0.4143 0.3988 0.2666
v -0.472004 1.368071 0.186587 0.4143 0.3988 0.2666
v -0.204752 1.367919 0.187673 0.4143 0.3988 0.2666
v -0.458235 1.451045 0.783206 0.4143 0.3988 0.2666
v -0.223178 1.450911 0.784162 0.4143 0.3988 0.2666
v -0.473004 1.192454 0.408421 0.4143 0.3988 0.2666
v -0.205752 1.192302 0.409507 0.4143 0.3988 0.2666
v -0.472859 1.468428 0.412674 0.4143 0.3988 0.2666
v -0.205607 1.468277 0.413760 0.4143 0.3988 0.2666
v -0.207206 1.214421 0.780583 0.4143 0.3988 0.2666
v -0.474458 1.214574 0.779497 0.4143 0.3988 0.2666
v -0.474327 1.462718 0.783321 0.4143 0.3988 0.2666
v -0.207075 1.462566 0.784407 0.4143 0.3988 0.2666
v -0.222234 1.202341 0.515625 0.4143 0.3988 0.2666
v -0.457292 1.202475 0.514670 0.4143 0.3988 0.2666
v -0.457157 1.455122 0.518563 0.4143 0.3988 0.2666
v -0.222100 1.454989 0.519518 0.4143 0.3988 0.2666
v -0.475950 1.458009 0.906656 0.4143 0.3988 0.2666
v -0.460690 1.458001 0.906718 0.4143 0.3988 0.2666
v -0.476046 1.268917 0.903742 0.4143 0.3988 0.2666
v -0.460786 1.268908 0.903804 0.4143 0.3988 0.2666
v -0.475413 1.459989 0.778180 0.4143 0.3988 0.2666
v -0.460153 1.459980 0.778242 0.4143 0.3988 0.2666
v -0.475509 1.270896 0.775266 0.4143 0.3988 0.2666
v -0.460249 1.270887 0.775328 0.4143 0.3988 0.2666
v 0.694105 1.113217 -1.552181 0.4143 0.3988 0.2666
v -0.706044 1.114226 -1.557282 0.4143 0.3988 0.2666
v -0.702974 1.293898 -1.529686 0.4143 0.3988 0.2666
v 0.686699 1.293648 -1.529389 0.4143 0.3988 0.2666
v 0.656549 1.374619 -1.481745 0.4143 0.3988 0.2666
v -0.691947 1.375012 -1.462980 0.4143 0.3988 0.2666
v -0.667152 1.138407 -1.544543 0.4143 0.3988 0.2666
v -0.392877 1.558431 -1.200104 0.4143 0.3988 0.2666
v -0.144905 1.136304 -1.542446 0.4143 0.3988 0.2666
v -0.214467 1.557832 -1.199386 0.4143 0.3988 0.2666
v -0.670513 1.361010 -0.681380 0.4143 0.3988 0.2666
v -0.394618 1.554032 -0.773987 0.4143 0.3988 0.2666
v -0.148234 1.424769 -0.678269 0.4143 0.3988 0.2666
v -0.216207 1.553435 -0.773449 0.4143 0.3988 0.2666
v -0.667001 1.422619 -0.427198 0.0000 0.0000 0.0000
v -0.434998 1.426388 -0.679413 0.4143 0.3988 0.2666
v -0.435101 1.422449 -0.423826 0.4143 0.3988 0.2666
v -0.667001 1.422619 -0.427198 0.4143 0.3988 0.2666
v -0.331604 1.555349 -0.773606 0.4143 0.3988 0.2666
v -0.670370 1.552679 -0.549497 0.4143 0.3988 0.2666
v -0.435463 1.553410 -0.547438 0.4143 0.3988 0.2666
v -0.821516 1.366922 -1.060070 0.4143 0.3988 0.2666
v -0.822320 1.368923 -1.189924 0.4143 0.3988 0.2666
v -0.847493 1.370421 -1.286320 0.4143 0.3988 0.2666
v -0.854273 1.372244 -1.404380 0.4143 0.3988 0.2666
v -0.666459 1.370477 -1.542055 0.4143 0.3988 0.2666
v -0.821489 1.420090 -1.059251 0.4143 0.3988 0.2666
v -0.822293 1.422091 -1.189105 0.4143 0.3988 0.2666
v -0.847466 1.423589 -1.285501 0.4143 0.3988 0.2666
v -0.854246 1.425412 -1.403561 0.4143 0.3988 0.2666
v -0.666430 1.428303 -1.541164 0.4143 0.3988 0.2666
v -0.670485 1.415814 -0.680535 0.4143 0.3988 0.2666
v -0.668293 1.558337 -1.059268 0.4143 0.3988 0.2666
v -0.667767 1.559751 -1.188533 0.4143 0.3988 0.2666
v -0.667349 1.560483 -1.291081 0.4143 0.3988 0.2666
v -0.666804 1.561754 -1.424968 0.4143 0.3988 0.2666
v -0.736107 1.478480 -1.488731 0.4143 0.3988 0.2666
v -0.144115 1.561026 -1.536990 0.4143 0.3988 0.2666
v -0.666362 1.562778 -1.539091 0.4143 0.3988 0.2666
v -0.147593 1.552929 -0.677382 0.4143 0.3988 0.2666
v -0.434933 1.555413 -0.677424 0.4143 0.3988 0.2666
v -0.669840 1.554682 -0.679484 0.4143 0.3988 0.2666
v -0.392968 1.531055 -1.200338 0.4143 0.3988 0.2666
v -0.214558 1.530456 -1.199620 0.4143 0.3988 0.2666
v -0.216298 1.526058 -0.773683 0.4143 0.3988 0.2666
v -0.331695 1.527972 -0.773840 0.4143 0.3988 0.2666
v -0.394709 1.526656 -0.774221 0.4143 0.3988 0.2666
v -0.109057 1.218210 0.803634 0.4143 0.3988 0.2666
v 0.114993 1.218082 0.804549 0.4143 0.3988 0.2666
v -0.110854 1.212399 1.191123 0.4143 0.3988 0.2666
v 0.113156 1.212272 1.192036 0.4143 0.3988 0.2666
v -0.093446 1.387573 0.806307 0.4143 0.3988 0.2666
v 0.101151 1.387463 0.807103 0.4143 0.3988 0.2666
v -0.095209 1.381603 1.193807 0.4143 0.3988 0.2666
v 0.099388 1.381493 1.194603 0.4143 0.3988 0.2666
v 0.114717 1.218614 0.790758 0.4143 0.3988 0.2666
v 0.098911 1.200194 0.790409 0.4143 0.3988 0.2666
v 0.097275 1.194012 1.191674 0.4143 0.3988 0.2666
v 0.093367 1.182477 0.790114 0.4143 0.3988 0.2666
v 0.091732 1.176295 1.191379 0.4143 0.3988 0.2666
v 0.084371 1.166151 0.789826 0.4143 0.3988 0.2666
v 0.082736 1.159969 1.191091 0.4143 0.3988 0.2666
v 0.072268 1.151844 0.789556 0.4143 0.3988 0.2666
v 0.070633 1.145661 1.190821 0.4143 0.3988 0.2666
v 0.057524 1.140105 0.789315 0.4143 0.3988 0.2666
v 0.055889 1.133922 1.190580 0.4143 0.3988 0.2666
v 0.040705 1.131385 0.789112 0.4143 0.3988 0.2666
v 0.039070 1.125203 1.190377 0.4143 0.3988 0.2666
v 0.022457 1.126020 0.788955 0.4143 0.3988 0.2666
v 0.020822 1.119838 1.190220 0.4143 0.3988 0.2666
v 0.003482 1.124216 0.788850 0.4143 0.3988 0.2666
v 0.001847 1.118034 1.190115 0.4143 0.3988 0.2666
v -0.015491 1.126042 0.788801 0.4143 0.3988 0.2666
v -0.017127 1.119859 1.190066 0.4143 0.3988 0.2666
v -0.033734 1.131427 0.788809 0.4143 0.3988 0.2666
v -0.035369 1.125245 1.190075 0.4143 0.3988 0.2666
v -0.052179 1.133984 1.190141 0.4143 0.3988 0.2666
v -0.065276 1.151922 0.788997 0.4143 0.3988 0.2666
v -0.066912 1.145740 1.190262 0.4143 0.3988 0.2666
v -0.077365 1.166243 0.789168 0.4143 0.3988 0.2666
v -0.079000 1.160061 1.190433 0.4143 0.3988 0.2666
v -0.086344 1.182579 0.789383 0.4143 0.3988 0.2666
v -0.087979 1.176397 1.190648 0.4143 0.3988 0.2666
v -0.091870 1.200303 0.789634 0.4143 0.3988 0.2666
v -0.093505 1.194120 1.190899 0.4143 0.3988 0.2666
v -0.109254 1.218741 0.789847 0.4143 0.3988 0.2666
v -0.091832 1.273918 0.790768 0.4143 0.3988 0.2666
v -0.093468 1.267735 1.192033 0.4143 0.3988 0.2666
v -0.086289 1.291635 0.791063 0.4143 0.3988 0.2666
v -0.087924 1.285453 1.192329 0.4143 0.3988 0.2666
v -0.077293 1.307961 0.791352 0.4143 0.3988 0.2666
v -0.078928 1.301779 1.192617 0.4143 0.3988 0.2666
v -0.065190 1.322268 0.791621 0.4143 0.3988 0.2666
v -0.066826 1.316086 1.192887 0.4143 0.3988 0.2666
v -0.050446 1.334007 0.791862 0.4143 0.3988 0.2666
v -0.052081 1.327825 1.193128 0.4143 0.3988 0.2666
v -0.033627 1.342727 0.792065 0.4143 0.3988 0.2666
v -0.035262 1.336545 1.193331 0.4143 0.3988 0.2666
v -0.015379 1.348092 0.792222 0.4143 0.3988 0.2666
v -0.017014 1.341910 1.193487 0.4143 0.3988 0.2666
v 0.003596 1.349896 0.792327 0.4143 0.3988 0.2666
v 0.001961 1.343714 1.193593 0.4143 0.3988 0.2666
v 0.022570 1.348070 0.792377 0.4143 0.3988 0.2666
v 0.020934 1.341888 1.193642 0.4143 0.3988 0.2666
v 0.040812 1.342684 0.792368 0.4143 0.3988 0.2666
v 0.039177 1.336502 1.193633 0.4143 0.3988 0.2666
v 0.057622 1.333946 0.792302 0.4143 0.3988 0.2666
v 0.055987 1.327764 1.193567 0.4143 0.3988 0.2666
v 0.072355 1.322190 0.792181 0.4143 0.3988 0.2666
v 0.070719 1.316008 1.193446 0.4143 0.3988 0.2666
v 0.084443 1.307869 0.792009 0.4143 0.3988 0.2666
v 0.082807 1.301687 1.193274 0.4143 0.3988 0.2666
v 0.093422 1.291533 0.791794 0.4143 0.3988 0.2666
v 0.091787 1.285350 1.193060 0.4143 0.3988 0.2666
v 0.098948 1.273809 0.791544 0.4143 0.3988 0.2666
v 0.097313 1.267627 1.192809 0.4143 0.3988 0.2666
v -0.018188 1.337253 1.166323 0.4143 0.3988 0.2666
v -0.018790 1.334975 1.314182 0.4143 0.3988 0.2666
v -0.016570 1.345362 1.166455 0.4143 0.3988 0.2666
v -0.017173 1.343084 1.314314 0.4143 0.3988 0.2666
v -0.011972 1.352235 1.166579 0.4143 0.3988 0.2666
v -0.012575 1.349957 1.314438 0.4143 0.3988 0.2666
v -0.005094 1.356825 1.166678 0.4143 0.3988 0.2666
v -0.005696 1.354547 1.314537 0.4143 0.3988 0.2666
v 0.003018 1.358433 1.166736 0.4143 0.3988 0.2666
v 0.002415 1.356155 1.314595 0.4143 0.3988 0.2666
v 0.011128 1.356816 1.166744 0.4143 0.3988 0.2666
v 0.010526 1.354538 1.314603 0.4143 0.3988 0.2666
v 0.018002 1.352218 1.166701 0.4143 0.3988 0.2666
v 0.017399 1.349940 1.314560 0.4143 0.3988 0.2666
v 0.022593 1.345340 1.166614 0.4143 0.3988 0.2666
v 0.021990 1.343062 1.314473 0.4143 0.3988 0.2666
v 0.024202 1.337229 1.166495 0.4143 0.3988 0.2666
v 0.023600 1.334951 1.314355 0.4143 0.3988 0.2666
v 0.022585 1.329120 1.166364 0.4143 0.3988 0.2666
v 0.021982 1.326842 1.314223 0.4143 0.3988 0.2666
v 0.017987 1.322247 1.166239 0.4143 0.3988 0.2666
v 0.017384 1.319969 1.314098 0.4143 0.3988 0.2666
v 0.011108 1.317657 1.166140 0.4143 0.3988 0.2666
v 0.010506 1.315379 1.314000 0.4143 0.3988 0.2666
v 0.002997 1.316048 1.166083 0.4143 0.3988 0.2666
v 0.002394 1.313770 1.313942 0.4143 0.3988 0.2666
v -0.005113 1.317666 1.166074 0.4143 0.3988 0.2666
v -0.005716 1.315388 1.313934 0.4143 0.3988 0.2666
v -0.011987 1.322264 1.166117 0.4143 0.3988 0.2666
v -0.012590 1.319986 1.313977 0.4143 0.3988 0.2666
v -0.016578 1.329142 1.166205 0.4143 0.3988 0.2666
v -0.017181 1.326864 1.314064 0.4143 0.3988 0.2666
v 0.669374 1.366870 -0.675264 0.4143 0.3988 0.2666
v 0.275772 1.368863 -0.379393 0.4143 0.3988 0.2666
v 0.273319 1.335930 0.219189 0.4143 0.3988 0.2666
v -0.603155 1.369362 -0.382967 0.4143 0.3988 0.2666
v -0.597559 1.367590 -0.680416 0.4143 0.3988 0.2666
v -0.221107 1.457864 0.907692 0.4143 0.3988 0.2666
v -0.205847 1.457856 0.907754 0.4143 0.3988 0.2666
v -0.221203 1.268772 0.904778 0.4143 0.3988 0.2666
v -0.205943 1.268763 0.904840 0.4143 0.3988 0.2666
v -0.220570 1.459844 0.779216 0.4143 0.3988 0.2666
v -0.205310 1.459835 0.779278 0.4143 0.3988 0.2666
v -0.220665 1.270751 0.776302 0.4143 0.3988 0.2666
v -0.205405 1.270743 0.776365 0.4143 0.3988 0.2666
v -0.380475 1.021841 0.913989 0.4143 0.3988 0.2666
v -0.463558 1.273659 0.683527 0.4143 0.3988 0.2666
v -0.462233 1.278666 0.358536 0.4143 0.3988 0.2666
v -0.197112 1.278515 0.359614 0.4143 0.3988 0.2666
v -0.462199 1.345266 0.359562 0.4143 0.3988 0.2666
v -0.603450 1.334252 0.356822 0.0000 0.0000 0.0000
v -0.462233 1.278666 0.358536 0.0000 0.0000 0.0000
v -0.050350 1.140202 0.788877 0.4143 0.3988 0.2666
v -0.668324 1.498350 -1.060192 0.4143 0.3988 0.2666
v -0.667797 1.499764 -1.189457 0.4143 0.3988 0.2666
v -0.667380 1.500496 -1.292006 0.4143 0.3988 0.2666
v -0.666835 1.501767 -1.425893 0.4143 0.3988 0.2666
v -0.666392 1.502717 -1.540017 0.4143 0.3988 0.2666
v -0.669869 1.496456 -0.680381 0.4143 0.3988 0.2666
v -0.813157 1.350821 -0.682636 0.4143 0.3988 0.2666
v -0.813121 1.416427 -0.682244 0.4143 0.3988 0.2666
v 0.795897 1.146865 0.669514 0.4143 0.3988 0.2666
v 0.528244 1.142838 0.802518 0.4143 0.3988 0.2666
v 0.680335 1.275127 0.550708 0.4143 0.3988 0.2666
v 0.321315 1.274398 0.609773 0.4143 0.3988 0.2666
v 0.354152 1.269531 0.632059 0.4143 0.3988 0.2666
v 0.386805 1.261667 0.653805 0.4143 0.3988 0.2666
v 0.411854 1.252335 0.673596 0.4143 0.3988 0.2666
v 0.439830 1.241008 0.694455 0.4143 0.3988 0.2666
v 0.465814 1.224820 0.724036 0.4143 0.3988 0.2666
v 0.496250 1.197301 0.759450 0.4143 0.3988 0.2666
v 0.794662 1.158183 0.675980 0.4143 0.3988 0.2666
v 0.543413 1.154423 0.801268 0.4143 0.3988 0.2666
v 0.683118 1.282484 0.562257 0.4143 0.3988 0.2666
v 0.351501 1.281427 0.609775 0.4143 0.3988 0.2666
v 0.368602 1.280272 0.632589 0.4143 0.3988 0.2666
v 0.402178 1.272108 0.654446 0.4143 0.3988 0.2666
v 0.427627 1.262591 0.674381 0.4143 0.3988 0.2666
v 0.455965 1.251090 0.695382 0.4143 0.3988 0.2666
v 0.482270 1.234666 0.725228 0.4143 0.3988 0.2666
v 0.512877 1.206992 0.760836 0.4143 0.3988 0.2666
v 0.793289 1.145124 0.672943 0.4143 0.3988 0.2666
v 0.537498 1.141275 0.800022 0.4143 0.3988 0.2666
v 0.546373 1.086993 0.816093 0.4143 0.3988 0.2666
v 0.556295 1.026309 0.834902 0.4143 0.3988 0.2666
v 0.822539 1.026184 0.702408 0.4143 0.3988 0.2666
v 0.797404 1.156472 0.677664 0.4143 0.3988 0.2666
v 0.541613 1.152343 0.804739 0.4143 0.3988 0.2666
v 0.826646 1.021018 0.706875 0.4143 0.3988 0.2666
v 0.550485 1.090529 0.820694 0.4143 0.3988 0.2666
v 0.560403 1.021427 0.839373 0.4143 0.3988 0.2666
v -1.022776 1.068974 -0.628145 0.4143 0.3988 0.2666
v -1.023087 1.049374 -0.554453 0.4143 0.3988 0.2666
v -0.949089 1.355611 -0.385840 0.4143 0.3988 0.2666
v -0.948409 1.364991 -0.551792 0.4143 0.3988 0.2666
v -1.022974 1.245536 -0.554823 0.4143 0.3988 0.2666
v -0.948086 1.367275 -0.630934 0.4143 0.3988 0.2666
v -0.947876 1.368068 -0.682401 0.4143 0.3988 0.2666
v -1.013725 1.105672 -1.280645 0.4143 0.3988 0.2666
v -1.022540 1.079296 -0.684792 0.4143 0.3988 0.2666
v -1.022446 1.255936 -0.683110 0.4143 0.3988 0.2666
v -1.022773 1.069129 -0.628853 0.4143 0.3988 0.2666
v -1.022669 1.249894 -0.629138 0.4143 0.3988 0.2666
v -0.948093 1.367305 -0.629131 0.4143 0.3988 0.2666
v -1.022674 1.249826 -0.627948 0.4143 0.3988 0.2666
v -1.023777 1.046764 -0.385101 0.4143 0.3988 0.2666
v -0.942906 1.283492 0.186541 0.4143 0.3988 0.2666
v -1.023675 1.228465 -0.384854 0.4143 0.3988 0.2666
v -1.018005 1.033454 0.181250 0.4143 0.3988 0.2666
v -1.017956 1.154076 0.185969 0.4143 0.3988 0.2666
v -0.947931 1.374112 -1.281126 0.4143 0.3988 0.2666
v -1.016885 1.286073 -1.280028 0.4143 0.3988 0.2666
v 0.974497 1.045628 -0.376974 0.4143 0.3988 0.2666
v 0.975187 1.048238 -0.546327 0.4143 0.3988 0.2666
v 0.878569 1.363519 -0.621745 0.4143 0.3988 0.2666
v 0.878252 1.357820 -0.544458 0.4143 0.3988 0.2666
v 0.975300 1.244400 -0.546697 0.4143 0.3988 0.2666
v 0.975501 1.067993 -0.620727 0.4143 0.3988 0.2666
v 0.975734 1.078159 -0.676666 0.4143 0.3988 0.2666
v 0.882607 1.369876 -1.295130 0.4143 0.3988 0.2666
v 0.878786 1.364268 -0.675016 0.4143 0.3988 0.2666
v 0.975828 1.254800 -0.674984 0.4143 0.3988 0.2666
v 0.878577 1.363475 -0.623548 0.4143 0.3988 0.2666
v 0.975605 1.248758 -0.621012 0.4143 0.3988 0.2666
v 0.975498 1.067838 -0.620018 0.4143 0.3988 0.2666
v 0.975600 1.248690 -0.619822 0.4143 0.3988 0.2666
v 0.877572 1.348441 -0.378507 0.4143 0.3988 0.2666
v 0.972048 1.031798 0.223425 0.4143 0.3988 0.2666
v 0.974599 1.227329 -0.376728 0.4143 0.3988 0.2666
v 0.875336 1.288048 0.228276 0.4143 0.3988 0.2666
v 0.972097 1.152420 0.228144 0.4143 0.3988 0.2666
v 0.967773 1.104979 -1.300764 0.4143 0.3988 0.2666
v 0.968234 1.291407 -1.293254 0.4143 0.3988 0.2666
v -0.921207 1.368236 -0.700428 0.4143 0.3988 0.2666
v -1.022273 1.080094 -0.702840 0.4143 0.3988 0.2666
v -0.947878 1.368251 -0.700536 0.4143 0.3988 0.2666
v -1.022278 1.256849 -0.701190 0.4143 0.3988 0.2666
v 0.878902 1.364438 -0.693798 0.4143 0.3988 0.2666
v 0.975598 1.255908 -0.693710 0.4143 0.3988 0.2666
v -0.917674 1.340816 -0.385762 0.4143 0.3988 0.2666
v -0.906935 1.401693 -0.552719 0.4143 0.3988 0.2666
v -0.943132 1.353287 -0.682431 0.4143 0.3988 0.2666
v -0.906402 1.404770 -0.683329 0.4143 0.3988 0.2666
v -0.906615 1.403992 -0.630960 0.4143 0.3988 0.2666
v -0.916516 1.359317 -1.281048 0.4143 0.3988 0.2666
v -0.943187 1.359332 -1.281156 0.4143 0.3988 0.2666
v -0.916463 1.353455 -0.700457 0.4143 0.3988 0.2666
v -0.911491 1.268697 0.186619 0.4143 0.3988 0.2666
v -0.944345 1.340831 -0.385870 0.4143 0.3988 0.2666
v -0.938162 1.268712 0.186511 0.4143 0.3988 0.2666
v -0.943665 1.350210 -0.551822 0.4143 0.3988 0.2666
v -0.943342 1.352495 -0.630964 0.4143 0.3988 0.2666
v -0.943349 1.352525 -0.629161 0.4143 0.3988 0.2666
v -0.943134 1.353470 -0.700566 0.4143 0.3988 0.2666
v 0.853494 1.385812 -0.545564 0.4143 0.3988 0.2666
v 0.869847 1.334299 -0.544451 0.4143 0.3988 0.2666
v 0.844085 1.340932 -0.693898 0.4143 0.3988 0.2666
v 0.854029 1.392259 -0.676121 0.4143 0.3988 0.2666
v 0.843168 1.387771 -0.621405 0.4143 0.3988 0.2666
v 0.842755 1.324935 -0.378606 0.4143 0.3988 0.2666
v 0.840519 1.264542 0.228176 0.4143 0.3988 0.2666
v 0.847790 1.346370 -1.295230 0.4143 0.3988 0.2666
v 0.874202 1.346355 -1.295122 0.4143 0.3988 0.2666
v 0.866930 1.264526 0.228283 0.4143 0.3988 0.2666
v 0.870164 1.339998 -0.621738 0.4143 0.3988 0.2666
v 0.870497 1.340917 -0.693790 0.4143 0.3988 0.2666
v 0.870381 1.340747 -0.675008 0.4143 0.3988 0.2666
v 0.870171 1.339954 -0.623540 0.4143 0.3988 0.2666
v 0.869166 1.324920 -0.378499 0.4143 0.3988 0.2666
v -0.378465 1.143742 0.923469 0.4143 0.3988 0.2666
v -0.190377 1.143635 0.924234 0.4143 0.3988 0.2666
v -0.565950 1.143848 0.922706 0.4143 0.3988 0.2666
v -0.559097 1.273472 0.698770 0.4143 0.3988 0.2666
v -0.380543 1.021582 0.930764 0.4143 0.3988 0.2666
v -0.193995 1.021428 0.934632 0.4143 0.3988 0.2666
v -0.566492 1.021736 0.926909 0.4143 0.3988 0.2666
v -0.463626 1.273400 0.700303 0.4143 0.3988 0.2666
v -0.183595 1.273223 0.702590 0.4143 0.3988 0.2666
v -0.971651 1.152080 0.401825 0.4143 0.3988 0.2666
v -0.684222 1.146344 0.764624 0.4143 0.3988 0.2666
v -0.907418 1.279251 0.335193 0.4143 0.3988 0.2666
v -0.982859 1.029794 0.417667 0.4143 0.3988 0.2666
v -0.566445 1.273735 0.681964 0.4143 0.3988 0.2666
v -0.694328 1.024267 0.766828 0.4143 0.3988 0.2666
v 0.942127 1.299959 -1.366925 0.4143 0.3988 0.2666
v 0.941666 1.107327 -1.375641 0.4143 0.3988 0.2666
v 0.683664 1.110291 -1.559501 0.4143 0.3988 0.2666
v 0.676128 1.296569 -1.536230 0.4143 0.3988 0.2666
v 0.937522 1.297621 -1.382969 0.4143 0.3988 0.2666
v 0.936966 1.111323 -1.391135 0.4143 0.3988 0.2666
v 0.699959 1.114060 -1.560869 0.4143 0.3988 0.2666
v 0.692553 1.294491 -1.538076 0.4143 0.3988 0.2666
v -0.986749 1.107989 -1.355306 0.4143 0.3988 0.2666
v -0.989909 1.294595 -1.353483 0.4143 0.3988 0.2666
v -0.694692 1.111074 -1.565107 0.4143 0.3988 0.2666
v -0.691691 1.297271 -1.536942 0.4143 0.3988 0.2666
v -0.979401 1.111841 -1.368604 0.4143 0.3988 0.2666
v -0.982625 1.291926 -1.367262 0.4143 0.3988 0.2666
v -0.710045 1.114707 -1.563281 0.4143 0.3988 0.2666
v -0.706975 1.294379 -1.535685 0.4143 0.3988 0.2666
v -0.223252 1.247591 0.772355 0.3414 0.3282 0.2166
v -0.467792 1.247738 0.771362 0.3414 0.3282 0.2166
v -0.223231 1.247670 0.767213 0.4143 0.3988 0.2666
v -0.467771 1.247818 0.766219 0.4143 0.3988 0.2666
v -0.223139 1.455809 0.775564 0.3414 0.3282 0.2166
v -0.467679 1.455957 0.774570 0.3414 0.3282 0.2166
v -0.223118 1.455889 0.770421 0.4143 0.3988 0.2666
v -0.467658 1.456036 0.769427 0.4143 0.3988 0.2666
v 0.083402 1.219765 1.344430 0.4143 0.3988 0.2666
v 0.075318 1.189204 3.328072 0.4143 0.3988 0.2666
v 0.083235 1.214521 1.344349 0.4143 0.3988 0.2666
v 0.075151 1.183959 3.327991 0.4143 0.3988 0.2666
v 0.082738 1.209297 1.344266 0.4143 0.3988 0.2666
v 0.074654 1.178736 3.327909 0.4143 0.3988 0.2666
v 0.081915 1.204115 1.344183 0.4143 0.3988 0.2666
v 0.073831 1.173553 3.327825 0.4143 0.3988 0.2666
v 0.080767 1.198995 1.344100 0.4143 0.3988 0.2666
v 0.072683 1.168433 3.327741 0.4143 0.3988 0.2666
v 0.079301 1.193957 1.344016 0.4143 0.3988 0.2666
v 0.071217 1.163395 3.327658 0.4143 0.3988 0.2666
v 0.077521 1.189021 1.343933 0.4143 0.3988 0.2666
v 0.069437 1.158459 3.327575 0.4143 0.3988 0.2666
v 0.075434 1.184207 1.343850 0.4143 0.3988 0.2666
v 0.067350 1.153645 3.327492 0.4143 0.3988 0.2666
v 0.073049 1.179533 1.343768 0.4143 0.3988 0.2666
v 0.064965 1.148971 3.327411 0.4143 0.3988 0.2666
v 0.070376 1.175018 1.343688 0.4143 0.3988 0.2666
v 0.062292 1.144456 3.327330 0.4143 0.3988 0.2666
v 0.067424 1.170680 1.343609 0.4143 0.3988 0.2666
v 0.059340 1.140118 3.327251 0.4143 0.3988 0.2666
v 0.064205 1.166535 1.343532 0.4143 0.3988 0.2666
v 0.056121 1.135974 3.327174 0.4143 0.3988 0.2666
v 0.060733 1.162602 1.343457 0.4143 0.3988 0.2666
v 0.052649 1.132040 3.327099 0.4143 0.3988 0.2666
v 0.057020 1.158893 1.343385 0.4143 0.3988 0.2666
v 0.048936 1.128332 3.327027 0.4143 0.3988 0.2666
v 0.053082 1.155426 1.343315 0.4143 0.3988 0.2666
v 0.044998 1.124864 3.326958 0.4143 0.3988 0.2666
v 0.048934 1.152212 1.343249 0.4143 0.3988 0.2666
v 0.040850 1.121650 3.326891 0.4143 0.3988 0.2666
v 0.044592 1.149265 1.343186 0.4143 0.3988 0.2666
v 0.036508 1.118703 3.326828 0.4143 0.3988 0.2666
v 0.040074 1.146596 1.343126 0.4143 0.3988 0.2666
v 0.031990 1.116035 3.326769 0.4143 0.3988 0.2666
v 0.035397 1.144217 1.343071 0.4143 0.3988 0.2666
v 0.027313 1.113655 3.326713 0.4143 0.3988 0.2666
v 0.030580 1.142136 1.343019 0.4143 0.3988 0.2666
v 0.022496 1.111574 3.326661 0.4143 0.3988 0.2666
v 0.025641 1.140361 1.342972 0.4143 0.3988 0.2666
v 0.017557 1.109799 3.326613 0.4143 0.3988 0.2666
v 0.020601 1.138900 1.342929 0.4143 0.3988 0.2666
v 0.012517 1.108338 3.326570 0.4143 0.3988 0.2666
v 0.015479 1.137758 1.342890 0.4143 0.3988 0.2666
v 0.007395 1.107197 3.326532 0.4143 0.3988 0.2666
v 0.010296 1.136940 1.342856 0.4143 0.3988 0.2666
v 0.002211 1.106379 3.326499 0.4143 0.3988 0.2666
v 0.005071 1.136450 1.342828 0.4143 0.3988 0.2666
v -0.003013 1.105888 3.326469 0.4143 0.3988 0.2666
v -0.000174 1.136288 1.342803 0.4143 0.3988 0.2666
v -0.008258 1.105726 3.326445 0.4143 0.3988 0.2666
v -0.005419 1.136456 1.342785 0.4143 0.3988 0.2666
v -0.013504 1.105894 3.326427 0.4143 0.3988 0.2666
v -0.010644 1.136952 1.342771 0.4143 0.3988 0.2666
v -0.018728 1.106391 3.326413 0.4143 0.3988 0.2666
v -0.015826 1.137776 1.342763 0.4143 0.3988 0.2666
v -0.023910 1.107214 3.326405 0.4143 0.3988 0.2666
v -0.020947 1.138924 1.342759 0.4143 0.3988 0.2666
v -0.029031 1.108362 3.326401 0.4143 0.3988 0.2666
v -0.025986 1.140391 1.342762 0.4143 0.3988 0.2666
v -0.034070 1.109829 3.326404 0.4143 0.3988 0.2666
v -0.030922 1.142171 1.342769 0.4143 0.3988 0.2666
v -0.039007 1.111609 3.326411 0.4143 0.3988 0.2666
v -0.035738 1.144257 1.342781 0.4143 0.3988 0.2666
v -0.043822 1.113696 3.326424 0.4143 0.3988 0.2666
v -0.040412 1.146642 1.342799 0.4143 0.3988 0.2666
v -0.048496 1.116080 3.326441 0.4143 0.3988 0.2666
v -0.044928 1.149316 1.342822 0.4143 0.3988 0.2666
v -0.053012 1.118754 3.326464 0.4143 0.3988 0.2666
v -0.049267 1.152268 1.342850 0.4143 0.3988 0.2666
v -0.057351 1.121706 3.326492 0.4143 0.3988 0.2666
v -0.053411 1.155486 1.342882 0.4143 0.3988 0.2666
v -0.061496 1.124924 3.326524 0.4143 0.3988 0.2666
v -0.057346 1.158958 1.342920 0.4143 0.3988 0.2666
v -0.065430 1.128397 3.326562 0.4143 0.3988 0.2666
v -0.061055 1.162671 1.342962 0.4143 0.3988 0.2666
v -0.069139 1.132109 3.326604 0.4143 0.3988 0.2666
v -0.064523 1.166609 1.343009 0.4143 0.3988 0.2666
v -0.072607 1.136047 3.326651 0.4143 0.3988 0.2666
v -0.067738 1.170757 1.343059 0.4143 0.3988 0.2666
v -0.075822 1.140195 3.326701 0.4143 0.3988 0.2666
v -0.070685 1.175098 1.343114 0.4143 0.3988 0.2666
v -0.078769 1.144536 3.326756 0.4143 0.3988 0.2666
v -0.073354 1.179616 1.343173 0.4143 0.3988 0.2666
v -0.081438 1.149054 3.326815 0.4143 0.3988 0.2666
v -0.075734 1.184293 1.343235 0.4143 0.3988 0.2666
v -0.083818 1.153731 3.326878 0.4143 0.3988 0.2666
v -0.077816 1.189109 1.343301 0.4143 0.3988 0.2666
v -0.085900 1.158548 3.326943 0.4143 0.3988 0.2666
v -0.079591 1.194047 1.343370 0.4143 0.3988 0.2666
v -0.087675 1.163486 3.327012 0.4143 0.3988 0.2666
v -0.081053 1.199087 1.343441 0.4143 0.3988 0.2666
v -0.089137 1.168525 3.327083 0.4143 0.3988 0.2666
v -0.082195 1.204208 1.343516 0.4143 0.3988 0.2666
v -0.090279 1.173647 3.327158 0.4143 0.3988 0.2666
v -0.083013 1.209392 1.343592 0.4143 0.3988 0.2666
v -0.091097 1.178830 3.327234 0.4143 0.3988 0.2666
v -0.083504 1.214616 1.343671 0.4143 0.3988 0.2666
v -0.091588 1.184054 3.327313 0.4143 0.3988 0.2666
v -0.083666 1.219860 1.343751 0.4143 0.3988 0.2666
v -0.091751 1.189299 3.327393 0.4143 0.3988 0.2666
v -0.083499 1.225105 1.343832 0.4143 0.3988 0.2666
v -0.091583 1.194543 3.327474 0.4143 0.3988 0.2666
v -0.083002 1.230329 1.343915 0.4143 0.3988 0.2666
v -0.091087 1.199767 3.327557 0.4143 0.3988 0.2666
v -0.082179 1.235511 1.343998 0.4143 0.3988 0.2666
v -0.090263 1.204949 3.327640 0.4143 0.3988 0.2666
v -0.081032 1.240631 1.344082 0.4143 0.3988 0.2666
v -0.089116 1.210069 3.327724 0.4143 0.3988 0.2666
v -0.079565 1.245669 1.344165 0.4143 0.3988 0.2666
v -0.087649 1.215107 3.327807 0.4143 0.3988 0.2666
v -0.077785 1.250605 1.344248 0.4143 0.3988 0.2666
v -0.085869 1.220043 3.327891 0.4143 0.3988 0.2666
v -0.075698 1.255419 1.344331 0.4143 0.3988 0.2666
v -0.083782 1.224857 3.327973 0.4143 0.3988 0.2666
v -0.073313 1.260093 1.344413 0.4143 0.3988 0.2666
v -0.081398 1.229531 3.328055 0.4143 0.3988 0.2666
v -0.070640 1.264608 1.344493 0.4143 0.3988 0.2666
v -0.078724 1.234046 3.328135 0.4143 0.3988 0.2666
v -0.067688 1.268946 1.344572 0.4143 0.3988 0.2666
v -0.075772 1.238384 3.328214 0.4143 0.3988 0.2666
v -0.064470 1.273090 1.344649 0.4143 0.3988 0.2666
v -0.072554 1.242529 3.328291 0.4143 0.3988 0.2666
v -0.060997 1.277024 1.344724 0.4143 0.3988 0.2666
v -0.069081 1.246463 3.328366 0.4143 0.3988 0.2666
v -0.057285 1.280733 1.344796 0.4143 0.3988 0.2666
v -0.065369 1.250171 3.328438 0.4143 0.3988 0.2666
v -0.053346 1.284200 1.344866 0.4143 0.3988 0.2666
v -0.061430 1.253639 3.328508 0.4143 0.3988 0.2666
v -0.049198 1.287414 1.344932 0.4143 0.3988 0.2666
v -0.057282 1.256852 3.328574 0.4143 0.3988 0.2666
v -0.044856 1.290361 1.344995 0.4143 0.3988 0.2666
v -0.052940 1.259799 3.328638 0.4143 0.3988 0.2666
v -0.040338 1.293029 1.345055 0.4143 0.3988 0.2666
v -0.048422 1.262468 3.328697 0.4143 0.3988 0.2666
v -0.035661 1.295409 1.345111 0.4143 0.3988 0.2666
v -0.043745 1.264847 3.328753 0.4143 0.3988 0.2666
v -0.030844 1.297490 1.345162 0.4143 0.3988 0.2666
v -0.038928 1.266928 3.328804 0.4143 0.3988 0.2666
v -0.025905 1.299265 1.345210 0.4143 0.3988 0.2666
v -0.033990 1.268703 3.328851 0.4143 0.3988 0.2666
v -0.020865 1.300726 1.345253 0.4143 0.3988 0.2666
v -0.028949 1.270164 3.328895 0.4143 0.3988 0.2666
v -0.015743 1.301868 1.345291 0.4143 0.3988 0.2666
v -0.023827 1.271306 3.328933 0.4143 0.3988 0.2666
v -0.010560 1.302685 1.345325 0.4143 0.3988 0.2666
v -0.018644 1.272124 3.328967 0.4143 0.3988 0.2666
v -0.005335 1.303176 1.345354 0.4143 0.3988 0.2666
v -0.013419 1.272614 3.328996 0.4143 0.3988 0.2666
v -0.000090 1.303338 1.345378 0.4143 0.3988 0.2666
v -0.008174 1.272776 3.329019 0.4143 0.3988 0.2666
v 0.005155 1.303170 1.345396 0.4143 0.3988 0.2666
v -0.002929 1.272609 3.329039 0.4143 0.3988 0.2666
v 0.010379 1.302673 1.345410 0.4143 0.3988 0.2666
v 0.002295 1.272112 3.329052 0.4143 0.3988 0.2666
v 0.015562 1.301850 1.345418 0.4143 0.3988 0.2666
v 0.007478 1.271288 3.329061 0.4143 0.3988 0.2666
v 0.020683 1.300702 1.345422 0.4143 0.3988 0.2666
v 0.012599 1.270140 3.329064 0.4143 0.3988 0.2666
v 0.025722 1.299235 1.345420 0.4143 0.3988 0.2666
v 0.017638 1.268674 3.329061 0.4143 0.3988 0.2666
v 0.030658 1.297455 1.345412 0.4143 0.3988 0.2666
v 0.022574 1.266893 3.329055 0.4143 0.3988 0.2666
v 0.035473 1.295368 1.345400 0.4143 0.3988 0.2666
v 0.027389 1.264807 3.329042 0.4143 0.3988 0.2666
v 0.040148 1.292984 1.345382 0.4143 0.3988 0.2666
v 0.032064 1.262422 3.329025 0.4143 0.3988 0.2666
v 0.044664 1.290310 1.345359 0.4143 0.3988 0.2666
v 0.036579 1.259748 3.329001 0.4143 0.3988 0.2666
v 0.049002 1.287358 1.345331 0.4143 0.3988 0.2666
v 0.040918 1.256796 3.328973 0.4143 0.3988 0.2666
v 0.053147 1.284140 1.345299 0.4143 0.3988 0.2666
v 0.045063 1.253578 3.328941 0.4143 0.3988 0.2666
v 0.057082 1.280668 1.345261 0.4143 0.3988 0.2666
v 0.048998 1.250106 3.328904 0.4143 0.3988 0.2666
v 0.060791 1.276955 1.345219 0.4143 0.3988 0.2666
v 0.052707 1.246393 3.328861 0.4143 0.3988 0.2666
v 0.064259 1.273017 1.345173 0.4143 0.3988 0.2666
v 0.056175 1.242455 3.328815 0.4143 0.3988 0.2666
v 0.067473 1.268869 1.345122 0.4143 0.3988 0.2666
v 0.059389 1.238308 3.328764 0.4143 0.3988 0.2666
v 0.070421 1.264528 1.345067 0.4143 0.3988 0.2666
v 0.062337 1.233966 3.328709 0.4143 0.3988 0.2666
v 0.073090 1.260010 1.345008 0.4143 0.3988 0.2666
v 0.065006 1.229448 3.328650 0.4143 0.3988 0.2666
v 0.075470 1.255333 1.344946 0.4143 0.3988 0.2666
v 0.067386 1.224771 3.328588 0.4143 0.3988 0.2666
v 0.077552 1.250516 1.344880 0.4143 0.3988 0.2666
v 0.069468 1.219955 3.328522 0.4143 0.3988 0.2666
v 0.079327 1.245579 1.344811 0.4143 0.3988 0.2666
v 0.071243 1.215017 3.328453 0.4143 0.3988 0.2666
v 0.080788 1.240539 1.344740 0.4143 0.3988 0.2666
v 0.072704 1.209977 3.328382 0.4143 0.3988 0.2666
v 0.081931 1.235417 1.344666 0.4143 0.3988 0.2666
v 0.073846 1.204856 3.328308 0.4143 0.3988 0.2666
v 0.082749 1.230234 1.344589 0.4143 0.3988 0.2666
v 0.074665 1.199672 3.328231 0.4143 0.3988 0.2666
v 0.083240 1.225010 1.344510 0.4143 0.3988 0.2666
v 0.075156 1.194448 3.328152 0.4143 0.3988 0.2666
v 0.064943 1.184010 3.366108 0.4143 0.3988 0.2666
v 0.065090 1.188622 3.366179 0.4143 0.3988 0.2666
v 0.064506 1.179416 3.366036 0.4143 0.3988 0.2666
v 0.063782 1.174859 3.365963 0.4143 0.3988 0.2666
v 0.062773 1.170356 3.365889 0.4143 0.3988 0.2666
v 0.061483 1.165925 3.365815 0.4143 0.3988 0.2666
v 0.059918 1.161584 3.365742 0.4143 0.3988 0.2666
v 0.058083 1.157350 3.365669 0.4143 0.3988 0.2666
v 0.055986 1.153240 3.365598 0.4143 0.3988 0.2666
v 0.053634 1.149270 3.365526 0.4143 0.3988 0.2666
v 0.051039 1.145454 3.365458 0.4143 0.3988 0.2666
v 0.048208 1.141810 3.365390 0.4143 0.3988 0.2666
v 0.045154 1.138350 3.365324 0.4143 0.3988 0.2666
v 0.041889 1.135089 3.365260 0.4143 0.3988 0.2666
v 0.038426 1.132040 3.365199 0.4143 0.3988 0.2666
v 0.034778 1.129213 3.365141 0.4143 0.3988 0.2666
v 0.030960 1.126622 3.365086 0.4143 0.3988 0.2666
v 0.026986 1.124275 3.365033 0.4143 0.3988 0.2666
v 0.022873 1.122182 3.364984 0.4143 0.3988 0.2666
v 0.018637 1.120352 3.364939 0.4143 0.3988 0.2666
v 0.014294 1.118792 3.364897 0.4143 0.3988 0.2666
v 0.009862 1.117507 3.364859 0.4143 0.3988 0.2666
v 0.005357 1.116503 3.364825 0.4143 0.3988 0.2666
v 0.000799 1.115783 3.364795 0.4143 0.3988 0.2666
v -0.003796 1.115352 3.364770 0.4143 0.3988 0.2666
v -0.008409 1.115209 3.364749 0.4143 0.3988 0.2666
v -0.013021 1.115357 3.364733 0.4143 0.3988 0.2666
v -0.017616 1.115794 3.364721 0.4143 0.3988 0.2666
v -0.022174 1.116518 3.364713 0.4143 0.3988 0.2666
v -0.026677 1.117527 3.364711 0.4143 0.3988 0.2666
v -0.031108 1.118817 3.364712 0.4143 0.3988 0.2666
v -0.035449 1.120383 3.364719 0.4143 0.3988 0.2666
v -0.039684 1.122218 3.364730 0.4143 0.3988 0.2666
v -0.043795 1.124315 3.364745 0.4143 0.3988 0.2666
v -0.047766 1.126667 3.364765 0.4143 0.3988 0.2666
v -0.051582 1.129262 3.364790 0.4143 0.3988 0.2666
v -0.055227 1.132093 3.364819 0.4143 0.3988 0.2666
v -0.058687 1.135146 3.364851 0.4143 0.3988 0.2666
v -0.061949 1.138411 3.364889 0.4143 0.3988 0.2666
v -0.064999 1.141874 3.364929 0.4143 0.3988 0.2666
v -0.067826 1.145522 3.364974 0.4143 0.3988 0.2666
v -0.070418 1.149340 3.365022 0.4143 0.3988 0.2666
v -0.072765 1.153313 3.365074 0.4143 0.3988 0.2666
v -0.074858 1.157426 3.365129 0.4143 0.3988 0.2666
v -0.076689 1.161662 3.365187 0.4143 0.3988 0.2666
v -0.078250 1.166005 3.365247 0.4143 0.3988 0.2666
v -0.079535 1.170437 3.365310 0.4143 0.3988 0.2666
v -0.080539 1.174941 3.365376 0.4143 0.3988 0.2666
v -0.081259 1.179499 3.365442 0.4143 0.3988 0.2666
v -0.081691 1.184093 3.365512 0.4143 0.3988 0.2666
v -0.081834 1.188705 3.365582 0.4143 0.3988 0.2666
v -0.081686 1.193317 3.365654 0.4143 0.3988 0.2666
v -0.081250 1.197911 3.365726 0.4143 0.3988 0.2666
v -0.080526 1.202468 3.365800 0.4143 0.3988 0.2666
v -0.079517 1.206971 3.365873 0.4143 0.3988 0.2666
v -0.078227 1.211401 3.365946 0.4143 0.3988 0.2666
v -0.076661 1.215742 3.366020 0.4143 0.3988 0.2666
v -0.074826 1.219976 3.366093 0.4143 0.3988 0.2666
v -0.072729 1.224087 3.366164 0.4143 0.3988 0.2666
v -0.070378 1.228057 3.366235 0.4143 0.3988 0.2666
v -0.067782 1.231872 3.366305 0.4143 0.3988 0.2666
v -0.064951 1.235517 3.366372 0.4143 0.3988 0.2666
v -0.061898 1.238976 3.366438 0.4143 0.3988 0.2666
v -0.058633 1.242238 3.366502 0.4143 0.3988 0.2666
v -0.055170 1.245287 3.366563 0.4143 0.3988 0.2666
v -0.051522 1.248113 3.366621 0.4143 0.3988 0.2666
v -0.047703 1.250705 3.366676 0.4143 0.3988 0.2666
v -0.043730 1.253052 3.366729 0.4143 0.3988 0.2666
v -0.039617 1.255144 3.366778 0.4143 0.3988 0.2666
v -0.035380 1.256975 3.366823 0.4143 0.3988 0.2666
v -0.031037 1.258535 3.366865 0.4143 0.3988 0.2666
v -0.026605 1.259820 3.366903 0.4143 0.3988 0.2666
v -0.022101 1.260824 3.366937 0.4143 0.3988 0.2666
v -0.017542 1.261544 3.366966 0.4143 0.3988 0.2666
v -0.012947 1.261975 3.366992 0.4143 0.3988 0.2666
v -0.008335 1.262117 3.367013 0.4143 0.3988 0.2666
v -0.003722 1.261970 3.367029 0.4143 0.3988 0.2666
v 0.000872 1.261533 3.367041 0.4143 0.3988 0.2666
v 0.005430 1.260808 3.367049 0.4143 0.3988 0.2666
v 0.009934 1.259799 3.367052 0.4143 0.3988 0.2666
v 0.014365 1.258509 3.367050 0.4143 0.3988 0.2666
v 0.018706 1.256944 3.367043 0.4143 0.3988 0.2666
v 0.022941 1.255109 3.367032 0.4143 0.3988 0.2666
v 0.027051 1.253011 3.367017 0.4143 0.3988 0.2666
v 0.031023 1.250660 3.366997 0.4143 0.3988 0.2666
v 0.034838 1.248064 3.366973 0.4143 0.3988 0.2666
v 0.038483 1.245234 3.366943 0.4143 0.3988 0.2666
v 0.041944 1.242180 3.366910 0.4143 0.3988 0.2666
v 0.045205 1.238916 3.366874 0.4143 0.3988 0.2666
v 0.048255 1.235452 3.366833 0.4143 0.3988 0.2666
v 0.051082 1.231805 3.366788 0.4143 0.3988 0.2666
v 0.053674 1.227987 3.366740 0.4143 0.3988 0.2666
v 0.056021 1.224014 3.366688 0.4143 0.3988 0.2666
v 0.058115 1.219901 3.366633 0.4143 0.3988 0.2666
v 0.059945 1.215665 3.366575 0.4143 0.3988 0.2666
v 0.061506 1.211322 3.366515 0.4143 0.3988 0.2666
v 0.062792 1.206890 3.366452 0.4143 0.3988 0.2666
v 0.063796 1.202386 3.366387 0.4143 0.3988 0.2666
v 0.064516 1.197828 3.366319 0.4143 0.3988 0.2666
v 0.064948 1.193234 3.366250 0.4143 0.3988 0.2666
v 0.041596 1.184579 3.424301 0.4143 0.3988 0.2666
v 0.041697 1.187737 3.424351 0.4143 0.3988 0.2666
v 0.041297 1.181433 3.424252 0.4143 0.3988 0.2666
v 0.040801 1.178312 3.424201 0.4143 0.3988 0.2666
v 0.040110 1.175229 3.424151 0.4143 0.3988 0.2666
v 0.039227 1.172195 3.424101 0.4143 0.3988 0.2666
v 0.038155 1.169222 3.424051 0.4143 0.3988 0.2666
v 0.036898 1.166323 3.424001 0.4143 0.3988 0.2666
v 0.035462 1.163508 3.423952 0.4143 0.3988 0.2666
v 0.033852 1.160789 3.423903 0.4143 0.3988 0.2666
v 0.032074 1.158177 3.423855 0.4143 0.3988 0.2666
v 0.030136 1.155681 3.423809 0.4143 0.3988 0.2666
v 0.028045 1.153312 3.423764 0.4143 0.3988 0.2666
v 0.025809 1.151079 3.423720 0.4143 0.3988 0.2666
v 0.023438 1.148990 3.423679 0.4143 0.3988 0.2666
v 0.020939 1.147055 3.423639 0.4143 0.3988 0.2666
v 0.018325 1.145280 3.423600 0.4143 0.3988 0.2666
v 0.015604 1.143673 3.423565 0.4143 0.3988 0.2666
v 0.012787 1.142240 3.423532 0.4143 0.3988 0.2666
v 0.009886 1.140987 3.423500 0.4143 0.3988 0.2666
v 0.006912 1.139918 3.423472 0.4143 0.3988 0.2666
v 0.003877 1.139038 3.423446 0.4143 0.3988 0.2666
v 0.000792 1.138351 3.423422 0.4143 0.3988 0.2666
v -0.002329 1.137858 3.423402 0.4143 0.3988 0.2666
v -0.005476 1.137563 3.423385 0.4143 0.3988 0.2666
v -0.008635 1.137465 3.423371 0.4143 0.3988 0.2666
v -0.011793 1.137566 3.423359 0.4143 0.3988 0.2666
v -0.014939 1.137865 3.423351 0.4143 0.3988 0.2666
v -0.018061 1.138362 3.423346 0.4143 0.3988 0.2666
v -0.021144 1.139053 3.423344 0.4143 0.3988 0.2666
v -0.024179 1.139936 3.423345 0.4143 0.3988 0.2666
v -0.027152 1.141008 3.423350 0.4143 0.3988 0.2666
v -0.030051 1.142265 3.423357 0.4143 0.3988 0.2666
v -0.032867 1.143701 3.423368 0.4143 0.3988 0.2666
v -0.035586 1.145311 3.423382 0.4143 0.3988 0.2666
v -0.038199 1.147088 3.423398 0.4143 0.3988 0.2666
v -0.040695 1.149027 3.423418 0.4143 0.3988 0.2666
v -0.043065 1.151118 3.423440 0.4143 0.3988 0.2666
v -0.045298 1.153353 3.423466 0.4143 0.3988 0.2666
v -0.047387 1.155725 3.423494 0.4143 0.3988 0.2666
v -0.049323 1.158223 3.423525 0.4143 0.3988 0.2666
v -0.051098 1.160838 3.423558 0.4143 0.3988 0.2666
v -0.052705 1.163558 3.423593 0.4143 0.3988 0.2666
v -0.054138 1.166375 3.423631 0.4143 0.3988 0.2666
v -0.055392 1.169276 3.423670 0.4143 0.3988 0.2666
v -0.056461 1.172249 3.423712 0.4143 0.3988 0.2666
v -0.057341 1.175284 3.423755 0.4143 0.3988 0.2666
v -0.058029 1.178368 3.423799 0.4143 0.3988 0.2666
v -0.058522 1.181490 3.423846 0.4143 0.3988 0.2666
v -0.058818 1.184636 3.423893 0.4143 0.3988 0.2666
v -0.058915 1.187794 3.423941 0.4143 0.3988 0.2666
v -0.058814 1.190953 3.423990 0.4143 0.3988 0.2666
v -0.058515 1.194098 3.424040 0.4143 0.3988 0.2666
v -0.058019 1.197219 3.424090 0.4143 0.3988 0.2666
v -0.057328 1.200303 3.424140 0.4143 0.3988 0.2666
v -0.056445 1.203337 3.424191 0.4143 0.3988 0.2666
v -0.055373 1.206309 3.424241 0.4143 0.3988 0.2666
v -0.054117 1.209208 3.424290 0.4143 0.3988 0.2666
v -0.052680 1.212023 3.424340 0.4143 0.3988 0.2666
v -0.051070 1.214742 3.424388 0.4143 0.3988 0.2666
v -0.049293 1.217355 3.424436 0.4143 0.3988 0.2666
v -0.047354 1.219851 3.424482 0.4143 0.3988 0.2666
v -0.045263 1.222220 3.424527 0.4143 0.3988 0.2666
v -0.043027 1.224453 3.424571 0.4143 0.3988 0.2666
v -0.040656 1.226541 3.424612 0.4143 0.3988 0.2666
v -0.038158 1.228477 3.424653 0.4143 0.3988 0.2666
v -0.035543 1.230251 3.424691 0.4143 0.3988 0.2666
v -0.032822 1.231858 3.424726 0.4143 0.3988 0.2666
v -0.030005 1.233291 3.424760 0.4143 0.3988 0.2666
v -0.027104 1.234545 3.424791 0.4143 0.3988 0.2666
v -0.024130 1.235613 3.424820 0.4143 0.3988 0.2666
v -0.021095 1.236493 3.424845 0.4143 0.3988 0.2666
v -0.018011 1.237181 3.424869 0.4143 0.3988 0.2666
v -0.014889 1.237673 3.424889 0.4143 0.3988 0.2666
v -0.011742 1.237969 3.424906 0.4143 0.3988 0.2666
v -0.008584 1.238066 3.424921 0.4143 0.3988 0.2666
v -0.005425 1.237965 3.424932 0.4143 0.3988 0.2666
v -0.002279 1.237666 3.424940 0.4143 0.3988 0.2666
v 0.000842 1.237170 3.424945 0.4143 0.3988 0.2666
v 0.003926 1.236479 3.424947 0.4143 0.3988 0.2666
v 0.006960 1.235595 3.424946 0.4143 0.3988 0.2666
v 0.009933 1.234524 3.424942 0.4143 0.3988 0.2666
v 0.012833 1.233267 3.424934 0.4143 0.3988 0.2666
v 0.015648 1.231831 3.424923 0.4143 0.3988 0.2666
v 0.018368 1.230221 3.424910 0.4143 0.3988 0.2666
v 0.020981 1.228443 3.424893 0.4143 0.3988 0.2666
v 0.023477 1.226505 3.424873 0.4143 0.3988 0.2666
v 0.025846 1.224414 3.424851 0.4143 0.3988 0.2666
v 0.028080 1.222178 3.424825 0.4143 0.3988 0.2666
v 0.030169 1.219806 3.424797 0.4143 0.3988 0.2666
v 0.032104 1.217309 3.424767 0.4143 0.3988 0.2666
v 0.033879 1.214694 3.424734 0.4143 0.3988 0.2666
v 0.035487 1.211973 3.424698 0.4143 0.3988 0.2666
v 0.036920 1.209157 3.424661 0.4143 0.3988 0.2666
v 0.038174 1.206256 3.424621 0.4143 0.3988 0.2666
v 0.039243 1.203282 3.424579 0.4143 0.3988 0.2666
v 0.040123 1.200247 3.424536 0.4143 0.3988 0.2666
v 0.040811 1.197163 3.424492 0.4143 0.3988 0.2666
v 0.041303 1.194042 3.424446 0.4143 0.3988 0.2666
v 0.041599 1.190896 3.424398 0.4143 0.3988 0.2666
v 0.064693 1.183064 3.427503 0.4143 0.3988 0.2666
v 0.064840 1.187676 3.427575 0.4143 0.3988 0.2666
v 0.064256 1.178470 3.427431 0.4143 0.3988 0.2666
v 0.063532 1.173913 3.427357 0.4143 0.3988 0.2666
v 0.062523 1.169410 3.427284 0.4143 0.3988 0.2666
v 0.061233 1.164979 3.427211 0.4143 0.3988 0.2666
v 0.059668 1.160639 3.427137 0.4143 0.3988 0.2666
v 0.057833 1.156404 3.427065 0.4143 0.3988 0.2666
v 0.055735 1.152294 3.426992 0.4143 0.3988 0.2666
v 0.053384 1.148324 3.426922 0.4143 0.3988 0.2666
v 0.050788 1.144509 3.426852 0.4143 0.3988 0.2666
v 0.047958 1.140864 3.426785 0.4143 0.3988 0.2666
v 0.044904 1.137404 3.426719 0.4143 0.3988 0.2666
v 0.041639 1.134143 3.426656 0.4143 0.3988 0.2666
v 0.038176 1.131094 3.426594 0.4143 0.3988 0.2666
v 0.034528 1.128267 3.426536 0.4143 0.3988 0.2666
v 0.030710 1.125676 3.426480 0.4143 0.3988 0.2666
v 0.026736 1.123329 3.426428 0.4143 0.3988 0.2666
v 0.022623 1.121237 3.426379 0.4143 0.3988 0.2666
v 0.018387 1.119406 3.426334 0.4143 0.3988 0.2666
v 0.014044 1.117846 3.426292 0.4143 0.3988 0.2666
v 0.009611 1.116561 3.426254 0.4143 0.3988 0.2666
v 0.005107 1.115557 3.426220 0.4143 0.3988 0.2666
v 0.000548 1.114838 3.426191 0.4143 0.3988 0.2666
v -0.004046 1.114406 3.426166 0.4143 0.3988 0.2666
v -0.008659 1.114264 3.426144 0.4143 0.3988 0.2666
v -0.013272 1.114411 3.426128 0.4143 0.3988 0.2666
v -0.017866 1.114848 3.426116 0.4143 0.3988 0.2666
v -0.022424 1.115572 3.426108 0.4143 0.3988 0.2666
v -0.026927 1.116582 3.426106 0.4143 0.3988 0.2666
v -0.031358 1.117872 3.426108 0.4143 0.3988 0.2666
v -0.035700 1.119437 3.426114 0.4143 0.3988 0.2666
v -0.039934 1.121272 3.426125 0.4143 0.3988 0.2666
v -0.044045 1.123370 3.426140 0.4143 0.3988 0.2666
v -0.048016 1.125721 3.426161 0.4143 0.3988 0.2666
v -0.051832 1.128317 3.426185 0.4143 0.3988 0.2666
v -0.055477 1.131147 3.426214 0.4143 0.3988 0.2666
v -0.058937 1.134200 3.426247 0.4143 0.3988 0.2666
v -0.062199 1.137465 3.426284 0.4143 0.3988 0.2666
v -0.065249 1.140928 3.426325 0.4143 0.3988 0.2666
v -0.068076 1.144576 3.426369 0.4143 0.3988 0.2666
v -0.070668 1.148394 3.426417 0.4143 0.3988 0.2666
v -0.073015 1.152367 3.426469 0.4143 0.3988 0.2666
v -0.075108 1.156480 3.426524 0.4143 0.3988 0.2666
v -0.076939 1.160716 3.426582 0.4143 0.3988 0.2666
v -0.078500 1.165059 3.426642 0.4143 0.3988 0.2666
v -0.079785 1.169491 3.426705 0.4143 0.3988 0.2666
v -0.080790 1.173995 3.426771 0.4143 0.3988 0.2666
v -0.081509 1.178553 3.426838 0.4143 0.3988 0.2666
v -0.081941 1.183147 3.426907 0.4143 0.3988 0.2666
v -0.082084 1.187759 3.426978 0.4143 0.3988 0.2666
v -0.081937 1.192371 3.427049 0.4143 0.3988 0.2666
v -0.081500 1.196965 3.427122 0.4143 0.3988 0.2666
v -0.080776 1.201522 3.427195 0.4143 0.3988 0.2666
v -0.079767 1.206025 3.427268 0.4143 0.3988 0.2666
v -0.078477 1.210456 3.427342 0.4143 0.3988 0.2666
v -0.076912 1.214797 3.427415 0.4143 0.3988 0.2666
v -0.075077 1.219030 3.427487 0.4143 0.3988 0.2666
v -0.072979 1.223141 3.427560 0.4143 0.3988 0.2666
v -0.070628 1.227111 3.427630 0.4143 0.3988 0.2666
v -0.068032 1.230926 3.427700 0.4143 0.3988 0.2666
v -0.065202 1.234571 3.427768 0.4143 0.3988 0.2666
v -0.062148 1.238031 3.427833 0.4143 0.3988 0.2666
v -0.058883 1.241292 3.427897 0.4143 0.3988 0.2666
v -0.055420 1.244341 3.427958 0.4143 0.3988 0.2666
v -0.051772 1.247167 3.428016 0.4143 0.3988 0.2666
v -0.047953 1.249759 3.428072 0.4143 0.3988 0.2666
v -0.043980 1.252106 3.428124 0.4143 0.3988 0.2666
v -0.039867 1.254198 3.428174 0.4143 0.3988 0.2666
v -0.035631 1.256029 3.428219 0.4143 0.3988 0.2666
v -0.031288 1.257589 3.428260 0.4143 0.3988 0.2666
v -0.026855 1.258874 3.428298 0.4143 0.3988 0.2666
v -0.022351 1.259878 3.428332 0.4143 0.3988 0.2666
v -0.017792 1.260598 3.428362 0.4143 0.3988 0.2666
v -0.013198 1.261029 3.428387 0.4143 0.3988 0.2666
v -0.008585 1.261171 3.428408 0.4143 0.3988 0.2666
v -0.003972 1.261024 3.428425 0.4143 0.3988 0.2666
v 0.000622 1.260587 3.428437 0.4143 0.3988 0.2666
v 0.005180 1.259862 3.428444 0.4143 0.3988 0.2666
v 0.009683 1.258853 3.428447 0.4143 0.3988 0.2666
v 0.014114 1.257563 3.428445 0.4143 0.3988 0.2666
v 0.018456 1.255998 3.428438 0.4143 0.3988 0.2666
v 0.022690 1.254163 3.428427 0.4143 0.3988 0.2666
v 0.026801 1.252066 3.428412 0.4143 0.3988 0.2666
v 0.030772 1.249714 3.428392 0.4143 0.3988 0.2666
v 0.034588 1.247118 3.428367 0.4143 0.3988 0.2666
v 0.038233 1.244288 3.428339 0.4143 0.3988 0.2666
v 0.041693 1.241235 3.428306 0.4143 0.3988 0.2666
v 0.044955 1.237970 3.428269 0.4143 0.3988 0.2666
v 0.048005 1.234507 3.428227 0.4143 0.3988 0.2666
v 0.050832 1.230859 3.428183 0.4143 0.3988 0.2666
v 0.053424 1.227041 3.428135 0.4143 0.3988 0.2666
v 0.055771 1.223068 3.428083 0.4143 0.3988 0.2666
v 0.057864 1.218955 3.428029 0.4143 0.3988 0.2666
v 0.059695 1.214719 3.427970 0.4143 0.3988 0.2666
v 0.061256 1.210376 3.427910 0.4143 0.3988 0.2666
v 0.062541 1.205944 3.427847 0.4143 0.3988 0.2666
v 0.063546 1.201440 3.427782 0.4143 0.3988 0.2666
v 0.064266 1.196882 3.427714 0.4143 0.3988 0.2666
v 0.064698 1.192288 3.427645 0.4143 0.3988 0.2666
v 0.045735 1.200223 2.408725 0.3493 0.3384 0.2320
v 0.045836 1.203381 2.408774 0.3493 0.3384 0.2320
v 0.045436 1.197077 2.408675 0.3493 0.3384 0.2320
v 0.044940 1.193956 2.408625 0.3493 0.3384 0.2320
v 0.044249 1.190873 2.408575 0.3493 0.3384 0.2320
v 0.043366 1.187839 2.408524 0.3493 0.3384 0.2320
v 0.042294 1.184867 2.408474 0.3493 0.3384 0.2320
v 0.041037 1.181967 2.408425 0.3493 0.3384 0.2320
v 0.039601 1.179152 2.408375 0.3493 0.3384 0.2320
v 0.037991 1.176433 2.408327 0.3493 0.3384 0.2320
v 0.036213 1.173821 2.408279 0.3493 0.3384 0.2320
v 0.034275 1.171325 2.408233 0.3493 0.3384 0.2320
v 0.032184 1.168956 2.408188 0.3493 0.3384 0.2320
v 0.029948 1.166723 2.408144 0.3493 0.3384 0.2320
v 0.027576 1.164634 2.408103 0.3493 0.3384 0.2320
v 0.025078 1.162699 2.408062 0.3493 0.3384 0.2320
v 0.022464 1.160924 2.408024 0.3493 0.3384 0.2320
v 0.019743 1.159317 2.407989 0.3493 0.3384 0.2320
v 0.016926 1.157885 2.407955 0.3493 0.3384 0.2320
v 0.014025 1.156631 2.407924 0.3493 0.3384 0.2320
v 0.011051 1.155563 2.407895 0.3493 0.3384 0.2320
v 0.008016 1.154683 2.407869 0.3493 0.3384 0.2320
v 0.004931 1.153995 2.407846 0.3493 0.3384 0.2320
v 0.001809 1.153502 2.407826 0.3493 0.3384 0.2320
v -0.001337 1.153207 2.407809 0.3493 0.3384 0.2320
v -0.004496 1.153110 2.407794 0.3493 0.3384 0.2320
v -0.007654 1.153211 2.407783 0.3493 0.3384 0.2320
v -0.010801 1.153510 2.407775 0.3493 0.3384 0.2320
v -0.013922 1.154006 2.407769 0.3493 0.3384 0.2320
v -0.017006 1.154697 2.407768 0.3493 0.3384 0.2320
v -0.020040 1.155580 2.407769 0.3493 0.3384 0.2320
v -0.023013 1.156652 2.407773 0.3493 0.3384 0.2320
v -0.025913 1.157909 2.407781 0.3493 0.3384 0.2320
v -0.028728 1.159345 2.407792 0.3493 0.3384 0.2320
v -0.031447 1.160955 2.407805 0.3493 0.3384 0.2320
v -0.034060 1.162733 2.407822 0.3493 0.3384 0.2320
v -0.036556 1.164671 2.407842 0.3493 0.3384 0.2320
v -0.038926 1.166762 2.407864 0.3493 0.3384 0.2320
v -0.041159 1.168998 2.407889 0.3493 0.3384 0.2320
v -0.043248 1.171369 2.407918 0.3493 0.3384 0.2320
v -0.045184 1.173867 2.407948 0.3493 0.3384 0.2320
v -0.046959 1.176482 2.407981 0.3493 0.3384 0.2320
v -0.048566 1.179202 2.408016 0.3493 0.3384 0.2320
v -0.049999 1.182019 2.408054 0.3493 0.3384 0.2320
v -0.051253 1.184920 2.408094 0.3493 0.3384 0.2320
v -0.052322 1.187893 2.408135 0.3493 0.3384 0.2320
v -0.053202 1.190928 2.408179 0.3493 0.3384 0.2320
v -0.053890 1.194013 2.408223 0.3493 0.3384 0.2320
v -0.054383 1.197134 2.408269 0.3493 0.3384 0.2320
v -0.054679 1.200280 2.408316 0.3493 0.3384 0.2320
v -0.054776 1.203438 2.408364 0.3493 0.3384 0.2320
v -0.054676 1.206597 2.408414 0.3493 0.3384 0.2320
v -0.054377 1.209742 2.408463 0.3493 0.3384 0.2320
v -0.053881 1.212863 2.408513 0.3493 0.3384 0.2320
v -0.053190 1.215947 2.408564 0.3493 0.3384 0.2320
v -0.052306 1.218981 2.408614 0.3493 0.3384 0.2320
v -0.051234 1.221953 2.408664 0.3493 0.3384 0.2320
v -0.049978 1.224853 2.408714 0.3493 0.3384 0.2320
v -0.048542 1.227667 2.408763 0.3493 0.3384 0.2320
v -0.046932 1.230386 2.408812 0.3493 0.3384 0.2320
v -0.045154 1.232999 2.408859 0.3493 0.3384 0.2320
v -0.043216 1.235495 2.408906 0.3493 0.3384 0.2320
v -0.041124 1.237864 2.408951 0.3493 0.3384 0.2320
v -0.038889 1.240097 2.408994 0.3493 0.3384 0.2320
v -0.036517 1.242185 2.409036 0.3493 0.3384 0.2320
v -0.034019 1.244121 2.409076 0.3493 0.3384 0.2320
v -0.031404 1.245895 2.409114 0.3493 0.3384 0.2320
v -0.028683 1.247502 2.409150 0.3493 0.3384 0.2320
v -0.025867 1.248935 2.409184 0.3493 0.3384 0.2320
v -0.022966 1.250189 2.409215 0.3493 0.3384 0.2320
v -0.019992 1.251257 2.409243 0.3493 0.3384 0.2320
v -0.016956 1.252137 2.409269 0.3493 0.3384 0.2320
v -0.013872 1.252825 2.409292 0.3493 0.3384 0.2320
v -0.010750 1.253317 2.409313 0.3493 0.3384 0.2320
v -0.007604 1.253613 2.409330 0.3493 0.3384 0.2320
v -0.004445 1.253710 2.409344 0.3493 0.3384 0.2320
v -0.001286 1.253609 2.409356 0.3493 0.3384 0.2320
v 0.001860 1.253310 2.409364 0.3493 0.3384 0.2320
v 0.004981 1.252814 2.409369 0.3493 0.3384 0.2320
v 0.008065 1.252123 2.409371 0.3493 0.3384 0.2320
v 0.011099 1.251240 2.409369 0.3493 0.3384 0.2320
v 0.014072 1.250167 2.409365 0.3493 0.3384 0.2320
v 0.016972 1.248911 2.409358 0.3493 0.3384 0.2320
v 0.019787 1.247475 2.409347 0.3493 0.3384 0.2320
v 0.022507 1.245865 2.409333 0.3493 0.3384 0.2320
v 0.025119 1.244087 2.409317 0.3493 0.3384 0.2320
v 0.027616 1.242149 2.409297 0.3493 0.3384 0.2320
v 0.029985 1.240058 2.409274 0.3493 0.3384 0.2320
v 0.032219 1.237822 2.409249 0.3493 0.3384 0.2320
v 0.034307 1.235451 2.409221 0.3493 0.3384 0.2320
v 0.036243 1.232953 2.409190 0.3493 0.3384 0.2320
v 0.038018 1.230338 2.409158 0.3493 0.3384 0.2320
v 0.039626 1.227617 2.409122 0.3493 0.3384 0.2320
v 0.041059 1.224801 2.409085 0.3493 0.3384 0.2320
v 0.042313 1.221900 2.409045 0.3493 0.3384 0.2320
v 0.043382 1.218927 2.409003 0.3493 0.3384 0.2320
v 0.044262 1.215891 2.408961 0.3493 0.3384 0.2320
v 0.044950 1.212807 2.408916 0.3493 0.3384 0.2320
v 0.045442 1.209686 2.408869 0.3493 0.3384 0.2320
v 0.045738 1.206540 2.408822 0.3493 0.3384 0.2320
v 0.100352 1.220434 1.300493 0.4143 0.3988 0.2666
v 0.100151 1.214137 1.300395 0.4143 0.3988 0.2666
v 0.099555 1.207864 1.300296 0.4143 0.3988 0.2666
v 0.098566 1.201642 1.300196 0.4143 0.3988 0.2666
v 0.097188 1.195494 1.300096 0.4143 0.3988 0.2666
v 0.095427 1.189444 1.299996 0.4143 0.3988 0.2666
v 0.093289 1.183517 1.299896 0.4143 0.3988 0.2666
v 0.090784 1.177737 1.299797 0.4143 0.3988 0.2666
v 0.087920 1.172124 1.299698 0.4143 0.3988 0.2666
v 0.084710 1.166703 1.299602 0.4143 0.3988 0.2666
v 0.081166 1.161494 1.299507 0.4143 0.3988 0.2666
v 0.077301 1.156518 1.299415 0.4143 0.3988 0.2666
v 0.073131 1.151794 1.299325 0.4143 0.3988 0.2666
v 0.068673 1.147341 1.299238 0.4143 0.3988 0.2666
v 0.063945 1.143177 1.299155 0.4143 0.3988 0.2666
v 0.058964 1.139318 1.299075 0.4143 0.3988 0.2666
v 0.053750 1.135780 1.298999 0.4143 0.3988 0.2666
v 0.048325 1.132576 1.298928 0.4143 0.3988 0.2666
v 0.042709 1.129718 1.298861 0.4143 0.3988 0.2666
v 0.036925 1.127220 1.298799 0.4143 0.3988 0.2666
v 0.030995 1.125089 1.298742 0.4143 0.3988 0.2666
v 0.024943 1.123334 1.298690 0.4143 0.3988 0.2666
v 0.018793 1.121963 1.298644 0.4143 0.3988 0.2666
v 0.012568 1.120981 1.298603 0.4143 0.3988 0.2666
v 0.006295 1.120392 1.298569 0.4143 0.3988 0.2666
v -0.000004 1.120198 1.298540 0.4143 0.3988 0.2666
v -0.006302 1.120399 1.298517 0.4143 0.3988 0.2666
v -0.012575 1.120996 1.298501 0.4143 0.3988 0.2666
v -0.018798 1.121985 1.298491 0.4143 0.3988 0.2666
v -0.024947 1.123363 1.298487 0.4143 0.3988 0.2666
v -0.030997 1.125124 1.298489 0.4143 0.3988 0.2666
v -0.036925 1.127262 1.298498 0.4143 0.3988 0.2666
v -0.042706 1.129767 1.298513 0.4143 0.3988 0.2666
v -0.048319 1.132631 1.298535 0.4143 0.3988 0.2666
v -0.053741 1.135841 1.298562 0.4143 0.3988 0.2666
v -0.058951 1.139385 1.298595 0.4143 0.3988 0.2666
v -0.063928 1.143250 1.298635 0.4143 0.3988 0.2666
v -0.068653 1.147419 1.298679 0.4143 0.3988 0.2666
v -0.073106 1.151877 1.298730 0.4143 0.3988 0.2666
v -0.077271 1.156605 1.298786 0.4143 0.3988 0.2666
v -0.081131 1.161586 1.298847 0.4143 0.3988 0.2666
v -0.084670 1.166799 1.298913 0.4143 0.3988 0.2666
v -0.087875 1.172224 1.298983 0.4143 0.3988 0.2666
v -0.090733 1.177840 1.299058 0.4143 0.3988 0.2666
v -0.093232 1.183623 1.299137 0.4143 0.3988 0.2666
v -0.095364 1.189553 1.299220 0.4143 0.3988 0.2666
v -0.097119 1.195604 1.299306 0.4143 0.3988 0.2666
v -0.098490 1.201754 1.299395 0.4143 0.3988 0.2666
v -0.099473 1.207977 1.299487 0.4143 0.3988 0.2666
v -0.100063 1.214250 1.299581 0.4143 0.3988 0.2666
v -0.100257 1.220548 1.299678 0.4143 0.3988 0.2666
v -0.100056 1.226845 1.299775 0.4143 0.3988 0.2666
v -0.099460 1.233118 1.299874 0.4143 0.3988 0.2666
v -0.098471 1.239340 1.299974 0.4143 0.3988 0.2666
v -0.097093 1.245488 1.300075 0.4143 0.3988 0.2666
v -0.095332 1.251537 1.300175 0.4143 0.3988 0.2666
v -0.093195 1.257464 1.300275 0.4143 0.3988 0.2666
v -0.090689 1.263245 1.300374 0.4143 0.3988 0.2666
v -0.087826 1.268858 1.300472 0.4143 0.3988 0.2666
v -0.084616 1.274279 1.300569 0.4143 0.3988 0.2666
v -0.081071 1.279488 1.300664 0.4143 0.3988 0.2666
v -0.077206 1.284464 1.300756 0.4143 0.3988 0.2666
v -0.073037 1.289188 1.300846 0.4143 0.3988 0.2666
v -0.068579 1.293641 1.300933 0.4143 0.3988 0.2666
v -0.063850 1.297805 1.301016 0.4143 0.3988 0.2666
v -0.058869 1.301664 1.301096 0.4143 0.3988 0.2666
v -0.053656 1.305202 1.301171 0.4143 0.3988 0.2666
v -0.048230 1.308406 1.301243 0.4143 0.3988 0.2666
v -0.042614 1.311263 1.301310 0.4143 0.3988 0.2666
v -0.036830 1.313762 1.301372 0.4143 0.3988 0.2666
v -0.030900 1.315893 1.301429 0.4143 0.3988 0.2666
v -0.024848 1.317648 1.301481 0.4143 0.3988 0.2666
v -0.018698 1.319019 1.301527 0.4143 0.3988 0.2666
v -0.012474 1.320001 1.301568 0.4143 0.3988 0.2666
v -0.006200 1.320590 1.301602 0.4143 0.3988 0.2666
v 0.000098 1.320784 1.301631 0.4143 0.3988 0.2666
v 0.006396 1.320583 1.301653 0.4143 0.3988 0.2666
v 0.012669 1.319986 1.301670 0.4143 0.3988 0.2666
v 0.018892 1.318997 1.301680 0.4143 0.3988 0.2666
v 0.025041 1.317619 1.301684 0.4143 0.3988 0.2666
v 0.031091 1.315858 1.301681 0.4143 0.3988 0.2666
v 0.037019 1.313720 1.301672 0.4143 0.3988 0.2666
v 0.042801 1.311215 1.301657 0.4143 0.3988 0.2666
v 0.048414 1.308351 1.301636 0.4143 0.3988 0.2666
v 0.053836 1.305141 1.301609 0.4143 0.3988 0.2666
v 0.059046 1.301597 1.301576 0.4143 0.3988 0.2666
v 0.064023 1.297732 1.301536 0.4143 0.3988 0.2666
v 0.068747 1.293563 1.301491 0.4143 0.3988 0.2666
v 0.073201 1.289105 1.301441 0.4143 0.3988 0.2666
v 0.077366 1.284377 1.301385 0.4143 0.3988 0.2666
v 0.081225 1.279396 1.301324 0.4143 0.3988 0.2666
v 0.084764 1.274183 1.301258 0.4143 0.3988 0.2666
v 0.087969 1.268758 1.301187 0.4143 0.3988 0.2666
v 0.090827 1.263142 1.301113 0.4143 0.3988 0.2666
v 0.093327 1.257358 1.301034 0.4143 0.3988 0.2666
v 0.095458 1.251429 1.300951 0.4143 0.3988 0.2666
v 0.097213 1.245378 1.300865 0.4143 0.3988 0.2666
v 0.098585 1.239228 1.300776 0.4143 0.3988 0.2666
v 0.099567 1.233005 1.300684 0.4143 0.3988 0.2666
v 0.100157 1.226732 1.300590 0.4143 0.3988 0.2666
v 0.101075 1.223169 1.122955 0.4143 0.3988 0.2666
v 0.100874 1.216872 1.122857 0.4143 0.3988 0.2666
v 0.100278 1.210600 1.122758 0.4143 0.3988 0.2666
v 0.099289 1.204377 1.122658 0.4143 0.3988 0.2666
v 0.097911 1.198229 1.122558 0.4143 0.3988 0.2666
v 0.096150 1.192180 1.122458 0.4143 0.3988 0.2666
v 0.094013 1.186253 1.122358 0.4143 0.3988 0.2666
v 0.091507 1.180472 1.122258 0.4143 0.3988 0.2666
v 0.088644 1.174860 1.122160 0.4143 0.3988 0.2666
v 0.085434 1.169438 1.122064 0.4143 0.3988 0.2666
v 0.081889 1.164229 1.121969 0.4143 0.3988 0.2666
v 0.078024 1.159253 1.121876 0.4143 0.3988 0.2666
v 0.073855 1.154529 1.121787 0.4143 0.3988 0.2666
v 0.069397 1.150077 1.121700 0.4143 0.3988 0.2666
v 0.064668 1.145913 1.121616 0.4143 0.3988 0.2666
v 0.059687 1.142054 1.121537 0.4143 0.3988 0.2666
v 0.054474 1.138515 1.121461 0.4143 0.3988 0.2666
v 0.049048 1.135311 1.121390 0.4143 0.3988 0.2666
v 0.043432 1.132454 1.121323 0.4143 0.3988 0.2666
v 0.037648 1.129955 1.121261 0.4143 0.3988 0.2666
v 0.031718 1.127824 1.121203 0.4143 0.3988 0.2666
v 0.025666 1.126070 1.121152 0.4143 0.3988 0.2666
v 0.019516 1.124699 1.121106 0.4143 0.3988 0.2666
v 0.013292 1.123716 1.121065 0.4143 0.3988 0.2666
v 0.007018 1.123127 1.121031 0.4143 0.3988 0.2666
v 0.000720 1.122933 1.121002 0.4143 0.3988 0.2666
v -0.005578 1.123134 1.120979 0.4143 0.3988 0.2666
v -0.011851 1.123731 1.120963 0.4143 0.3988 0.2666
v -0.018074 1.124720 1.120953 0.4143 0.3988 0.2666
v -0.024223 1.126098 1.120949 0.4143 0.3988 0.2666
v -0.030273 1.127859 1.120951 0.4143 0.3988 0.2666
v -0.036201 1.129997 1.120960 0.4143 0.3988 0.2666
v -0.041983 1.132502 1.120975 0.4143 0.3988 0.2666
v -0.047596 1.135366 1.120996 0.4143 0.3988 0.2666
v -0.053018 1.138576 1.121024 0.4143 0.3988 0.2666
v -0.058228 1.142121 1.121057 0.4143 0.3988 0.2666
v -0.063205 1.145985 1.121096 0.4143 0.3988 0.2666
v -0.067929 1.150155 1.121141 0.4143 0.3988 0.2666
v -0.072383 1.154612 1.121192 0.4143 0.3988 0.2666
v -0.076548 1.159341 1.121248 0.4143 0.3988 0.2666
v -0.080407 1.164321 1.121309 0.4143 0.3988 0.2666
v -0.083946 1.169534 1.121375 0.4143 0.3988 0.2666
v -0.087151 1.174959 1.121445 0.4143 0.3988 0.2666
v -0.090009 1.180575 1.121520 0.4143 0.3988 0.2666
v -0.092509 1.186359 1.121599 0.4143 0.3988 0.2666
v -0.094640 1.192288 1.121682 0.4143 0.3988 0.2666
v -0.096395 1.198339 1.121768 0.4143 0.3988 0.2666
v -0.097767 1.204489 1.121857 0.4143 0.3988 0.2666
v -0.098749 1.210713 1.121949 0.4143 0.3988 0.2666
v -0.099339 1.216986 1.122043 0.4143 0.3988 0.2666
v -0.099534 1.223283 1.122139 0.4143 0.3988 0.2666
v -0.099333 1.229581 1.122237 0.4143 0.3988 0.2666
v -0.098737 1.235853 1.122336 0.4143 0.3988 0.2666
v -0.097748 1.242075 1.122436 0.4143 0.3988 0.2666
v -0.096370 1.248223 1.122536 0.4143 0.3988 0.2666
v -0.094609 1.254273 1.122637 0.4143 0.3988 0.2666
v -0.092471 1.260200 1.122737 0.4143 0.3988 0.2666
v -0.089966 1.265981 1.122836 0.4143 0.3988 0.2666
v -0.087102 1.271593 1.122934 0.4143 0.3988 0.2666
v -0.083892 1.277014 1.123031 0.4143 0.3988 0.2666
v -0.080348 1.282223 1.123125 0.4143 0.3988 0.2666
v -0.076483 1.287200 1.123218 0.4143 0.3988 0.2666
v -0.072313 1.291923 1.123308 0.4143 0.3988 0.2666
v -0.067855 1.296376 1.123394 0.4143 0.3988 0.2666
v -0.063127 1.300540 1.123478 0.4143 0.3988 0.2666
v -0.058146 1.304399 1.123558 0.4143 0.3988 0.2666
v -0.052932 1.307938 1.123633 0.4143 0.3988 0.2666
v -0.047507 1.311141 1.123705 0.4143 0.3988 0.2666
v -0.041891 1.313999 1.123772 0.4143 0.3988 0.2666
v -0.036107 1.316498 1.123834 0.4143 0.3988 0.2666
v -0.030177 1.318629 1.123891 0.4143 0.3988 0.2666
v -0.024125 1.320383 1.123942 0.4143 0.3988 0.2666
v -0.017975 1.321754 1.123989 0.4143 0.3988 0.2666
v -0.011750 1.322736 1.124029 0.4143 0.3988 0.2666
v -0.005477 1.323325 1.124064 0.4143 0.3988 0.2666
v 0.000821 1.323520 1.124093 0.4143 0.3988 0.2666
v 0.007120 1.323318 1.124115 0.4143 0.3988 0.2666
v 0.013393 1.322722 1.124132 0.4143 0.3988 0.2666
v 0.019616 1.321733 1.124142 0.4143 0.3988 0.2666
v 0.025765 1.320355 1.124145 0.4143 0.3988 0.2666
v 0.031815 1.318593 1.124143 0.4143 0.3988 0.2666
v 0.037743 1.316456 1.124134 0.4143 0.3988 0.2666
v 0.043524 1.313950 1.124119 0.4143 0.3988 0.2666
v 0.049137 1.311087 1.124098 0.4143 0.3988 0.2666
v 0.054559 1.307876 1.124070 0.4143 0.3988 0.2666
v 0.059769 1.304332 1.124037 0.4143 0.3988 0.2666
v 0.064746 1.300467 1.123998 0.4143 0.3988 0.2666
v 0.069471 1.296298 1.123953 0.4143 0.3988 0.2666
v 0.073924 1.291840 1.123902 0.4143 0.3988 0.2666
v 0.078089 1.287112 1.123847 0.4143 0.3988 0.2666
v 0.081949 1.282131 1.123786 0.4143 0.3988 0.2666
v 0.085488 1.276918 1.123720 0.4143 0.3988 0.2666
v 0.088693 1.271493 1.123649 0.4143 0.3988 0.2666
v 0.091551 1.265877 1.123574 0.4143 0.3988 0.2666
v 0.094050 1.260094 1.123495 0.4143 0.3988 0.2666
v 0.096182 1.254164 1.123413 0.4143 0.3988 0.2666
v 0.097937 1.248113 1.123327 0.4143 0.3988 0.2666
v 0.099308 1.241964 1.123237 0.4143 0.3988 0.2666
v 0.100291 1.235740 1.123146 0.4143 0.3988 0.2666
v 0.100881 1.229467 1.123051 0.4143 0.3988 0.2666
v -0.008767 1.131267 3.385727 0.4143 0.3988 0.2666
v -0.008125 1.112799 3.225293 0.4143 0.3988 0.2666
v -0.050568 1.148607 3.385823 0.4143 0.3988 0.2666
v -0.064728 1.136279 3.225424 0.4143 0.3988 0.2666
v -0.067865 1.190422 3.386397 0.4143 0.3988 0.2666
v -0.088150 1.192901 3.226201 0.4143 0.3988 0.2666
v -0.050526 1.232217 3.387112 0.4143 0.3988 0.2666
v -0.064671 1.249496 3.227169 0.4143 0.3988 0.2666
v -0.008707 1.249510 3.387549 0.4143 0.3988 0.2666
v -0.008044 1.272911 3.227760 0.4143 0.3988 0.2666
v 0.033093 1.232170 3.387452 0.4143 0.3988 0.2666
v 0.048558 1.249431 3.227629 0.4143 0.3988 0.2666
v 0.050390 1.190355 3.386878 0.4143 0.3988 0.2666
v 0.071980 1.192810 3.226852 0.4143 0.3988 0.2666
v 0.033051 1.148560 3.386163 0.4143 0.3988 0.2666
v 0.048501 1.136215 3.225884 0.4143 0.3988 0.2666
v -0.008778 1.110332 3.385404 0.4143 0.3988 0.2666
v -0.065380 1.133812 3.385535 0.4143 0.3988 0.2666
v -0.088802 1.190434 3.386312 0.4143 0.3988 0.2666
v -0.065323 1.247029 3.387280 0.4143 0.3988 0.2666
v -0.008697 1.270445 3.387872 0.4143 0.3988 0.2666
v 0.047906 1.246965 3.387740 0.4143 0.3988 0.2666
v 0.071328 1.190343 3.386963 0.4143 0.3988 0.2666
v 0.047849 1.133748 3.385995 0.4143 0.3988 0.2666
v -0.006510 1.139799 2.831987 0.4143 0.3988 0.2666
v -0.048311 1.157139 2.832084 0.4143 0.3988 0.2666
v -0.065608 1.198954 2.832658 0.4143 0.3988 0.2666
v -0.048269 1.240749 2.833373 0.4143 0.3988 0.2666
v -0.006451 1.258041 2.833809 0.4143 0.3988 0.2666
v 0.035350 1.240701 2.833713 0.4143 0.3988 0.2666
v 0.052647 1.198886 2.833138 0.4143 0.3988 0.2666
v 0.035308 1.157091 2.832424 0.4143 0.3988 0.2666
v -0.029332 1.252560 3.264945 0.4143 0.3988 0.2666
v -0.029319 1.277606 3.265331 0.4143 0.3988 0.2666
v 0.012352 1.252537 3.265115 0.4143 0.3988 0.2666
v 0.012364 1.277582 3.265501 0.4143 0.3988 0.2666
v -0.029896 1.250427 3.403402 0.4143 0.3988 0.2666
v -0.029884 1.275473 3.403788 0.4143 0.3988 0.2666
v 0.011787 1.250403 3.403571 0.4143 0.3988 0.2666
v 0.011800 1.275449 3.403957 0.4143 0.3988 0.2666
v 0.011975 1.251115 3.357419 0.4143 0.3988 0.2666
v 0.012164 1.251826 3.311267 0.4143 0.3988 0.2666
v 0.012176 1.276871 3.311653 0.4143 0.3988 0.2666
v 0.011988 1.276160 3.357805 0.4143 0.3988 0.2666
v -0.029520 1.251849 3.311097 0.4143 0.3988 0.2666
v -0.029708 1.251138 3.357249 0.4143 0.3988 0.2666
v -0.029695 1.276184 3.357635 0.4143 0.3988 0.2666
v -0.029507 1.276895 3.311483 0.4143 0.3988 0.2666
v 0.012199 1.322510 3.312356 0.3493 0.3384 0.2320
v 0.012011 1.321799 3.358508 0.2648 0.2609 0.1900
v -0.029672 1.321823 3.358339 0.2648 0.2609 0.1900
v -0.029484 1.322533 3.312186 0.3493 0.3384 0.2320
v 0.011999 1.296916 3.358124 0.3669 0.3546 0.2412
v -0.029685 1.296940 3.357955 0.3669 0.3546 0.2412
v -0.029501 1.288599 3.311664 0.4143 0.3988 0.2666
v 0.012187 1.297627 3.311973 0.4143 0.3988 0.2666
v -0.008490 1.252548 3.265030 0.4143 0.3988 0.2666
v -0.008477 1.277594 3.265416 0.4143 0.3988 0.2666
v -0.009054 1.250415 3.403486 0.4143 0.3988 0.2666
v -0.009042 1.275461 3.403872 0.4143 0.3988 0.2666
v -0.008854 1.276172 3.357720 0.4143 0.3988 0.2666
v -0.008666 1.276883 3.311568 0.4143 0.3988 0.2666
v -0.008678 1.251837 3.311182 0.4143 0.3988 0.2666
v -0.008866 1.251126 3.357334 0.4143 0.3988 0.2666
v -0.008831 1.321811 3.358423 0.1229 0.1383 0.1345
v -0.008642 1.322522 3.312271 0.3105 0.3026 0.2121
v -0.008660 1.288587 3.311748 0.4143 0.3988 0.2666
v -0.008848 1.287876 3.357900 0.3105 0.3026 0.2121
v -0.027476 1.306720 3.393250 0.3105 0.3026 0.2121
v -0.035156 1.308011 3.309750 0.4143 0.3988 0.2666
v -0.027332 1.308986 3.393286 0.3105 0.3026 0.2121
v -0.034949 1.311282 3.309802 0.4143 0.3988 0.2666
v -0.026905 1.311216 3.393322 0.3105 0.3026 0.2121
v -0.034333 1.314500 3.309854 0.4143 0.3988 0.2666
v -0.026203 1.313374 3.393358 0.3105 0.3026 0.2121
v -0.033319 1.317617 3.309906 0.4143 0.3988 0.2666
v -0.025235 1.315428 3.393393 0.3105 0.3026 0.2121
v -0.031922 1.320581 3.309957 0.4143 0.3988 0.2666
v -0.024018 1.317344 3.393428 0.3105 0.3026 0.2121
v -0.030164 1.323347 3.310007 0.4143 0.3988 0.2666
v -0.022570 1.319092 3.393461 0.3105 0.3026 0.2121
v -0.028074 1.325871 3.310055 0.4143 0.3988 0.2666
v -0.020914 1.320645 3.393491 0.3105 0.3026 0.2121
v -0.025683 1.328114 3.310099 0.4143 0.3988 0.2666
v -0.019076 1.321978 3.393519 0.3105 0.3026 0.2121
v -0.023031 1.330038 3.310139 0.4143 0.3988 0.2666
v -0.017086 1.323071 3.393544 0.3105 0.3026 0.2121
v -0.020158 1.331615 3.310176 0.4143 0.3988 0.2666
v -0.014975 1.323905 3.393566 0.3105 0.3026 0.2121
v -0.017109 1.332820 3.310206 0.4143 0.3988 0.2666
v -0.012776 1.324469 3.393583 0.3105 0.3026 0.2121
v -0.013934 1.333633 3.310231 0.4143 0.3988 0.2666
v -0.010523 1.324752 3.393597 0.3105 0.3026 0.2121
v -0.010682 1.334042 3.310251 0.4143 0.3988 0.2666
v -0.008253 1.324751 3.393606 0.3105 0.3026 0.2121
v -0.007405 1.334041 3.310265 0.4143 0.3988 0.2666
v -0.006000 1.324465 3.393611 0.3105 0.3026 0.2121
v -0.004153 1.333628 3.310271 0.4143 0.3988 0.2666
v -0.003802 1.323899 3.393611 0.3105 0.3026 0.2121
v -0.000979 1.332811 3.310272 0.4143 0.3988 0.2666
v -0.001691 1.323062 3.393607 0.3105 0.3026 0.2121
v 0.002068 1.331603 3.310266 0.4143 0.3988 0.2666
v 0.000298 1.321967 3.393598 0.3105 0.3026 0.2121
v 0.004939 1.330022 3.310253 0.4143 0.3988 0.2666
v 0.002134 1.320632 3.393585 0.3105 0.3026 0.2121
v 0.007590 1.328095 3.310234 0.4143 0.3988 0.2666
v 0.003788 1.319077 3.393568 0.3105 0.3026 0.2121
v 0.009978 1.325850 3.310210 0.4143 0.3988 0.2666
v 0.005234 1.317327 3.393547 0.3105 0.3026 0.2121
v 0.012066 1.323323 3.310179 0.4143 0.3988 0.2666
v 0.006450 1.315410 3.393522 0.3105 0.3026 0.2121
v 0.013821 1.320555 3.310143 0.4143 0.3988 0.2666
v 0.007416 1.313355 3.393495 0.3105 0.3026 0.2121
v 0.015215 1.317589 3.310103 0.4143 0.3988 0.2666
v 0.008116 1.311196 3.393464 0.3105 0.3026 0.2121
v 0.016226 1.314471 3.310060 0.4143 0.3988 0.2666
v 0.008540 1.308966 3.393431 0.3105 0.3026 0.2121
v 0.016839 1.311252 3.310012 0.4143 0.3988 0.2666
v 0.008682 1.306700 3.393397 0.3105 0.3026 0.2121
v 0.017043 1.307981 3.309963 0.4143 0.3988 0.2666
v 0.008538 1.304434 3.393361 0.3105 0.3026 0.2121
v 0.016835 1.304711 3.309911 0.4143 0.3988 0.2666
v 0.008112 1.302205 3.393325 0.3105 0.3026 0.2121
v 0.016220 1.301492 3.309859 0.4143 0.3988 0.2666
v 0.007409 1.300046 3.393289 0.3105 0.3026 0.2121
v 0.015205 1.298375 3.309807 0.4143 0.3988 0.2666
v 0.006441 1.297992 3.393254 0.3105 0.3026 0.2121
v 0.013808 1.295411 3.309756 0.4143 0.3988 0.2666
v 0.005224 1.296077 3.393219 0.3105 0.3026 0.2121
v 0.012051 1.292645 3.309706 0.4143 0.3988 0.2666
v 0.003776 1.294328 3.393186 0.3105 0.3026 0.2121
v 0.009960 1.290121 3.309659 0.4143 0.3988 0.2666
v 0.002120 1.292775 3.393155 0.3105 0.3026 0.2121
v 0.007570 1.287879 3.309614 0.4143 0.3988 0.2666
v 0.000282 1.291442 3.393128 0.3105 0.3026 0.2121
v 0.004917 1.285954 3.309574 0.4143 0.3988 0.2666
v -0.001708 1.290349 3.393103 0.3105 0.3026 0.2121
v 0.002044 1.284377 3.309538 0.4143 0.3988 0.2666
v -0.003819 1.289515 3.393081 0.3105 0.3026 0.2121
v -0.001004 1.283172 3.309507 0.4143 0.3988 0.2666
v -0.006018 1.288952 3.393064 0.3105 0.3026 0.2121
v -0.004179 1.282359 3.309481 0.4143 0.3988 0.2666
v -0.008271 1.288668 3.393050 0.3105 0.3026 0.2121
v -0.007431 1.281950 3.309462 0.4143 0.3988 0.2666
v -0.010541 1.288670 3.393041 0.3105 0.3026 0.2121
v -0.010709 1.281952 3.309448 0.4143 0.3988 0.2666
v -0.012794 1.288955 3.393036 0.3105 0.3026 0.2121
v -0.013960 1.282364 3.309442 0.4143 0.3988 0.2666
v -0.014992 1.289521 3.393035 0.3105 0.3026 0.2121
v -0.017135 1.283181 3.309441 0.4143 0.3988 0.2666
v -0.017103 1.290358 3.393040 0.3105 0.3026 0.2121
v -0.020181 1.284389 3.309448 0.4143 0.3988 0.2666
v -0.019092 1.291453 3.393049 0.3105 0.3026 0.2121
v -0.023053 1.285970 3.309460 0.4143 0.3988 0.2666
v -0.020928 1.292788 3.393062 0.3105 0.3026 0.2121
v -0.025703 1.287898 3.309479 0.4143 0.3988 0.2666
v -0.022582 1.294343 3.393079 0.3105 0.3026 0.2121
v -0.028092 1.290142 3.309504 0.4143 0.3988 0.2666
v -0.024028 1.296093 3.393100 0.3105 0.3026 0.2121
v -0.030180 1.292669 3.309535 0.4143 0.3988 0.2666
v -0.025244 1.298011 3.393125 0.3105 0.3026 0.2121
v -0.031934 1.295437 3.309570 0.4143 0.3988 0.2666
v -0.026210 1.300065 3.393152 0.3105 0.3026 0.2121
v -0.033328 1.298403 3.309610 0.4143 0.3988 0.2666
v -0.026910 1.302225 3.393183 0.3105 0.3026 0.2121
v -0.034340 1.301520 3.309654 0.4143 0.3988 0.2666
v -0.027334 1.304455 3.393216 0.3105 0.3026 0.2121
v -0.034952 1.304740 3.309701 0.4143 0.3988 0.2666
v -0.035497 1.306725 3.393218 0.4143 0.3988 0.2666
v -0.035289 1.309996 3.393269 0.4143 0.3988 0.2666
v -0.034673 1.313214 3.393321 0.4143 0.3988 0.2666
v -0.033659 1.316331 3.393373 0.4143 0.3988 0.2666
v -0.032262 1.319295 3.393424 0.4143 0.3988 0.2666
v -0.030504 1.322061 3.393474 0.4143 0.3988 0.2666
v -0.028414 1.324586 3.393521 0.4143 0.3988 0.2666
v -0.026023 1.326828 3.393566 0.4143 0.3988 0.2666
v -0.023371 1.328752 3.393606 0.4143 0.3988 0.2666
v -0.020498 1.330329 3.393642 0.4143 0.3988 0.2666
v -0.017450 1.331534 3.393673 0.4143 0.3988 0.2666
v -0.014275 1.332347 3.393698 0.4143 0.3988 0.2666
v -0.011023 1.332756 3.393718 0.4143 0.3988 0.2666
v -0.007745 1.332754 3.393732 0.4143 0.3988 0.2666
v -0.004493 1.332342 3.393738 0.4143 0.3988 0.2666
v -0.001319 1.331525 3.393739 0.4143 0.3988 0.2666
v 0.001728 1.330317 3.393733 0.4143 0.3988 0.2666
v 0.004599 1.328736 3.393720 0.4143 0.3988 0.2666
v 0.007250 1.326809 3.393701 0.4143 0.3988 0.2666
v 0.009638 1.324564 3.393676 0.4143 0.3988 0.2666
v 0.011726 1.322037 3.393646 0.4143 0.3988 0.2666
v 0.013481 1.319269 3.393610 0.4143 0.3988 0.2666
v 0.014875 1.316303 3.393570 0.4143 0.3988 0.2666
v 0.015886 1.313186 3.393527 0.4143 0.3988 0.2666
v 0.016499 1.309966 3.393479 0.4143 0.3988 0.2666
v 0.016703 1.306695 3.393430 0.4143 0.3988 0.2666
v 0.016495 1.303425 3.393378 0.4143 0.3988 0.2666
v 0.015879 1.300206 3.393326 0.4143 0.3988 0.2666
v 0.014865 1.297089 3.393274 0.4143 0.3988 0.2666
v 0.013468 1.294125 3.393223 0.4143 0.3988 0.2666
v 0.011710 1.291359 3.393173 0.4143 0.3988 0.2666
v 0.009620 1.288835 3.393125 0.4143 0.3988 0.2666
v 0.007229 1.286593 3.393081 0.4143 0.3988 0.2666
v 0.004577 1.284668 3.393041 0.4143 0.3988 0.2666
v 0.001704 1.283091 3.393004 0.4143 0.3988 0.2666
v -0.001344 1.281886 3.392974 0.4143 0.3988 0.2666
v -0.004519 1.281073 3.392948 0.4143 0.3988 0.2666
v -0.007771 1.280664 3.392928 0.4143 0.3988 0.2666
v -0.011049 1.280666 3.392915 0.4143 0.3988 0.2666
v -0.014300 1.281078 3.392909 0.4143 0.3988 0.2666
v -0.017475 1.281895 3.392908 0.4143 0.3988 0.2666
v -0.020522 1.283103 3.392914 0.4143 0.3988 0.2666
v -0.023393 1.284684 3.392927 0.4143 0.3988 0.2666
v -0.026044 1.286612 3.392946 0.4143 0.3988 0.2666
v -0.028432 1.288856 3.392971 0.4143 0.3988 0.2666
v -0.030520 1.291383 3.393002 0.4143 0.3988 0.2666
v -0.032275 1.294151 3.393036 0.4143 0.3988 0.2666
v -0.033669 1.297117 3.393076 0.4143 0.3988 0.2666
v -0.034680 1.300234 3.393121 0.4143 0.3988 0.2666
v -0.035292 1.303454 3.393168 0.4143 0.3988 0.2666
v -0.026949 1.308711 3.264025 0.2648 0.2609 0.1900
v -0.026805 1.310977 3.264061 0.2648 0.2609 0.1900
v -0.026379 1.313207 3.264097 0.2648 0.2609 0.1900
v -0.025676 1.315365 3.264133 0.2648 0.2609 0.1900
v -0.024708 1.317418 3.264168 0.2648 0.2609 0.1900
v -0.023491 1.319335 3.264203 0.2648 0.2609 0.1900
v -0.022043 1.321083 3.264236 0.2648 0.2609 0.1900
v -0.020387 1.322636 3.264266 0.2648 0.2609 0.1900
v -0.018550 1.323969 3.264294 0.2648 0.2609 0.1900
v -0.016560 1.325062 3.264319 0.2648 0.2609 0.1900
v -0.014448 1.325896 3.264341 0.2648 0.2609 0.1900
v -0.012249 1.326460 3.264359 0.2648 0.2609 0.1900
v -0.009996 1.326743 3.264372 0.2648 0.2609 0.1900
v -0.007726 1.326742 3.264381 0.2648 0.2609 0.1900
v -0.005474 1.326456 3.264386 0.2648 0.2609 0.1900
v -0.003275 1.325890 3.264386 0.2648 0.2609 0.1900
v -0.001164 1.325053 3.264382 0.2648 0.2609 0.1900
v 0.000825 1.323958 3.264373 0.2648 0.2609 0.1900
v 0.002661 1.322623 3.264360 0.2648 0.2609 0.1900
v 0.004315 1.321068 3.264343 0.2648 0.2609 0.1900
v 0.005761 1.319318 3.264322 0.2648 0.2609 0.1900
v 0.006977 1.317401 3.264297 0.2648 0.2609 0.1900
v 0.007942 1.315346 3.264270 0.2648 0.2609 0.1900
v 0.008643 1.313187 3.264239 0.2648 0.2609 0.1900
v 0.009067 1.310956 3.264207 0.2648 0.2609 0.1900
v 0.009208 1.308691 3.264172 0.2648 0.2609 0.1900
v 0.009065 1.306425 3.264136 0.2648 0.2609 0.1900
v 0.008638 1.304196 3.264101 0.2648 0.2609 0.1900
v 0.007936 1.302037 3.264065 0.2648 0.2609 0.1900
v 0.006968 1.299984 3.264029 0.2648 0.2609 0.1900
v 0.005750 1.298068 3.263994 0.2648 0.2609 0.1900
v 0.004302 1.296319 3.263962 0.2648 0.2609 0.1900
v 0.002647 1.294766 3.263931 0.2648 0.2609 0.1900
v 0.000809 1.293433 3.263903 0.2648 0.2609 0.1900
v -0.001181 1.292340 3.263878 0.2648 0.2609 0.1900
v -0.003292 1.291506 3.263856 0.2648 0.2609 0.1900
v -0.005492 1.290943 3.263839 0.2648 0.2609 0.1900
v -0.007744 1.290659 3.263825 0.2648 0.2609 0.1900
v -0.010015 1.290661 3.263816 0.2648 0.2609 0.1900
v -0.012267 1.290946 3.263811 0.2648 0.2609 0.1900
v -0.014466 1.291512 3.263811 0.2648 0.2609 0.1900
v -0.016576 1.292349 3.263815 0.2648 0.2609 0.1900
v -0.018565 1.293444 3.263824 0.2648 0.2609 0.1900
v -0.020401 1.294779 3.263837 0.2648 0.2609 0.1900
v -0.022055 1.296334 3.263855 0.2648 0.2609 0.1900
v -0.023502 1.298084 3.263875 0.2648 0.2609 0.1900
v -0.024717 1.300002 3.263900 0.2648 0.2609 0.1900
v -0.025683 1.302056 3.263928 0.2648 0.2609 0.1900
v -0.026383 1.304216 3.263958 0.2648 0.2609 0.1900
v -0.026808 1.306446 3.263991 0.2648 0.2609 0.1900
v -1.015711 1.158064 -1.216806 0.1229 0.1383 0.1345
v -1.022760 1.158062 -1.216961 0.1229 0.1383 0.1345
v -1.015459 1.158241 -1.228263 0.1229 0.1383 0.1345
v -1.022508 1.158239 -1.228418 0.1229 0.1383 0.1345
v -1.015773 1.249780 -1.215393 0.1229 0.1383 0.1345
v -1.022823 1.249778 -1.215549 0.1229 0.1383 0.1345
v -1.015521 1.249957 -1.226850 0.1229 0.1383 0.1345
v -1.022571 1.249955 -1.227005 0.1229 0.1383 0.1345
v 0.073127 1.481871 -1.156067 0.1229 0.1383 0.1345
v 0.073097 1.481758 -1.148754 0.1229 0.1383 0.1345
v 0.023225 1.482725 -1.156257 0.1229 0.1383 0.1345
v 0.023195 1.482612 -1.148944 0.1229 0.1383 0.1345
v 0.026306 1.482420 -1.148934 0.1229 0.1383 0.1345
v 0.026336 1.482533 -1.156248 0.1229 0.1383 0.1345
v 0.069378 1.481958 -1.148766 0.1229 0.1383 0.1345
v 0.069408 1.482070 -1.156079 0.1229 0.1383 0.1345
v 0.073414 1.498740 -1.155806 0.1181 0.1332 0.1294
v 0.073384 1.498628 -1.148493 0.1181 0.1332 0.1294
v 0.023483 1.499481 -1.148683 0.1132 0.1278 0.1241
v 0.023513 1.499594 -1.155996 0.1229 0.1383 0.1345
v 0.067485 1.506448 -1.155712 0.1229 0.1383 0.1345
v 0.073414 1.498740 -1.155806 0.1181 0.1332 0.1294
v 0.073384 1.498628 -1.148493 0.1181 0.1332 0.1294
v 0.067455 1.506336 -1.148398 0.1229 0.1383 0.1345
v 0.023513 1.499594 -1.155996 0.1181 0.1332 0.1294
v 0.029609 1.507097 -1.155856 0.1229 0.1383 0.1345
v 0.029579 1.506984 -1.148542 0.1229 0.1383 0.1345
v 0.023483 1.499481 -1.148683 0.1132 0.1278 0.1241
v 0.031113 1.503071 -1.155763 0.1229 0.1383 0.1345
v 0.027146 1.499016 -1.155842 0.1229 0.1383 0.1345
v 0.027118 1.498908 -1.148826 0.1229 0.1383 0.1345
v 0.031084 1.502963 -1.148747 0.1229 0.1383 0.1345
v 0.066677 1.502306 -1.148612 0.1229 0.1383 0.1345
v 0.069486 1.498838 -1.148654 0.1229 0.1383 0.1345
v 0.069514 1.498946 -1.155670 0.1229 0.1383 0.1345
v 0.066705 1.502414 -1.155628 0.1229 0.1383 0.1345
v 0.227382 1.478459 -0.939691 0.1229 0.1383 0.1345
v 0.234696 1.478454 -0.939661 0.1229 0.1383 0.1345
v 0.227179 1.478515 -0.889782 0.1229 0.1383 0.1345
v 0.234493 1.478511 -0.889752 0.1229 0.1383 0.1345
v 0.234506 1.478369 -0.892865 0.1229 0.1383 0.1345
v 0.227191 1.478373 -0.892895 0.1229 0.1383 0.1345
v 0.234681 1.478594 -0.935940 0.1229 0.1383 0.1345
v 0.227367 1.478599 -0.935970 0.1229 0.1383 0.1345
v 0.227391 1.495332 -0.939710 0.1181 0.1332 0.1294
v 0.234706 1.495328 -0.939680 0.1181 0.1332 0.1294
v 0.234503 1.495385 -0.889772 0.1132 0.1278 0.1241
v 0.227188 1.495389 -0.889801 0.1181 0.1332 0.1294
v 0.227371 1.502946 -0.933658 0.1229 0.1383 0.1345
v 0.227391 1.495332 -0.939710 0.1181 0.1332 0.1294
v 0.234706 1.495328 -0.939680 0.1132 0.1278 0.1241
v 0.234685 1.502942 -0.933629 0.1229 0.1383 0.1345
v 0.227188 1.495389 -0.889801 0.1132 0.1278 0.1241
v 0.227217 1.502989 -0.895777 0.1229 0.1383 0.1345
v 0.234531 1.502985 -0.895747 0.1229 0.1383 0.1345
v 0.234503 1.495385 -0.889772 0.1132 0.1278 0.1241
v 0.227370 1.498990 -0.897345 0.1229 0.1383 0.1345
v 0.227352 1.494871 -0.893444 0.1229 0.1383 0.1345
v 0.234369 1.494867 -0.893415 0.1229 0.1383 0.1345
v 0.234387 1.498986 -0.897316 0.1229 0.1383 0.1345
v 0.234532 1.498897 -0.932915 0.1229 0.1383 0.1345
v 0.234541 1.495475 -0.935779 0.1229 0.1383 0.1345
v 0.227524 1.495479 -0.935807 0.1229 0.1383 0.1345
v 0.227514 1.498901 -0.932943 0.1229 0.1383 0.1345
v -0.428301 1.454491 -0.550023 0.1229 0.1383 0.1345
v -0.436159 1.454528 -0.550054 0.1229 0.1383 0.1345
v -0.428270 1.454608 -0.557605 0.1229 0.1383 0.1345
v -0.436128 1.454645 -0.557636 0.1229 0.1383 0.1345
v -0.427848 1.552541 -0.548510 0.1229 0.1383 0.1345
v -0.435707 1.552578 -0.548542 0.1229 0.1383 0.1345
v -0.427817 1.552658 -0.556092 0.1229 0.1383 0.1345
v -0.435676 1.552695 -0.556124 0.1229 0.1383 0.1345
v -0.425163 1.551534 -0.548709 0.1229 0.1383 0.1345
v -0.425129 1.558948 -0.548594 0.1229 0.1383 0.1345
v -0.676179 1.552709 -0.549713 0.1229 0.1383 0.1345
v -0.676145 1.560123 -0.549599 0.1229 0.1383 0.1345
v -0.425133 1.551648 -0.556097 0.1229 0.1383 0.1345
v -0.425099 1.559062 -0.555983 0.1229 0.1383 0.1345
v -0.676149 1.552823 -0.557102 0.1229 0.1383 0.1345
v -0.676115 1.560236 -0.556987 0.1229 0.1383 0.1345
v -0.175319 1.438121 0.515020 0.4143 0.3988 0.2666
v -0.175321 1.444863 0.516388 0.4143 0.3988 0.2666
v 0.265469 1.437871 0.516763 0.4143 0.3988 0.2666
v 0.265467 1.444613 0.518131 0.4143 0.3988 0.2666
v -0.176128 1.397791 0.713785 0.4143 0.3988 0.2666
v -0.176129 1.404534 0.715153 0.4143 0.3988 0.2666
v 0.264660 1.397542 0.715528 0.4143 0.3988 0.2666
v 0.264659 1.404284 0.716896 0.4143 0.3988 0.2666
v -0.190160 1.462634 -0.669625 0.4143 0.3988 0.2666
v -0.190155 1.472235 -0.669421 0.4143 0.3988 0.2666
v 0.289742 1.462362 -0.667727 0.4143 0.3988 0.2666
v 0.289747 1.471963 -0.667523 0.4143 0.3988 0.2666
v -0.194785 1.437830 0.496623 0.4143 0.3988 0.2666
v -0.194780 1.447431 0.496827 0.4143 0.3988 0.2666
v 0.285117 1.437558 0.498520 0.4143 0.3988 0.2666
v 0.285122 1.447159 0.498725 0.4143 0.3988 0.2666
v 0.566996 1.461239 -1.083043 0.4143 0.3988 0.2666
v 0.583782 1.533432 -1.064829 0.4143 0.3988 0.2666
v 0.643182 1.461195 -1.082742 0.4143 0.3988 0.2666
v 0.628711 1.533407 -1.064652 0.4143 0.3988 0.2666
v 0.566638 1.459845 -0.992605 0.4143 0.3988 0.2666
v 0.583548 1.532522 -1.005758 0.4143 0.3988 0.2666
v 0.642823 1.459802 -0.992303 0.4143 0.3988 0.2666
v 0.628477 1.532497 -1.005581 0.4143 0.3988 0.2666
v 0.598437 1.683732 -1.048126 0.4143 0.3988 0.2666
v 0.611652 1.683725 -1.048073 0.4143 0.3988 0.2666
v 0.611543 1.683300 -1.020525 0.4143 0.3988 0.2666
v 0.598328 1.683308 -1.020577 0.4143 0.3988 0.2666
v 0.602615 1.898552 -1.039140 0.4143 0.3988 0.2666
v 0.607712 1.898549 -1.039120 0.4143 0.3988 0.2666
v 0.607647 1.898296 -1.022711 0.4143 0.3988 0.2666
v 0.602550 1.898299 -1.022731 0.4143 0.3988 0.2666
v 0.599959 1.898594 -1.041818 0.4143 0.3988 0.2666
v 0.610390 1.898589 -1.041776 0.4143 0.3988 0.2666
v 0.610304 1.898254 -1.020034 0.4143 0.3988 0.2666
v 0.599873 1.898260 -1.020075 0.4143 0.3988 0.2666
v 0.602665 1.996861 -1.037626 0.4143 0.3988 0.2666
v 0.607762 1.996859 -1.037606 0.4143 0.3988 0.2666
v 0.607697 1.996606 -1.021196 0.4143 0.3988 0.2666
v 0.602600 1.996609 -1.021216 0.4143 0.3988 0.2666
v 0.628850 1.533409 -1.064789 0.4143 0.3988 0.2666
v 0.635297 1.521017 -1.072498 0.4143 0.3988 0.2666
v 0.635013 1.519911 -1.000762 0.4143 0.3988 0.2666
v 0.628614 1.532495 -1.005442 0.4143 0.3988 0.2666
v 0.574583 1.520065 -1.000999 0.4143 0.3988 0.2666
v 0.583259 1.532518 -1.005472 0.4143 0.3988 0.2666
v 0.628614 1.532492 -1.005292 0.4143 0.3988 0.2666
v 0.634894 1.520031 -1.000760 0.4143 0.3988 0.2666
v 0.568515 1.520929 -1.080406 0.4143 0.3988 0.2666
v 0.581220 1.533473 -1.067411 0.4143 0.3988 0.2666
v 0.580975 1.532519 -1.005481 0.4143 0.3988 0.2666
v 0.574591 1.521920 -1.002797 0.4143 0.3988 0.2666
v 0.635297 1.521017 -1.072498 0.4143 0.3988 0.2666
v 0.628850 1.533409 -1.064789 0.4143 0.3988 0.2666
v 0.581220 1.533473 -1.067411 0.4143 0.3988 0.2666
v 0.568515 1.520929 -1.080406 0.4143 0.3988 0.2666
v 0.597694 1.683744 -1.048874 0.4143 0.3988 0.2666
v 0.587147 1.671730 -1.058113 0.4143 0.3988 0.2666
v 0.623073 1.671710 -1.057971 0.4143 0.3988 0.2666
v 0.612401 1.683736 -1.048815 0.4143 0.3988 0.2666
v 0.622887 1.672069 -1.010719 0.4143 0.3988 0.2666
v 0.613657 1.683266 -1.018395 0.4143 0.3988 0.2666
v 0.613778 1.683735 -1.048810 0.4143 0.3988 0.2666
v 0.623070 1.672780 -1.056868 0.4143 0.3988 0.2666
v 0.586960 1.671894 -1.010864 0.4143 0.3988 0.2666
v 0.596446 1.683280 -1.018711 0.4143 0.3988 0.2666
v 0.613657 1.683266 -1.018395 0.4143 0.3988 0.2666
v 0.622887 1.672069 -1.010719 0.4143 0.3988 0.2666
v 0.587147 1.671730 -1.058113 0.4143 0.3988 0.2666
v 0.597694 1.683744 -1.048874 0.4143 0.3988 0.2666
v 0.596446 1.683280 -1.018711 0.4143 0.3988 0.2666
v 0.586960 1.671894 -1.010864 0.4143 0.3988 0.2666
v -0.670822 1.454629 -0.551009 0.1229 0.1383 0.1345
v -0.678681 1.454666 -0.551041 0.1229 0.1383 0.1345
v -0.670791 1.454746 -0.558591 0.1229 0.1383 0.1345
v -0.678650 1.454782 -0.558622 0.1229 0.1383 0.1345
v -0.670370 1.552679 -0.549497 0.1229 0.1383 0.1345
v -0.678228 1.552716 -0.549528 0.1229 0.1383 0.1345
v -0.670339 1.552796 -0.557078 0.1229 0.1383 0.1345
v -0.678197 1.552832 -0.557110 0.1229 0.1383 0.1345
v -0.727906 1.461975 -1.088309 0.4143 0.3988 0.2666
v -0.711120 1.534168 -1.070095 0.4143 0.3988 0.2666
v -0.651720 1.461931 -1.088008 0.4143 0.3988 0.2666
v -0.666191 1.534143 -1.069917 0.4143 0.3988 0.2666
v -0.728264 1.460581 -0.997871 0.4143 0.3988 0.2666
v -0.711354 1.533258 -1.011024 0.4143 0.3988 0.2666
v -0.652079 1.460538 -0.997569 0.4143 0.3988 0.2666
v -0.666425 1.533233 -1.010847 0.4143 0.3988 0.2666
v -0.696465 1.684468 -1.053392 0.4143 0.3988 0.2666
v -0.683249 1.684461 -1.053339 0.4143 0.3988 0.2666
v -0.683359 1.684036 -1.025791 0.4143 0.3988 0.2666
v -0.696574 1.684044 -1.025843 0.4143 0.3988 0.2666
v -0.692286 1.899288 -1.044406 0.4143 0.3988 0.2666
v -0.687190 1.899285 -1.044386 0.4143 0.3988 0.2666
v -0.687255 1.899032 -1.027977 0.4143 0.3988 0.2666
v -0.692351 1.899035 -1.027997 0.4143 0.3988 0.2666
v -0.694943 1.899331 -1.047083 0.4143 0.3988 0.2666
v -0.684512 1.899325 -1.047042 0.4143 0.3988 0.2666
v -0.684598 1.898990 -1.025300 0.4143 0.3988 0.2666
v -0.695029 1.898996 -1.025341 0.4143 0.3988 0.2666
v -0.692237 1.997598 -1.042892 0.4143 0.3988 0.2666
v -0.687140 1.997595 -1.042871 0.4143 0.3988 0.2666
v -0.687205 1.997342 -1.026462 0.4143 0.3988 0.2666
v -0.692302 1.997345 -1.026482 0.4143 0.3988 0.2666
v -0.666052 1.534145 -1.070055 0.4143 0.3988 0.2666
v -0.659605 1.521753 -1.077764 0.4143 0.3988 0.2666
v -0.659889 1.520648 -1.006028 0.4143 0.3988 0.2666
v -0.666288 1.533231 -1.010708 0.4143 0.3988 0.2666
v -0.720319 1.520801 -1.006265 0.4143 0.3988 0.2666
v -0.711643 1.533254 -1.010738 0.4143 0.3988 0.2666
v -0.666288 1.533228 -1.010558 0.4143 0.3988 0.2666
v -0.660008 1.520767 -1.006027 0.4143 0.3988 0.2666
v -0.726387 1.521665 -1.085672 0.4143 0.3988 0.2666
v -0.713682 1.534209 -1.072677 0.4143 0.3988 0.2666
v -0.713927 1.533255 -1.010747 0.4143 0.3988 0.2666
v -0.720311 1.522656 -1.008063 0.4143 0.3988 0.2666
v -0.659605 1.521753 -1.077764 0.4143 0.3988 0.2666
v -0.666052 1.534145 -1.070055 0.4143 0.3988 0.2666
v -0.713682 1.534209 -1.072677 0.4143 0.3988 0.2666
v -0.726387 1.521665 -1.085672 0.4143 0.3988 0.2666
v -0.697207 1.684480 -1.054140 0.4143 0.3988 0.2666
v -0.707755 1.672466 -1.063379 0.4143 0.3988 0.2666
v -0.671829 1.672446 -1.063237 0.4143 0.3988 0.2666
v -0.682501 1.684472 -1.054081 0.4143 0.3988 0.2666
v -0.672015 1.672805 -1.015985 0.4143 0.3988 0.2666
v -0.681245 1.684002 -1.023661 0.4143 0.3988 0.2666
v -0.681124 1.684471 -1.054076 0.4143 0.3988 0.2666
v -0.671832 1.673516 -1.062134 0.4143 0.3988 0.2666
v -0.707942 1.672630 -1.016130 0.4143 0.3988 0.2666
v -0.698456 1.684016 -1.023976 0.4143 0.3988 0.2666
v -0.681245 1.684002 -1.023661 0.4143 0.3988 0.2666
v -0.672015 1.672805 -1.015985 0.4143 0.3988 0.2666
v -0.707755 1.672466 -1.063379 0.4143 0.3988 0.2666
v -0.697207 1.684480 -1.054140 0.4143 0.3988 0.2666
v -0.698456 1.684016 -1.023976 0.4143 0.3988 0.2666
v -0.707942 1.672630 -1.016130 0.4143 0.3988 0.2666
v -0.580943 1.558995 -1.198496 0.1132 0.1278 0.1241
v -0.438513 1.558550 -1.197922 0.1132 0.1278 0.1241
v -0.582657 1.554636 -0.776327 0.1181 0.1332 0.1294
v -0.440227 1.554191 -0.775754 0.1181 0.1332 0.1294
v -0.438513 1.558550 -1.197922 0.1080 0.1222 0.1186
v -0.440227 1.554191 -0.775754 0.1132 0.1278 0.1241
v -0.582654 1.555526 -0.776318 0.1132 0.1278 0.1241
v -0.456396 1.570535 -0.790899 0.1229 0.1383 0.1345
v -0.441122 1.555084 -0.775748 0.1229 0.1383 0.1345
v -0.580943 1.558995 -1.198496 0.1080 0.1222 0.1186
v -0.564017 1.570871 -0.791332 0.1229 0.1383 0.1345
v -0.582654 1.555526 -0.776318 0.1132 0.1278 0.1241
v -0.438513 1.558550 -1.197922 0.1132 0.1278 0.1241
v -0.454812 1.574564 -1.181193 0.1229 0.1383 0.1345
v -0.562432 1.574901 -1.181626 0.1229 0.1383 0.1345
v -0.580943 1.558995 -1.198496 0.1132 0.1278 0.1241
v 0.594818 1.217195 -1.390039 0.1229 0.1383 0.1345
v 0.598274 1.339730 -1.796326 0.1229 0.1383 0.1345
v 0.644343 1.483551 -1.391634 0.1229 0.1383 0.1345
v 0.597331 1.504818 -1.799517 0.1229 0.1383 0.1345
v 0.141008 1.187622 -1.396482 0.1229 0.1383 0.1345
v 0.094975 1.339796 -1.796612 0.1229 0.1383 0.1345
v 0.141045 1.483617 -1.391921 0.1229 0.1383 0.1345
v 0.094032 1.504884 -1.799803 0.1229 0.1383 0.1345
v 0.594965 1.221168 -1.647885 0.1229 0.1383 0.1345
v 0.595001 1.517163 -1.643324 0.1229 0.1383 0.1345
v 0.091702 1.517229 -1.643610 0.1229 0.1383 0.1345
v 0.091666 1.221234 -1.648171 0.1229 0.1383 0.1345
v 0.642644 1.474411 -1.391580 0.1229 0.1383 0.1345
v 0.597363 1.499153 -1.799407 0.1229 0.1383 0.1345
v 0.141043 1.473460 -1.392077 0.1229 0.1383 0.1345
v 0.094064 1.499220 -1.799693 0.1229 0.1383 0.1345
v 0.091701 1.507073 -1.643767 0.1229 0.1383 0.1345
v 0.595000 1.507007 -1.643481 0.1229 0.1383 0.1345
v 0.637468 1.446570 -1.391413 0.1229 0.1383 0.1345
v 0.094163 1.481964 -1.799360 0.1229 0.1383 0.1345
v 0.091697 1.476134 -1.644244 0.1229 0.1383 0.1345
v 0.597462 1.481898 -1.799074 0.1229 0.1383 0.1345
v 0.141040 1.442521 -1.392554 0.1229 0.1383 0.1345
v 0.594996 1.476068 -1.643957 0.1229 0.1383 0.1345
v 0.597448 1.482382 -1.773991 0.1229 0.1383 0.1345
v 0.597349 1.499638 -1.774325 0.1229 0.1383 0.1345
v 0.094050 1.499704 -1.774611 0.1229 0.1383 0.1345
v 0.094149 1.482448 -1.774278 0.1229 0.1383 0.1345
v -1.015909 1.157317 -1.168279 0.1229 0.1383 0.1345
v -1.022958 1.157314 -1.168434 0.1229 0.1383 0.1345
v -1.015656 1.157493 -1.179736 0.1229 0.1383 0.1345
v -1.022706 1.157491 -1.179891 0.1229 0.1383 0.1345
v -1.015971 1.249033 -1.166866 0.1229 0.1383 0.1345
v -1.023021 1.249030 -1.167021 0.1229 0.1383 0.1345
v -1.015719 1.249209 -1.178323 0.1229 0.1383 0.1345
v -1.022769 1.249207 -1.178478 0.1229 0.1383 0.1345
v -0.382174 1.544021 -1.222385 0.1229 0.1383 0.1345
v -0.384025 1.540127 -0.765767 0.1229 0.1383 0.1345
v -0.382168 1.556764 -1.222277 0.1229 0.1383 0.1345
v -0.384018 1.552869 -0.765658 0.1229 0.1383 0.1345
v -0.370668 1.544015 -1.222339 0.1229 0.1383 0.1345
v -0.372519 1.540120 -0.765720 0.1229 0.1383 0.1345
v -0.370661 1.556757 -1.222230 0.1229 0.1383 0.1345
v -0.372512 1.552863 -0.765611 0.1229 0.1383 0.1345
v -0.359293 1.544008 -1.222292 0.1229 0.1383 0.1345
v -0.361144 1.540114 -0.765674 0.1229 0.1383 0.1345
v -0.359286 1.556751 -1.222184 0.1229 0.1383 0.1345
v -0.361137 1.552856 -0.765565 0.1229 0.1383 0.1345
v -0.347787 1.544002 -1.222246 0.1229 0.1383 0.1345
v -0.349637 1.540107 -0.765627 0.1229 0.1383 0.1345
v -0.347780 1.556744 -1.222137 0.1229 0.1383 0.1345
v -0.349631 1.552850 -0.765518 0.1229 0.1383 0.1345
v -0.313531 1.543983 -1.222106 0.1229 0.1383 0.1345
v -0.315381 1.540088 -0.765487 0.1229 0.1383 0.1345
v -0.313524 1.556725 -1.221997 0.1229 0.1383 0.1345
v -0.315374 1.552830 -0.765379 0.1229 0.1383 0.1345
v -0.302025 1.543976 -1.222060 0.1229 0.1383 0.1345
v -0.303875 1.540081 -0.765441 0.1229 0.1383 0.1345
v -0.302018 1.556718 -1.221951 0.1229 0.1383 0.1345
v -0.303868 1.552824 -0.765332 0.1229 0.1383 0.1345
v -0.336412 1.543995 -1.222199 0.1229 0.1383 0.1345
v -0.338262 1.540101 -0.765581 0.1229 0.1383 0.1345
v -0.336405 1.556738 -1.222091 0.1229 0.1383 0.1345
v -0.338255 1.552843 -0.765472 0.1229 0.1383 0.1345
v -0.324906 1.543989 -1.222153 0.1229 0.1383 0.1345
v -0.326756 1.540094 -0.765534 0.1229 0.1383 0.1345
v -0.324899 1.556731 -1.222044 0.1229 0.1383 0.1345
v -0.326749 1.552837 -0.765425 0.1229 0.1383 0.1345
v -0.269039 1.543957 -1.221925 0.1229 0.1383 0.1345
v -0.270890 1.540063 -0.765306 0.1229 0.1383 0.1345
v -0.269033 1.556699 -1.221817 0.1229 0.1383 0.1345
v -0.270883 1.552805 -0.765198 0.1229 0.1383 0.1345
v -0.257533 1.543951 -1.221879 0.1229 0.1383 0.1345
v -0.259384 1.540056 -0.765260 0.1229 0.1383 0.1345
v -0.257527 1.556693 -1.221770 0.1229 0.1383 0.1345
v -0.259377 1.552799 -0.765151 0.1229 0.1383 0.1345
v -0.291921 1.543970 -1.222018 0.1229 0.1383 0.1345
v -0.293771 1.540076 -0.765400 0.1229 0.1383 0.1345
v -0.291914 1.556713 -1.221910 0.1229 0.1383 0.1345
v -0.293764 1.552818 -0.765291 0.1229 0.1383 0.1345
v -0.280415 1.543964 -1.221972 0.1229 0.1383 0.1345
v -0.282265 1.540069 -0.765353 0.1229 0.1383 0.1345
v -0.280408 1.556706 -1.221863 0.1229 0.1383 0.1345
v -0.282258 1.552811 -0.765244 0.1229 0.1383 0.1345
v -0.224548 1.543932 -1.221744 0.1229 0.1383 0.1345
v -0.226399 1.540037 -0.765126 0.1229 0.1383 0.1345
v -0.224541 1.556674 -1.221636 0.1229 0.1383 0.1345
v -0.226392 1.552780 -0.765017 0.1229 0.1383 0.1345
v -0.213042 1.543925 -1.221698 0.1229 0.1383 0.1345
v -0.214893 1.540031 -0.765079 0.1229 0.1383 0.1345
v -0.213035 1.556668 -1.221589 0.1229 0.1383 0.1345
v -0.214886 1.552773 -0.764970 0.1229 0.1383 0.1345
v -0.247429 1.543945 -1.221837 0.1229 0.1383 0.1345
v -0.249280 1.540050 -0.765219 0.1229 0.1383 0.1345
v -0.247423 1.556687 -1.221729 0.1229 0.1383 0.1345
v -0.249273 1.552793 -0.765110 0.1229 0.1383 0.1345
v -0.235923 1.543938 -1.221791 0.1229 0.1383 0.1345
v -0.237774 1.540044 -0.765172 0.1229 0.1383 0.1345
v -0.235916 1.556681 -1.221682 0.1229 0.1383 0.1345
v -0.237767 1.552786 -0.765063 0.1229 0.1383 0.1345
v -0.122636 1.564130 -1.417308 0.1229 0.1383 0.1345
v -0.123049 1.480812 -1.418594 0.1229 0.1383 0.1345
v -0.681302 1.566929 -1.419542 0.1229 0.1383 0.1345
v -0.681715 1.483611 -1.420828 0.1229 0.1383 0.1345
v -0.122699 1.563894 -1.401969 0.1229 0.1383 0.1345
v -0.123111 1.480575 -1.403255 0.1229 0.1383 0.1345
v -0.681365 1.566693 -1.404203 0.1229 0.1383 0.1345
v -0.681777 1.483374 -1.405489 0.1229 0.1383 0.1345
v -0.122849 1.563325 -1.365076 0.1229 0.1383 0.1345
v -0.123262 1.480006 -1.366362 0.1229 0.1383 0.1345
v -0.681515 1.566124 -1.367309 0.1229 0.1383 0.1345
v -0.681928 1.482806 -1.368595 0.1229 0.1383 0.1345
v -0.122912 1.563089 -1.349737 0.1229 0.1383 0.1345
v -0.123324 1.479770 -1.351023 0.1229 0.1383 0.1345
v -0.681578 1.565888 -1.351971 0.1229 0.1383 0.1345
v -0.681990 1.482569 -1.353256 0.1229 0.1383 0.1345
v 0.126909 1.198202 0.916688 0.4143 0.3988 0.2666
v 0.091074 1.195276 0.916480 0.4143 0.3988 0.2666
v 0.127057 1.198703 0.884264 0.4143 0.3988 0.2666
v 0.091222 1.195777 0.884057 0.4143 0.3988 0.2666
v 0.114645 1.348280 0.918951 0.4143 0.3988 0.2666
v 0.078810 1.345354 0.918743 0.4143 0.3988 0.2666
v 0.114792 1.348780 0.886527 0.4143 0.3988 0.2666
v 0.078957 1.345855 0.886319 0.4143 0.3988 0.2666
v 0.126433 1.196401 1.033533 0.4143 0.3988 0.2666
v 0.090598 1.193476 1.033325 0.4143 0.3988 0.2666
v 0.126581 1.196902 1.001109 0.4143 0.3988 0.2666
v 0.090746 1.193977 1.000901 0.4143 0.3988 0.2666
v 0.114169 1.346479 1.035795 0.4143 0.3988 0.2666
v 0.078334 1.343554 1.035587 0.4143 0.3988 0.2666
v 0.114316 1.346980 1.003371 0.4143 0.3988 0.2666
v 0.078481 1.344055 1.003163 0.4143 0.3988 0.2666
v 0.072750 1.480448 -1.063701 0.1229 0.1383 0.1345
v 0.072720 1.480335 -1.056388 0.1229 0.1383 0.1345
v 0.022849 1.481301 -1.063892 0.1229 0.1383 0.1345
v 0.022819 1.481189 -1.056578 0.1229 0.1383 0.1345
v 0.025929 1.480997 -1.056569 0.1229 0.1383 0.1345
v 0.025959 1.481110 -1.063882 0.1229 0.1383 0.1345
v 0.069002 1.480535 -1.056400 0.1229 0.1383 0.1345
v 0.069032 1.480647 -1.063714 0.1229 0.1383 0.1345
v 0.073038 1.497317 -1.063440 0.1181 0.1332 0.1294
v 0.073008 1.497205 -1.056127 0.1181 0.1332 0.1294
v 0.023107 1.498058 -1.056317 0.1132 0.1278 0.1241
v 0.023136 1.498171 -1.063631 0.1181 0.1332 0.1294
v 0.067108 1.505025 -1.063346 0.1229 0.1383 0.1345
v 0.073038 1.497317 -1.063440 0.1181 0.1332 0.1294
v 0.073008 1.497205 -1.056127 0.1181 0.1332 0.1294
v 0.067078 1.504913 -1.056033 0.1229 0.1383 0.1345
v 0.023136 1.498171 -1.063631 0.1181 0.1332 0.1294
v 0.029232 1.505673 -1.063490 0.1229 0.1383 0.1345
v 0.029203 1.505561 -1.056177 0.1229 0.1383 0.1345
v 0.023107 1.498058 -1.056317 0.1132 0.1278 0.1241
v 0.030736 1.501648 -1.063398 0.1229 0.1383 0.1345
v 0.026770 1.497593 -1.063476 0.1229 0.1383 0.1345
v 0.026741 1.497485 -1.056460 0.1229 0.1383 0.1345
v 0.030708 1.501540 -1.056381 0.1229 0.1383 0.1345
v 0.066300 1.500883 -1.056246 0.1229 0.1383 0.1345
v 0.069109 1.497415 -1.056288 0.1229 0.1383 0.1345
v 0.069138 1.497523 -1.063305 0.1229 0.1383 0.1345
v 0.066329 1.500991 -1.063263 0.1229 0.1383 0.1345
v 0.125982 1.194697 1.144146 0.4143 0.3988 0.2666
v 0.090148 1.191772 1.143938 0.4143 0.3988 0.2666
v 0.126130 1.195198 1.111722 0.4143 0.3988 0.2666
v 0.090295 1.192273 1.111514 0.4143 0.3988 0.2666
v 0.113718 1.344775 1.146408 0.4143 0.3988 0.2666
v 0.077883 1.341850 1.146200 0.4143 0.3988 0.2666
v 0.113865 1.345276 1.113984 0.4143 0.3988 0.2666
v 0.078030 1.342350 1.113776 0.4143 0.3988 0.2666
v -0.109296 1.345148 1.145505 0.4143 0.3988 0.2666
v -0.073540 1.341370 1.145576 0.4143 0.3988 0.2666
v -0.109179 1.345649 1.113081 0.4143 0.3988 0.2666
v -0.073423 1.341872 1.113152 0.4143 0.3988 0.2666
v -0.125113 1.195405 1.143134 0.4143 0.3988 0.2666
v -0.089357 1.191627 1.143204 0.4143 0.3988 0.2666
v -0.124996 1.195906 1.110710 0.4143 0.3988 0.2666
v -0.089240 1.192128 1.110780 0.4143 0.3988 0.2666
v -0.108840 1.346871 1.033666 0.4143 0.3988 0.2666
v -0.073084 1.343094 1.033737 0.4143 0.3988 0.2666
v -0.108723 1.347373 1.001242 0.4143 0.3988 0.2666
v -0.072967 1.343595 1.001312 0.4143 0.3988 0.2666
v -0.124657 1.197128 1.031295 0.4143 0.3988 0.2666
v -0.088901 1.193350 1.031365 0.4143 0.3988 0.2666
v -0.124540 1.197629 0.998870 0.4143 0.3988 0.2666
v -0.088784 1.193851 0.998941 0.4143 0.3988 0.2666
v -0.108367 1.348657 0.917736 0.4143 0.3988 0.2666
v -0.072612 1.344880 0.917806 0.4143 0.3988 0.2666
v -0.108250 1.349159 0.885312 0.4143 0.3988 0.2666
v -0.072495 1.345381 0.885382 0.4143 0.3988 0.2666
v -0.124184 1.198914 0.915364 0.4143 0.3988 0.2666
v -0.088429 1.195136 0.915435 0.4143 0.3988 0.2666
v -0.124068 1.199415 0.882940 0.4143 0.3988 0.2666
v -0.088312 1.195637 0.883010 0.4143 0.3988 0.2666
v -0.649415 1.541663 -1.535324 0.4143 0.3988 0.2666
v -0.649242 1.542105 -1.569803 0.4143 0.3988 0.2666
v -0.650714 1.279778 -1.538693 0.4143 0.3988 0.2666
v -0.650541 1.280221 -1.573172 0.4143 0.3988 0.2666
v -0.167276 1.539240 -1.532938 0.4143 0.3988 0.2666
v -0.167103 1.539682 -1.567418 0.4143 0.3988 0.2666
v -0.168575 1.277355 -1.536307 0.4143 0.3988 0.2666
v -0.168402 1.277798 -1.570786 0.4143 0.3988 0.2666
v -1.013320 1.250060 -1.222422 0.1229 0.1383 0.1345
v -1.013450 1.243010 -1.222540 0.1229 0.1383 0.1345
v -1.024779 1.250271 -1.222465 0.1229 0.1383 0.1345
v -1.024909 1.243222 -1.222583 0.1229 0.1383 0.1345
v -1.013527 1.249215 -1.171539 0.1229 0.1383 0.1345
v -1.013657 1.242166 -1.171656 0.1229 0.1383 0.1345
v -1.024986 1.249427 -1.171582 0.1229 0.1383 0.1345
v -1.025116 1.242378 -1.171700 0.1229 0.1383 0.1345
v -0.854379 1.254042 -1.675243 0.4143 0.3988 0.2666
v -0.854386 1.239911 -1.675461 0.4143 0.3988 0.2666
v -0.855434 1.250054 -1.416359 0.4143 0.3988 0.2666
v -0.855441 1.235922 -1.416577 0.4143 0.3988 0.2666
v -0.119614 1.253624 -1.672255 0.4143 0.3988 0.2666
v -0.119621 1.239492 -1.672473 0.4143 0.3988 0.2666
v -0.120669 1.249635 -1.413371 0.4143 0.3988 0.2666
v -0.120676 1.235504 -1.413589 0.4143 0.3988 0.2666
v -0.937188 1.213850 -1.439150 0.4143 0.3988 0.2666
v -0.934685 1.480926 -1.435025 0.4143 0.3988 0.2666
v -0.747198 1.213742 -1.438377 0.4143 0.3988 0.2666
v -0.747063 1.480819 -1.434262 0.4143 0.3988 0.2666
v -0.937801 1.211529 -1.288533 0.4143 0.3988 0.2666
v -0.747812 1.211421 -1.287760 0.4143 0.3988 0.2666
v -0.936291 1.372661 -1.286044 0.4143 0.3988 0.2666
v -0.935088 1.479399 -1.335927 0.4143 0.3988 0.2666
v -0.747467 1.479293 -1.335164 0.4143 0.3988 0.2666
v -0.747731 1.372554 -1.285277 0.4143 0.3988 0.2666
v -1.013335 1.219552 -1.222892 0.1229 0.1383 0.1345
v -1.013465 1.212503 -1.223010 0.1229 0.1383 0.1345
v -1.024794 1.219764 -1.222935 0.1229 0.1383 0.1345
v -1.024924 1.212715 -1.223053 0.1229 0.1383 0.1345
v -1.013543 1.218708 -1.172009 0.1229 0.1383 0.1345
v -1.013672 1.211659 -1.172127 0.1229 0.1383 0.1345
v -1.025002 1.218920 -1.172053 0.1229 0.1383 0.1345
v -1.025131 1.211871 -1.172170 0.1229 0.1383 0.1345
v 0.677140 1.111718 -1.565185 0.1229 0.1383 0.1345
v 0.677157 1.115263 -1.593552 0.1229 0.1383 0.1345
v 0.677142 1.132538 -1.562583 0.1229 0.1383 0.1345
v 0.677158 1.136083 -1.590951 0.1229 0.1383 0.1345
v -0.694911 1.111898 -1.565965 0.1229 0.1383 0.1345
v -0.694895 1.115443 -1.594332 0.1229 0.1383 0.1345
v -0.694910 1.132718 -1.563363 0.1229 0.1383 0.1345
v -0.694893 1.136263 -1.591731 0.1229 0.1383 0.1345
v 0.677130 1.193449 -1.551303 0.1229 0.1383 0.1345
v 0.677147 1.196993 -1.579671 0.1229 0.1383 0.1345
v 0.677132 1.214269 -1.548701 0.1229 0.1383 0.1345
v 0.677148 1.217813 -1.577069 0.1229 0.1383 0.1345
v -0.694921 1.193629 -1.552083 0.1229 0.1383 0.1345
v -0.694905 1.197174 -1.580451 0.1229 0.1383 0.1345
v -0.694920 1.214449 -1.549482 0.1229 0.1383 0.1345
v -0.694903 1.217994 -1.577849 0.1229 0.1383 0.1345
v 0.677125 1.270147 -1.539311 0.1229 0.1383 0.1345
v 0.677142 1.273692 -1.567678 0.1229 0.1383 0.1345
v 0.677126 1.290967 -1.536709 0.1229 0.1383 0.1345
v 0.677143 1.294512 -1.565077 0.1229 0.1383 0.1345
v -0.694926 1.270328 -1.540091 0.1229 0.1383 0.1345
v -0.694910 1.273872 -1.568459 0.1229 0.1383 0.1345
v -0.694925 1.291147 -1.537489 0.1229 0.1383 0.1345
v -0.694908 1.294692 -1.565857 0.1229 0.1383 0.1345
v 0.107970 1.236403 -1.655753 0.1229 0.1383 0.1345
v 0.107975 1.220477 -1.668474 0.1229 0.1383 0.1345
v 0.580126 1.236341 -1.655485 0.1229 0.1383 0.1345
v 0.580131 1.220415 -1.668206 0.1229 0.1383 0.1345
v 0.108057 1.339622 -1.784985 0.1229 0.1383 0.1345
v 0.108062 1.323695 -1.797706 0.1229 0.1383 0.1345
v 0.580213 1.339560 -1.784717 0.1229 0.1383 0.1345
v 0.580218 1.323633 -1.797438 0.1229 0.1383 0.1345
v 0.680708 1.111688 -1.555746 0.4143 0.3988 0.2666
v 0.680713 1.112850 -1.565041 0.4143 0.3988 0.2666
v 0.680719 1.291739 -1.533248 0.4143 0.3988 0.2666
v 0.680724 1.292900 -1.542542 0.4143 0.3988 0.2666
v -0.691655 1.111869 -1.556527 0.4143 0.3988 0.2666
v -0.691649 1.113030 -1.565821 0.4143 0.3988 0.2666
v -0.691644 1.291919 -1.534029 0.4143 0.3988 0.2666
v -0.691638 1.293080 -1.543323 0.4143 0.3988 0.2666
v -0.034088 1.406280 -1.580637 0.4143 0.3988 0.2666
v -0.041838 1.396021 -1.358226 0.4143 0.3988 0.2666
v -0.034039 1.461193 -1.579791 0.4143 0.3988 0.2666
v -0.041777 1.464607 -1.357169 0.4143 0.3988 0.2666
v 0.080528 1.406170 -1.580172 0.4143 0.3988 0.2666
v 0.086452 1.395899 -1.357705 0.4143 0.3988 0.2666
v 0.080576 1.461084 -1.579326 0.4143 0.3988 0.2666
v 0.086512 1.464485 -1.356648 0.4143 0.3988 0.2666
v -0.040870 1.468036 -1.579713 0.4143 0.3988 0.2666
v -0.040931 1.399450 -1.580770 0.4143 0.3988 0.2666
v 0.087419 1.467914 -1.579192 0.4143 0.3988 0.2666
v 0.087358 1.399328 -1.580249 0.4143 0.3988 0.2666
v -0.034131 1.460847 -1.557321 0.4143 0.3988 0.2666
v -0.034180 1.405933 -1.558168 0.4143 0.3988 0.2666
v 0.080485 1.460738 -1.556856 0.4143 0.3988 0.2666
v 0.080436 1.405824 -1.557702 0.4143 0.3988 0.2666
v -1.016149 1.156406 -1.109183 0.1229 0.1383 0.1345
v -1.023199 1.156404 -1.109338 0.1229 0.1383 0.1345
v -1.015897 1.156583 -1.120640 0.1229 0.1383 0.1345
v -1.022947 1.156580 -1.120795 0.1229 0.1383 0.1345
v -1.016212 1.248122 -1.107770 0.1229 0.1383 0.1345
v -1.023262 1.248120 -1.107925 0.1229 0.1383 0.1345
v -1.015960 1.248299 -1.119227 0.1229 0.1383 0.1345
v -1.023009 1.248296 -1.119382 0.1229 0.1383 0.1345
v 0.212347 1.547285 0.060326 0.4143 0.3988 0.2666
v 0.224338 1.785358 0.077970 0.4143 0.3988 0.2666
v 0.441803 1.547155 0.061234 0.4143 0.3988 0.2666
v 0.429939 1.785239 0.079191 0.4143 0.3988 0.2666
v 0.211772 1.545050 0.205372 0.4143 0.3988 0.2666
v 0.223834 1.783293 0.205080 0.4143 0.3988 0.2666
v 0.441228 1.544920 0.206279 0.4143 0.3988 0.2666
v 0.429437 1.783178 0.205893 0.4143 0.3988 0.2666
v 0.231668 1.547524 0.044192 0.4143 0.3988 0.2666
v 0.276141 1.547730 0.029355 0.4143 0.3988 0.2666
v 0.328809 1.547821 0.021731 0.4143 0.3988 0.2666
v 0.381417 1.547684 0.028877 0.4143 0.3988 0.2666
v 0.424107 1.547370 0.047834 0.4143 0.3988 0.2666
v 0.237669 1.784421 0.066822 0.4143 0.3988 0.2666
v 0.278990 1.784620 0.053037 0.4143 0.3988 0.2666
v 0.328947 1.784708 0.045805 0.4143 0.3988 0.2666
v 0.378214 1.784578 0.052497 0.4143 0.3988 0.2666
v 0.418091 1.784277 0.070204 0.4143 0.3988 0.2666
v 0.212422 1.763651 0.072039 0.4143 0.3988 0.2666
v 0.441878 1.763521 0.072947 0.4143 0.3988 0.2666
v 0.441305 1.761293 0.217531 0.4143 0.3988 0.2666
v 0.211849 1.761423 0.216624 0.4143 0.3988 0.2666
v 0.381492 1.763068 0.040575 0.4143 0.3988 0.2666
v 0.328884 1.763205 0.033429 0.4143 0.3988 0.2666
v 0.276216 1.763114 0.041053 0.4143 0.3988 0.2666
v 0.231743 1.762908 0.055889 0.4143 0.3988 0.2666
v 0.424182 1.762754 0.059532 0.4143 0.3988 0.2666
v 0.391779 1.540924 0.248089 0.4143 0.3988 0.2666
v 0.450657 1.544357 0.214624 0.4143 0.3988 0.2666
v 0.382014 1.541978 0.216931 0.4143 0.3988 0.2666
v 0.391952 1.789090 0.250687 0.4143 0.3988 0.2666
v 0.451071 1.789781 0.217181 0.4143 0.3988 0.2666
v 0.382276 1.791004 0.219542 0.4143 0.3988 0.2666
v 0.260442 1.790862 0.251404 0.4143 0.3988 0.2666
v 0.201839 1.788469 0.217371 0.4143 0.3988 0.2666
v 0.270460 1.790767 0.220309 0.4143 0.3988 0.2666
v 0.260278 1.542734 0.246354 0.4143 0.3988 0.2666
v 0.201434 1.543082 0.212362 0.4143 0.3988 0.2666
v 0.270209 1.541779 0.215246 0.4143 0.3988 0.2666
v 0.215831 1.544094 0.066772 0.4143 0.3988 0.2666
v 0.215843 1.568357 0.067146 0.4143 0.3988 0.2666
v 0.436128 1.543970 0.067632 0.4143 0.3988 0.2666
v 0.436140 1.568232 0.068006 0.4143 0.3988 0.2666
v 0.215263 1.541906 0.208817 0.4143 0.3988 0.2666
v 0.215275 1.566169 0.209191 0.4143 0.3988 0.2666
v 0.435560 1.541781 0.209677 0.4143 0.3988 0.2666
v 0.435572 1.566044 0.210050 0.4143 0.3988 0.2666
v 0.441889 1.785287 0.073282 0.4143 0.3988 0.2666
v 0.441316 1.783059 0.217866 0.4143 0.3988 0.2666
v 0.211860 1.783190 0.216959 0.4143 0.3988 0.2666
v 0.212433 1.785417 0.072375 0.4143 0.3988 0.2666
v 0.231754 1.784524 0.056223 0.4143 0.3988 0.2666
v 0.276227 1.784730 0.041386 0.4143 0.3988 0.2666
v 0.328895 1.784821 0.033762 0.4143 0.3988 0.2666
v 0.381503 1.784684 0.040908 0.4143 0.3988 0.2666
v 0.424193 1.784370 0.059865 0.4143 0.3988 0.2666
v 0.429943 1.791853 0.079252 0.4143 0.3988 0.2666
v 0.429440 1.789792 0.205954 0.4143 0.3988 0.2666
v 0.223838 1.789907 0.205141 0.4143 0.3988 0.2666
v 0.224342 1.791972 0.078031 0.4143 0.3988 0.2666
v 0.237673 1.791035 0.066883 0.4143 0.3988 0.2666
v 0.278994 1.791233 0.053098 0.4143 0.3988 0.2666
v 0.328951 1.791322 0.045866 0.4143 0.3988 0.2666
v 0.378218 1.791192 0.052558 0.4143 0.3988 0.2666
v 0.418094 1.790891 0.070265 0.4143 0.3988 0.2666
v 0.215608 1.568357 0.067145 0.4143 0.3988 0.2666
v 0.215714 1.778516 0.070384 0.4143 0.3988 0.2666
v 0.433108 1.568234 0.068005 0.4143 0.3988 0.2666
v 0.433214 1.778392 0.071244 0.4143 0.3988 0.2666
v 0.215488 1.567888 0.097594 0.4143 0.3988 0.2666
v 0.215594 1.778046 0.100832 0.4143 0.3988 0.2666
v 0.432987 1.567765 0.098454 0.4143 0.3988 0.2666
v 0.433094 1.777923 0.101692 0.4143 0.3988 0.2666
v 0.270279 1.579175 0.207703 0.4143 0.3988 0.2666
v 0.270372 1.763317 0.210541 0.4143 0.3988 0.2666
v 0.416659 1.579092 0.208282 0.4143 0.3988 0.2666
v 0.416752 1.763234 0.211119 0.4143 0.3988 0.2666
v 0.270246 1.579047 0.216004 0.3414 0.3282 0.2166
v 0.270339 1.763189 0.218841 0.3414 0.3282 0.2166
v 0.416626 1.578964 0.216582 0.3414 0.3282 0.2166
v 0.416720 1.763106 0.219420 0.3414 0.3282 0.2166
v -1.013616 1.248952 -1.149687 0.1229 0.1383 0.1345
v -1.013746 1.241903 -1.149805 0.1229 0.1383 0.1345
v -1.025075 1.249164 -1.149730 0.1229 0.1383 0.1345
v -1.025205 1.242115 -1.149848 0.1229 0.1383 0.1345
v -1.013914 1.247740 -1.076635 0.1229 0.1383 0.1345
v -1.014044 1.240691 -1.076753 0.1229 0.1383 0.1345
v -1.025373 1.247952 -1.076679 0.1229 0.1383 0.1345
v -1.025503 1.240903 -1.076796 0.1229 0.1383 0.1345
v -0.306205 1.571497 -1.296331 0.1229 0.1383 0.1345
v -0.306230 1.520178 -1.297122 0.1229 0.1383 0.1345
v -0.296460 1.571801 -1.316354 0.1229 0.1383 0.1345
v -0.296486 1.520481 -1.317145 0.1229 0.1383 0.1345
v -0.274729 1.571865 -1.321220 0.1229 0.1383 0.1345
v -0.274755 1.520545 -1.322011 0.1229 0.1383 0.1345
v -0.257375 1.571641 -1.307266 0.1229 0.1383 0.1345
v -0.257401 1.520322 -1.308057 0.1229 0.1383 0.1345
v -0.257466 1.571298 -1.285000 0.1229 0.1383 0.1345
v -0.257492 1.519979 -1.285791 0.1229 0.1383 0.1345
v -0.274933 1.571094 -1.271188 0.1229 0.1383 0.1345
v -0.274959 1.519775 -1.271978 0.1229 0.1383 0.1345
v -0.296624 1.571183 -1.276231 0.1229 0.1383 0.1345
v -0.296650 1.519863 -1.277022 0.1229 0.1383 0.1345
v -0.543184 1.571632 -1.297295 0.1229 0.1383 0.1345
v -0.543210 1.520313 -1.298086 0.1229 0.1383 0.1345
v -0.533440 1.571936 -1.317317 0.1229 0.1383 0.1345
v -0.533466 1.520616 -1.318108 0.1229 0.1383 0.1345
v -0.511709 1.572000 -1.322184 0.1229 0.1383 0.1345
v -0.511735 1.520680 -1.322975 0.1229 0.1383 0.1345
v -0.494355 1.571776 -1.308230 0.1229 0.1383 0.1345
v -0.494381 1.520456 -1.309021 0.1229 0.1383 0.1345
v -0.494446 1.571433 -1.285963 0.1229 0.1383 0.1345
v -0.494472 1.520113 -1.286754 0.1229 0.1383 0.1345
v -0.511913 1.571229 -1.272151 0.1229 0.1383 0.1345
v -0.511939 1.519909 -1.272942 0.1229 0.1383 0.1345
v -0.533604 1.571318 -1.277194 0.1229 0.1383 0.1345
v -0.533630 1.519998 -1.277985 0.1229 0.1383 0.1345
v -0.131873 1.447891 0.538750 0.1229 0.1383 0.1345
v -0.131883 1.428221 0.538446 0.1229 0.1383 0.1345
v -0.128138 1.448008 0.531075 0.1229 0.1383 0.1345
v -0.128148 1.428337 0.530772 0.1229 0.1383 0.1345
v -0.119809 1.448032 0.529210 0.1229 0.1383 0.1345
v -0.119819 1.428362 0.528907 0.1229 0.1383 0.1345
v -0.113157 1.447947 0.534558 0.1229 0.1383 0.1345
v -0.113167 1.428276 0.534255 0.1229 0.1383 0.1345
v -0.113192 1.447815 0.543093 0.1229 0.1383 0.1345
v -0.113202 1.428145 0.542790 0.1229 0.1383 0.1345
v -0.119887 1.447737 0.548387 0.1229 0.1383 0.1345
v -0.119897 1.428067 0.548084 0.1229 0.1383 0.1345
v -0.128201 1.447771 0.546454 0.1229 0.1383 0.1345
v -0.128211 1.428101 0.546151 0.1229 0.1383 0.1345
v 0.034763 1.447797 0.539427 0.1229 0.1383 0.1345
v 0.034753 1.428126 0.539124 0.1229 0.1383 0.1345
v 0.038498 1.447913 0.531753 0.1229 0.1383 0.1345
v 0.038488 1.428243 0.531450 0.1229 0.1383 0.1345
v 0.046827 1.447938 0.529888 0.1229 0.1383 0.1345
v 0.046817 1.428267 0.529585 0.1229 0.1383 0.1345
v 0.053478 1.447852 0.535236 0.1229 0.1383 0.1345
v 0.053469 1.428182 0.534933 0.1229 0.1383 0.1345
v 0.053444 1.447720 0.543771 0.1229 0.1383 0.1345
v 0.053434 1.428050 0.543467 0.1229 0.1383 0.1345
v 0.046749 1.447642 0.549065 0.1229 0.1383 0.1345
v 0.046739 1.427972 0.548762 0.1229 0.1383 0.1345
v 0.038435 1.447676 0.547132 0.1229 0.1383 0.1345
v 0.038425 1.428006 0.546829 0.1229 0.1383 0.1345
v 0.203131 1.447701 0.540112 0.1229 0.1383 0.1345
v 0.203121 1.428031 0.539809 0.1229 0.1383 0.1345
v 0.206866 1.447817 0.532438 0.1229 0.1383 0.1345
v 0.206856 1.428147 0.532134 0.1229 0.1383 0.1345
v 0.215195 1.447842 0.530572 0.1229 0.1383 0.1345
v 0.215185 1.428172 0.530269 0.1229 0.1383 0.1345
v 0.221847 1.447756 0.535921 0.1229 0.1383 0.1345
v 0.221837 1.428086 0.535618 0.1229 0.1383 0.1345
v 0.221812 1.447625 0.544455 0.1229 0.1383 0.1345
v 0.221802 1.427954 0.544152 0.1229 0.1383 0.1345
v 0.215117 1.447546 0.549749 0.1229 0.1383 0.1345
v 0.215107 1.427876 0.549446 0.1229 0.1383 0.1345
v 0.206803 1.447580 0.547816 0.1229 0.1383 0.1345
v 0.206793 1.427910 0.547513 0.1229 0.1383 0.1345
v 0.202563 1.418031 0.675665 0.1229 0.1383 0.1345
v 0.202553 1.398360 0.675362 0.1229 0.1383 0.1345
v 0.206298 1.418147 0.667991 0.1229 0.1383 0.1345
v 0.206288 1.398477 0.667688 0.1229 0.1383 0.1345
v 0.214627 1.418172 0.666126 0.1229 0.1383 0.1345
v 0.214617 1.398501 0.665822 0.1229 0.1383 0.1345
v 0.221279 1.418086 0.671474 0.1229 0.1383 0.1345
v 0.221269 1.398415 0.671171 0.1229 0.1383 0.1345
v 0.221244 1.417954 0.680008 0.1229 0.1383 0.1345
v 0.221234 1.398284 0.679705 0.1229 0.1383 0.1345
v 0.214549 1.417876 0.685303 0.1229 0.1383 0.1345
v 0.214539 1.398206 0.684999 0.1229 0.1383 0.1345
v 0.206235 1.417910 0.683370 0.1229 0.1383 0.1345
v 0.206225 1.398240 0.683066 0.1229 0.1383 0.1345
v 0.034195 1.418126 0.674980 0.1229 0.1383 0.1345
v 0.034185 1.398456 0.674677 0.1229 0.1383 0.1345
v 0.037929 1.418243 0.667306 0.1229 0.1383 0.1345
v 0.037919 1.398572 0.667003 0.1229 0.1383 0.1345
v 0.046259 1.418267 0.665441 0.1229 0.1383 0.1345
v 0.046249 1.398597 0.665138 0.1229 0.1383 0.1345
v 0.052910 1.418181 0.670789 0.1229 0.1383 0.1345
v 0.052900 1.398511 0.670486 0.1229 0.1383 0.1345
v 0.052876 1.418050 0.679324 0.1229 0.1383 0.1345
v 0.052866 1.398380 0.679021 0.1229 0.1383 0.1345
v 0.046181 1.417972 0.684618 0.1229 0.1383 0.1345
v 0.046171 1.398301 0.684315 0.1229 0.1383 0.1345
v 0.037867 1.418006 0.682685 0.1229 0.1383 0.1345
v 0.037857 1.398335 0.682382 0.1229 0.1383 0.1345
v -0.132441 1.418221 0.674303 0.1229 0.1383 0.1345
v -0.132451 1.398551 0.674000 0.1229 0.1383 0.1345
v -0.128706 1.418337 0.666629 0.1229 0.1383 0.1345
v -0.128716 1.398667 0.666326 0.1229 0.1383 0.1345
v -0.120377 1.418362 0.664763 0.1229 0.1383 0.1345
v -0.120387 1.398692 0.664460 0.1229 0.1383 0.1345
v -0.113725 1.418276 0.670112 0.1229 0.1383 0.1345
v -0.113735 1.398606 0.669809 0.1229 0.1383 0.1345
v -0.113760 1.418145 0.678646 0.1229 0.1383 0.1345
v -0.113770 1.398474 0.678343 0.1229 0.1383 0.1345
v -0.120455 1.418067 0.683940 0.1229 0.1383 0.1345
v -0.120465 1.398396 0.683637 0.1229 0.1383 0.1345
v -0.128769 1.418100 0.682007 0.1229 0.1383 0.1345
v -0.128779 1.398430 0.681704 0.1229 0.1383 0.1345
v 0.068183 1.455943 -1.480176 0.4143 0.3988 0.2666
v 0.068194 1.476898 -1.479853 0.4143 0.3988 0.2666
v 0.064674 1.455679 -1.462905 0.4143 0.3988 0.2666
v 0.064685 1.476634 -1.462582 0.4143 0.3988 0.2666
v 0.054822 1.455459 -1.448291 0.4143 0.3988 0.2666
v 0.054833 1.476414 -1.447968 0.4143 0.3988 0.2666
v 0.040127 1.455316 -1.438560 0.4143 0.3988 0.2666
v 0.040138 1.476271 -1.438237 0.4143 0.3988 0.2666
v 0.022826 1.455273 -1.435192 0.4143 0.3988 0.2666
v 0.022837 1.476228 -1.434869 0.4143 0.3988 0.2666
v 0.005553 1.455336 -1.438700 0.4143 0.3988 0.2666
v 0.005564 1.476291 -1.438377 0.4143 0.3988 0.2666
v -0.009062 1.455495 -1.448551 0.4143 0.3988 0.2666
v -0.009052 1.476450 -1.448228 0.4143 0.3988 0.2666
v -0.018795 1.455727 -1.463244 0.4143 0.3988 0.2666
v -0.018784 1.476681 -1.462922 0.4143 0.3988 0.2666
v -0.022163 1.455995 -1.480543 0.4143 0.3988 0.2666
v -0.022152 1.476950 -1.480220 0.4143 0.3988 0.2666
v -0.018654 1.456259 -1.497814 0.4143 0.3988 0.2666
v -0.018643 1.477214 -1.497491 0.4143 0.3988 0.2666
v -0.008802 1.456479 -1.512428 0.4143 0.3988 0.2666
v -0.008791 1.477434 -1.512106 0.4143 0.3988 0.2666
v 0.005893 1.456622 -1.522160 0.4143 0.3988 0.2666
v 0.005904 1.477577 -1.521837 0.4143 0.3988 0.2666
v 0.023194 1.456665 -1.525528 0.4143 0.3988 0.2666
v 0.023205 1.477620 -1.525205 0.4143 0.3988 0.2666
v 0.040467 1.456602 -1.522019 0.4143 0.3988 0.2666
v 0.040478 1.477557 -1.521696 0.4143 0.3988 0.2666
v 0.055082 1.456443 -1.512169 0.4143 0.3988 0.2666
v 0.055093 1.477398 -1.511846 0.4143 0.3988 0.2666
v 0.064815 1.456212 -1.497475 0.4143 0.3988 0.2666
v 0.064826 1.477166 -1.497152 0.4143 0.3988 0.2666
v 0.064685 1.476634 -1.462582 0.4143 0.3988 0.2666
v 0.068194 1.476898 -1.479853 0.4143 0.3988 0.2666
v 0.054833 1.476414 -1.447968 0.4143 0.3988 0.2666
v 0.040138 1.476271 -1.438237 0.4143 0.3988 0.2666
v 0.022837 1.476228 -1.434869 0.4143 0.3988 0.2666
v 0.005564 1.476291 -1.438377 0.4143 0.3988 0.2666
v -0.009052 1.476450 -1.448228 0.4143 0.3988 0.2666
v -0.018784 1.476681 -1.462922 0.4143 0.3988 0.2666
v -0.022152 1.476950 -1.480220 0.4143 0.3988 0.2666
v -0.018643 1.477214 -1.497491 0.4143 0.3988 0.2666
v -0.008791 1.477434 -1.512106 0.4143 0.3988 0.2666
v 0.005904 1.477577 -1.521837 0.4143 0.3988 0.2666
v 0.023205 1.477620 -1.525205 0.4143 0.3988 0.2666
v 0.040478 1.477557 -1.521696 0.4143 0.3988 0.2666
v 0.055093 1.477398 -1.511846 0.4143 0.3988 0.2666
v 0.064826 1.477166 -1.497152 0.4143 0.3988 0.2666
v 0.049873 1.506849 -1.468330 0.4143 0.3988 0.2666
v 0.052133 1.507020 -1.479454 0.4143 0.3988 0.2666
v 0.043527 1.506707 -1.458917 0.4143 0.3988 0.2666
v 0.034061 1.506616 -1.452648 0.4143 0.3988 0.2666
v 0.022917 1.506588 -1.450479 0.4143 0.3988 0.2666
v 0.011791 1.506628 -1.452739 0.4143 0.3988 0.2666
v 0.002377 1.506731 -1.459084 0.4143 0.3988 0.2666
v -0.003892 1.506880 -1.468548 0.4143 0.3988 0.2666
v -0.006061 1.507053 -1.479691 0.4143 0.3988 0.2666
v -0.003801 1.507223 -1.490816 0.4143 0.3988 0.2666
v 0.002545 1.507365 -1.500229 0.4143 0.3988 0.2666
v 0.012010 1.507457 -1.506498 0.4143 0.3988 0.2666
v 0.023154 1.507484 -1.508667 0.4143 0.3988 0.2666
v 0.034280 1.507444 -1.506407 0.4143 0.3988 0.2666
v 0.043695 1.507341 -1.500062 0.4143 0.3988 0.2666
v 0.049964 1.507192 -1.490597 0.4143 0.3988 0.2666
v 0.052318 1.506832 -1.467305 0.4143 0.3988 0.2666
v 0.054784 1.507018 -1.479444 0.4143 0.3988 0.2666
v 0.045394 1.506678 -1.457035 0.4143 0.3988 0.2666
v 0.035066 1.506577 -1.450195 0.4143 0.3988 0.2666
v 0.022907 1.506547 -1.447828 0.4143 0.3988 0.2666
v 0.010767 1.506591 -1.450294 0.4143 0.3988 0.2666
v 0.000495 1.506703 -1.457217 0.4143 0.3988 0.2666
v -0.006345 1.506866 -1.467544 0.4143 0.3988 0.2666
v -0.008712 1.507054 -1.479702 0.4143 0.3988 0.2666
v -0.006246 1.507240 -1.491840 0.4143 0.3988 0.2666
v 0.000678 1.507395 -1.502111 0.4143 0.3988 0.2666
v 0.011006 1.507495 -1.508951 0.4143 0.3988 0.2666
v 0.023165 1.507525 -1.511318 0.4143 0.3988 0.2666
v 0.035305 1.507481 -1.508852 0.4143 0.3988 0.2666
v 0.045577 1.507369 -1.501929 0.4143 0.3988 0.2666
v 0.052417 1.507207 -1.491601 0.4143 0.3988 0.2666
v 0.049969 1.697147 -1.465397 0.4143 0.3988 0.2666
v 0.052229 1.697317 -1.476522 0.4143 0.3988 0.2666
v 0.043623 1.697005 -1.455984 0.4143 0.3988 0.2666
v 0.034158 1.696913 -1.449716 0.4143 0.3988 0.2666
v 0.023014 1.696885 -1.447547 0.4143 0.3988 0.2666
v 0.011888 1.696926 -1.449807 0.4143 0.3988 0.2666
v 0.002474 1.697028 -1.456152 0.4143 0.3988 0.2666
v -0.003795 1.697177 -1.465616 0.4143 0.3988 0.2666
v -0.005965 1.697350 -1.476759 0.4143 0.3988 0.2666
v -0.003705 1.697520 -1.487883 0.4143 0.3988 0.2666
v 0.002641 1.697662 -1.497297 0.4143 0.3988 0.2666
v 0.012107 1.697754 -1.503566 0.4143 0.3988 0.2666
v 0.023251 1.697782 -1.505735 0.4143 0.3988 0.2666
v 0.034377 1.697741 -1.503475 0.4143 0.3988 0.2666
v 0.043791 1.697639 -1.497129 0.4143 0.3988 0.2666
v 0.050060 1.697490 -1.487665 0.4143 0.3988 0.2666
v 0.050011 1.779527 -1.464128 0.4143 0.3988 0.2666
v 0.062559 1.773213 -1.473534 0.4143 0.3988 0.2666
v 0.043665 1.779385 -1.454715 0.4143 0.3988 0.2666
v 0.034199 1.779294 -1.448447 0.4143 0.3988 0.2666
v 0.023055 1.779266 -1.446277 0.4143 0.3988 0.2666
v 0.011929 1.779306 -1.448537 0.4143 0.3988 0.2666
v 0.002515 1.779409 -1.454882 0.4143 0.3988 0.2666
v -0.012614 1.773025 -1.458900 0.4143 0.3988 0.2666
v -0.015525 1.773257 -1.473851 0.4143 0.3988 0.2666
v -0.012492 1.773485 -1.488778 0.4143 0.3988 0.2666
v -0.003978 1.773676 -1.501409 0.4143 0.3988 0.2666
v 0.008723 1.773799 -1.509820 0.4143 0.3988 0.2666
v 0.023676 1.773836 -1.512731 0.4143 0.3988 0.2666
v 0.038604 1.773782 -1.509698 0.4143 0.3988 0.2666
v 0.051236 1.773644 -1.501184 0.4143 0.3988 0.2666
v 0.059648 1.773445 -1.488485 0.4143 0.3988 0.2666
v 0.059547 1.814144 -1.457973 0.4143 0.3988 0.2666
v 0.062579 1.814373 -1.472900 0.4143 0.3988 0.2666
v 0.051032 1.813954 -1.445343 0.4143 0.3988 0.2666
v 0.038331 1.813831 -1.436932 0.4143 0.3988 0.2666
v 0.023378 1.813794 -1.434021 0.4143 0.3988 0.2666
v 0.008450 1.813848 -1.437053 0.4143 0.3988 0.2666
v -0.004182 1.813985 -1.445567 0.4143 0.3988 0.2666
v -0.012593 1.814186 -1.458266 0.4143 0.3988 0.2666
v -0.015504 1.814417 -1.473217 0.4143 0.3988 0.2666
v -0.012472 1.814646 -1.488144 0.4143 0.3988 0.2666
v -0.003957 1.814836 -1.500775 0.4143 0.3988 0.2666
v 0.008744 1.814959 -1.509185 0.4143 0.3988 0.2666
v 0.023697 1.814997 -1.512096 0.4143 0.3988 0.2666
v 0.038625 1.814942 -1.509064 0.4143 0.3988 0.2666
v 0.051257 1.814805 -1.500550 0.4143 0.3988 0.2666
v 0.059668 1.814605 -1.487851 0.4143 0.3988 0.2666
v 0.012144 1.772015 -1.502421 0.4143 0.3988 0.2666
v 0.023288 1.772043 -1.504591 0.4143 0.3988 0.2666
v 0.023051 1.771146 -1.446402 0.4143 0.3988 0.2666
v 0.011925 1.771187 -1.448662 0.4143 0.3988 0.2666
v 0.034414 1.772002 -1.502330 0.4143 0.3988 0.2666
v 0.002511 1.771289 -1.455008 0.4143 0.3988 0.2666
v 0.043828 1.771900 -1.495985 0.4143 0.3988 0.2666
v -0.003758 1.771438 -1.464472 0.4143 0.3988 0.2666
v 0.050097 1.771751 -1.486520 0.4143 0.3988 0.2666
v -0.005927 1.771611 -1.475615 0.4143 0.3988 0.2666
v 0.052267 1.771578 -1.475378 0.4143 0.3988 0.2666
v 0.050007 1.771408 -1.464253 0.4143 0.3988 0.2666
v -0.003667 1.771781 -1.486739 0.4143 0.3988 0.2666
v 0.043661 1.771266 -1.454840 0.4143 0.3988 0.2666
v 0.002679 1.771923 -1.496153 0.4143 0.3988 0.2666
v 0.034195 1.771174 -1.448572 0.4143 0.3988 0.2666
v -0.062315 1.249899 -1.432409 0.4143 0.3988 0.2666
v -0.061363 1.253501 -1.666206 0.4143 0.3988 0.2666
v -0.060356 1.255979 -1.432308 0.4143 0.3988 0.2666
v -0.059403 1.259581 -1.666105 0.4143 0.3988 0.2666
v -0.055233 1.259734 -1.432229 0.4143 0.3988 0.2666
v -0.054280 1.263336 -1.666026 0.4143 0.3988 0.2666
v -0.048903 1.259731 -1.432203 0.4143 0.3988 0.2666
v -0.047950 1.263333 -1.666000 0.4143 0.3988 0.2666
v -0.043783 1.255970 -1.432240 0.4143 0.3988 0.2666
v -0.042831 1.259572 -1.666037 0.4143 0.3988 0.2666
v -0.041830 1.249887 -1.432326 0.4143 0.3988 0.2666
v -0.040877 1.253489 -1.666123 0.4143 0.3988 0.2666
v -0.043789 1.243808 -1.432428 0.4143 0.3988 0.2666
v -0.042837 1.247409 -1.666224 0.4143 0.3988 0.2666
v -0.048913 1.240052 -1.432506 0.4143 0.3988 0.2666
v -0.047960 1.243654 -1.666303 0.4143 0.3988 0.2666
v -0.055243 1.240056 -1.432532 0.4143 0.3988 0.2666
v -0.054290 1.243658 -1.666329 0.4143 0.3988 0.2666
v -0.060362 1.243817 -1.432495 0.4143 0.3988 0.2666
v -0.059410 1.247419 -1.666292 0.4143 0.3988 0.2666
v -0.153162 1.261918 -1.814709 0.4143 0.3988 0.2666
v -0.153173 1.255807 -1.812847 0.4143 0.3988 0.2666
v -0.153139 1.265755 -1.819772 0.4143 0.3988 0.2666
v -0.153113 1.265853 -1.826101 0.4143 0.3988 0.2666
v -0.153094 1.262174 -1.831280 0.4143 0.3988 0.2666
v -0.153089 1.256123 -1.833329 0.4143 0.3988 0.2666
v -0.153100 1.250012 -1.831467 0.4143 0.3988 0.2666
v -0.153123 1.246174 -1.826404 0.4143 0.3988 0.2666
v -0.153149 1.246077 -1.820075 0.4143 0.3988 0.2666
v -0.153168 1.249756 -1.814896 0.4143 0.3988 0.2666
v -0.825267 1.262300 -1.817442 0.4143 0.3988 0.2666
v -0.825278 1.256189 -1.815580 0.4143 0.3988 0.2666
v -0.825244 1.266137 -1.822505 0.4143 0.3988 0.2666
v -0.825218 1.266235 -1.828834 0.4143 0.3988 0.2666
v -0.825199 1.262556 -1.834013 0.4143 0.3988 0.2666
v -0.825195 1.256505 -1.836063 0.4143 0.3988 0.2666
v -0.825206 1.250394 -1.834201 0.4143 0.3988 0.2666
v -0.825228 1.246556 -1.829138 0.4143 0.3988 0.2666
v -0.825254 1.246459 -1.822808 0.4143 0.3988 0.2666
v -0.825273 1.250138 -1.817630 0.4143 0.3988 0.2666
v -0.914891 1.260057 -1.668926 0.4143 0.3988 0.2666
v -0.912938 1.253975 -1.669011 0.4143 0.3988 0.2666
v -0.920010 1.263818 -1.668889 0.4143 0.3988 0.2666
v -0.926340 1.263822 -1.668914 0.4143 0.3988 0.2666
v -0.931463 1.260066 -1.668993 0.4143 0.3988 0.2666
v -0.933423 1.253987 -1.669095 0.4143 0.3988 0.2666
v -0.931470 1.247905 -1.669181 0.4143 0.3988 0.2666
v -0.926350 1.244143 -1.669217 0.4143 0.3988 0.2666
v -0.920020 1.244140 -1.669192 0.4143 0.3988 0.2666
v -0.914897 1.247895 -1.669113 0.4143 0.3988 0.2666
v -0.916495 1.253992 -1.275284 0.4143 0.3988 0.2666
v -0.914542 1.247910 -1.275370 0.4143 0.3988 0.2666
v -0.921614 1.257753 -1.275247 0.4143 0.3988 0.2666
v -0.927945 1.257757 -1.275273 0.4143 0.3988 0.2666
v -0.933068 1.254001 -1.275352 0.4143 0.3988 0.2666
v -0.935027 1.247922 -1.275453 0.4143 0.3988 0.2666
v -0.933074 1.241840 -1.275539 0.4143 0.3988 0.2666
v -0.927955 1.238078 -1.275576 0.4143 0.3988 0.2666
v -0.921624 1.238075 -1.275550 0.4143 0.3988 0.2666
v -0.916501 1.241830 -1.275472 0.4143 0.3988 0.2666
v -0.418087 1.256256 -1.825772 0.4143 0.3988 0.2666
v -0.417783 1.383391 -1.882687 0.4143 0.3988 0.2666
v -0.416444 1.257995 -1.821880 0.4143 0.3988 0.2666
v -0.416140 1.385129 -1.878795 0.4143 0.3988 0.2666
v -0.412112 1.259067 -1.819461 0.4143 0.3988 0.2666
v -0.411808 1.386202 -1.876377 0.4143 0.3988 0.2666
v -0.406746 1.259064 -1.819439 0.4143 0.3988 0.2666
v -0.406442 1.386199 -1.876355 0.4143 0.3988 0.2666
v -0.402395 1.257987 -1.821823 0.4143 0.3988 0.2666
v -0.402092 1.385121 -1.878738 0.4143 0.3988 0.2666
v -0.400722 1.256246 -1.825701 0.4143 0.3988 0.2666
v -0.400419 1.383381 -1.882617 0.4143 0.3988 0.2666
v -0.402366 1.254508 -1.829593 0.4143 0.3988 0.2666
v -0.402062 1.381642 -1.886509 0.4143 0.3988 0.2666
v -0.406698 1.253435 -1.832012 0.4143 0.3988 0.2666
v -0.406394 1.380570 -1.888928 0.4143 0.3988 0.2666
v -0.412064 1.253438 -1.832034 0.4143 0.3988 0.2666
v -0.411760 1.380573 -1.888950 0.4143 0.3988 0.2666
v -0.416414 1.254516 -1.829651 0.4143 0.3988 0.2666
v -0.416110 1.381650 -1.886566 0.4143 0.3988 0.2666
v -0.611435 1.256366 -1.826558 0.4143 0.3988 0.2666
v -0.611131 1.383501 -1.883474 0.4143 0.3988 0.2666
v -0.609792 1.258104 -1.822666 0.4143 0.3988 0.2666
v -0.609488 1.385239 -1.879582 0.4143 0.3988 0.2666
v -0.605460 1.259177 -1.820247 0.4143 0.3988 0.2666
v -0.605156 1.386312 -1.877163 0.4143 0.3988 0.2666
v -0.600094 1.259174 -1.820225 0.4143 0.3988 0.2666
v -0.599790 1.386308 -1.877141 0.4143 0.3988 0.2666
v -0.595743 1.258096 -1.822609 0.4143 0.3988 0.2666
v -0.595440 1.385231 -1.879524 0.4143 0.3988 0.2666
v -0.594070 1.256356 -1.826487 0.4143 0.3988 0.2666
v -0.593767 1.383491 -1.883403 0.4143 0.3988 0.2666
v -0.595714 1.254618 -1.830379 0.4143 0.3988 0.2666
v -0.595410 1.381752 -1.887295 0.4143 0.3988 0.2666
v -0.600046 1.253545 -1.832798 0.4143 0.3988 0.2666
v -0.599742 1.380680 -1.889714 0.4143 0.3988 0.2666
v -0.605412 1.253548 -1.832820 0.4143 0.3988 0.2666
v -0.605108 1.380683 -1.889736 0.4143 0.3988 0.2666
v -0.609762 1.254626 -1.830437 0.4143 0.3988 0.2666
v -0.609458 1.381760 -1.887352 0.4143 0.3988 0.2666
v -0.787979 1.256466 -1.827276 0.4143 0.3988 0.2666
v -0.787675 1.383601 -1.884191 0.4143 0.3988 0.2666
v -0.786335 1.258205 -1.823384 0.4143 0.3988 0.2666
v -0.786032 1.385339 -1.880299 0.4143 0.3988 0.2666
v -0.782004 1.259277 -1.820965 0.4143 0.3988 0.2666
v -0.781700 1.386412 -1.877881 0.4143 0.3988 0.2666
v -0.776637 1.259274 -1.820943 0.4143 0.3988 0.2666
v -0.776334 1.386409 -1.877859 0.4143 0.3988 0.2666
v -0.772287 1.258197 -1.823327 0.4143 0.3988 0.2666
v -0.771983 1.385331 -1.880242 0.4143 0.3988 0.2666
v -0.770614 1.256456 -1.827205 0.4143 0.3988 0.2666
v -0.770310 1.383591 -1.884121 0.4143 0.3988 0.2666
v -0.772257 1.254718 -1.831097 0.4143 0.3988 0.2666
v -0.771954 1.381853 -1.888013 0.4143 0.3988 0.2666
v -0.776590 1.253646 -1.833516 0.4143 0.3988 0.2666
v -0.776286 1.380780 -1.890432 0.4143 0.3988 0.2666
v -0.781955 1.253649 -1.833538 0.4143 0.3988 0.2666
v -0.781652 1.380783 -1.890454 0.4143 0.3988 0.2666
v -0.786306 1.254726 -1.831155 0.4143 0.3988 0.2666
v -0.786002 1.381861 -1.888070 0.4143 0.3988 0.2666
v -0.061988 1.381258 -1.494586 0.4143 0.3988 0.2666
v -0.061035 1.384860 -1.728383 0.4143 0.3988 0.2666
v -0.060029 1.387338 -1.494485 0.4143 0.3988 0.2666
v -0.059076 1.390940 -1.728282 0.4143 0.3988 0.2666
v -0.054905 1.391094 -1.494406 0.4143 0.3988 0.2666
v -0.053953 1.394696 -1.728203 0.4143 0.3988 0.2666
v -0.048575 1.391090 -1.494380 0.4143 0.3988 0.2666
v -0.047622 1.394692 -1.728177 0.4143 0.3988 0.2666
v -0.043456 1.387329 -1.494417 0.4143 0.3988 0.2666
v -0.042503 1.390931 -1.728214 0.4143 0.3988 0.2666
v -0.041503 1.381247 -1.494503 0.4143 0.3988 0.2666
v -0.040550 1.384849 -1.728300 0.4143 0.3988 0.2666
v -0.043462 1.375167 -1.494605 0.4143 0.3988 0.2666
v -0.042509 1.378769 -1.728402 0.4143 0.3988 0.2666
v -0.048585 1.371411 -1.494683 0.4143 0.3988 0.2666
v -0.047632 1.375013 -1.728480 0.4143 0.3988 0.2666
v -0.054915 1.371415 -1.494709 0.4143 0.3988 0.2666
v -0.053963 1.375017 -1.728506 0.4143 0.3988 0.2666
v -0.060035 1.375176 -1.494672 0.4143 0.3988 0.2666
v -0.059082 1.378778 -1.728469 0.4143 0.3988 0.2666
v -0.152834 1.393278 -1.876886 0.4143 0.3988 0.2666
v -0.152845 1.387166 -1.875024 0.4143 0.3988 0.2666
v -0.152811 1.397115 -1.881949 0.4143 0.3988 0.2666
v -0.152786 1.397212 -1.888278 0.4143 0.3988 0.2666
v -0.152767 1.393533 -1.893457 0.4143 0.3988 0.2666
v -0.152762 1.387482 -1.895507 0.4143 0.3988 0.2666
v -0.152773 1.381371 -1.893644 0.4143 0.3988 0.2666
v -0.152795 1.377534 -1.888582 0.4143 0.3988 0.2666
v -0.152821 1.377436 -1.882252 0.4143 0.3988 0.2666
v -0.152840 1.381116 -1.877073 0.4143 0.3988 0.2666
v -0.824939 1.393659 -1.879620 0.4143 0.3988 0.2666
v -0.824950 1.387548 -1.877757 0.4143 0.3988 0.2666
v -0.824917 1.397497 -1.884682 0.4143 0.3988 0.2666
v -0.824891 1.397594 -1.891012 0.4143 0.3988 0.2666
v -0.824872 1.393915 -1.896190 0.4143 0.3988 0.2666
v -0.824867 1.387864 -1.898240 0.4143 0.3988 0.2666
v -0.824878 1.381753 -1.896378 0.4143 0.3988 0.2666
v -0.824901 1.377916 -1.891315 0.4143 0.3988 0.2666
v -0.824927 1.377818 -1.884986 0.4143 0.3988 0.2666
v -0.824946 1.381498 -1.879807 0.4143 0.3988 0.2666
v -0.914563 1.391416 -1.731103 0.4143 0.3988 0.2666
v -0.912610 1.385334 -1.731189 0.4143 0.3988 0.2666
v -0.919683 1.395177 -1.731066 0.4143 0.3988 0.2666
v -0.926013 1.395181 -1.731091 0.4143 0.3988 0.2666
v -0.931136 1.391426 -1.731170 0.4143 0.3988 0.2666
v -0.933095 1.385346 -1.731272 0.4143 0.3988 0.2666
v -0.931142 1.379264 -1.731358 0.4143 0.3988 0.2666
v -0.926023 1.375503 -1.731395 0.4143 0.3988 0.2666
v -0.919693 1.375499 -1.731369 0.4143 0.3988 0.2666
v -0.914569 1.379254 -1.731290 0.4143 0.3988 0.2666
v -0.916167 1.385351 -1.337462 0.4143 0.3988 0.2666
v -0.914214 1.379269 -1.337547 0.4143 0.3988 0.2666
v -0.921287 1.389113 -1.337424 0.4143 0.3988 0.2666
v -0.927617 1.389116 -1.337450 0.4143 0.3988 0.2666
v -0.932740 1.385361 -1.337529 0.4143 0.3988 0.2666
v -0.934700 1.379281 -1.337631 0.4143 0.3988 0.2666
v -0.932747 1.373199 -1.337716 0.4143 0.3988 0.2666
v -0.927627 1.369438 -1.337753 0.4143 0.3988 0.2666
v -0.921297 1.369434 -1.337728 0.4143 0.3988 0.2666
v -0.916174 1.373189 -1.337649 0.4143 0.3988 0.2666
v -0.935122 1.251687 -1.667262 0.4143 0.3988 0.2666
v -0.935016 1.461402 -1.664031 0.4143 0.3988 0.2666
v -0.933289 1.251615 -1.662626 0.4143 0.3988 0.2666
v -0.933183 1.461329 -1.659395 0.4143 0.3988 0.2666
v -0.928451 1.251568 -1.659746 0.4143 0.3988 0.2666
v -0.928345 1.461283 -1.656515 0.4143 0.3988 0.2666
v -0.922457 1.251565 -1.659722 0.4143 0.3988 0.2666
v -0.922351 1.461279 -1.656490 0.4143 0.3988 0.2666
v -0.917596 1.251606 -1.662563 0.4143 0.3988 0.2666
v -0.917489 1.461321 -1.659331 0.4143 0.3988 0.2666
v -0.915724 1.251676 -1.667183 0.4143 0.3988 0.2666
v -0.915618 1.461391 -1.663952 0.4143 0.3988 0.2666
v -0.917558 1.251749 -1.671819 0.4143 0.3988 0.2666
v -0.917452 1.461463 -1.668587 0.4143 0.3988 0.2666
v -0.922396 1.251796 -1.674699 0.4143 0.3988 0.2666
v -0.922290 1.461510 -1.671467 0.4143 0.3988 0.2666
v -0.928390 1.251799 -1.674723 0.4143 0.3988 0.2666
v -0.928284 1.461513 -1.671492 0.4143 0.3988 0.2666
v -0.933251 1.251758 -1.671883 0.4143 0.3988 0.2666
v -0.933145 1.461472 -1.668651 0.4143 0.3988 0.2666
v -0.046209 1.251182 -1.663647 0.4143 0.3988 0.2666
v -0.046103 1.460896 -1.660416 0.4143 0.3988 0.2666
v -0.047990 1.251265 -1.668955 0.4143 0.3988 0.2666
v -0.047884 1.460979 -1.665724 0.4143 0.3988 0.2666
v -0.052697 1.251318 -1.672250 0.4143 0.3988 0.2666
v -0.052591 1.461032 -1.669019 0.4143 0.3988 0.2666
v -0.058532 1.251321 -1.672274 0.4143 0.3988 0.2666
v -0.058426 1.461036 -1.669042 0.4143 0.3988 0.2666
v -0.063265 1.251273 -1.669017 0.4143 0.3988 0.2666
v -0.063159 1.460988 -1.665786 0.4143 0.3988 0.2666
v -0.065090 1.251193 -1.663724 0.4143 0.3988 0.2666
v -0.064984 1.460907 -1.660492 0.4143 0.3988 0.2666
v -0.063308 1.251110 -1.658416 0.4143 0.3988 0.2666
v -0.063202 1.460824 -1.655184 0.4143 0.3988 0.2666
v -0.058601 1.251057 -1.655120 0.4143 0.3988 0.2666
v -0.058495 1.460771 -1.651889 0.4143 0.3988 0.2666
v -0.052767 1.251054 -1.655097 0.4143 0.3988 0.2666
v -0.052661 1.460768 -1.651865 0.4143 0.3988 0.2666
v -0.048033 1.251101 -1.658354 0.4143 0.3988 0.2666
v -0.047927 1.460816 -1.655122 0.4143 0.3988 0.2666
v -0.062150 1.314038 -1.464156 0.4143 0.3988 0.2666
v -0.061197 1.317640 -1.697953 0.4143 0.3988 0.2666
v -0.060191 1.320118 -1.464055 0.4143 0.3988 0.2666
v -0.059238 1.323720 -1.697852 0.4143 0.3988 0.2666
v -0.055067 1.323874 -1.463976 0.4143 0.3988 0.2666
v -0.054115 1.327476 -1.697773 0.4143 0.3988 0.2666
v -0.048737 1.323870 -1.463950 0.4143 0.3988 0.2666
v -0.047784 1.327472 -1.697747 0.4143 0.3988 0.2666
v -0.043618 1.320109 -1.463987 0.4143 0.3988 0.2666
v -0.042665 1.323711 -1.697784 0.4143 0.3988 0.2666
v -0.041665 1.314027 -1.464073 0.4143 0.3988 0.2666
v -0.040712 1.317629 -1.697870 0.4143 0.3988 0.2666
v -0.043624 1.307947 -1.464175 0.4143 0.3988 0.2666
v -0.042671 1.311549 -1.697972 0.4143 0.3988 0.2666
v -0.048747 1.304191 -1.464253 0.4143 0.3988 0.2666
v -0.047794 1.307793 -1.698050 0.4143 0.3988 0.2666
v -0.055077 1.304195 -1.464279 0.4143 0.3988 0.2666
v -0.054125 1.307797 -1.698076 0.4143 0.3988 0.2666
v -0.060197 1.307956 -1.464242 0.4143 0.3988 0.2666
v -0.059244 1.311558 -1.698039 0.4143 0.3988 0.2666
v -0.152996 1.326058 -1.846456 0.4143 0.3988 0.2666
v -0.153007 1.319947 -1.844594 0.4143 0.3988 0.2666
v -0.152973 1.329895 -1.851519 0.4143 0.3988 0.2666
v -0.152947 1.329992 -1.857848 0.4143 0.3988 0.2666
v -0.152929 1.326313 -1.863027 0.4143 0.3988 0.2666
v -0.152924 1.320262 -1.865077 0.4143 0.3988 0.2666
v -0.152935 1.314151 -1.863214 0.4143 0.3988 0.2666
v -0.152957 1.310314 -1.858151 0.4143 0.3988 0.2666
v -0.152983 1.310216 -1.851822 0.4143 0.3988 0.2666
v -0.153002 1.313896 -1.846643 0.4143 0.3988 0.2666
v -0.825101 1.326440 -1.849189 0.4143 0.3988 0.2666
v -0.825112 1.320329 -1.847327 0.4143 0.3988 0.2666
v -0.825079 1.330277 -1.854252 0.4143 0.3988 0.2666
v -0.825053 1.330374 -1.860582 0.4143 0.3988 0.2666
v -0.825034 1.326695 -1.865760 0.4143 0.3988 0.2666
v -0.825029 1.320644 -1.867810 0.4143 0.3988 0.2666
v -0.825040 1.314533 -1.865948 0.4143 0.3988 0.2666
v -0.825063 1.310696 -1.860885 0.4143 0.3988 0.2666
v -0.825089 1.310598 -1.854556 0.4143 0.3988 0.2666
v -0.825108 1.314278 -1.849377 0.4143 0.3988 0.2666
v -0.914725 1.324197 -1.700673 0.4143 0.3988 0.2666
v -0.912772 1.318115 -1.700759 0.4143 0.3988 0.2666
v -0.919845 1.327958 -1.700636 0.4143 0.3988 0.2666
v -0.926175 1.327961 -1.700661 0.4143 0.3988 0.2666
v -0.931298 1.324206 -1.700740 0.4143 0.3988 0.2666
v -0.933257 1.318126 -1.700842 0.4143 0.3988 0.2666
v -0.931304 1.312044 -1.700928 0.4143 0.3988 0.2666
v -0.926185 1.308283 -1.700965 0.4143 0.3988 0.2666
v -0.919855 1.308279 -1.700939 0.4143 0.3988 0.2666
v -0.914731 1.312035 -1.700860 0.4143 0.3988 0.2666
v -0.916329 1.318132 -1.307032 0.4143 0.3988 0.2666
v -0.914376 1.312049 -1.307117 0.4143 0.3988 0.2666
v -0.921449 1.321893 -1.306994 0.4143 0.3988 0.2666
v -0.927779 1.321896 -1.307020 0.4143 0.3988 0.2666
v -0.932902 1.318141 -1.307099 0.4143 0.3988 0.2666
v -0.934862 1.312061 -1.307200 0.4143 0.3988 0.2666
v -0.932909 1.305979 -1.307286 0.4143 0.3988 0.2666
v -0.927789 1.302218 -1.307323 0.4143 0.3988 0.2666
v -0.921459 1.302214 -1.307298 0.4143 0.3988 0.2666
v -0.916335 1.305970 -1.307219 0.4143 0.3988 0.2666
v -0.061949 1.458174 -1.493401 0.4143 0.3988 0.2666
v -0.060996 1.461776 -1.727198 0.4143 0.3988 0.2666
v -0.059990 1.464254 -1.493300 0.4143 0.3988 0.2666
v -0.059037 1.467856 -1.727096 0.4143 0.3988 0.2666
v -0.054867 1.468009 -1.493221 0.4143 0.3988 0.2666
v -0.053914 1.471611 -1.727018 0.4143 0.3988 0.2666
v -0.048536 1.468005 -1.493195 0.4143 0.3988 0.2666
v -0.047583 1.471607 -1.726992 0.4143 0.3988 0.2666
v -0.043417 1.464244 -1.493232 0.4143 0.3988 0.2666
v -0.042464 1.467846 -1.727029 0.4143 0.3988 0.2666
v -0.041464 1.458162 -1.493318 0.4143 0.3988 0.2666
v -0.040511 1.461764 -1.727115 0.4143 0.3988 0.2666
v -0.043423 1.452082 -1.493420 0.4143 0.3988 0.2666
v -0.042470 1.455684 -1.727216 0.4143 0.3988 0.2666
v -0.048546 1.448327 -1.493498 0.4143 0.3988 0.2666
v -0.047593 1.451929 -1.727295 0.4143 0.3988 0.2666
v -0.054877 1.448330 -1.493524 0.4143 0.3988 0.2666
v -0.053924 1.451932 -1.727321 0.4143 0.3988 0.2666
v -0.059996 1.452092 -1.493487 0.4143 0.3988 0.2666
v -0.059043 1.455694 -1.727284 0.4143 0.3988 0.2666
v -0.152795 1.470193 -1.875701 0.4143 0.3988 0.2666
v -0.152806 1.464082 -1.873839 0.4143 0.3988 0.2666
v -0.152772 1.474030 -1.880764 0.4143 0.3988 0.2666
v -0.152747 1.474128 -1.887093 0.4143 0.3988 0.2666
v -0.152728 1.470448 -1.892272 0.4143 0.3988 0.2666
v -0.152723 1.464397 -1.894321 0.4143 0.3988 0.2666
v -0.152734 1.458286 -1.892459 0.4143 0.3988 0.2666
v -0.152757 1.454449 -1.887396 0.4143 0.3988 0.2666
v -0.152782 1.454352 -1.881067 0.4143 0.3988 0.2666
v -0.152801 1.458031 -1.875888 0.4143 0.3988 0.2666
v -0.824901 1.470575 -1.878434 0.4143 0.3988 0.2666
v -0.824912 1.464464 -1.876572 0.4143 0.3988 0.2666
v -0.824878 1.474412 -1.883497 0.4143 0.3988 0.2666
v -0.824852 1.474510 -1.889827 0.4143 0.3988 0.2666
v -0.824833 1.470830 -1.895005 0.4143 0.3988 0.2666
v -0.824828 1.464779 -1.897055 0.4143 0.3988 0.2666
v -0.824839 1.458668 -1.895193 0.4143 0.3988 0.2666
v -0.824862 1.454831 -1.890130 0.4143 0.3988 0.2666
v -0.824888 1.454734 -1.883801 0.4143 0.3988 0.2666
v -0.824907 1.458413 -1.878622 0.4143 0.3988 0.2666
v -0.914524 1.468332 -1.729918 0.4143 0.3988 0.2666
v -0.912571 1.462250 -1.730003 0.4143 0.3988 0.2666
v -0.919644 1.472093 -1.729881 0.4143 0.3988 0.2666
v -0.925974 1.472097 -1.729906 0.4143 0.3988 0.2666
v -0.931097 1.468341 -1.729985 0.4143 0.3988 0.2666
v -0.933056 1.462261 -1.730087 0.4143 0.3988 0.2666
v -0.931103 1.456179 -1.730173 0.4143 0.3988 0.2666
v -0.925984 1.452418 -1.730209 0.4143 0.3988 0.2666
v -0.919654 1.452414 -1.730184 0.4143 0.3988 0.2666
v -0.914530 1.456170 -1.730105 0.4143 0.3988 0.2666
v -0.916129 1.462267 -1.336276 0.4143 0.3988 0.2666
v -0.914176 1.456185 -1.336362 0.4143 0.3988 0.2666
v -0.921248 1.466028 -1.336239 0.4143 0.3988 0.2666
v -0.927578 1.466032 -1.336265 0.4143 0.3988 0.2666
v -0.932701 1.462276 -1.336344 0.4143 0.3988 0.2666
v -0.934661 1.456197 -1.336445 0.4143 0.3988 0.2666
v -0.932708 1.450114 -1.336531 0.4143 0.3988 0.2666
v -0.927588 1.446353 -1.336568 0.4143 0.3988 0.2666
v -0.921258 1.446349 -1.336542 0.4143 0.3988 0.2666
v -0.916135 1.450105 -1.336464 0.4143 0.3988 0.2666
v -0.219985 1.256144 -1.824966 0.4143 0.3988 0.2666
v -0.219681 1.383278 -1.881882 0.4143 0.3988 0.2666
v -0.218342 1.257882 -1.821074 0.4143 0.3988 0.2666
v -0.218038 1.385016 -1.877990 0.4143 0.3988 0.2666
v -0.214010 1.258954 -1.818655 0.4143 0.3988 0.2666
v -0.213706 1.386089 -1.875571 0.4143 0.3988 0.2666
v -0.208644 1.258951 -1.818633 0.4143 0.3988 0.2666
v -0.208340 1.386086 -1.875549 0.4143 0.3988 0.2666
v -0.204293 1.257874 -1.821017 0.4143 0.3988 0.2666
v -0.203990 1.385008 -1.877932 0.4143 0.3988 0.2666
v -0.202620 1.256134 -1.824895 0.4143 0.3988 0.2666
v -0.202317 1.383268 -1.881811 0.4143 0.3988 0.2666
v -0.204264 1.254395 -1.828787 0.4143 0.3988 0.2666
v -0.203960 1.381530 -1.885703 0.4143 0.3988 0.2666
v -0.208596 1.253323 -1.831206 0.4143 0.3988 0.2666
v -0.208292 1.380457 -1.888122 0.4143 0.3988 0.2666
v -0.213962 1.253326 -1.831228 0.4143 0.3988 0.2666
v -0.213658 1.380460 -1.888144 0.4143 0.3988 0.2666
v -0.218312 1.254403 -1.828845 0.4143 0.3988 0.2666
v -0.218008 1.381538 -1.885760 0.4143 0.3988 0.2666
v -0.219116 1.390125 -1.887259 0.4143 0.3988 0.2666
v -0.219077 1.466485 -1.886083 0.4143 0.3988 0.2666
v -0.217475 1.390058 -1.882996 0.4143 0.3988 0.2666
v -0.217437 1.466418 -1.881820 0.4143 0.3988 0.2666
v -0.213145 1.390015 -1.880348 0.4143 0.3988 0.2666
v -0.213106 1.466375 -1.879171 0.4143 0.3988 0.2666
v -0.207779 1.390012 -1.880326 0.4143 0.3988 0.2666
v -0.207740 1.466372 -1.879150 0.4143 0.3988 0.2666
v -0.203427 1.390050 -1.882939 0.4143 0.3988 0.2666
v -0.203388 1.466410 -1.881763 0.4143 0.3988 0.2666
v -0.201751 1.390115 -1.887189 0.4143 0.3988 0.2666
v -0.201713 1.466475 -1.886012 0.4143 0.3988 0.2666
v -0.203392 1.390181 -1.891452 0.4143 0.3988 0.2666
v -0.203354 1.466541 -1.890275 0.4143 0.3988 0.2666
v -0.207723 1.390224 -1.894100 0.4143 0.3988 0.2666
v -0.207684 1.466584 -1.892924 0.4143 0.3988 0.2666
v -0.213089 1.390227 -1.894122 0.4143 0.3988 0.2666
v -0.213050 1.466587 -1.892945 0.4143 0.3988 0.2666
v -0.217441 1.390189 -1.891509 0.4143 0.3988 0.2666
v -0.217402 1.466549 -1.890332 0.4143 0.3988 0.2666
v -0.416458 1.390237 -1.888062 0.4143 0.3988 0.2666
v -0.416420 1.466597 -1.886885 0.4143 0.3988 0.2666
v -0.414817 1.390170 -1.883799 0.4143 0.3988 0.2666
v -0.414779 1.466530 -1.882622 0.4143 0.3988 0.2666
v -0.410487 1.390127 -1.881151 0.4143 0.3988 0.2666
v -0.410448 1.466487 -1.879974 0.4143 0.3988 0.2666
v -0.405121 1.390124 -1.881129 0.4143 0.3988 0.2666
v -0.405082 1.466484 -1.879952 0.4143 0.3988 0.2666
v -0.400769 1.390162 -1.883742 0.4143 0.3988 0.2666
v -0.400730 1.466522 -1.882565 0.4143 0.3988 0.2666
v -0.399094 1.390227 -1.887991 0.4143 0.3988 0.2666
v -0.399055 1.466587 -1.886815 0.4143 0.3988 0.2666
v -0.400734 1.390294 -1.892255 0.4143 0.3988 0.2666
v -0.400696 1.466654 -1.891078 0.4143 0.3988 0.2666
v -0.405065 1.390337 -1.894903 0.4143 0.3988 0.2666
v -0.405026 1.466697 -1.893726 0.4143 0.3988 0.2666
v -0.410431 1.390339 -1.894925 0.4143 0.3988 0.2666
v -0.410392 1.466700 -1.893748 0.4143 0.3988 0.2666
v -0.414783 1.390301 -1.892312 0.4143 0.3988 0.2666
v -0.414744 1.466661 -1.891135 0.4143 0.3988 0.2666
v -0.609459 1.390347 -1.888847 0.4143 0.3988 0.2666
v -0.609420 1.466707 -1.887670 0.4143 0.3988 0.2666
v -0.607818 1.390280 -1.884584 0.4143 0.3988 0.2666
v -0.607779 1.466640 -1.883407 0.4143 0.3988 0.2666
v -0.603487 1.390237 -1.881935 0.4143 0.3988 0.2666
v -0.603449 1.466597 -1.880759 0.4143 0.3988 0.2666
v -0.598122 1.390234 -1.881914 0.4143 0.3988 0.2666
v -0.598083 1.466594 -1.880737 0.4143 0.3988 0.2666
v -0.593770 1.390272 -1.884527 0.4143 0.3988 0.2666
v -0.593731 1.466632 -1.883350 0.4143 0.3988 0.2666
v -0.592094 1.390337 -1.888776 0.4143 0.3988 0.2666
v -0.592055 1.466697 -1.887600 0.4143 0.3988 0.2666
v -0.593735 1.390403 -1.893039 0.4143 0.3988 0.2666
v -0.593696 1.466763 -1.891863 0.4143 0.3988 0.2666
v -0.598065 1.390446 -1.895688 0.4143 0.3988 0.2666
v -0.598027 1.466806 -1.894511 0.4143 0.3988 0.2666
v -0.603431 1.390449 -1.895709 0.4143 0.3988 0.2666
v -0.603393 1.466809 -1.894533 0.4143 0.3988 0.2666
v -0.607783 1.390411 -1.893096 0.4143 0.3988 0.2666
v -0.607745 1.466771 -1.891920 0.4143 0.3988 0.2666
v -0.787649 1.390448 -1.889571 0.4143 0.3988 0.2666
v -0.787611 1.466808 -1.888395 0.4143 0.3988 0.2666
v -0.786009 1.390381 -1.885308 0.4143 0.3988 0.2666
v -0.785970 1.466741 -1.884132 0.4143 0.3988 0.2666
v -0.781678 1.390338 -1.882660 0.4143 0.3988 0.2666
v -0.781639 1.466698 -1.881483 0.4143 0.3988 0.2666
v -0.776312 1.390335 -1.882638 0.4143 0.3988 0.2666
v -0.776273 1.466695 -1.881462 0.4143 0.3988 0.2666
v -0.771960 1.390373 -1.885251 0.4143 0.3988 0.2666
v -0.771922 1.466733 -1.884074 0.4143 0.3988 0.2666
v -0.770285 1.390438 -1.889501 0.4143 0.3988 0.2666
v -0.770246 1.466798 -1.888324 0.4143 0.3988 0.2666
v -0.771925 1.390504 -1.893764 0.4143 0.3988 0.2666
v -0.771887 1.466864 -1.892587 0.4143 0.3988 0.2666
v -0.776256 1.390548 -1.896412 0.4143 0.3988 0.2666
v -0.776217 1.466908 -1.895236 0.4143 0.3988 0.2666
v -0.781622 1.390550 -1.896434 0.4143 0.3988 0.2666
v -0.781583 1.466911 -1.895257 0.4143 0.3988 0.2666
v -0.785974 1.390512 -1.893821 0.4143 0.3988 0.2666
v -0.785935 1.466872 -1.892644 0.4143 0.3988 0.2666
v -0.046209 1.251182 -1.663647 0.4143 0.3988 0.2666
v -0.046103 1.460896 -1.660416 0.4143 0.3988 0.2666
v -0.047990 1.251265 -1.668955 0.4143 0.3988 0.2666
v -0.047884 1.460979 -1.665724 0.4143 0.3988 0.2666
v -0.052697 1.251318 -1.672250 0.4143 0.3988 0.2666
v -0.052591 1.461032 -1.669019 0.4143 0.3988 0.2666
v -0.058532 1.251321 -1.672274 0.4143 0.3988 0.2666
v -0.058426 1.461036 -1.669042 0.4143 0.3988 0.2666
v -0.063265 1.251273 -1.669017 0.4143 0.3988 0.2666
v -0.063159 1.460988 -1.665786 0.4143 0.3988 0.2666
v -0.065090 1.251193 -1.663724 0.4143 0.3988 0.2666
v -0.064984 1.460907 -1.660492 0.4143 0.3988 0.2666
v -0.063308 1.251110 -1.658416 0.4143 0.3988 0.2666
v -0.063202 1.460824 -1.655184 0.4143 0.3988 0.2666
v -0.058601 1.251057 -1.655120 0.4143 0.3988 0.2666
v -0.058495 1.460771 -1.651889 0.4143 0.3988 0.2666
v -0.052767 1.251054 -1.655097 0.4143 0.3988 0.2666
v -0.052661 1.460768 -1.651865 0.4143 0.3988 0.2666
v -0.048033 1.251101 -1.658354 0.4143 0.3988 0.2666
v -0.047927 1.460816 -1.655122 0.4143 0.3988 0.2666
v -0.935122 1.251687 -1.667262 0.4143 0.3988 0.2666
v -0.935016 1.461402 -1.664031 0.4143 0.3988 0.2666
v -0.933289 1.251615 -1.662626 0.4143 0.3988 0.2666
v -0.933183 1.461329 -1.659395 0.4143 0.3988 0.2666
v -0.928451 1.251568 -1.659746 0.4143 0.3988 0.2666
v -0.928345 1.461283 -1.656515 0.4143 0.3988 0.2666
v -0.922457 1.251565 -1.659722 0.4143 0.3988 0.2666
v -0.922351 1.461279 -1.656490 0.4143 0.3988 0.2666
v -0.917596 1.251606 -1.662563 0.4143 0.3988 0.2666
v -0.917489 1.461321 -1.659331 0.4143 0.3988 0.2666
v -0.915724 1.251676 -1.667183 0.4143 0.3988 0.2666
v -0.915618 1.461391 -1.663952 0.4143 0.3988 0.2666
v -0.917558 1.251749 -1.671819 0.4143 0.3988 0.2666
v -0.917452 1.461463 -1.668587 0.4143 0.3988 0.2666
v -0.922396 1.251796 -1.674699 0.4143 0.3988 0.2666
v -0.922290 1.461510 -1.671467 0.4143 0.3988 0.2666
v -0.928390 1.251799 -1.674723 0.4143 0.3988 0.2666
v -0.928284 1.461513 -1.671492 0.4143 0.3988 0.2666
v -0.933251 1.251758 -1.671883 0.4143 0.3988 0.2666
v -0.933145 1.461472 -1.668651 0.4143 0.3988 0.2666
v -0.787979 1.256466 -1.827276 0.4143 0.3988 0.2666
v -0.787675 1.383601 -1.884191 0.4143 0.3988 0.2666
v -0.786335 1.258205 -1.823384 0.4143 0.3988 0.2666
v -0.786032 1.385339 -1.880299 0.4143 0.3988 0.2666
v -0.782004 1.259277 -1.820965 0.4143 0.3988 0.2666
v -0.781700 1.386412 -1.877881 0.4143 0.3988 0.2666
v -0.776637 1.259274 -1.820943 0.4143 0.3988 0.2666
v -0.776334 1.386409 -1.877859 0.4143 0.3988 0.2666
v -0.772287 1.258197 -1.823327 0.4143 0.3988 0.2666
v -0.771983 1.385331 -1.880242 0.4143 0.3988 0.2666
v -0.770614 1.256456 -1.827205 0.4143 0.3988 0.2666
v -0.770310 1.383591 -1.884121 0.4143 0.3988 0.2666
v -0.772257 1.254718 -1.831097 0.4143 0.3988 0.2666
v -0.771954 1.381853 -1.888013 0.4143 0.3988 0.2666
v -0.776590 1.253646 -1.833516 0.4143 0.3988 0.2666
v -0.776286 1.380780 -1.890432 0.4143 0.3988 0.2666
v -0.781955 1.253649 -1.833538 0.4143 0.3988 0.2666
v -0.781652 1.380783 -1.890454 0.4143 0.3988 0.2666
v -0.786306 1.254726 -1.831155 0.4143 0.3988 0.2666
v -0.786002 1.381861 -1.888070 0.4143 0.3988 0.2666
v -0.611435 1.256366 -1.826558 0.4143 0.3988 0.2666
v -0.611131 1.383501 -1.883474 0.4143 0.3988 0.2666
v -0.609792 1.258104 -1.822666 0.4143 0.3988 0.2666
v -0.609488 1.385239 -1.879582 0.4143 0.3988 0.2666
v -0.605460 1.259177 -1.820247 0.4143 0.3988 0.2666
v -0.605156 1.386312 -1.877163 0.4143 0.3988 0.2666
v -0.600094 1.259174 -1.820225 0.4143 0.3988 0.2666
v -0.599790 1.386308 -1.877141 0.4143 0.3988 0.2666
v -0.595743 1.258096 -1.822609 0.4143 0.3988 0.2666
v -0.595440 1.385231 -1.879524 0.4143 0.3988 0.2666
v -0.594070 1.256356 -1.826487 0.4143 0.3988 0.2666
v -0.593767 1.383491 -1.883403 0.4143 0.3988 0.2666
v -0.595714 1.254618 -1.830379 0.4143 0.3988 0.2666
v -0.595410 1.381752 -1.887295 0.4143 0.3988 0.2666
v -0.600046 1.253545 -1.832798 0.4143 0.3988 0.2666
v -0.599742 1.380680 -1.889714 0.4143 0.3988 0.2666
v -0.605412 1.253548 -1.832820 0.4143 0.3988 0.2666
v -0.605108 1.380683 -1.889736 0.4143 0.3988 0.2666
v -0.609762 1.254626 -1.830437 0.4143 0.3988 0.2666
v -0.609458 1.381760 -1.887352 0.4143 0.3988 0.2666
v -0.190147 1.144440 -0.688124 0.4143 0.3988 0.2666
v -0.189997 1.462865 -0.680471 0.4143 0.3988 0.2666
v 0.292207 1.144167 -0.686217 0.4143 0.3988 0.2666
v 0.292357 1.462592 -0.678564 0.4143 0.3988 0.2666
v -0.196093 1.065860 0.769230 0.4143 0.3988 0.2666
v -0.195756 1.390160 0.731567 0.4143 0.3988 0.2666
v 0.286261 1.065587 0.771137 0.4143 0.3988 0.2666
v 0.286599 1.389887 0.733474 0.4143 0.3988 0.2666
v 0.287331 1.028150 0.499524 0.4143 0.3988 0.2666
v 0.287569 1.437557 0.498530 0.4143 0.3988 0.2666
v -0.195023 1.028424 0.497616 0.4143 0.3988 0.2666
v -0.194785 1.437830 0.496623 0.4143 0.3988 0.2666
v -0.196388 1.064289 0.843567 0.4143 0.3988 0.2666
v -0.196050 1.388589 0.805904 0.4143 0.3988 0.2666
v 0.285966 1.064015 0.845474 0.4143 0.3988 0.2666
v 0.286304 1.388315 0.807812 0.4143 0.3988 0.2666
v -0.196308 1.064714 0.823452 0.4143 0.3988 0.2666
v -0.195971 1.389014 0.785790 0.4143 0.3988 0.2666
v 0.286046 1.064441 0.825359 0.4143 0.3988 0.2666
v 0.286384 1.388741 0.787697 0.4143 0.3988 0.2666
v -0.195874 1.389527 0.761524 0.4143 0.3988 0.2666
v 0.286480 1.389253 0.763431 0.4143 0.3988 0.2666
v -0.196212 1.065227 0.799187 0.4143 0.3988 0.2666
v 0.286142 1.064953 0.801094 0.4143 0.3988 0.2666
v 0.249412 1.064974 0.800945 0.4143 0.3988 0.2666
v 0.249316 1.064461 0.825210 0.4143 0.3988 0.2666
v 0.249653 1.388762 0.787547 0.4143 0.3988 0.2666
v 0.249749 1.389274 0.763282 0.4143 0.3988 0.2666
v -0.169146 1.065211 0.799297 0.4143 0.3988 0.2666
v -0.169243 1.064699 0.823562 0.4143 0.3988 0.2666
v -0.168905 1.388999 0.785900 0.4143 0.3988 0.2666
v -0.168809 1.389511 0.761634 0.4143 0.3988 0.2666
v -0.193453 1.357611 0.788291 0.4143 0.3988 0.2666
v 0.288901 1.357338 0.790199 0.4143 0.3988 0.2666
v -0.193357 1.358124 0.764026 0.4143 0.3988 0.2666
v 0.288997 1.357851 0.765933 0.4143 0.3988 0.2666
v -0.194549 1.090789 0.795244 0.4143 0.3988 0.2666
v -0.194645 1.090276 0.819509 0.4143 0.3988 0.2666
v 0.287805 1.090516 0.797151 0.4143 0.3988 0.2666
v 0.287709 1.090003 0.821416 0.4143 0.3988 0.2666
vn 0.9948 -0.0021 0.1021
vn 0.9557 -0.0050 0.2941
vn 0.8800 -0.0078 0.4749
vn 0.7704 -0.0102 0.6375
vn 0.6312 -0.0123 0.7755
vn 0.4678 -0.0139 0.8837
vn 0.2864 -0.0149 0.9580
vn 0.0696 -0.0031 0.9976
vn -0.1020 0.0094 0.9947
vn -0.4452 0.1589 -0.8812
vn -0.6281 0.1593 0.7617
vn -0.7588 0.1974 0.6207
vn -0.8591 0.2276 0.4584
vn -0.9269 0.2490 0.2809
vn -0.9606 0.2613 0.0947
vn -0.9598 0.2642 -0.0944
vn -0.9246 0.2577 -0.2807
vn -0.8554 0.2417 -0.4581
vn -0.7537 0.2165 -0.6205
vn -0.6219 0.1828 -0.7615
vn 0.0075 -0.1599 0.9871
vn -0.0939 0.0400 -0.9948
vn 0.0778 0.0277 -0.9966
vn 0.2942 0.0146 -0.9556
vn 0.4750 0.0133 -0.8799
vn 0.6375 0.0115 -0.7703
vn 0.7756 0.0093 -0.6312
vn 0.8838 0.0068 -0.4678
vn -0.6824 0.4726 -0.5577
vn 0.9581 0.0039 -0.2864
vn 0.9956 0.0009 -0.0940
vn -0.6164 -0.1993 -0.7618
vn 0.4883 0.1794 -0.8540
vn -1.0000 -0.0032 -0.0041
vn -0.0009 -0.9998 -0.0186
vn 0.0005 0.9999 0.0154
vn -0.2942 -0.0146 0.9556
vn 0.0719 -0.0032 0.9974
vn -0.0043 -0.0112 0.9999
vn 0.1858 0.0183 -0.9824
vn 0.0002 0.9999 0.0145
vn 0.1560 -0.0101 0.9877
vn 0.3862 -0.0085 0.9224
vn 0.5942 -0.0064 0.8043
vn 0.7152 -0.0046 0.6989
vn 0.5738 0.0123 -0.8189
vn -0.4629 -0.0134 0.8863
vn -0.9999 -0.0124 0.0071
vn 0.4550 0.8751 -0.1648
vn 0.1406 0.0152 -0.9899
vn 0.9705 -0.0042 0.2409
vn 0.5444 0.2163 -0.8104
vn -0.0005 -0.9999 -0.0154
vn 0.8641 -0.4285 -0.2640
vn 0.8620 -0.4366 0.2577
vn 0.0019 0.9674 -0.2532
vn -0.0047 -0.9999 -0.0143
vn -0.0011 -0.9999 -0.0164
vn -0.2864 0.0149 -0.9580
vn -0.1021 -0.0153 0.9947
vn -0.4678 0.0139 -0.8837
vn 0.0940 -0.0154 0.9955
vn -0.6312 0.0123 -0.7755
vn -0.7704 0.0102 -0.6375
vn -0.8800 0.0078 -0.4749
vn -0.9557 0.0050 -0.2941
vn -0.9948 0.0021 -0.1021
vn 0.8838 0.0068 -0.4677
vn -0.9956 -0.0009 0.0940
vn -0.9581 -0.0039 0.2864
vn -0.8838 -0.0068 0.4677
vn -0.7756 -0.0093 0.6312
vn -0.6375 -0.0115 0.7703
vn 0.1021 0.0153 -0.9947
vn -0.4750 -0.0133 0.8799
vn -0.0940 0.0154 -0.9955
vn -0.7310 -0.0101 0.6824
vn 0.0973 0.9952 0.0118
vn 0.3334 -0.0589 -0.9410
vn 0.3309 -0.0327 0.9431
vn -0.9300 0.0061 -0.3675
vn -0.0135 0.0154 -0.9998
vn -0.0291 -0.0154 0.9995
vn 0.9998 -0.0008 0.0183
vn 0.4921 0.0132 -0.8704
vn -0.1798 -0.0151 0.9836
vn 0.4813 -0.0137 0.8764
vn 0.0040 0.0154 -0.9999
vn -0.7436 -0.0099 0.6685
vn 0.7708 0.0094 -0.6370
vn -0.7100 -0.0105 0.7041
vn -0.2277 0.0151 -0.9736
vn -0.8949 0.0073 -0.4461
vn 0.4604 -0.0139 0.8876
vn 0.8997 0.0063 -0.4364
vn -0.0387 0.0154 -0.9991
vn 0.2902 -0.0149 0.9569
vn -0.8063 0.0095 -0.5914
vn 0.6613 -0.0119 0.7500
vn 0.9638 0.0510 0.2616
vn 0.9054 0.2778 -0.3211
vn 0.3459 0.8859 0.3090
vn 0.5063 0.8606 0.0553
vn 0.2421 0.9370 -0.2517
vn 0.8504 -0.0085 0.5260
vn 0.9901 -0.0027 0.1406
vn 0.0054 0.0154 -0.9999
vn 0.9497 0.0043 -0.3132
vn 0.9651 0.0035 -0.2620
vn -0.0634 0.9936 -0.0931
vn 0.5261 0.0128 -0.8503
vn -0.0007 -0.9999 -0.0151
vn -0.5261 -0.0128 0.8503
vn -0.1406 -0.0152 0.9899
vn 0.9477 0.0044 -0.3192
vn -0.3193 0.0148 -0.9475
vn 0.3193 -0.0148 0.9475
vn -0.0007 0.5518 -0.8340
vn 0.9800 -0.0036 0.1991
vn 0.8292 -0.0090 0.5589
vn 0.5522 -0.0131 0.8336
vn 0.1911 -0.0152 0.9815
vn -0.1991 -0.0150 0.9799
vn -0.5590 -0.0125 0.8291
vn -0.8337 -0.0081 0.5521
vn -0.9816 -0.0024 0.1911
vn -0.9800 0.0036 -0.1991
vn -0.8292 0.0090 -0.5589
vn -0.2967 0.9549 0.0116
vn -0.5522 0.0131 -0.8336
vn -0.1911 0.0152 -0.9815
vn -0.0033 -0.0006 1.0000
vn 0.1991 0.0150 -0.9799
vn 0.5590 0.0125 -0.8291
vn 0.8337 0.0081 -0.5521
vn 0.9816 0.0024 -0.1911
vn -0.0269 0.9575 0.2872
vn 0.1242 0.8920 0.4347
vn 0.1941 0.9671 -0.1644
vn 0.0194 0.9940 -0.1080
vn 0.1464 0.8860 -0.4400
vn -0.4524 0.1317 0.8820
vn -0.9999 0.0007 -0.0144
vn 0.0049 0.9999 0.0149
vn 0.5576 0.4585 0.6920
vn -0.5571 0.4802 -0.6775
vn 0.4116 0.4640 0.7844
vn -0.4111 0.4883 -0.7698
vn 0.2509 0.4705 0.8460
vn -0.2891 0.4961 -0.8187
vn 0.0396 0.4774 0.8778
vn 0.2577 0.4963 -0.8290
vn -0.4174 0.4644 0.7811
vn 0.4179 0.4879 -0.7664
vn -0.5627 0.4592 0.6874
vn 0.5632 0.4796 -0.6729
vn -0.6870 0.4553 0.5664
vn 0.6874 0.4718 -0.5521
vn -0.7850 0.4529 0.4226
vn 0.7855 0.4650 -0.4085
vn -0.8526 0.4522 0.2619
vn 0.8530 0.4593 -0.2479
vn -0.8867 0.4533 0.0907
vn 0.8865 0.4523 0.0979
vn 0.8872 0.4550 -0.0767
vn -0.8860 0.4560 -0.0839
vn 0.8509 0.4513 0.2688
vn 0.0467 0.5042 -0.8623
vn -0.8505 0.4602 -0.2548
vn 0.7820 0.4521 0.4290
vn -0.2959 0.4707 0.8312
vn -0.7816 0.4658 -0.4149
vn 0.6828 0.4545 0.5720
vn 0.9948 -0.1021 0.0033
vn -0.9999 -0.0163 -0.0035
vn 0.5825 -0.0337 -0.8121
vn 0.0089 0.0054 -0.9999
vn -0.0428 -0.4869 -0.8724
vn 1.0000 -0.0006 0.0041
vn 0.0041 0.0154 -0.9999
vn -0.0000 1.0000 -0.0000
vn -1.0000 0.0006 -0.0041
vn 1.0000 -0.0006 0.0043
vn -0.0010 -0.0154 0.9999
vn -0.0041 -0.0154 0.9999
vn -0.0103 -0.0154 0.9998
vn -0.9997 0.0002 0.0226
vn 0.9182 -0.0066 0.3960
vn 0.0303 0.1875 -0.9818
vn -0.9589 0.1302 -0.2521
vn 0.4880 0.8362 0.2502
vn -0.3232 0.0147 -0.9462
vn -0.9998 0.0002 0.0186
vn -0.7652 0.0103 -0.6437
vn -0.8807 -0.0069 0.4735
vn 0.0121 0.0154 -0.9998
vn -1.0000 0.0006 -0.0038
vn -0.9483 -0.0044 0.3172
vn 1.0000 -0.0005 0.0002
vn -0.2708 0.0150 -0.9625
vn -0.9997 0.0001 0.0262
vn -0.5133 -0.0130 0.8581
vn -0.6370 0.0122 -0.7707
vn -0.2209 -0.0149 0.9752
vn -0.9971 -0.0007 0.0757
vn -0.9995 -0.0000 0.0327
vn 0.1926 0.6565 -0.7293
vn 0.0191 0.9984 0.0526
vn -0.3675 -0.0141 0.9299
vn 0.2574 0.5945 0.7618
vn 0.3693 0.9293 0.0075
vn 0.3915 0.9200 0.0158
vn 0.4632 0.7900 0.4016
vn 1.0000 -0.0040 -0.0084
vn -0.0099 0.5313 0.8471
vn 0.3806 0.9246 0.0157
vn 0.9405 0.3393 0.0186
vn -0.9373 0.3485 0.0051
vn 0.2556 0.3181 0.9130
vn 0.3900 0.9207 0.0158
vn 0.6076 0.2895 0.7396
vn 0.1764 0.6154 -0.7683
vn 0.3762 0.9264 -0.0143
vn 0.3769 0.9263 0.0020
vn 0.1905 0.9173 -0.3497
vn 1.0000 -0.0006 0.0038
vn 0.9788 0.0027 -0.2046
vn -1.0000 0.0005 -0.0002
vn 0.2708 -0.0150 0.9625
vn 1.0000 -0.0004 -0.0048
vn 0.5133 0.0130 -0.8581
vn 0.6370 -0.0122 0.7707
vn 0.8983 0.0063 -0.4393
vn 0.2209 0.0149 -0.9752
vn 0.9971 0.0007 -0.0757
vn -0.0518 0.9951 0.0843
vn 0.9995 -0.0000 -0.0327
vn 0.4629 0.0134 -0.8863
vn 0.3232 -0.0147 0.9462
vn 0.9998 -0.0002 -0.0186
vn 0.8076 0.0087 -0.5897
vn 0.7652 -0.0103 0.6437
vn -0.0121 -0.0154 0.9998
vn 0.0041 0.0561 -0.9984
vn 0.0122 -0.9870 -0.1600
vn -0.0228 -0.0154 0.9996
vn -0.8983 -0.0063 0.4393
vn -0.0130 0.0190 -0.9997
vn -0.0111 -0.2795 0.9601
vn 0.3857 0.9226 -0.0073
vn -0.0109 0.9998 0.0151
vn -0.0253 -0.0236 0.9994
vn -0.9434 0.0155 0.3313
vn -0.9436 -0.0014 0.3311
vn -0.9875 0.1575 -0.0014
vn -1.0000 -0.0002 -0.0003
vn -0.9990 0.0430 -0.0105
vn -0.9979 -0.0604 0.0215
vn -0.9967 0.0796 0.0145
vn -0.0798 -0.9967 -0.0143
vn 0.0797 0.9968 0.0053
vn 0.0131 -0.0188 0.9997
vn -0.9436 -0.0003 0.3311
vn -0.2467 0.9522 0.1803
vn 0.0067 0.9871 0.1599
vn 0.0371 0.0648 0.9972
vn -0.3304 0.0621 -0.9418
vn 0.0005 0.9999 0.0153
vn -1.0000 0.0005 -0.0024
vn 0.0092 0.0154 -0.9998
vn 0.7107 0.0105 -0.7034
vn 0.0422 -0.9973 -0.0593
vn -0.8337 -0.0043 0.5522
vn 0.0908 0.9843 0.1515
vn 0.1384 0.9881 -0.0668
vn 0.1593 0.9872 -0.0078
vn -0.5642 -0.0106 0.8255
vn 0.0387 0.9845 0.1710
vn -0.8292 0.0128 -0.5588
vn -0.0724 -0.9850 0.1566
vn -0.0761 0.9834 0.1647
vn -0.1046 -0.9847 0.1392
vn -0.1327 -0.9844 0.1160
vn -0.0118 0.9882 -0.1529
vn -0.1557 -0.9839 0.0877
vn -0.1728 -0.9834 0.0554
vn -0.1833 -0.9829 0.0204
vn -0.1867 -0.9823 -0.0159
vn -0.1307 0.9839 0.1215
vn -0.1830 -0.9817 -0.0522
vn -0.1722 -0.9812 -0.0871
vn -0.1549 -0.9807 -0.1192
vn -0.1566 0.9845 0.0792
vn -0.1316 -0.9803 -0.1473
vn -0.1033 -0.9800 -0.1703
vn -0.1670 0.9855 0.0310
vn -0.0710 -0.9797 -0.1874
vn -0.1609 0.9864 -0.0342
vn -0.0361 -0.9796 -0.1979
vn -0.1296 0.9872 -0.0924
vn 0.0003 -0.9795 -0.2013
vn -0.0782 0.9880 -0.1335
vn 0.1560 0.9862 0.0547
vn -0.0157 0.9848 0.1727
vn 0.1291 0.9854 0.1112
vn 0.1680 -0.9858 0.0021
vn 0.1614 -0.9863 0.0346
vn 0.1485 -0.9868 0.0652
vn 0.1300 -0.9872 0.0928
vn 0.1064 -0.9875 0.1162
vn 0.0553 0.9892 -0.1356
vn 0.0787 -0.9878 0.1345
vn 0.0480 -0.9880 0.1471
vn 0.0154 -0.9880 0.1534
vn -0.0178 -0.9880 0.1533
vn -0.0503 -0.9879 0.1467
vn -0.3864 -0.0140 0.9222
vn -0.0809 -0.9877 0.1338
vn -0.1085 -0.9874 0.1153
vn -0.1319 -0.9870 0.0917
vn -0.1502 -0.9866 0.0640
vn -0.3848 0.0163 -0.9228
vn -0.1628 -0.9861 0.0333
vn -0.9278 -0.0034 0.3730
vn -0.1691 -0.9856 0.0007
vn -0.1690 -0.9851 -0.0325
vn -0.0023 0.0173 -0.9998
vn -0.1624 -0.9846 -0.0650
vn 0.1015 0.9891 -0.1068
vn -0.1495 -0.9841 -0.0956
vn -0.5575 0.0131 -0.8301
vn -0.1310 -0.9837 -0.1231
vn -0.7042 0.0113 -0.7099
vn -0.1074 -0.9834 -0.1465
vn -0.1974 0.0171 -0.9802
vn -0.0797 -0.9831 -0.1649
vn -0.9248 0.0082 -0.3805
vn -0.0490 -0.9829 -0.1774
vn -0.9812 0.0053 -0.1927
vn -0.0164 -0.9828 -0.1838
vn -0.9828 -0.0005 0.1848
vn 0.0168 -0.9829 -0.1836
vn 0.0493 -0.9830 -0.1770
vn 0.0799 -0.9832 -0.1642
vn 0.1075 -0.9835 -0.1456
vn 0.1309 -0.9839 -0.1221
vn 0.1492 -0.9843 -0.0944
vn 0.1618 -0.9848 -0.0637
vn 0.1681 -0.9853 -0.0311
vn -0.9223 0.0064 -0.3864
vn -0.4747 -0.0133 0.8801
vn -0.2943 -0.0146 0.9556
vn -0.1036 -0.0153 0.9945
vn 0.0956 -0.0154 0.9953
vn -0.9254 -0.0054 0.3789
vn 0.2865 -0.0149 0.9580
vn 0.4672 -0.0139 0.8841
vn 0.6319 -0.0123 0.7749
vn 0.7703 -0.0102 0.6376
vn 0.8801 -0.0078 0.4746
vn 0.9557 -0.0050 0.2943
vn 0.9948 -0.0021 0.1016
vn 0.9956 0.0009 -0.0936
vn 0.3789 -0.0145 0.9253
vn 0.9582 0.0039 -0.2860
vn 0.8843 0.0067 -0.4669
vn 0.7042 -0.0113 0.7099
vn 0.9254 0.0054 -0.3789
vn 0.7749 0.0094 -0.6320
vn 0.9223 -0.0064 0.3864
vn 0.7100 0.0105 -0.7041
vn 0.4742 0.0133 -0.8803
vn 0.2947 0.0146 -0.9555
vn 0.3864 0.0140 -0.9222
vn 0.1041 0.0153 -0.9944
vn -0.0941 0.0154 -0.9954
vn -0.9948 0.0021 -0.1016
vn -0.2881 0.0149 -0.9575
vn -0.9559 0.0050 -0.2936
vn -0.4674 0.0139 -0.8839
vn -0.9956 -0.0009 0.0942
vn -0.3789 0.0144 -0.9253
vn -0.6315 0.0123 -0.7752
vn -0.9581 -0.0039 0.2863
vn -0.7703 0.0102 -0.6376
vn -0.8839 -0.0068 0.4676
vn -0.7753 -0.0093 0.6315
vn -0.6375 -0.0115 0.7704
vn -0.9999 -0.0046 -0.0096
vn 0.0032 0.7287 -0.6849
vn 0.9999 0.0046 0.0095
vn -0.0032 -0.7287 0.6849
vn 0.0101 -0.6849 -0.7286
vn -0.0101 0.6849 0.7286
vn -0.0095 -0.0154 0.9998
vn -1.0000 0.0005 -0.0003
vn 1.0000 -0.0005 0.0003
vn 0.0003 0.0154 -0.9999
vn -0.0003 -0.0154 0.9999
vn -0.0049 -0.9999 -0.0154
vn -0.0056 -0.0154 0.9999
vn 0.0050 0.9999 0.0154
vn 0.0056 0.0154 -0.9999
vn -1.0000 0.0050 -0.0055
vn 1.0000 -0.0050 0.0055
vn 0.0039 0.0154 -0.9999
vn -0.0039 -0.0154 0.9999
vn 1.0000 -0.0006 0.0039
vn -1.0000 0.0006 -0.0039
vn 0.0041 0.0252 -0.9997
vn 1.0000 -0.0042 0.0040
vn -0.0041 -0.0252 0.9997
vn -1.0000 0.0042 -0.0040
vn -0.0041 -0.9997 -0.0253
vn 0.0041 0.9997 0.0253
vn 0.9870 -0.0030 0.1604
vn 0.8892 -0.0075 0.4576
vn 0.4504 -0.0140 0.8927
vn 0.1524 -0.0153 0.9882
vn -0.1605 -0.0151 0.9869
vn -0.4576 -0.0135 0.8890
vn -0.8929 -0.0065 0.4503
vn -0.9883 -0.0018 0.1524
vn -0.9870 0.0030 -0.1604
vn -0.8891 0.0075 -0.4576
vn -0.4504 0.0140 -0.8927
vn -0.1524 0.0153 -0.9882
vn 0.1605 0.0151 -0.9869
vn 0.4576 0.0135 -0.8890
vn 0.8928 0.0065 -0.4503
vn 0.9883 0.0018 -0.1524
vn -0.8928 -0.0065 0.4503
vn 0.8891 -0.0075 0.4576
vn -0.9883 -0.0019 0.1524
vn -0.2732 -0.1134 0.9552
vn -0.9586 -0.0830 0.2723
vn -0.0879 -0.8097 -0.5802
vn 0.0454 -0.0871 -0.9952
vn 0.7777 -0.1066 -0.6196
vn 0.2848 -0.7736 -0.5661
vn -0.6170 -0.0991 0.7807
vn -0.5312 -0.8078 0.2553
vn -0.9169 -0.3755 0.1356
vn 0.6530 -0.3842 0.6527
vn 0.6583 -0.3640 -0.6589
vn -0.9157 -0.3710 -0.1546
vn 0.4175 -0.3867 0.8223
vn 0.8279 -0.3678 -0.4234
vn -0.8249 -0.3668 -0.4301
vn 0.1412 -0.3880 0.9108
vn 0.9165 -0.3721 -0.1471
vn -0.6534 -0.3633 -0.6642
vn -0.1490 -0.3878 0.9096
vn -0.4179 -0.3608 -0.8338
vn -0.4246 -0.3863 0.8188
vn -0.1415 -0.3596 -0.9223
vn -0.6587 -0.3835 0.6473
vn 0.9153 -0.3765 0.1430
vn 0.1486 -0.3597 -0.9211
vn -0.8283 -0.3798 0.4119
vn 0.8245 -0.3807 0.4186
vn 0.4243 -0.3613 -0.8304
vn 0.0271 0.9818 0.1879
vn 0.9578 -0.0778 -0.2768
vn -0.9895 -0.1376 0.0442
vn 0.1599 0.9863 0.0411
vn 0.1123 0.9854 0.1279
vn -0.0762 0.9835 0.1642
vn -0.1470 0.9851 0.0896
vn -0.1618 0.9868 -0.0112
vn -0.1125 0.9887 -0.0987
vn -0.0241 0.9893 -0.1440
vn 0.0745 0.9889 -0.1286
vn 0.1449 0.9878 -0.0576
vn 0.5455 -0.7873 -0.2875
vn 0.9914 -0.1223 -0.0474
vn 0.6135 -0.0631 -0.7871
vn -0.9327 -0.0897 -0.3493
vn -0.7723 -0.1404 0.6196
vn 0.5993 -0.7959 0.0852
vn 0.8265 -0.1141 0.5513
vn -0.5463 -0.0920 -0.8325
vn 0.4139 -0.8152 0.4051
vn 0.3403 -0.1101 0.9339
vn 0.9431 -0.0498 0.3288
vn -0.5861 -0.8031 -0.1076
vn -0.8314 -0.1364 -0.5386
vn 0.0897 -0.8153 0.5721
vn 0.5439 -0.1239 0.8300
vn -0.4087 -0.8081 -0.4242
vn -0.3361 -0.0687 -0.9393
vn -0.2725 -0.8120 0.5162
vn -0.0376 -0.0981 0.9945
vn 0.2671 -0.0983 -0.9586
vn 0.0001 -0.9852 -0.1717
vn 0.0014 -0.8839 -0.4676
vn 0.0125 0.5752 0.8179
vn 0.0023 0.8979 -0.4402
vn 0.0011 0.9900 -0.1412
vn -0.0001 0.9852 0.1716
vn -0.0014 0.8839 0.4677
vn 0.0119 -0.6001 0.7998
vn -0.0008 -0.5752 -0.8180
vn -0.0023 -0.8979 0.4401
vn -0.0011 -0.9900 0.1413
vn -0.7648 -0.6382 0.0880
vn -0.7656 -0.5788 0.2809
vn -0.7662 -0.4627 0.4460
vn -0.7666 -0.3013 0.5671
vn -0.7492 0.0106 -0.6622
vn -0.7663 0.2844 0.5761
vn -0.7657 0.4495 0.4600
vn -0.7650 0.5706 0.2986
vn -0.7642 0.6360 0.1076
vn -0.7634 0.6391 -0.0942
vn -0.7626 0.5797 -0.2871
vn -0.7620 0.4636 -0.4522
vn -0.7616 0.3021 -0.5733
vn -0.7619 -0.2836 -0.5823
vn -0.7625 -0.4486 -0.4662
vn -0.7632 -0.5698 -0.3048
vn -0.7640 -0.6351 -0.1139
vn 0.0185 -0.5752 -0.8178
vn -0.0068 0.5753 0.8179
vn -0.0074 -0.6002 0.7998
vn 0.0011 0.9900 -0.1413
vn -0.0001 0.9851 0.1717
vn -0.0014 0.8839 0.4676
vn -0.0002 0.6002 -0.7999
vn 0.0191 0.6001 -0.7997
vn -0.0023 -0.8979 0.4402
vn -0.7546 -0.0097 0.6561
vn 0.0014 -0.8839 -0.4677
vn -0.0191 -0.6001 0.7997
vn -0.0185 0.5752 0.8178
vn 0.0074 0.6002 -0.7998
vn -0.0011 -0.9900 0.1412
vn 0.7640 0.6351 0.1139
vn 0.7632 0.5698 0.3048
vn 0.7625 0.4486 0.4662
vn 0.7619 0.2835 0.5823
vn 0.7546 0.0097 -0.6561
vn 0.7616 -0.3021 0.5733
vn 0.7620 -0.4636 0.4522
vn 0.7626 -0.5797 0.2871
vn 0.7634 -0.6391 0.0942
vn 0.7642 -0.6360 -0.1076
vn 0.7650 -0.5706 -0.2986
vn 0.7657 -0.4495 -0.4600
vn 0.7663 -0.2844 -0.5761
vn 0.7666 0.3013 -0.5671
vn 0.7662 0.4627 -0.4460
vn 0.7656 0.5788 -0.2809
vn 0.7648 0.6382 -0.0880
vn -0.0119 0.6001 -0.7998
vn 0.0002 -0.6002 0.7999
vn 0.0008 0.5752 0.8180
vn 0.0068 -0.5753 -0.8179
vn -0.0125 -0.5752 -0.8179
vn -0.0001 0.9852 0.1717
vn 0.7492 -0.0106 0.6622
vn -0.0074 -0.0901 -0.9959
vn -0.7752 0.6302 0.0429
vn 0.0026 0.9994 0.0354
vn 0.0024 0.9394 0.3427
vn 0.0005 -0.9664 -0.2570
vn 0.0041 -0.0157 -0.9999
vn -0.0041 -0.0391 0.9992
vn 0.0079 -0.0025 1.0000
vn 0.0029 0.9988 0.0494
vn -0.8937 0.4481 0.0218
vn 0.8605 -0.3074 0.4062
vn 0.0040 0.9996 0.0274
vn 0.0041 0.0011 -1.0000
vn 0.0003 -0.9768 -0.2139
vn -0.0223 0.0253 0.9994
vn -0.0008 0.9937 0.1117
vn -1.0000 0.0006 -0.0040
vn -0.0051 0.9942 0.1073
vn -0.8640 0.5009 0.0510
vn -0.0004 -0.9997 -0.0233
vn -0.0033 0.9996 0.0290
vn 0.8118 0.5798 0.0697
vn -0.0007 -0.9995 -0.0312
vn 0.6594 0.7495 0.0592
vn 0.0023 1.0000 0.0096
vn 0.9521 0.3056 0.0130
vn 0.0041 0.0033 -1.0000
vn 1.0000 -0.0026 0.0039
vn 0.9961 0.0816 0.0322
vn 0.0041 -0.0195 -0.9998
vn -0.0041 0.0016 1.0000
vn -0.0041 -0.0021 1.0000
vn -0.0003 -0.9984 -0.0564
vn 0.0041 0.0035 -1.0000
vn -0.0041 -0.0039 1.0000
vn -0.9521 -0.3056 -0.0129
vn -0.9998 -0.0172 -0.0054
vn -0.0088 0.0277 -0.9996
vn -0.8612 0.4960 0.1108
vn -0.0041 0.0184 0.9998
vn -0.7745 0.0503 0.6306
vn -0.5162 0.7480 0.4172
vn -0.9989 0.0470 -0.0034
vn -0.9942 0.0504 0.0951
vn 0.0040 -0.1288 -0.9917
vn 0.0003 0.9985 0.0549
vn -0.0022 -0.0149 0.9999
vn -0.0059 -0.0058 1.0000
vn 0.9999 -0.0040 0.0104
vn 0.9994 -0.0287 0.0195
vn -0.9356 -0.0059 0.3530
vn -0.9369 0.0083 0.3495
vn -0.6389 0.1182 0.7602
vn -0.2914 -0.7576 -0.5840
vn -0.6969 0.0507 0.7154
vn -0.7963 -0.1331 0.5901
vn 0.5431 0.7347 0.4065
vn 0.8441 0.2610 0.4683
vn -0.0006 -0.9999 -0.0148
vn 0.2559 0.9307 0.2614
vn 0.2551 0.9664 0.0303
vn -0.0000 0.9985 0.0555
vn -0.1929 0.9596 0.2050
vn -0.1770 0.9837 0.0318
vn -0.0008 -0.9982 0.0595
vn 0.0014 0.9802 -0.1978
vn 0.0022 0.9140 -0.4057
vn 0.0006 1.0000 -0.0059
vn -1.0000 0.0006 -0.0042
vn 1.0000 -0.0006 0.0042
vn 0.0014 1.0000 0.0004
vn -0.4144 0.4990 -0.7611
vn 0.0284 0.9977 0.0610
vn 0.0024 0.1368 -0.9906
vn -0.0049 0.6358 -0.7719
vn 0.4320 0.5291 -0.7303
vn -0.0518 0.9967 0.0618
vn 1.0000 -0.0026 0.0044
vn -0.0021 -0.0112 0.9999
vn -0.0032 0.9999 0.0154
vn -1.0000 0.0004 0.0062
vn -0.9676 -0.0034 0.2526
vn -0.5911 0.0127 -0.8065
vn -0.9984 -0.0004 0.0573
vn -0.0004 -0.9990 -0.0442
vn -0.3834 0.9233 0.0208
vn -0.4176 0.9065 0.0621
vn -0.4520 0.8919 0.0122
vn 1.0000 -0.0006 0.0040
vn -0.3699 0.9268 0.0643
vn -0.9999 -0.0052 0.0090
vn -0.0093 0.6856 0.7279
vn 1.0000 0.0019 0.0017
vn 1.0000 -0.0034 0.0041
vn 0.0033 0.9999 0.0101
vn -0.0025 0.9999 0.0097
vn 0.0109 0.9999 0.0043
vn 0.0051 0.9999 0.0097
vn -0.0067 0.9998 -0.0171
vn 0.0033 1.0000 0.0085
vn -1.0000 0.0034 -0.0041
vn 0.0059 0.0085 -0.9999
vn 0.0015 0.0085 -1.0000
vn -0.0041 -0.0085 1.0000
vn -0.0005 -0.9999 -0.0150
vn -0.0041 -0.0155 0.9999
vn -0.9958 0.0920 -0.0032
vn 0.9967 0.0812 0.0059
vn 0.7568 -0.6536 -0.0072
vn 0.9544 -0.2986 -0.0007
vn 0.8759 -0.4826 -0.0039
vn 0.7635 -0.6457 -0.0068
vn 0.6229 -0.7822 -0.0095
vn 0.4603 -0.8877 -0.0118
vn 0.2822 -0.9593 -0.0136
vn 0.0947 -0.9954 -0.0149
vn -0.0957 -0.9953 -0.0157
vn -0.2831 -0.9590 -0.0159
vn -0.7642 -0.6449 -0.0130
vn -0.8763 -0.4816 -0.0110
vn -0.9547 -0.2975 -0.0085
vn -0.7265 -0.6871 -0.0137
vn -0.9538 0.3004 0.0008
vn -0.9544 0.2986 0.0007
vn -0.8759 0.4825 0.0039
vn -0.7635 0.6457 0.0068
vn -0.6229 0.7822 0.0095
vn -0.4603 0.8877 0.0118
vn -0.2822 0.9593 0.0136
vn -0.0947 0.9954 0.0149
vn 0.0957 0.9953 0.0157
vn 0.2831 0.9590 0.0159
vn 0.4612 0.8871 0.0155
vn 0.6237 0.7815 0.0146
vn 0.7642 0.6449 0.0130
vn 0.8763 0.4816 0.0110
vn 0.9547 0.2975 0.0085
vn 0.9615 0.2748 0.0081
vn -0.9807 0.1956 -0.0010
vn -0.8312 0.5560 0.0052
vn -0.5551 0.8317 0.0106
vn -0.1946 0.9808 0.0143
vn 0.1956 0.9806 0.0159
vn 0.5560 0.8311 0.0151
vn 0.8317 0.5550 0.0119
vn 0.9809 0.1945 0.0070
vn 0.9807 -0.1956 0.0010
vn 0.8312 -0.5560 -0.0052
vn 0.5551 -0.8317 -0.0106
vn 0.1946 -0.9808 -0.0143
vn -0.1956 -0.9806 -0.0159
vn -0.5560 -0.8311 -0.0151
vn -0.8317 -0.5550 -0.0119
vn -0.9809 -0.1945 -0.0070
vn 0.0191 0.9663 0.2568
vn 0.1762 0.9814 0.0767
vn -0.1318 0.9856 0.1063
vn -0.0489 0.9781 0.2023
vn -0.0431 0.9935 0.1057
vn 0.0007 0.9998 -0.0214
vn -0.1073 0.9901 0.0903
vn -0.4641 -0.8857 -0.0157
vn -0.5911 0.0218 -0.8063
vn -0.3240 0.9460 0.0066
vn -0.5954 0.0127 -0.8033
vn 0.0045 0.0128 -0.9999
vn -0.0108 -0.0069 0.9999
vn -0.4711 0.8820 0.0107
vn -0.9998 0.0003 0.0222
vn 0.9133 0.0061 0.4073
vn 0.4335 0.2067 0.8771
vn 0.5814 0.7686 0.2670
vn 0.0979 0.7563 0.6469
vn 0.0456 0.9956 0.0824
vn 0.0259 0.9504 0.3100
vn 0.0599 0.9292 0.3647
vn 0.0775 0.9154 0.3949
vn 0.0905 0.9045 0.4167
vn 0.1309 0.8342 0.5358
vn 0.2133 0.6754 0.7060
vn 0.2171 0.8477 0.4840
vn 0.3847 -0.5300 0.7557
vn -0.7808 -0.1468 0.6073
vn -0.5706 -0.2921 0.7675
vn 0.7814 0.1463 -0.6066
vn -0.7996 -0.1300 0.5863
vn -0.6528 -0.2426 0.7176
vn -0.1231 0.5157 -0.8479
vn -0.8451 -0.0850 0.5278
vn -0.6400 -0.2508 0.7263
vn 0.2870 0.7467 0.6001
vn 0.2964 0.3154 0.9015
vn 0.2942 0.3264 0.8983
vn 0.4025 -0.4278 0.8093
vn 0.6617 0.3296 0.6734
vn 0.4249 0.2828 0.8599
vn -0.7861 0.0498 0.6161
vn -0.3972 0.4762 -0.7845
vn -0.7323 0.0833 0.6758
vn 0.7400 0.0151 -0.6724
vn -0.8552 0.5169 0.0372
vn -0.8380 0.5447 0.0319
vn -0.8462 0.5325 0.0199
vn -0.8614 0.5025 0.0734
vn -0.8119 0.5836 0.0139
vn -0.9999 -0.0088 -0.0125
vn -0.9999 0.0003 0.0101
vn -0.0265 -0.0002 -0.9996
vn 0.9522 0.3056 0.0030
vn -0.0019 0.0014 -1.0000
vn -0.0006 -0.9991 -0.0436
vn 0.7611 0.6471 0.0461
vn 0.7473 0.6642 0.0204
vn 0.7550 0.6541 0.0455
vn 0.7636 0.6457 0.0081
vn 0.7694 0.6366 0.0533
vn 0.7960 0.6013 0.0703
vn 0.0002 -0.9839 -0.1788
vn 0.9999 -0.0012 -0.0126
vn 0.8706 0.4920 -0.0085
vn 0.0041 -0.0018 -1.0000
vn 0.9412 -0.3364 -0.0300
vn 0.9330 -0.3334 -0.1356
vn 0.0041 0.0402 -0.9992
vn -0.9415 0.3364 0.0209
vn 0.7157 0.6981 0.0216
vn -0.9999 0.0004 -0.0120
vn -0.8321 0.5545 0.0129
vn -0.9521 -0.3056 -0.0084
vn 0.0043 0.3212 -0.9470
vn -0.0004 -0.9991 -0.0429
vn 0.0005 0.9999 0.0101
vn 0.0001 0.9922 0.1250
vn -0.8137 0.5811 0.0139
vn -0.8141 0.5807 0.0055
vn -0.6229 0.7695 0.1410
vn -0.4653 0.5628 -0.6832
vn 0.9520 0.3055 0.0212
vn -0.9384 -0.3008 -0.1701
vn -0.9522 -0.3056 -0.0030
vn 0.0357 0.0094 0.9993
vn -0.9518 -0.3054 -0.0282
vn 0.9521 0.3056 0.0086
vn 0.9518 0.3054 0.0282
vn -0.0041 -0.0033 1.0000
vn -0.5320 -0.1724 0.8290
vn 0.9109 0.3964 0.1147
vn 0.9158 0.3995 -0.0399
vn 0.7578 0.6327 0.1595
vn 0.5306 0.4230 -0.7345
vn 0.0002 0.9951 0.0990
vn 0.0005 1.0000 0.0090
vn -0.9416 0.3365 0.0152
vn -0.9417 0.3365 -0.0028
vn 0.9417 -0.3365 0.0028
vn 0.9399 -0.3359 -0.0620
vn -0.0041 0.0018 1.0000
vn -0.9413 0.3364 0.0300
vn -0.9417 0.3365 0.0013
vn -0.0487 0.0171 -0.9987
vn 0.9300 -0.3323 0.1573
vn -0.0035 0.8648 0.5021
vn -0.0123 0.0471 0.9988
vn -0.0123 0.0725 0.9973
vn -0.0028 0.8638 0.5039
vn 0.9989 -0.0465 0.0034
vn 0.9996 -0.0293 0.0036
vn -1.0000 0.0043 -0.0040
vn -0.5446 0.6785 0.4930
vn -0.7715 0.1135 0.6260
vn 0.0033 -0.4654 -0.8851
vn -0.0031 0.5463 0.8376
vn -0.4175 -0.3786 -0.8261
vn 0.5585 0.0354 -0.8287
vn 0.5800 0.0793 -0.8107
vn 0.5335 0.0810 -0.8419
vn 0.5544 0.1259 -0.8227
vn 0.5570 0.0802 -0.8266
vn 0.8302 -0.0269 0.5569
vn -0.8304 0.0362 -0.5561
vn 0.0389 -0.9968 -0.0705
vn -0.5544 -0.0025 -0.8322
vn -0.5838 0.0649 -0.8093
vn -0.5219 0.0682 -0.8503
vn -0.5503 0.1347 -0.8240
vn -0.5537 0.0665 -0.8301
vn -0.8325 -0.0190 0.5537
vn 0.8325 0.0702 -0.5496
vn -0.0318 -0.9978 -0.0587
vn 0.9995 -0.0320 0.0036
vn 0.9955 -0.0947 0.0026
vn 0.9876 -0.1570 0.0016
vn 0.9758 -0.2187 0.0006
vn 0.9601 -0.2795 -0.0004
vn 0.9407 -0.3392 -0.0014
vn 0.9175 -0.3976 -0.0024
vn 0.8908 -0.4544 -0.0034
vn 0.8605 -0.5095 -0.0043
vn 0.8268 -0.5625 -0.0053
vn 0.7898 -0.6133 -0.0062
vn 0.7498 -0.6617 -0.0071
vn 0.7068 -0.7074 -0.0080
vn 0.6609 -0.7504 -0.0089
vn 0.6125 -0.7904 -0.0097
vn 0.5616 -0.8273 -0.0105
vn 0.5086 -0.8609 -0.0112
vn 0.4535 -0.8912 -0.0119
vn 0.3967 -0.9179 -0.0125
vn 0.3383 -0.9410 -0.0131
vn 0.2785 -0.9603 -0.0137
vn 0.2177 -0.9759 -0.0141
vn 0.1559 -0.9877 -0.0146
vn 0.0936 -0.9955 -0.0150
vn 0.0309 -0.9994 -0.0153
vn -0.0319 -0.9994 -0.0155
vn -0.0946 -0.9954 -0.0157
vn -0.1569 -0.9875 -0.0159
vn -0.2186 -0.9757 -0.0159
vn -0.2795 -0.9600 -0.0159
vn -0.3392 -0.9406 -0.0159
vn -0.3976 -0.9174 -0.0158
vn -0.4544 -0.8906 -0.0156
vn -0.5095 -0.8603 -0.0153
vn -0.5625 -0.8267 -0.0150
vn -0.6133 -0.7897 -0.0147
vn -0.6617 -0.7496 -0.0142
vn -0.7075 -0.7066 -0.0138
vn -0.7504 -0.6608 -0.0132
vn -0.7905 -0.6124 -0.0127
vn -0.8274 -0.5616 -0.0120
vn -0.8610 -0.5085 -0.0113
vn -0.8912 -0.4534 -0.0106
vn -0.9179 -0.3966 -0.0099
vn -0.9410 -0.3382 -0.0090
vn -0.9604 -0.2784 -0.0082
vn -0.9760 -0.2176 -0.0073
vn -0.9878 -0.1559 -0.0064
vn -0.9956 -0.0935 -0.0055
vn -0.9995 -0.0308 -0.0045
vn -0.9995 0.0320 -0.0036
vn -0.9955 0.0947 -0.0026
vn -0.9876 0.1570 -0.0016
vn -0.9758 0.2187 -0.0006
vn -0.9601 0.2795 0.0004
vn -0.9407 0.3392 0.0014
vn -0.9175 0.3976 0.0024
vn -0.8908 0.4544 0.0034
vn -0.8605 0.5095 0.0043
vn -0.8268 0.5625 0.0053
vn -0.7898 0.6133 0.0062
vn -0.7498 0.6617 0.0071
vn -0.7068 0.7074 0.0080
vn -0.6609 0.7504 0.0089
vn -0.6125 0.7904 0.0097
vn -0.5617 0.8273 0.0105
vn -0.5086 0.8609 0.0112
vn -0.4535 0.8912 0.0119
vn -0.3967 0.9179 0.0125
vn -0.3383 0.9410 0.0131
vn -0.2785 0.9603 0.0137
vn -0.2176 0.9759 0.0141
vn -0.1559 0.9877 0.0146
vn -0.0936 0.9955 0.0150
vn -0.0309 0.9994 0.0153
vn 0.0319 0.9994 0.0155
vn 0.0946 0.9954 0.0157
vn 0.1569 0.9875 0.0159
vn 0.2186 0.9757 0.0159
vn 0.2795 0.9600 0.0159
vn 0.3392 0.9406 0.0159
vn 0.3976 0.9174 0.0158
vn 0.4544 0.8906 0.0156
vn 0.5095 0.8604 0.0153
vn 0.5625 0.8267 0.0150
vn 0.6133 0.7897 0.0147
vn 0.6617 0.7496 0.0142
vn 0.7075 0.7066 0.0138
vn 0.7504 0.6608 0.0132
vn 0.7905 0.6124 0.0127
vn 0.8274 0.5616 0.0120
vn 0.8610 0.5085 0.0113
vn 0.8912 0.4534 0.0106
vn 0.9179 0.3966 0.0099
vn 0.9410 0.3382 0.0090
vn 0.9604 0.2784 0.0082
vn 0.9760 0.2176 0.0073
vn 0.9878 0.1559 0.0064
vn 0.8315 0.4877 0.2661
vn 0.9956 0.0935 0.0055
vn 0.9995 0.0308 0.0045
vn 0.9289 -0.0939 0.3583
vn -0.0309 0.9624 0.2699
vn -0.8623 0.4355 0.2584
vn -0.8010 -0.5469 0.2435
vn 0.0895 -0.9665 0.2406
vn 0.8861 -0.3884 0.2528
vn 0.8607 0.4345 0.2654
vn 0.0298 0.9624 0.2701
vn -0.8330 0.4887 0.2593
vn -0.8335 -0.4956 0.2441
vn 0.0288 -0.9703 0.2403
vn 0.8603 -0.4433 0.2518
vn 0.8865 0.3795 0.2646
vn 0.0904 0.9585 0.2703
vn -0.8005 0.5399 0.2602
vn -0.8628 -0.4424 0.2448
vn -0.0319 -0.9702 0.2401
vn 0.8310 -0.4966 0.2509
vn 0.9089 0.3230 0.2638
vn 0.1507 0.9509 0.2704
vn -0.7647 0.5891 0.2611
vn -0.8886 -0.3874 0.2456
vn -0.0925 -0.9664 0.2399
vn 0.7984 -0.5478 0.2500
vn 0.9276 0.2653 0.2630
vn 0.2104 0.9395 0.2705
vn -0.7260 0.6358 0.2620
vn -0.9109 -0.3309 0.2464
vn -0.1528 -0.9587 0.2398
vn 0.7627 -0.5969 0.2491
vn 0.9427 0.2065 0.2622
vn 0.2692 0.9243 0.2705
vn -0.6844 0.6801 0.2629
vn -0.9297 -0.2731 0.2472
vn -0.2125 -0.9473 0.2397
vn 0.7239 -0.6437 0.2482
vn 0.9540 0.1468 0.2613
vn 0.3269 0.9055 0.2705
vn -0.6401 0.7216 0.2637
vn -0.9448 -0.2143 0.2480
vn -0.2713 -0.9322 0.2397
vn 0.6823 -0.6879 0.2473
vn 0.9616 0.0865 0.2604
vn 0.3834 0.8831 0.2703
vn -0.5933 0.7603 0.2645
vn -0.9561 -0.1546 0.2489
vn -0.3290 -0.9134 0.2398
vn 0.6380 -0.7295 0.2465
vn 0.9654 0.0259 0.2595
vn 0.4383 0.8572 0.2702
vn -0.5441 0.7960 0.2652
vn -0.9637 -0.0944 0.2498
vn -0.3855 -0.8910 0.2399
vn 0.5912 -0.7682 0.2457
vn 0.4916 0.8280 0.2699
vn -0.4928 0.8285 0.2659
vn -0.9675 -0.0337 0.2507
vn -0.4404 -0.8651 0.2400
vn 0.5420 -0.8039 0.2450
vn 0.5428 0.7954 0.2696
vn -0.4396 0.8577 0.2666
vn -0.9674 0.0270 0.2516
vn -0.4937 -0.8358 0.2403
vn 0.4907 -0.8364 0.2443
vn 0.5920 0.7596 0.2693
vn -0.3846 0.8836 0.2672
vn -0.9636 0.0876 0.2526
vn 0.9654 -0.0348 0.2586
vn -0.5449 -0.8032 0.2406
vn 0.4375 -0.8656 0.2436
vn 0.6387 0.7209 0.2689
vn -0.3281 0.9059 0.2678
vn -0.9560 0.1478 0.2536
vn -0.5941 -0.7675 0.2409
vn 0.3825 -0.8914 0.2430
vn 0.9615 -0.0955 0.2576
vn 0.6830 0.6793 0.2684
vn -0.2703 0.9246 0.2683
vn -0.9445 0.2075 0.2545
vn -0.6408 -0.7288 0.2413
vn 0.3260 -0.9138 0.2424
vn 0.9539 -0.1557 0.2567
vn 0.7246 0.6350 0.2679
vn -0.2115 0.9397 0.2688
vn -0.9294 0.2663 0.2555
vn -0.6851 -0.6872 0.2418
vn 0.2682 -0.9325 0.2419
vn 0.9425 -0.2154 0.2557
vn 0.7633 0.5882 0.2673
vn -0.1518 0.9510 0.2692
vn -0.9106 0.3241 0.2565
vn -0.7266 -0.6429 0.2423
vn 0.2094 -0.9476 0.2414
vn 0.9273 -0.2742 0.2547
vn 0.7989 0.5390 0.2667
vn -0.0916 0.9586 0.2696
vn -0.8882 0.3805 0.2574
vn -0.7653 -0.5960 0.2429
vn 0.1497 -0.9589 0.2410
vn 0.9085 -0.3319 0.2538
vn -0.5095 -0.8604 -0.0153
vn 0.8274 0.5615 0.0120
vn -0.9180 -0.3966 -0.0099
vn -0.7067 0.7074 0.0080
vn 0.4536 -0.8911 -0.0119
vn -0.3382 0.9410 0.0131
vn -0.1560 0.9877 0.0146
vn 0.2176 -0.9759 -0.0141
vn 0.1570 0.9875 0.0159
vn -0.1380 -0.0110 0.9904
vn -0.1375 -0.0026 0.9905
vn -0.1364 0.0058 0.9906
vn -0.1349 0.0140 0.9908
vn -0.1327 0.0223 0.9909
vn -0.1302 0.0302 0.9910
vn -0.1270 0.0381 0.9912
vn -0.1234 0.0456 0.9913
vn -0.1194 0.0531 0.9914
vn -0.1149 0.0601 0.9916
vn -0.1099 0.0670 0.9917
vn -0.1045 0.0735 0.9918
vn -0.0989 0.0795 0.9919
vn -0.0926 0.0854 0.9920
vn -0.0862 0.0907 0.9921
vn -0.0794 0.0956 0.9922
vn -0.0721 0.1002 0.9924
vn -0.0647 0.1042 0.9924
vn -0.0573 0.1078 0.9925
vn -0.0494 0.1109 0.9926
vn -0.0414 0.1134 0.9927
vn -0.0331 0.1155 0.9927
vn -0.0249 0.1172 0.9928
vn -0.0165 0.1182 0.9929
vn -0.0083 0.1187 0.9929
vn 0.0003 0.1187 0.9929
vn 0.0086 0.1182 0.9930
vn 0.0170 0.1171 0.9930
vn 0.0253 0.1155 0.9930
vn 0.0335 0.1134 0.9930
vn 0.0415 0.1108 0.9930
vn 0.0492 0.1077 0.9930
vn 0.0568 0.1041 0.9929
vn 0.0643 0.1000 0.9929
vn 0.0713 0.0956 0.9929
vn 0.0782 0.0906 0.9928
vn 0.0846 0.0852 0.9928
vn 0.0908 0.0795 0.9927
vn 0.0966 0.0733 0.9926
vn 0.1020 0.0668 0.9925
vn 0.1068 0.0601 0.9925
vn 0.1115 0.0529 0.9924
vn 0.1154 0.0455 0.9923
vn 0.1190 0.0379 0.9922
vn 0.1221 0.0300 0.9921
vn 0.1247 0.0221 0.9920
vn 0.1268 0.0139 0.9918
vn 0.1284 0.0056 0.9917
vn 0.1294 -0.0027 0.9916
vn 0.1300 -0.0112 0.9915
vn 0.1300 -0.0195 0.9913
vn 0.1294 -0.0280 0.9912
vn 0.1284 -0.0363 0.9911
vn 0.1268 -0.0446 0.9909
vn 0.1247 -0.0528 0.9908
vn 0.1221 -0.0607 0.9907
vn 0.1190 -0.0685 0.9905
vn 0.1154 -0.0762 0.9904
vn 0.1113 -0.0836 0.9903
vn 0.1068 -0.0907 0.9901
vn 0.1018 -0.0975 0.9900
vn 0.0966 -0.1039 0.9899
vn 0.0906 -0.1102 0.9898
vn 0.0846 -0.1158 0.9897
vn 0.0781 -0.1212 0.9895
vn 0.0712 -0.1262 0.9894
vn 0.0642 -0.1307 0.9893
vn 0.0567 -0.1348 0.9893
vn 0.0491 -0.1383 0.9892
vn 0.0414 -0.1414 0.9891
vn 0.0333 -0.1440 0.9890
vn 0.0251 -0.1461 0.9890
vn 0.0169 -0.1477 0.9889
vn 0.0085 -0.1487 0.9888
vn 0.0001 -0.1492 0.9888
vn -0.0084 -0.1492 0.9888
vn -0.0166 -0.1487 0.9887
vn -0.0251 -0.1476 0.9887
vn -0.0334 -0.1461 0.9887
vn -0.0415 -0.1439 0.9887
vn -0.0494 -0.1414 0.9887
vn -0.0574 -0.1382 0.9887
vn -0.0650 -0.1347 0.9888
vn -0.0723 -0.1306 0.9888
vn -0.0794 -0.1260 0.9888
vn -0.0863 -0.1211 0.9889
vn -0.0927 -0.1158 0.9889
vn -0.0989 -0.1100 0.9890
vn -0.1046 -0.1039 0.9891
vn -0.1100 -0.0973 0.9892
vn -0.1150 -0.0905 0.9892
vn -0.1194 -0.0835 0.9893
vn -0.1236 -0.0760 0.9894
vn -0.1270 -0.0686 0.9895
vn -0.1302 -0.0606 0.9896
vn -0.1328 -0.0526 0.9897
vn -0.1349 -0.0444 0.9899
vn -0.1364 -0.0362 0.9900
vn -0.1375 -0.0278 0.9901
vn -0.1380 -0.0193 0.9902
vn 0.3382 -0.9410 -0.0131
vn -0.2187 -0.9757 -0.0159
vn 0.4544 0.8907 0.0156
vn 0.5095 0.8603 0.0153
vn 0.7074 0.7066 0.0138
vn -0.7904 -0.6124 -0.0127
vn 0.7505 0.6608 0.0132
vn -0.8274 -0.5615 -0.0120
vn -0.9179 -0.3966 -0.0098
vn 0.9180 0.3966 0.0098
vn -0.9878 -0.1558 -0.0064
vn -0.9407 0.3393 0.0014
vn 0.8908 -0.4545 -0.0034
vn -0.9176 0.3976 0.0024
vn 0.5617 -0.8273 -0.0105
vn 0.6597 0.6549 0.3687
vn -0.2617 0.8920 0.3686
vn -0.9134 0.1989 0.3553
vn -0.6198 -0.7060 0.3426
vn 0.3147 -0.8848 0.3436
vn 0.9215 -0.1522 0.3574
vn 0.6998 0.6121 0.3682
vn -0.2048 0.9065 0.3691
vn -0.8987 0.2557 0.3562
vn -0.6626 -0.6658 0.3430
vn 0.2588 -0.9029 0.3431
vn 0.9105 -0.2098 0.3564
vn 0.7372 0.5668 0.3677
vn -0.1472 0.9175 0.3695
vn -0.8806 0.3115 0.3572
vn -0.7027 -0.6230 0.3435
vn 0.2019 -0.9175 0.3427
vn 0.8958 -0.2667 0.3555
vn 0.7717 0.5193 0.3671
vn -0.0889 0.9248 0.3699
vn -0.8589 0.3661 0.3581
vn -0.7401 -0.5778 0.3440
vn 0.1443 -0.9285 0.3422
vn 0.8777 -0.3225 0.3546
vn 0.8032 0.4697 0.3665
vn -0.0303 0.9285 0.3701
vn -0.8339 0.4192 0.3590
vn -0.7746 -0.5303 0.3446
vn 0.0860 -0.9358 0.3419
vn 0.8560 -0.3771 0.3536
vn 0.8314 0.4183 0.3658
vn 0.0284 0.9284 0.3704
vn -0.8056 0.4706 0.3599
vn -0.8061 -0.4807 0.3453
vn 0.0274 -0.9394 0.3416
vn 0.8310 -0.4302 0.3527
vn 0.8564 0.3651 0.3651
vn 0.0870 0.9247 0.3706
vn -0.7741 0.5202 0.3608
vn -0.8343 -0.4292 0.3460
vn -0.0313 -0.9394 0.3414
vn 0.8027 -0.4816 0.3518
vn 0.8780 0.3105 0.3643
vn 0.1452 0.9173 0.3707
vn -0.7396 0.5676 0.3617
vn -0.8593 -0.3761 0.3467
vn -0.0899 -0.9357 0.3412
vn 0.7712 -0.5311 0.3509
vn 0.8961 0.2547 0.3635
vn 0.2029 0.9063 0.3708
vn -0.7021 0.6129 0.3625
vn -0.8809 -0.3215 0.3474
vn -0.1481 -0.9283 0.3411
vn 0.7367 -0.5786 0.3501
vn 0.9107 0.1978 0.3627
vn 0.2597 0.8917 0.3708
vn -0.6619 0.6556 0.3634
vn -0.8990 -0.2657 0.3482
vn -0.2058 -0.9173 0.3410
vn 0.6992 -0.6238 0.3492
vn 0.9216 0.1402 0.3619
vn 0.3156 0.8735 0.3707
vn -0.6191 0.6958 0.3642
vn -0.9136 -0.2088 0.3490
vn -0.2626 -0.9026 0.3410
vn 0.6590 -0.6666 0.3484
vn 0.9290 0.0819 0.3610
vn 0.3701 0.8519 0.3706
vn -0.5738 0.7332 0.3649
vn -0.9245 -0.1511 0.3499
vn -0.3184 -0.8845 0.3410
vn 0.6162 -0.7067 0.3476
vn 0.9326 0.0233 0.3601
vn 0.4232 0.8268 0.3704
vn -0.5263 0.7676 0.3656
vn -0.9319 -0.0929 0.3507
vn -0.3730 -0.8628 0.3412
vn 0.5710 -0.7441 0.3468
vn 0.4747 0.7985 0.3702
vn -0.4767 0.7991 0.3663
vn -0.9355 -0.0343 0.3516
vn -0.4261 -0.8378 0.3413
vn 0.5234 -0.7786 0.3461
vn 0.5242 0.7670 0.3699
vn -0.4253 0.8273 0.3670
vn -0.9355 0.0244 0.3525
vn -0.4776 -0.8095 0.3415
vn 0.4739 -0.8100 0.3454
vn 0.5717 0.7325 0.3696
vn -0.3722 0.8523 0.3676
vn -0.9318 0.0830 0.3534
vn 0.9326 -0.0354 0.3592
vn -0.5271 -0.7780 0.3418
vn 0.4224 -0.8383 0.3448
vn 0.6169 0.6951 0.3692
vn -0.3176 0.8739 0.3681
vn -0.9244 0.1412 0.3544
vn -0.5746 -0.7435 0.3422
vn 0.3692 -0.8633 0.3442
vn 0.7067 -0.7074 -0.0080
vn 0.5625 0.8266 0.0150
vn -0.3831 -0.9236 -0.0158
vn -0.9241 -0.3821 -0.0097
vn -0.9237 0.3832 0.0021
vn -0.3822 0.9240 0.0127
vn 0.3831 0.9236 0.0158
vn 0.9241 0.3821 0.0097
vn 0.9237 -0.3832 -0.0021
vn 0.3822 -0.9240 -0.0127
vn -0.0040 -0.0154 0.9999
vn -0.9980 0.0634 -0.0031
vn -0.9822 0.1879 -0.0011
vn -0.9509 0.3095 0.0009
vn -0.9046 0.4262 0.0029
vn -0.8441 0.5362 0.0048
vn -0.7702 0.6378 0.0067
vn -0.6842 0.7293 0.0084
vn -0.5873 0.8093 0.0101
vn -0.4813 0.8765 0.0115
vn -0.3677 0.9299 0.0128
vn -0.2482 0.9686 0.0139
vn -0.1249 0.9921 0.0148
vn 0.1259 0.9919 0.0158
vn 0.2492 0.9683 0.0159
vn 0.3686 0.9295 0.0158
vn 0.4822 0.8759 0.0155
vn 0.5882 0.8086 0.0149
vn 0.6849 0.7285 0.0140
vn 0.7708 0.6369 0.0130
vn 0.8446 0.5353 0.0117
vn 0.9050 0.4252 0.0102
vn 0.9512 0.3084 0.0086
vn 0.9824 0.1868 0.0069
vn 0.9980 0.0622 0.0050
vn 0.9980 -0.0633 0.0031
vn 0.9822 -0.1879 0.0011
vn 0.9509 -0.3095 -0.0009
vn 0.9046 -0.4262 -0.0029
vn 0.8440 -0.5363 -0.0048
vn 0.7702 -0.6378 -0.0067
vn 0.6842 -0.7293 -0.0084
vn 0.5874 -0.8093 -0.0101
vn 0.4813 -0.8765 -0.0115
vn 0.3677 -0.9299 -0.0128
vn 0.2482 -0.9686 -0.0139
vn 0.1249 -0.9921 -0.0148
vn -0.1259 -0.9919 -0.0158
vn -0.2492 -0.9683 -0.0159
vn -0.3686 -0.9295 -0.0158
vn -0.4822 -0.8759 -0.0155
vn -0.5882 -0.8086 -0.0149
vn -0.6849 -0.7285 -0.0140
vn -0.7708 -0.6369 -0.0130
vn -0.8446 -0.5353 -0.0117
vn -0.9050 -0.4252 -0.0102
vn -0.9512 -0.3084 -0.0086
vn -0.9824 -0.1868 -0.0069
vn -0.9981 -0.0622 -0.0050
vn -0.0041 -0.0153 0.9999
vn -0.0039 -0.0153 0.9999
vn -0.0042 -0.0155 0.9999
vn -0.0040 -0.0155 0.9999
vn -0.0042 -0.0154 0.9999
vn -0.0040 -0.0153 0.9999
vn -0.2481 0.9686 0.0139
vn -0.9512 -0.3085 -0.0086
vn 0.9981 0.0622 0.0050
vn -0.1248 0.9921 0.0148
vn 0.1248 -0.9921 -0.0148
vn 0.1258 0.9919 0.0158
vn 0.2491 0.9683 0.0159
vn -0.1258 -0.9919 -0.0158
vn 0.3687 0.9294 0.0158
vn -0.9046 0.4263 0.0029
vn -0.8440 0.5363 0.0048
vn 0.9046 -0.4263 -0.0029
vn 0.7709 0.6369 0.0130
vn 0.8441 -0.5362 -0.0048
vn -0.6841 0.7293 0.0084
vn -0.5874 0.8092 0.0101
vn -0.3677 0.9298 0.0128
vn 0.0007 -0.9999 -0.0154
vn 0.0220 0.0154 -0.9996
vn -0.0007 0.9999 0.0154
vn -0.0220 -0.0154 0.9996
vn 0.9998 0.0003 0.0220
vn -0.9998 -0.0003 -0.0220
vn -0.0615 -0.9980 -0.0156
vn -0.0535 -0.9984 -0.0156
vn 0.0170 0.9997 0.0155
vn -0.9998 0.0171 -0.0038
vn 0.9998 -0.0171 0.0038
vn -0.0042 -0.0355 0.9994
vn -0.0184 -0.9997 -0.0155
vn 0.7926 0.6096 0.0126
vn -0.7761 0.6305 0.0065
vn 0.0039 -0.0046 -1.0000
vn 0.7150 -0.6991 -0.0079
vn 0.9988 -0.0492 0.0033
vn -0.7770 -0.6294 -0.0129
vn -1.0000 0.0064 -0.0040
vn -0.0008 -0.9990 0.0455
vn -0.0007 -0.9993 0.0376
vn 0.0006 1.0000 -0.0011
vn -0.0041 0.0011 1.0000
vn 0.0041 -0.0011 -1.0000
vn 0.9998 -0.0206 0.0039
vn -0.0006 -1.0000 0.0025
vn 0.0035 0.6222 -0.7828
vn -0.0028 0.6181 0.7861
vn -0.9998 -0.0195 -0.0043
vn 0.0026 -0.6877 -0.7260
vn 0.0041 -0.0333 -0.9994
vn -0.0035 -0.6418 0.7669
vn -0.0041 -0.0096 0.9999
vn -0.0046 -0.9999 -0.0154
vn 0.0046 0.9999 0.0154
vn 1.0000 -0.0047 0.0040
vn -1.0000 0.0047 -0.0040
vn 0.0040 0.1989 -0.9800
vn -0.0040 -0.1989 0.9800
vn 0.0002 -0.9800 -0.1988
vn -0.0002 0.9800 0.1988
vn 0.0040 0.0213 -0.9998
vn -0.0040 -0.0213 0.9998
vn -0.0005 -0.9998 -0.0213
vn 0.0005 0.9998 0.0213
vn 0.9915 0.1297 0.0059
vn 0.8210 0.5100 0.2565
vn -0.2964 0.4544 0.8400
vn 0.0005 0.9999 0.0152
vn -0.0039 -0.0023 1.0000
vn 0.9992 0.0402 0.0042
vn 0.0040 0.0484 -0.9988
vn 0.1006 0.6510 -0.7524
vn 0.0040 0.0293 -0.9996
vn -1.0000 0.0072 -0.0039
vn 1.0000 0.0058 0.0041
vn 0.0569 0.1100 -0.9923
vn 0.8897 0.4564 0.0106
vn -0.0035 0.3402 0.9403
vn -0.0037 0.1386 0.9903
vn -0.7781 0.6273 0.0323
vn -0.9962 0.0803 0.0352
vn 0.0713 0.6265 -0.7762
vn -0.9997 0.0244 -0.0038
vn 0.0035 0.6077 -0.7941
vn 0.7672 0.6413 0.0129
vn -0.0041 0.0367 0.9993
vn -0.0089 0.5665 0.8240
vn -0.7592 0.6507 -0.0115
vn 0.8213 0.5097 0.2561
vn -0.2965 0.4544 0.8400
vn 0.0713 0.6265 -0.7761
vn 0.0031 0.9999 0.0103
vn -0.0007 0.6998 0.7144
vn -0.0031 -0.9999 -0.0103
vn -0.6439 0.7651 0.0044
vn -0.0041 -0.0103 0.9999
vn 0.7061 0.7080 0.0102
vn -1.0000 0.0033 -0.0040
vn 0.0050 0.7248 -0.6889
vn 0.9999 0.0019 0.0149
vn 0.0002 0.9969 -0.0788
vn -0.9998 -0.0019 -0.0198
vn 0.0003 -0.7814 -0.6241
vn -0.0078 -0.0046 1.0000
vn 0.0006 -0.0193 -0.9998
vn 0.0313 -0.9966 -0.0765
vn -0.9814 -0.0028 0.1920
vn 0.0001 0.9912 0.1324
vn 0.9763 -0.0850 -0.1992
vn 0.9790 -0.0853 -0.1854
vn -0.0008 -0.0052 1.0000
vn -0.9999 -0.0019 -0.0149
vn 0.9999 0.0019 0.0155
vn 0.9998 0.0019 0.0198
vn 0.9923 -0.0870 -0.0880
vn -0.0001 -0.9998 0.0193
vn -0.0016 -0.0051 1.0000
vn -0.9999 -0.0019 -0.0155
vn 1.0000 0.0057 0.0005
vn -1.0000 -0.0057 -0.0005
vn 0.0001 0.9998 -0.0193
vn 0.0005 1.0000 0.0085
vn -0.0005 -1.0000 -0.0085
vn 0.0041 0.0085 -1.0000
vn -0.0040 -0.0085 1.0000
vn 0.0040 0.0085 -1.0000
vn -1.0000 0.0050 -0.0040
vn 1.0000 -0.0050 0.0040
vn 0.0049 0.9999 0.0154
vn 0.0814 -0.9966 -0.0150
vn 0.0045 0.0154 -0.9999
vn -0.0814 0.9966 0.0150
vn -0.0045 -0.0154 0.9999
vn 0.9967 0.0814 0.0058
vn -0.9967 -0.0814 -0.0058
vn -0.0614 -0.9980 -0.0156
vn 0.0040 -0.0046 -1.0000
vn 0.1050 0.9943 0.0158
vn 0.0036 0.0155 -0.9999
vn -0.1050 -0.9943 -0.0157
vn -0.0036 -0.0155 0.9999
vn -0.9945 0.1051 -0.0020
vn 0.9945 -0.1051 0.0020
vn 0.1050 0.9943 0.0157
vn -0.1050 -0.9943 -0.0158
vn -1.0000 0.0050 -0.0049
vn -0.0050 -0.9999 -0.0129
vn 1.0000 -0.0050 0.0049
vn 0.0050 0.9999 0.0129
vn -0.0050 -0.0128 0.9999
vn 0.0050 0.0128 -0.9999
vn 0.0041 0.0166 -0.9999
vn -0.9998 0.0185 -0.0038
vn -0.0041 -0.0166 0.9999
vn 0.9998 -0.0185 0.0038
vn 0.0184 0.9997 0.0167
vn -0.0184 -0.9997 -0.0167
vn -0.9999 0.0094 -0.0039
vn -0.0034 0.4234 0.9059
vn 1.0000 -0.0001 0.0006
vn 0.0001 0.9923 0.1240
vn -1.0000 0.0001 -0.0006
vn -0.0001 -0.9923 -0.1240
vn -0.0006 -0.1240 0.9923
vn 0.0006 0.1240 -0.9923
vn -0.0005 -0.6241 0.7814
vn 0.0005 0.6241 -0.7814
vn -0.0003 0.7814 0.6241
vn -1.0000 0.0010 -0.0041
vn 0.0009 0.9999 0.0154
vn 1.0000 -0.0010 0.0041
vn -0.0009 -0.9999 -0.0154
vn 0.4059 0.0139 -0.9138
vn -0.3165 0.0148 -0.9485
vn -0.0008 1.0000 0.0097
vn 0.1346 0.0152 -0.9908
vn -0.1433 0.0153 -0.9896
vn 0.6029 0.0430 -0.7966
vn -0.6410 0.0121 -0.7674
vn -0.6403 0.0418 -0.7670
vn 0.6037 0.0120 -0.7971
vn -0.1432 0.0537 -0.9882
vn 0.1345 0.0537 -0.9895
vn -0.3163 0.0516 -0.9473
vn 0.4057 0.0494 -0.9127
vn 0.0331 -0.9985 -0.0442
vn 0.0196 0.9983 0.0552
vn -0.0340 0.0105 -0.9994
vn -0.9546 -0.0023 0.2978
vn 0.4938 -0.0097 0.8695
vn -0.0329 0.9994 -0.0136
vn -0.0200 -0.9995 0.0243
vn 0.0422 0.0203 -0.9989
vn 0.9522 -0.0070 0.3055
vn -0.5009 -0.0171 0.8653
vn -0.0011 0.9999 0.0158
vn 0.0023 0.9999 0.0158
vn 0.0021 0.9999 0.0098
vn -0.0380 0.9987 -0.0336
vn 0.0335 0.9991 -0.0269
vn 0.0005 1.0000 0.0093
vn 0.0006 1.0000 0.0092
vn -0.0040 -0.0092 0.9999
vn 0.4059 0.0082 -0.9139
vn -0.3165 0.0089 -0.9486
vn 0.6040 0.0070 -0.7970
vn 0.1346 0.0090 -0.9909
vn -0.6412 0.0074 -0.7673
vn -0.1433 0.0092 -0.9896
vn -0.8992 0.0072 -0.4375
vn -0.2185 0.0151 -0.9757
vn 0.6267 0.0117 -0.7792
vn 0.6203 -0.0124 0.7843
vn -0.2265 -0.0149 0.9739
vn -0.9027 -0.0062 0.4302
vn -0.2186 0.0151 -0.9757
vn -0.5589 -0.0125 0.8291
vn -0.1749 0.4145 -0.8931
vn -0.1822 0.3868 0.9040
vn 0.1826 0.4143 -0.8916
vn -0.5119 0.3891 0.7658
vn 0.5123 0.4120 -0.7535
vn -0.7637 0.3931 0.5121
vn 0.7641 0.4080 -0.4997
vn -0.8992 0.3983 0.1812
vn 0.8981 0.3973 0.1886
vn 0.8996 0.4028 -0.1689
vn -0.8977 0.4038 -0.1762
vn 0.7600 0.3923 0.5183
vn -0.7596 0.4088 -0.5059
vn 0.5061 0.3885 0.7700
vn -0.5057 0.4126 -0.7576
vn 0.1753 0.3866 0.9054
vn 0.0005 0.9999 0.0155
vn -0.0398 -0.9754 -0.2168
vn 0.1911 -0.0152 0.9814
vn 0.7901 -0.3115 0.5280
vn 0.0398 -0.9762 -0.2132
vn 0.1075 -0.9786 -0.1753
vn -0.2582 -0.6532 0.7118
vn 0.1505 -0.9819 -0.1151
vn -0.1660 -0.9860 0.0170
vn 0.5095 -0.6513 0.5624
vn 0.1650 -0.9852 -0.0474
vn -0.1779 -0.9827 -0.0512
vn -0.1607 -0.9793 -0.1231
vn -0.1121 -0.9766 -0.1836
vn 0.5243 -0.3251 0.7870
vn 0.1811 -0.3305 0.9263
vn -0.1893 -0.3269 0.9259
vn -0.5328 -0.3148 0.7855
vn -0.5443 -0.1563 0.8242
vn 0.8144 -0.1529 0.5597
vn -0.9518 0.3067 0.0008
vn -0.5913 0.8064 0.0100
vn 0.5921 0.8057 0.0148
vn 0.9518 -0.3067 -0.0008
vn 0.5913 -0.8064 -0.0100
vn -0.8265 0.2091 0.5227
vn -0.5921 -0.8057 -0.0148
vn -0.9521 -0.3056 -0.0086
vn 0.0037 -0.2915 -0.9566
vn -0.6138 0.6797 0.4017
vn -0.8267 -0.2242 0.5161
vn -0.6145 -0.6911 0.3806
vn 0.6057 -0.6808 -0.4118
vn 0.8110 -0.2099 -0.5461
vn 0.8112 0.2258 -0.5393
vn 0.6064 0.6926 -0.3906
vn -0.0040 -0.3208 0.9471
vn 0.0020 -0.7970 -0.6040
vn 0.0028 0.8152 -0.5792
vn -0.0037 0.2915 0.9566
vn 0.0040 0.3208 -0.9471
vn -0.0020 0.7970 0.6040
vn -0.0028 -0.8152 0.5792
vn 0.8370 -0.2234 0.4995
vn -0.6146 -0.6784 -0.4025
vn -0.6139 0.6911 -0.3814
vn 0.8372 0.2071 0.5061
vn -0.8199 0.2254 -0.5263
vn 0.6237 0.6769 0.3909
vn 0.6230 -0.6893 0.3698
vn -0.8201 -0.2083 -0.5330
vn -0.9331 0.1488 0.3275
vn -0.5212 0.3497 0.7785
vn -0.0035 0.4086 0.9127
vn 0.5153 0.3491 0.7826
vn 0.9305 0.1478 0.3351
vn 0.9331 -0.1488 -0.3275
vn 0.5213 -0.3497 -0.7784
vn 0.0035 -0.4086 -0.9127
vn 0.0022 0.9127 -0.4086
vn -0.5153 -0.3491 -0.7827
vn -0.9305 -0.1478 -0.3351
vn -0.0022 -0.9127 0.4086
vn -0.5212 0.3497 0.7784
vn 0.5153 0.3492 0.7827
vn 0.5212 -0.3497 -0.7785
vn -0.5153 -0.3491 -0.7826
vn -0.5213 0.3497 0.7784
vn 0.5153 0.3491 0.7827
vn -0.8265 0.2090 0.5227
vn -0.6137 0.6797 0.4017
vn -0.6144 -0.6911 0.3806
vn 0.8110 -0.2099 -0.5460
vn 0.8113 0.2258 -0.5393
vn -0.6146 -0.6785 -0.4025
vn -0.8199 0.2255 -0.5263
vn 0.6230 -0.6892 0.3698
vn -0.9299 -0.0052 0.3677
vn -0.5116 -0.0130 0.8591
vn 0.5046 -0.0136 0.8633
vn 0.9269 -0.0063 0.3753
vn 0.9299 0.0052 -0.3677
vn 0.5116 0.0130 -0.8592
vn -0.5046 0.0136 -0.8633
vn -0.9269 0.0063 -0.3753
vn 0.9481 0.0044 -0.3181
vn 0.5735 0.0123 -0.8191
vn -0.5669 0.0130 -0.8237
vn -0.9454 0.0055 -0.3258
vn -0.9481 -0.0044 0.3181
vn -0.5736 -0.0123 0.8191
vn 0.5668 -0.0130 0.8237
vn 0.9454 -0.0055 0.3258
vn -0.6139 0.6912 -0.3814
vn 0.5921 0.8058 0.0148
vn -0.9333 -0.0051 0.3591
vn -0.5218 -0.0129 0.8530
vn 0.5148 -0.0135 0.8572
vn 0.9303 -0.0061 0.3667
vn 0.9333 0.0051 -0.3591
vn 0.5218 0.0129 -0.8530
vn -0.5148 0.0135 -0.8572
vn -0.9303 0.0061 -0.3667
vn 0.9333 0.0051 -0.3592
vn 0.0040 0.0240 -0.9997
vn -0.0011 -0.9906 0.1365
vn -0.0002 -0.9952 -0.0974
vn -0.0039 0.1154 0.9933
vn -0.0005 -0.9998 -0.0211
vn 0.0005 0.9998 0.0211
vn -0.9967 -0.0804 -0.0057
vn 0.9979 -0.0645 0.0026
vn 0.0040 -0.1154 -0.9933
vn -0.0040 0.1154 0.9933
vn 0.0039 -0.0791 -0.9969
vn -0.0039 0.0791 0.9969
vn 0.9967 0.0804 0.0057
vn 0.0038 -0.1527 -0.9883
vn -0.9979 0.0645 -0.0026
vn -0.0038 0.1527 0.9883
vt 1.000000 0.851668
vt 1.000000 1.000000
vt 0.968750 1.000000
vt 0.968750 0.851668
vt 0.937500 1.000000
vt 0.937500 0.851668
vt 0.906250 1.000000
vt 0.906250 0.851668
vt 0.875000 1.000000
vt 0.875000 0.851668
vt 0.279535 0.451798
vt 0.285856 0.451786
vt 0.285856 0.458333
vt 0.279535 0.458345
vt 0.372840 0.954453
vt 0.366519 0.954443
vt 0.366583 0.947908
vt 0.372903 0.947917
vt 0.366627 0.940794
vt 0.372948 0.940803
vt 0.366645 0.933374
vt 0.372971 0.933384
vt 0.372973 0.925944
vt 0.343750 1.000000
vt 0.281250 1.000000
vt 0.281250 0.851668
vt 0.312500 0.851668
vt 0.343750 0.851668
vt 0.378246 0.912145
vt 0.366579 0.919566
vt 0.366519 0.913730
vt 0.378186 0.906308
vt 0.933679 0.951398
vt 0.922036 0.951826
vt 0.922031 0.945801
vt 0.933673 0.945373
vt 0.922027 0.939036
vt 0.933670 0.938608
vt 0.922026 0.931791
vt 0.933668 0.931363
vt 0.922027 0.924344
vt 0.933670 0.923916
vt 0.922031 0.916982
vt 0.933673 0.916554
vt 0.922036 0.909988
vt 0.933679 0.909560
vt 0.437500 0.851668
vt 0.437500 1.000000
vt 0.406250 1.000000
vt 0.406250 0.851668
vt 0.375000 1.000000
vt 0.375000 0.851668
vt 0.522121 0.960068
vt 0.515099 0.960139
vt 0.515099 0.918266
vt 0.522021 0.918319
vt 0.250000 1.000000
vt 0.250000 0.851668
vt 0.218750 1.000000
vt 0.218750 0.851668
vt 0.187500 1.000000
vt 0.187500 0.851668
vt 0.156250 1.000000
vt 0.156250 0.851668
vt 0.125000 1.000000
vt 0.125000 0.851668
vt 0.093750 1.000000
vt 0.093750 0.851668
vt 0.062500 1.000000
vt 0.062500 0.851668
vt 0.093731 0.095823
vt 0.127222 0.068137
vt 0.031250 1.000000
vt 0.031250 0.851668
vt 0.000000 1.000000
vt 0.000000 0.851668
vt 0.375000 0.134725
vt 0.625000 0.134725
vt 0.625000 0.250000
vt 0.375000 0.250000
vt 0.625000 0.500000
vt 0.375000 0.500000
vt 0.375000 0.750000
vt 0.625000 0.750000
vt 0.625000 1.000000
vt 0.375170 0.603473
vt 0.375626 0.621490
vt 0.375000 0.651055
vt 0.125000 0.750000
vt 0.125000 0.615275
vt 0.125000 0.500000
vt 0.375000 0.586256
vt 0.638390 0.906227
vt 0.639721 0.899491
vt 0.639718 0.892623
vt 0.642691 0.892334
vt 0.642694 0.899790
vt 0.641249 0.907103
vt 0.638411 0.913991
vt 0.634288 0.920191
vt 0.628813 0.925177
vt 0.614443 0.929199
vt 0.607017 0.929199
vt 0.599733 0.927745
vt 0.592871 0.924892
vt 0.586694 0.920749
vt 0.581440 0.915477
vt 0.577312 0.909278
vt 0.574466 0.902390
vt 0.573014 0.895077
vt 0.573010 0.887621
vt 0.574455 0.880309
vt 0.581181 0.866941
vt 0.587119 0.862520
vt 0.593978 0.859667
vt 0.601261 0.858212
vt 0.608687 0.858212
vt 0.615971 0.859667
vt 0.622834 0.862520
vt 0.629010 0.866662
vt 0.634264 0.871934
vt 0.638393 0.878133
vt 0.641238 0.885022
vt 0.638380 0.885888
vt 0.635759 0.879545
vt 0.631957 0.873836
vt 0.627119 0.868981
vt 0.621431 0.865166
vt 0.615111 0.862538
vt 0.608401 0.861198
vt 0.601561 0.861198
vt 0.594851 0.862538
vt 0.588600 0.865139
vt 0.583426 0.868991
vt 0.579956 0.874774
vt 0.577314 0.881185
vt 0.575983 0.887921
vt 0.575987 0.894788
vt 0.577325 0.901523
vt 0.579945 0.907867
vt 0.583747 0.913576
vt 0.588585 0.918431
vt 0.594274 0.922246
vt 0.600594 0.924873
vt 0.607303 0.926213
vt 0.614144 0.926213
vt 0.620921 0.924860
vt 0.627247 0.922568
vt 0.632018 0.918223
vt 0.635775 0.912573
vt 0.656629 0.851668
vt 0.636461 0.851668
vt 0.000000 0.000000
vt 0.259439 0.934249
vt 0.265785 0.934295
vt 0.265824 0.962943
vt 0.259471 0.962897
vt 0.375000 0.000000
vt 0.625000 0.000000
vt 0.882494 0.375195
vt 0.885474 0.369761
vt 0.904348 0.345585
vt 0.912586 0.360486
vt 0.899995 0.375015
vt 0.912586 0.412499
vt 0.884583 0.416359
vt 0.880575 0.388108
vt 0.880701 0.381910
vt 0.259447 0.928117
vt 0.265792 0.928163
vt 0.259481 0.921721
vt 0.265824 0.921768
vt 0.272166 0.955572
vt 0.265824 0.955630
vt 0.265827 0.950312
vt 0.272168 0.950254
vt 0.265824 0.921791
vt 0.272158 0.921721
vt 0.590231 0.942903
vt 0.590231 0.929231
vt 0.583653 0.929199
vt 0.583653 0.942871
vt 0.576339 0.933972
vt 0.583652 0.929199
vt 0.583652 0.939262
vt 0.582913 0.939464
vt 0.576339 0.944034
vt 0.615435 0.851668
vt 0.687500 0.851668
vt 0.656250 0.851668
vt 0.625000 0.851668
vt 0.593750 0.851668
vt 0.562500 0.851668
vt 0.531250 0.851668
vt 0.500000 0.851668
vt 0.468750 0.851668
vt 0.374615 0.851668
vt 0.394769 0.851668
vt 0.415779 0.851668
vt 0.437403 0.851668
vt 0.459458 0.851668
vt 0.481798 0.851668
vt 0.504302 0.851668
vt 0.526863 0.851668
vt 0.549373 0.851668
vt 0.571725 0.851668
vt 0.593794 0.851668
vt 0.312361 0.851668
vt 0.323540 0.851668
vt 0.338378 0.851668
vt 0.355654 0.851668
vt 0.843750 0.851668
vt 0.812500 0.851668
vt 0.781250 0.851668
vt 0.750000 0.851668
vt 0.718750 0.851668
vt 0.675600 0.851668
vt 0.692882 0.851668
vt 0.707721 0.851668
vt 0.718898 0.851668
vt 0.724315 0.851668
vt 0.720181 0.851668
vt 0.699571 0.851668
vt 0.651428 0.851668
vt 0.567373 0.851668
vt 0.463952 0.851668
vt 0.379866 0.851668
vt 0.331696 0.851668
vt 0.311077 0.851668
vt 0.306942 0.851668
vt 0.710203 0.821759
vt 0.707943 0.801154
vt 0.638235 0.801440
vt 0.628486 0.822094
vt 0.002930 0.002344
vt 0.066595 0.053276
vt 0.087005 0.911866
vt 0.091471 0.911860
vt 0.091471 0.938452
vt 0.087005 0.938458
vt 0.082551 0.911858
vt 0.082551 0.938450
vt 0.078282 0.911838
vt 0.078282 0.938430
vt 0.074362 0.911806
vt 0.074362 0.938398
vt 0.267574 0.451810
vt 0.274120 0.451786
vt 0.274120 0.461387
vt 0.267574 0.461411
vt 0.575404 0.679409
vt 0.575779 0.688434
vt 0.580099 0.689367
vt 0.580112 0.692238
vt 0.576760 0.693213
vt 0.576886 0.719048
vt 0.573687 0.722914
vt 0.574048 0.736133
vt 0.580367 0.739352
vt 0.581446 0.752063
vt 0.577236 0.755600
vt 0.578766 0.799298
vt 0.585847 0.819818
vt 0.594037 0.834698
vt 0.609431 0.843693
vt 0.613353 0.851520
vt 0.628610 0.851722
vt 0.714670 0.851104
vt 0.602597 0.794701
vt 0.599356 0.744730
vt 0.602751 0.741877
vt 0.601881 0.731625
vt 0.596784 0.729029
vt 0.596493 0.718367
vt 0.599074 0.715249
vt 0.598972 0.694412
vt 0.601675 0.693626
vt 0.601665 0.691310
vt 0.598181 0.690557
vt 0.597878 0.683279
vt 0.602030 0.681820
vt 0.601907 0.655351
vt 0.708793 0.655636
vt 0.712922 0.645136
vt 0.580399 0.644783
vt 0.580551 0.677601
vt 0.620373 0.567052
vt 0.624057 0.584165
vt 0.634004 0.598539
vt 0.648702 0.607986
vt 0.648191 0.608397
vt 0.641695 0.605143
vt 0.634448 0.612660
vt 0.618376 0.604126
vt 0.617216 0.565479
vt 0.622357 0.541625
vt 0.629029 0.527407
vt 0.634842 0.528674
vt 0.638900 0.523623
vt 0.653690 0.523335
vt 0.647397 0.525034
vt 0.633005 0.535050
vt 0.623516 0.549805
vt 0.315324 0.458157
vt 0.311769 0.457871
vt 0.311769 0.451786
vt 0.315324 0.452072
vt 0.955212 0.510976
vt 0.955197 0.498188
vt 0.961521 0.498189
vt 0.961536 0.510977
vt 0.946900 0.804926
vt 0.943583 0.810113
vt 0.944251 0.784092
vt 0.943583 0.780076
vt 0.602747 0.609512
vt 0.625163 0.644783
vt 0.596213 0.567040
vt 0.710095 0.542946
vt 0.706356 0.548184
vt 0.696408 0.533810
vt 0.681710 0.524363
vt 0.664500 0.521281
vt 0.661990 0.518476
vt 0.677712 0.518444
vt 0.679966 0.521439
vt 0.699282 0.521889
vt 1.000000 0.500000
vt 0.937500 0.500000
vt 0.875000 0.500000
vt 0.812500 1.000000
vt 0.812500 0.500000
vt 0.750000 1.000000
vt 0.750000 0.500000
vt 0.687500 1.000000
vt 0.687500 0.500000
vt 0.562500 1.000000
vt 0.562500 0.500000
vt 0.500000 1.000000
vt 0.500000 0.500000
vt 0.437500 0.500000
vt 0.710039 0.565297
vt 0.711486 0.596228
vt 0.706897 0.582544
vt 0.312500 1.000000
vt 0.312500 0.500000
vt 0.250000 0.500000
vt 0.187500 0.500000
vt 0.665913 0.611067
vt 0.683016 0.607314
vt 0.697408 0.597298
vt 0.062500 0.500000
vt 0.000000 0.500000
vt 0.750000 0.490000
vt 0.841844 0.471731
vt 0.919706 0.419706
vt 0.971731 0.341844
vt 0.990000 0.250000
vt 0.971731 0.158156
vt 0.919706 0.080294
vt 0.841844 0.028269
vt 0.750000 0.010000
vt 0.658156 0.028269
vt 0.580294 0.080294
vt 0.528269 0.158156
vt 0.510000 0.250000
vt 0.528269 0.341844
vt 0.580294 0.419706
vt 0.658156 0.471731
vt 0.635536 0.796055
vt 0.624945 0.789867
vt 0.616150 0.778073
vt 0.609627 0.457621
vt 0.575194 0.388949
vt 0.610382 0.389739
vt 0.611460 0.458207
vt 0.711486 0.455628
vt 0.621267 0.502294
vt 0.378286 0.918778
vt 0.955212 0.444963
vt 0.961536 0.444964
vt 0.960629 0.344597
vt 0.956845 0.344627
vt 0.956845 0.288100
vt 0.960629 0.288069
vt 0.127220 0.432065
vt 0.165433 0.452612
vt 0.158156 0.471731
vt 0.116663 0.449553
vt 0.626513 0.869853
vt 0.631176 0.874532
vt 0.634841 0.880034
vt 0.637366 0.886148
vt 0.638655 0.892640
vt 0.638659 0.899258
vt 0.637376 0.905751
vt 0.634856 0.911867
vt 0.631234 0.917312
vt 0.626636 0.921500
vt 0.620539 0.923709
vt 0.614007 0.925014
vt 0.607414 0.925014
vt 0.600948 0.923722
vt 0.594856 0.921190
vt 0.589374 0.917513
vt 0.584711 0.912834
vt 0.581046 0.907331
vt 0.578521 0.901217
vt 0.577231 0.894726
vt 0.577228 0.888107
vt 0.578511 0.881615
vt 0.581057 0.875437
vt 0.584402 0.869863
vt 0.589388 0.866150
vt 0.595413 0.863644
vt 0.601880 0.862352
vt 0.608473 0.862352
vt 0.614939 0.863643
vt 0.621030 0.866176
vt 0.066262 0.129704
vt 0.045903 0.169351
vt 0.032711 0.215702
vt 0.045838 0.331319
vt 0.033675 0.283691
vt 0.066241 0.370490
vt 0.093726 0.404369
vt 0.334596 0.047700
vt 0.372814 0.068311
vt 0.206895 0.465260
vt 0.293132 0.465296
vt 0.250013 0.469540
vt 0.334595 0.452689
vt 0.165434 0.047606
vt 0.206896 0.034980
vt 0.372812 0.432198
vt 0.406314 0.404594
vt 0.914234 0.311116
vt 0.914234 0.416359
vt 0.912586 0.416359
vt 0.912586 0.311116
vt 0.963229 0.570546
vt 0.963229 0.672153
vt 0.961581 0.672154
vt 0.961581 0.570546
vt 0.308616 0.788462
vt 0.308616 0.694538
vt 0.350817 0.664684
vt 0.381783 0.663951
vt 0.381762 0.676821
vt 0.381581 0.788415
vt 0.343681 0.788440
vt 0.959873 0.444958
vt 0.961520 0.444963
vt 0.961520 0.364664
vt 0.955197 0.364645
vt 0.573010 0.455800
vt 0.624714 0.639652
vt 0.656207 0.610698
vt 0.659006 0.613102
vt 0.642953 0.636976
vt 0.296756 0.934080
vt 0.296756 0.874711
vt 0.306308 0.874717
vt 0.306622 0.934086
vt 0.177494 0.863959
vt 0.177500 0.829623
vt 0.172409 0.829624
vt 0.161750 0.826117
vt 0.179269 0.826112
vt 0.179269 0.867469
vt 0.950995 0.570546
vt 0.950995 0.364645
vt 0.955197 0.375086
vt 0.955197 0.541155
vt 0.611192 0.722052
vt 0.610944 0.712957
vt 0.613145 0.710298
vt 0.029814 0.023851
vt 0.077588 0.062070
vt 0.615562 0.659202
vt 0.706740 0.659445
vt 0.613059 0.692523
vt 0.942119 0.136916
vt 0.942119 0.288069
vt 0.930847 0.282298
vt 0.930849 0.195085
vt 0.939822 0.134991
vt 0.943583 0.699027
vt 0.943583 0.865001
vt 0.941118 0.861410
vt 0.941118 0.719828
vt 0.613386 0.735446
vt 0.616282 0.733012
vt 0.615540 0.724267
vt 0.934508 0.861411
vt 0.934508 0.719829
vt 0.700673 0.608599
vt 0.683540 0.612007
vt 0.013348 0.796423
vt 0.023886 0.802701
vt 0.026539 0.808109
vt 0.096247 0.808415
vt 0.096247 0.666700
vt 0.005074 0.665683
vt 0.004988 0.688262
vt 0.001436 0.689477
vt 0.001641 0.695688
vt 0.004607 0.696355
vt 0.004600 0.698330
vt 0.002288 0.698981
vt 0.002224 0.716757
vt -0.000000 0.719397
vt 0.000171 0.728494
vt 0.004500 0.730746
vt 0.005168 0.739497
vt 0.002251 0.741906
vt 0.002411 0.773865
vt 0.004654 0.784555
vt 0.470941 0.376753
vt 0.933186 0.335842
vt 0.939386 0.335938
vt 0.943307 0.408765
vt 0.930847 0.411522
vt 0.613817 0.767402
vt 0.802257 0.888556
vt 0.798600 0.944093
vt 0.785594 0.944050
vt 0.785594 0.880795
vt 0.798600 0.880838
vt 0.933259 0.294093
vt 0.930847 0.288337
vt 0.943207 0.288069
vt 0.939558 0.294065
vt 0.925289 0.757288
vt 0.931358 0.757153
vt 0.934508 0.760057
vt 0.922146 0.760431
vt 0.931302 0.702394
vt 0.925215 0.703122
vt 0.922064 0.700409
vt 0.934445 0.699027
vt 0.950739 0.411522
vt 0.950739 0.523030
vt 0.950739 0.535890
vt 0.949091 0.531352
vt 0.949091 0.523030
vt 0.949091 0.411522
vt 0.925397 0.820183
vt 0.931087 0.820023
vt 0.934508 0.909323
vt 0.922026 0.909560
vt 0.931128 0.766290
vt 0.925525 0.766313
vt 0.960887 0.510977
vt 0.960887 0.564710
vt 0.955197 0.564874
vt 0.955284 0.511004
vt 0.565867 0.836454
vt 0.565867 0.890281
vt 0.561415 0.890447
vt 0.561415 0.836619
vt 0.289962 0.453598
vt 0.289962 0.459921
vt 0.285856 0.458109
vt 0.943583 0.810242
vt 0.949652 0.810113
vt 0.949671 0.864279
vt 0.943583 0.865001
vt 0.573010 0.647251
vt 0.573010 0.796731
vt 0.594255 0.856502
vt 0.717396 0.858212
vt 0.944770 0.042577
vt 0.944770 0.000697
vt 0.954817 -0.000000
vt 0.954817 0.041880
vt 0.913150 0.917882
vt 0.910011 0.845039
vt 0.910219 0.803166
vt 0.913150 0.797187
vt 0.021952 0.017562
vt 0.561181 0.776326
vt 0.560600 0.775743
vt 0.560600 0.877339
vt 0.561181 0.876760
vt 0.526486 0.878418
vt 0.526486 0.775743
vt 0.426053 0.775818
vt 0.426053 0.878799
vt 0.719695 0.637388
vt 0.719358 0.637388
vt 0.719358 0.737396
vt 0.719695 0.737396
vt 0.000974 0.566107
vt 0.106343 0.565651
vt 0.105823 0.463160
vt 0.180196 0.462712
vt 0.180196 0.624665
vt 0.068298 0.625117
vt 0.067441 0.625982
vt 0.067636 0.664529
vt 0.068502 0.665387
vt 0.068302 0.625979
vt 0.181057 0.625523
vt 0.181057 0.461845
vt 0.104957 0.462304
vt 0.105477 0.564793
vt 0.000113 0.565249
vt 0.000000 0.665683
vt 0.000863 0.664818
vt 0.181057 0.663951
vt 0.247831 0.663662
vt 0.247635 0.625115
vt 0.248493 0.624250
vt 0.360390 0.623798
vt 0.360390 0.461845
vt 0.286018 0.462293
vt 0.286537 0.564785
vt 0.181168 0.565240
vt 0.719693 0.388949
vt 0.719310 0.388949
vt 0.719310 0.487324
vt 0.719693 0.487324
vt 0.719693 0.487325
vt 0.719310 0.487325
vt 0.719310 0.585065
vt 0.719693 0.585066
vt 0.717787 0.599061
vt 0.717404 0.599060
vt 0.717404 0.701147
vt 0.717787 0.701148
vt 0.968750 0.500000
vt 0.906250 0.500000
vt 0.843750 1.000000
vt 0.843750 0.500000
vt 0.781250 1.000000
vt 0.781250 0.500000
vt 0.718750 1.000000
vt 0.718750 0.500000
vt 0.656250 1.000000
vt 0.656250 0.500000
vt 0.593750 1.000000
vt 0.593750 0.500000
vt 0.531250 1.000000
vt 0.531250 0.500000
vt 0.468750 1.000000
vt 0.468750 0.500000
vt 0.406250 0.500000
vt 0.343750 0.500000
vt 0.281250 0.500000
vt 0.218750 0.500000
vt 0.156250 0.500000
vt 0.093750 0.500000
vt 0.296822 0.485388
vt 0.250000 0.490000
vt 0.203178 0.485388
vt 0.158156 0.471731
vt 0.116663 0.449553
vt 0.080294 0.419706
vt 0.050447 0.383337
vt 0.028269 0.341844
vt 0.014612 0.296822
vt 0.010000 0.250000
vt 0.014612 0.203178
vt 0.028269 0.158156
vt 0.050447 0.116663
vt 0.080294 0.080294
vt 0.116663 0.050447
vt 0.158156 0.028269
vt 0.203178 0.014612
vt 0.250000 0.010000
vt 0.296822 0.014612
vt 0.341844 0.028269
vt 0.383337 0.050447
vt 0.419706 0.080294
vt 0.449553 0.116663
vt 0.471731 0.158156
vt 0.485388 0.203178
vt 0.490000 0.250000
vt 0.485388 0.296822
vt 0.471731 0.341844
vt 0.449553 0.383337
vt 0.419706 0.419706
vt 0.383337 0.449553
vt 0.341844 0.471731
vt 0.031250 0.500000
vt 0.796822 0.485388
vt 0.883337 0.449553
vt 0.919706 0.419706
vt 0.949553 0.383337
vt 0.971731 0.341844
vt 0.985388 0.296822
vt 0.990000 0.250000
vt 0.985388 0.203178
vt 0.971731 0.158156
vt 0.949553 0.116663
vt 0.919706 0.080294
vt 0.883337 0.050447
vt 0.841844 0.028269
vt 0.796822 0.014612
vt 0.750000 0.010000
vt 0.703178 0.014612
vt 0.658156 0.028269
vt 0.616663 0.050447
vt 0.580294 0.080294
vt 0.550447 0.116663
vt 0.514612 0.203178
vt 0.510000 0.250000
vt 0.514612 0.296822
vt 0.528269 0.341844
vt 0.550447 0.383337
vt 0.616663 0.449553
vt 0.658156 0.471731
vt 0.703178 0.485388
vt 0.031250 0.522912
vt 0.031250 0.977088
vt 0.000000 0.977088
vt 0.000000 0.522912
vt 0.312236 0.457727
vt 0.313660 0.457295
vt 0.315109 0.464579
vt 0.315078 0.464588
vt 0.351566 0.441594
vt 0.352878 0.440893
vt 0.355720 0.447754
vt 0.355691 0.447769
vt 0.386992 0.418099
vt 0.388143 0.417154
vt 0.392268 0.423329
vt 0.392243 0.423350
vt 0.417154 0.388143
vt 0.418099 0.386992
vt 0.423350 0.392243
vt 0.423329 0.392268
vt 0.440893 0.352878
vt 0.441594 0.351566
vt 0.447769 0.355691
vt 0.447754 0.355720
vt 0.457295 0.313660
vt 0.457727 0.312236
vt 0.464588 0.315078
vt 0.464579 0.315109
vt 0.465732 0.271995
vt 0.465878 0.270514
vt 0.473161 0.271963
vt 0.473158 0.271995
vt 0.465878 0.229486
vt 0.465732 0.228005
vt 0.473158 0.228005
vt 0.473161 0.228037
vt 0.457727 0.187764
vt 0.457295 0.186340
vt 0.464579 0.184891
vt 0.464588 0.184922
vt 0.441594 0.148434
vt 0.440893 0.147122
vt 0.447754 0.144280
vt 0.447769 0.144309
vt 0.418098 0.113008
vt 0.417154 0.111857
vt 0.423329 0.107732
vt 0.423350 0.107757
vt 0.388143 0.082846
vt 0.386992 0.081901
vt 0.392243 0.076650
vt 0.392268 0.076671
vt 0.352878 0.059107
vt 0.351566 0.058406
vt 0.355691 0.052231
vt 0.355720 0.052246
vt 0.313660 0.042705
vt 0.312236 0.042273
vt 0.315078 0.035412
vt 0.315109 0.035421
vt 0.271995 0.034268
vt 0.270514 0.034122
vt 0.271963 0.026839
vt 0.271995 0.026842
vt 0.229486 0.034122
vt 0.228005 0.034268
vt 0.228005 0.026842
vt 0.228037 0.026839
vt 0.187764 0.042273
vt 0.186340 0.042705
vt 0.184891 0.035421
vt 0.184922 0.035412
vt 0.148434 0.058406
vt 0.147122 0.059107
vt 0.144280 0.052246
vt 0.144309 0.052231
vt 0.113008 0.081901
vt 0.111857 0.082846
vt 0.107732 0.076671
vt 0.107757 0.076650
vt 0.082846 0.111857
vt 0.081901 0.113008
vt 0.076650 0.107757
vt 0.076671 0.107732
vt 0.059107 0.147122
vt 0.058406 0.148434
vt 0.052231 0.144309
vt 0.052246 0.144280
vt 0.042705 0.186340
vt 0.042273 0.187764
vt 0.035412 0.184922
vt 0.035421 0.184891
vt 0.034268 0.228005
vt 0.034122 0.229486
vt 0.026839 0.228037
vt 0.026842 0.228005
vt 0.034122 0.270514
vt 0.034268 0.271995
vt 0.026842 0.271995
vt 0.026839 0.271963
vt 0.042273 0.312236
vt 0.042705 0.313660
vt 0.035421 0.315109
vt 0.035412 0.315078
vt 0.058406 0.351566
vt 0.059107 0.352878
vt 0.052246 0.355720
vt 0.052231 0.355691
vt 0.081901 0.386992
vt 0.082846 0.388143
vt 0.076671 0.392268
vt 0.076650 0.392243
vt 0.111857 0.417154
vt 0.113008 0.418098
vt 0.107757 0.423350
vt 0.107732 0.423329
vt 0.147122 0.440893
vt 0.148434 0.441594
vt 0.144309 0.447769
vt 0.144280 0.447754
vt 0.186340 0.457295
vt 0.187764 0.457728
vt 0.184922 0.464588
vt 0.184891 0.464579
vt 0.270514 0.465878
vt 0.271995 0.465732
vt 0.271995 0.473158
vt 0.271963 0.473161
vt 1.000000 0.522912
vt 1.000000 0.977088
vt 0.968750 0.977088
vt 0.968750 0.522912
vt 0.228005 0.465732
vt 0.229486 0.465878
vt 0.228037 0.473161
vt 0.228005 0.473158
vt 0.968750 0.522912
vt 0.968750 0.977088
vt 0.937500 0.977088
vt 0.937500 0.522912
vt 0.062500 0.522912
vt 0.062500 0.977088
vt 0.093750 0.522912
vt 0.093750 0.977088
vt 0.125000 0.522912
vt 0.125000 0.977088
vt 0.156250 0.522912
vt 0.156250 0.977088
vt 0.187500 0.522912
vt 0.187500 0.977088
vt 0.218750 0.522912
vt 0.218750 0.977088
vt 0.235390 0.522912
vt 0.235390 0.977088
vt 0.218750 0.977088
vt 0.218750 0.522912
vt 0.610390 0.522912
vt 0.610390 0.977088
vt 0.577110 0.977088
vt 0.577110 0.522912
vt 0.579140 0.522912
vt 0.608360 0.522912
vt 0.672890 0.522912
vt 0.672890 0.977088
vt 0.670860 0.977088
vt 0.670860 0.522912
vt 0.718750 0.522912
vt 0.718750 0.977088
vt 0.702110 0.977088
vt 0.702110 0.522912
vt 0.750000 0.522912
vt 0.750000 0.977088
vt 0.927665 0.104781
vt 0.945418 0.104697
vt 0.945497 0.130595
vt 0.927743 0.130679
vt 0.927665 0.079948
vt 0.945418 0.079864
vt 0.927743 0.057135
vt 0.945497 0.057051
vt 0.875000 0.522912
vt 0.875000 0.977088
vt 0.843750 0.977088
vt 0.843750 0.522912
vt 0.906250 0.522912
vt 0.906250 0.977088
vt 0.875000 0.977088
vt 0.875000 0.522912
vt 0.937500 0.522912
vt 0.937500 0.977088
vt 0.906250 0.977088
vt 0.906250 0.522912
vt 0.167443 0.449310
vt 0.250000 0.465732
vt 0.639610 0.977088
vt 0.639610 0.522912
vt 0.641640 0.522912
vt 0.422890 0.977088
vt 0.389610 0.977088
vt 0.389610 0.522912
vt 0.391640 0.522912
vt 0.420860 0.522912
vt 0.422890 0.522912
vt 0.951312 0.166614
vt 0.978116 0.179204
vt 0.961362 0.138758
vt 0.459921 0.136061
vt 0.461363 0.138758
vt 0.478116 0.179204
vt 0.449310 0.167443
vt 0.429374 0.130146
vt 0.433659 0.097297
vt 0.931176 0.128942
vt 0.959921 0.136061
vt 0.935599 0.099660
vt 0.904077 0.095923
vt 0.933659 0.097297
vt 0.902703 0.066341
vt 0.012156 0.250000
vt 0.012456 0.225068
vt 0.021884 0.179204
vt 0.038413 0.207913
vt 0.871058 0.068824
vt 0.900340 0.064401
vt 0.863939 0.040079
vt 0.833386 0.048688
vt 0.861242 0.038637
vt 0.820796 0.021884
vt 0.792510 0.036289
vt 0.817870 0.020996
vt 0.774932 0.012456
vt 0.750000 0.032102
vt 0.771890 0.012156
vt 0.728110 0.012156
vt 0.361242 0.038638
vt 0.402703 0.066341
vt 0.418181 0.081819
vt 0.402545 0.097455
vt 0.369854 0.070626
vt 0.707490 0.036289
vt 0.725068 0.012456
vt 0.682130 0.020996
vt 0.666614 0.048688
vt 0.679204 0.021884
vt 0.638758 0.038637
vt 0.628942 0.068824
vt 0.636061 0.040079
vt 0.599660 0.064401
vt 0.317870 0.020996
vt 0.341019 0.030261
vt 0.332557 0.050690
vt 0.595923 0.095923
vt 0.597297 0.066341
vt 0.566341 0.097297
vt 0.568824 0.128942
vt 0.564401 0.099660
vt 0.540079 0.136061
vt 0.271890 0.012156
vt 0.296401 0.016726
vt 0.292087 0.038413
vt 0.250000 0.034268
vt 0.228110 0.012156
vt 0.548688 0.166614
vt 0.538638 0.138758
vt 0.521884 0.179204
vt 0.138758 0.038637
vt 0.182130 0.020996
vt 0.207913 0.038413
vt 0.167443 0.050690
vt 0.536289 0.207490
vt 0.520996 0.182130
vt 0.512456 0.225068
vt 0.097297 0.066341
vt 0.130146 0.070626
vt 0.097455 0.097455
vt 0.064401 0.099660
vt 0.066341 0.097297
vt 0.532102 0.250000
vt 0.512156 0.228110
vt 0.512156 0.271890
vt 0.040079 0.136061
vt 0.052240 0.117861
vt 0.070626 0.130146
vt 0.050690 0.167443
vt 0.332557 0.449310
vt 0.465732 0.250000
vt 0.461587 0.207913
vt 0.402545 0.402545
vt 0.792510 0.463711
vt 0.750000 0.467898
vt 0.833386 0.451312
vt 0.871058 0.431176
vt 0.904077 0.404077
vt 0.931176 0.371058
vt 0.951312 0.333386
vt 0.963711 0.292510
vt 0.967898 0.250000
vt 0.963711 0.207490
vt 0.329140 0.522912
vt 0.329140 0.977088
vt 0.297890 0.977088
vt 0.297890 0.522912
vt 0.327110 0.522912
vt 0.545860 0.977088
vt 0.545860 0.522912
vt 0.547890 0.522912
vt 0.485390 0.977088
vt 0.485390 0.522912
vt 0.514610 0.522912
vt 0.514610 0.977088
vt 0.266640 0.522912
vt 0.266640 0.977088
vt 0.264610 0.522912
vt 0.097455 0.402545
vt 0.360390 0.522912
vt 0.360390 0.977088
vt 0.358360 0.977088
vt 0.358360 0.522912
vt 0.295860 0.522912
vt 0.454140 0.522912
vt 0.454140 0.977088
vt 0.452110 0.522912
vt 0.483360 0.522912
vt 0.516640 0.522912
vt 0.536289 0.292510
vt 0.548688 0.333386
vt 0.568824 0.371058
vt 0.595923 0.404077
vt 0.628942 0.431176
vt 0.666614 0.451312
vt 0.707490 0.463711
vt 0.457404 0.878799
vt 0.457404 0.929241
vt 0.426053 0.930178
vt 0.426053 0.879735
vt 0.943405 0.358547
vt 0.949292 0.358534
vt 0.949292 0.409167
vt 0.943307 0.409181
vt 0.838361 0.951183
vt 0.831611 0.951157
vt 0.831611 0.884119
vt 0.838361 0.884145
vt 0.913666 0.242830
vt 0.913666 0.310129
vt 0.904119 0.310131
vt 0.904119 0.242832
vt 0.948314 0.779717
vt 0.943646 0.779735
vt 0.943646 0.570564
vt 0.948314 0.570546
vt 0.875000 0.750000
vt 0.912148 0.436034
vt 0.914148 0.436027
vt 0.914148 0.675328
vt 0.912148 0.675336
vt 0.838361 0.884119
vt 0.833910 0.884119
vt 0.833910 0.645002
vt 0.838361 0.645001
vt 0.964962 0.421795
vt 0.961521 0.421820
vt 0.961521 0.364670
vt 0.964962 0.364645
vt 0.892918 -0.000000
vt 0.931553 0.000134
vt 0.931553 0.057051
vt 0.892918 0.056917
vt 0.950000 1.000000
vt 0.950000 0.500000
vt 0.900000 1.000000
vt 0.900000 0.500000
vt 0.850000 1.000000
vt 0.850000 0.500000
vt 0.800000 1.000000
vt 0.800000 0.500000
vt 0.750000 1.000000
vt 0.750000 0.500000
vt 0.700000 1.000000
vt 0.700000 0.500000
vt 0.650000 1.000000
vt 0.650000 0.500000
vt 0.600000 1.000000
vt 0.600000 0.500000
vt 0.526221 0.958450
vt 0.522128 0.958450
vt 0.522121 0.945706
vt 0.526214 0.945707
vt 0.522121 0.931860
vt 0.526214 0.931861
vt 0.522128 0.918266
vt 0.526221 0.918267
vt 0.450000 0.500000
vt 0.450000 1.000000
vt 0.400000 1.000000
vt 0.400000 0.500000
vt 0.350000 1.000000
vt 0.350000 0.500000
vt 0.300000 1.000000
vt 0.300000 0.500000
vt 0.250000 1.000000
vt 0.250000 0.500000
vt 0.200000 1.000000
vt 0.200000 0.500000
vt 0.150000 1.000000
vt 0.150000 0.500000
vt 0.100000 1.000000
vt 0.100000 0.500000
vt 0.398915 0.141807
vt 0.425060 0.193120
vt 0.050000 1.000000
vt 0.050000 0.500000
vt -0.000000 1.000000
vt -0.000000 0.500000
vt 0.824164 0.478254
vt 0.891068 0.444164
vt 0.944164 0.391068
vt 0.978254 0.324164
vt 0.978254 0.175836
vt 0.944164 0.108932
vt 0.891068 0.055836
vt 0.824164 0.021746
vt 0.675836 0.021746
vt 0.608932 0.055836
vt 0.555836 0.108932
vt 0.521746 0.175836
vt 0.521746 0.324164
vt 0.555836 0.391068
vt 0.608932 0.444164
vt 0.675836 0.478254
vt 0.812765 0.365438
vt 0.806514 0.374082
vt 0.803228 0.384239
vt 0.803228 0.394915
vt 0.793027 0.396550
vt 0.793027 0.382630
vt 0.797311 0.369386
vt 0.805462 0.358115
vt 0.816680 0.349919
vt 0.829868 0.345602
vt 0.843734 0.345585
vt 0.856922 0.349871
vt 0.868140 0.358039
vt 0.876290 0.369290
vt 0.880575 0.382523
vt 0.880575 0.396443
vt 0.876290 0.409687
vt 0.868140 0.420958
vt 0.856922 0.429154
vt 0.843734 0.433471
vt 0.842118 0.423232
vt 0.852233 0.419921
vt 0.860836 0.413635
vt 0.867087 0.404991
vt 0.870374 0.394834
vt 0.870374 0.384158
vt 0.867087 0.374009
vt 0.860837 0.365379
vt 0.852233 0.359115
vt 0.842118 0.355828
vt 0.831484 0.355841
vt 0.821369 0.359152
vt 0.831483 0.423245
vt 0.829868 0.433488
vt 0.816680 0.429202
vt 0.805462 0.421034
vt 0.797311 0.409783
vt 0.806514 0.405065
vt 0.812765 0.413694
vt 0.821369 0.419958
vt 0.285381 0.358890
vt 0.250000 0.364494
vt 0.065931 0.250000
vt 0.074940 0.193120
vt 0.358193 0.101085
vt 0.306880 0.425060
vt 0.250000 0.434069
vt 0.074940 0.306880
vt 0.306880 0.074940
vt 0.358193 0.398915
vt 0.101085 0.358193
vt 0.250000 0.065931
vt 0.398915 0.358193
vt 0.141807 0.398915
vt 0.193120 0.074940
vt 0.425060 0.306880
vt 0.193120 0.425060
vt 0.141807 0.101085
vt 0.434069 0.250000
vt 0.101085 0.141807
vt 0.337162 0.451786
vt 0.337162 0.461245
vt 0.335204 0.461260
vt 0.335204 0.451802
vt 0.317298 0.342628
vt 0.910921 0.943256
vt 0.910037 0.930815
vt 0.913150 0.943099
vt 0.342627 0.317298
vt 0.358890 0.285381
vt 0.364494 0.250000
vt 0.358890 0.214619
vt 0.342628 0.182702
vt 0.317298 0.157372
vt 0.285381 0.141110
vt 0.250000 0.135506
vt 0.157372 0.182702
vt 0.214619 0.141110
vt 0.182702 0.157372
vt 0.141110 0.214619
vt 0.135506 0.250000
vt 0.141110 0.285381
vt 0.157372 0.317298
vt 0.182702 0.342627
vt 0.214619 0.358890
vt 0.250000 0.191530
vt 0.268068 0.194392
vt 0.231932 0.194392
vt 0.215632 0.202697
vt 0.202697 0.215632
vt 0.194392 0.231932
vt 0.191530 0.250000
vt 0.194392 0.268068
vt 0.202697 0.284367
vt 0.215632 0.297303
vt 0.231932 0.305608
vt 0.250000 0.308469
vt 0.268068 0.305608
vt 0.284368 0.297303
vt 0.297303 0.284368
vt 0.305608 0.268068
vt 0.308470 0.250000
vt 0.305608 0.231932
vt 0.297303 0.215632
vt 0.284368 0.202697
vt 0.628329 0.939626
vt 0.628329 0.929200
vt 0.630563 0.929199
vt 0.630563 0.939625
vt 0.379190 0.813797
vt 0.378286 0.800913
vt 0.381419 0.788462
vt 0.381419 0.813640
vt 0.212520 0.277231
vt 0.205939 0.264316
vt 0.264316 0.205939
vt 0.250000 0.203672
vt 0.212520 0.222769
vt 0.205939 0.235684
vt 0.203672 0.250000
vt 0.222769 0.287480
vt 0.235684 0.294061
vt 0.250000 0.296328
vt 0.264316 0.294061
vt 0.277231 0.287480
vt 0.287480 0.277231
vt 0.294061 0.264316
vt 0.296328 0.250000
vt 0.294061 0.235684
vt 0.287480 0.222769
vt 0.277231 0.212520
vt 0.222769 0.212520
vt 0.235684 0.205939
vt 1.000000 0.905647
vt 0.950000 0.905647
vt 0.900000 0.905647
vt 0.300000 0.885298
vt 0.200000 0.885298
vt 0.400000 0.905647
vt 0.350000 0.905647
vt 0.300000 0.905647
vt 0.600000 0.905647
vt 0.550000 0.905647
vt 0.550000 1.000000
vt 0.500000 0.905646
vt 0.500000 1.000000
vt 0.450000 0.905647
vt 0.200000 0.905647
vt 0.150000 0.905647
vt 0.100000 0.905647
vt 0.800000 0.905647
vt 0.700000 0.905647
vt 0.850000 0.885298
vt 0.900000 0.885298
vt 0.800000 0.885298
vt 0.324164 0.478254
vt 0.391068 0.444164
vt 0.478254 0.324164
vt 0.478254 0.175836
vt 0.391068 0.055836
vt 0.324164 0.021746
vt 0.250000 0.010000
vt 0.175836 0.021746
vt 0.108931 0.055836
vt 0.021746 0.175836
vt 0.021746 0.324164
vt 0.108932 0.444164
vt 0.175836 0.478254
vt 0.250000 0.490000
vt 0.050000 0.905647
vt -0.000000 0.905647
vt 0.750000 0.490000
vt 0.675836 0.478254
vt 0.608932 0.444164
vt 0.521746 0.324164
vt 0.521746 0.175836
vt 0.608931 0.055836
vt 0.675836 0.021746
vt 0.750000 0.010000
vt 0.824164 0.021746
vt 0.891068 0.055836
vt 0.978254 0.324164
vt 0.891068 0.444164
vt 0.824164 0.478254
vt 0.050000 0.885298
vt -0.000000 0.885298
vt 0.100000 0.885298
vt 0.150000 0.885298
vt 0.700000 0.885298
vt 0.350000 0.885298
vt 0.400000 0.885298
vt 0.450000 0.885298
vt 0.500000 0.885297
vt 0.550000 0.885298
vt 0.600000 0.885298
vt 0.650000 0.885298
vt 0.650000 0.905647
vt 0.850000 0.905647
vt 0.950000 0.885298
vt 1.000000 0.885298
vt 0.550000 0.500000
vt 0.500000 0.500000
vt 0.311686 0.454097
vt 0.311448 0.453094
vt 0.310614 0.451786
vt 0.309586 0.451786
vt 0.308756 0.453094
vt 0.308521 0.454097
vt 0.308441 0.455209
vt 0.308524 0.456322
vt 0.308762 0.457325
vt 0.309596 0.458632
vt 0.310624 0.458632
vt 0.311454 0.457325
vt 0.311689 0.456322
vt 0.311769 0.455209
vt 0.349826 0.457926
vt 0.350915 0.457921
vt 0.350915 0.451786
vt 0.349826 0.451791
vt 0.348389 0.451809
vt 0.348389 0.457944
vt 0.348955 0.457933
vt 0.714647 0.644783
vt 0.714647 0.638673
vt 0.713619 0.638672
vt 0.713619 0.644782
vt 0.830722 0.945669
vt 0.831418 0.945699
vt 0.831418 0.925068
vt 0.830283 0.925002
vt 0.830283 0.945633
vt 0.372621 0.876678
vt 0.372153 0.876687
vt 0.372153 0.897396
vt 0.373340 0.897381
vt 0.373340 0.876672
vt 0.484999 0.000000
vt 0.484999 0.250000
vt 0.401325 0.451786
vt 0.402353 0.434128
vt 0.421696 0.434151
vt 0.419381 0.451750
vt 0.406709 -0.000000
vt 0.426053 0.000019
vt 0.719723 0.002838
vt 0.761054 -0.000000
vt 0.761054 0.433189
vt 0.719723 0.436027
vt 0.216220 0.500000
vt 0.219981 0.500000
vt 0.219981 0.750000
vt 0.216220 0.750000
vt 0.625000 0.991858
vt 0.484999 0.991858
vt 0.484999 0.365936
vt 0.375000 0.365936
vt 0.783780 0.500000
vt 0.779601 0.002663
vt 0.793027 0.000083
vt 0.793012 0.433303
vt 0.780202 0.433253
vt 0.412564 0.942579
vt 0.419816 0.932213
vt 0.425172 0.935969
vt 0.417919 0.946334
vt 0.484999 0.908780
vt 0.625000 0.912542
vt 0.484999 0.912542
vt 0.797240 0.500000
vt 0.795065 0.500000
vt 0.375000 0.908780
vt 0.212458 0.500000
vt 0.212458 0.750000
vt 0.759064 0.500000
vt 0.762960 0.500000
vt 0.762960 0.750000
vt 0.759064 0.750000
vt 0.546202 0.489982
vt 0.572242 0.489980
vt 0.572242 0.580577
vt 0.561348 0.635449
vt 0.543282 0.635451
vt 0.543282 0.580580
vt 0.375000 0.341220
vt 0.484999 0.341220
vt 0.721887 0.750000
vt 0.484999 0.846887
vt 0.625000 0.846887
vt 0.625000 0.884064
vt 0.573010 0.000000
vt 0.573010 0.489980
vt 0.426053 0.489881
vt 0.426053 0.483405
vt 0.434393 0.008429
vt 0.434393 0.001889
vt 0.712239 0.500000
vt 0.721887 0.500000
vt 0.712239 0.750000
vt 0.133142 0.500000
vt 0.133142 0.750000
vt 0.625000 0.258142
vt 0.484999 0.258142
vt 0.259643 0.000000
vt 0.260356 0.433247
vt 0.625000 0.908780
vt 0.625000 0.905019
vt 0.375000 0.258142
vt 0.484999 0.337458
vt 0.375000 0.337458
vt 0.412564 0.910534
vt 0.417919 0.914289
vt 0.236235 0.944029
vt 0.236235 0.925055
vt 0.242775 0.925053
vt 0.242775 0.944026
vt 0.375000 0.912542
vt 0.375000 0.991858
vt 0.576339 0.929199
vt 0.576339 0.956886
vt 0.573010 0.962443
vt 0.573010 0.934756
vt 0.949340 0.390462
vt 0.949292 0.371334
vt 0.950844 0.371450
vt 0.950892 0.390579
vt 0.484999 1.000000
vt 0.155542 0.442313
vt 0.156432 0.461845
vt 0.103264 0.459717
vt 0.119044 0.441451
vt 0.815077 0.950236
vt 0.815102 0.919838
vt 0.802257 0.917632
vt 0.802257 0.950411
vt 0.458695 0.922753
vt 0.492943 0.878799
vt 0.457404 0.878799
vt 0.562371 0.946521
vt 0.564046 0.949941
vt 0.553163 0.897595
vt 0.551489 0.894175
vt 0.012799 0.900561
vt 0.012799 0.958551
vt 0.000000 0.954366
vt 0.000137 0.901260
vt 0.719723 0.388903
vt 0.719659 0.293763
vt 0.573010 0.293809
vt 0.573073 0.388949
vt 0.931954 0.008160
vt 0.931553 -0.000000
vt 0.944770 0.000370
vt 0.944770 0.051868
vt 0.939120 0.043718
vt 0.936305 0.036040
vt 0.934670 0.029504
vt 0.933571 0.022528
vt 0.932670 0.016279
vt 0.942119 0.285823
vt 0.942119 0.226718
vt 0.948635 0.231785
vt 0.954487 0.236149
vt 0.954944 0.286099
vt -0.000000 0.036994
vt 0.051988 0.000000
vt 0.074862 0.018557
vt 0.032383 0.061392
vt 0.958245 0.120393
vt 0.945497 0.124895
vt 0.945497 0.059388
vt 0.958259 0.057051
vt 0.375000 0.884064
vt 0.237040 0.500000
vt 0.237040 0.750000
vt 0.079219 0.061696
vt 0.107417 0.013614
vt 0.113622 0.058633
vt 0.719516 0.078249
vt 0.577044 0.078374
vt 0.122388 0.153009
vt 0.087985 0.156071
vt 0.027155 0.365665
vt 0.107781 0.369189
vt 0.146398 0.366342
vt 0.155623 0.442305
vt 0.375000 0.037715
vt 0.625000 0.037715
vt 0.700109 0.922695
vt 0.642694 0.923399
vt 0.642694 0.858916
vt 0.700109 0.858212
vt 0.375000 0.712285
vt 0.625000 0.712285
vt 0.161530 0.874376
vt 0.096247 0.874633
vt 0.096247 0.783966
vt 0.161530 0.783709
vt 0.344307 0.880626
vt 0.344307 0.938272
vt 0.339953 0.942221
vt 0.339953 0.876679
vt 0.364767 0.938266
vt 0.364767 0.880620
vt 0.365990 0.876672
vt 0.365990 0.942214
vt 0.417713 0.260566
vt 0.582287 0.260566
vt 0.582287 0.489434
vt 0.417713 0.489434
vt 0.160440 0.874635
vt 0.180901 0.874633
vt 0.180901 0.939319
vt 0.154389 0.939322
vt 0.944076 0.548612
vt 0.944076 0.568453
vt 0.947803 0.568449
vt 0.947803 0.548607
vt 0.242775 0.925056
vt 0.242775 0.956496
vt 0.246517 0.956493
vt 0.246517 0.925053
vt 0.051964 0.900589
vt 0.032121 0.900561
vt 0.032121 0.929725
vt 0.051964 0.929753
vt 0.943307 0.358534
vt 0.943307 0.288069
vt 0.956845 0.288113
vt 0.956757 0.358441
vt 0.096247 0.874633
vt 0.096247 0.906442
vt 0.153846 0.906663
vt 0.153846 0.874854
vt 0.954247 0.655337
vt 0.948668 0.655337
vt 0.948710 0.684689
vt 0.954290 0.684689
vt 0.948761 0.704197
vt 0.954341 0.704197
vt 0.204935 0.750000
vt 0.202760 0.750000
vt 0.793027 0.169137
vt 0.794804 0.198019
vt 0.838757 0.195670
vt 0.838763 0.162912
vt 0.801069 0.221579
vt 0.838751 0.220759
vt 0.801392 0.253354
vt 0.838746 0.252387
vt 0.875000 0.712285
vt 0.821779 0.147789
vt 0.785552 0.880795
vt 0.770981 0.881095
vt 0.765230 0.881095
vt 0.772190 0.938144
vt 0.785594 0.910301
vt 0.154389 0.937835
vt 0.097524 0.937283
vt 0.838810 0.893531
vt 0.838810 0.956016
vt 0.852349 0.956015
vt 0.852350 0.924243
vt 0.195078 0.096488
vt 0.140019 0.089355
vt 0.241486 0.746865
vt 0.197909 0.747045
vt 0.181057 0.664478
vt 0.308616 0.663951
vt 0.197917 0.851220
vt 0.181057 0.874711
vt 0.226088 0.851166
vt 0.251224 0.874681
vt 0.308612 0.724606
vt 0.308610 0.749684
vt 0.308613 0.781300
vt 0.308616 0.874184
vt 0.241493 0.851084
vt 0.308611 0.691861
vt 0.203413 0.133828
vt 0.358396 0.246364
vt 0.408760 0.199768
vt 0.892244 0.947060
vt 0.892244 0.892123
vt 0.909999 0.895517
vt 0.909999 0.943240
vt 0.426053 0.910373
vt 0.378518 0.910534
vt 0.378518 0.815744
vt 0.426053 0.815584
vt 0.892260 0.797413
vt 0.910011 0.797187
vt 0.910011 0.891901
vt 0.892244 0.892123
vt 0.700109 0.858212
vt 0.717853 0.859514
vt 0.717870 0.947494
vt 0.700109 0.946189
vt 0.953558 0.704296
vt 0.953558 0.802490
vt 0.950557 0.802444
vt 0.950557 0.704250
vt 0.948314 0.802390
vt 0.948314 0.704196
vt 0.911508 0.797109
vt 0.911508 0.699028
vt 0.913370 0.699107
vt 0.913370 0.797187
vt 0.571668 0.836454
vt 0.571668 0.934538
vt 0.565867 0.934781
vt 0.565884 0.836700
vt 0.748585 0.884763
vt 0.750341 0.880795
vt 0.756303 0.884445
vt 0.758216 0.885725
vt 0.760018 0.887857
vt 0.761640 0.890759
vt 0.763020 0.894320
vt 0.764103 0.898403
vt 0.764850 0.902850
vt 0.765230 0.907492
vt 0.765230 0.912149
vt 0.764850 0.916643
vt 0.764103 0.920801
vt 0.763019 0.924463
vt 0.761640 0.927489
vt 0.760018 0.929761
vt 0.758216 0.931194
vt 0.752587 0.935686
vt 0.750498 0.931511
vt 0.748585 0.930232
vt 0.746783 0.928100
vt 0.745161 0.925198
vt 0.743781 0.921637
vt 0.742697 0.917554
vt 0.741951 0.913107
vt 0.741570 0.908465
vt 0.741570 0.903808
vt 0.741951 0.899314
vt 0.742697 0.895156
vt 0.743781 0.891494
vt 0.745161 0.888468
vt 0.746783 0.886195
vt 0.180121 0.862276
vt 0.180121 0.826135
vt 0.180972 0.826112
vt 0.180972 0.862253
vt 0.515099 0.918306
vt 0.515099 0.954475
vt 0.513912 0.954449
vt 0.513912 0.918280
vt 0.512189 0.954435
vt 0.512189 0.918266
vt 0.510193 0.954436
vt 0.510193 0.918266
vt 0.508227 0.954450
vt 0.508227 0.918281
vt 0.506590 0.954477
vt 0.506590 0.918308
vt 0.871111 0.336832
vt 0.870296 0.337298
vt 0.869415 0.336976
vt 0.868600 0.335915
vt 0.867977 0.334276
vt 0.867640 0.332308
vt 0.867640 0.330312
vt 0.867977 0.328591
vt 0.868601 0.327407
vt 0.869415 0.326940
vt 0.870296 0.327262
vt 0.871111 0.328323
vt 0.871734 0.329963
vt 0.872071 0.331930
vt 0.872071 0.333927
vt 0.871734 0.335648
vt 0.296756 0.921743
vt 0.296756 0.957926
vt 0.295613 0.957904
vt 0.295613 0.921721
vt 0.179269 0.862253
vt 0.179269 0.826112
vt 0.919706 0.419706
vt 0.971731 0.158156
vt 0.919706 0.080294
vt 0.750000 0.010000
vt 0.580294 0.080294
vt 0.528269 0.158156
vt 0.510000 0.250000
vt 0.580294 0.419706
vt 0.658156 0.471731
vt 0.025742 0.149969
vt 0.255642 0.000000
vt 0.259643 0.045409
vt 0.940349 0.548611
vt 0.940349 0.568453
vt 0.944076 0.568449
vt 0.944076 0.548607
vt 0.487850 0.922756
vt 0.487850 0.954195
vt 0.491592 0.954192
vt 0.491592 0.922753
vt 0.398361 0.910562
vt 0.378518 0.910534
vt 0.378518 0.939698
vt 0.398361 0.939726
vt 0.024719 0.342467
vt 0.104144 0.334766
vt 0.719723 0.000000
vt 0.579211 0.002239
vt 0.471731 0.158156
vt 0.449553 0.116663
vt 0.838763 0.134991
vt 0.398361 0.946111
vt 0.398361 0.911110
vt 0.404108 0.910932
vt 0.412564 0.910534
vt 0.405242 0.945899
vt 0.803804 0.345585
vt 0.838725 0.345303
vt 0.955197 0.570546
vt 0.948314 0.570686
vt 0.056980 0.950388
vt 0.054910 0.959949
vt 0.051964 0.961152
vt 0.053896 0.951768
vt 0.057937 0.942551
vt 0.054809 0.944024
vt 0.059195 0.934035
vt 0.056030 0.935595
vt 0.058534 0.924311
vt 0.055361 0.925972
vt 0.057511 0.912848
vt 0.054342 0.914572
vt 0.055348 0.900561
vt 0.051964 0.901574
vt 0.308616 0.856981
vt 0.308616 0.788462
vt 0.346124 0.799007
vt 0.371959 0.876616
vt 0.365087 0.875368
vt 0.356601 0.870502
vt 0.349421 0.867218
vt 0.341685 0.863443
vt 0.332217 0.861130
vt 0.320981 0.858637
vt 0.839724 0.809271
vt 0.839724 0.878106
vt 0.838361 0.878057
vt 0.838361 0.809222
vt 0.094385 0.911806
vt 0.093325 0.919621
vt 0.091946 0.920507
vt 0.093006 0.912692
vt 0.622037 0.929199
vt 0.621717 0.937573
vt 0.620665 0.938036
vt 0.620985 0.929662
vt 0.092850 0.929254
vt 0.091471 0.930139
vt 0.621825 0.943986
vt 0.620773 0.944449
vt 0.347530 0.799064
vt 0.373365 0.876672
vt 0.094385 0.940974
vt 0.093006 0.941860
vt 0.622037 0.951136
vt 0.620985 0.951599
vt 0.624081 0.929199
vt 0.624082 0.935542
vt 0.622038 0.936332
vt 0.622037 0.930175
vt 0.624082 0.942607
vt 0.622037 0.943219
vt 0.948809 0.872269
vt 0.948335 0.934439
vt 0.941807 0.932208
vt 0.934508 0.929709
vt 0.934508 0.865001
vt 0.628329 0.929517
vt 0.627968 0.936596
vt 0.626791 0.936933
vt 0.626710 0.929199
vt 0.627394 0.944623
vt 0.626710 0.945693
vt 0.912148 0.496755
vt 0.892741 0.495603
vt 0.892388 0.454954
vt 0.911717 0.455061
vt 0.181057 0.826112
vt 0.161750 0.824706
vt 0.161750 0.812116
vt 0.181008 0.812867
vt 0.892244 0.436027
vt 0.911560 0.437147
vt 0.911785 0.636932
vt 0.892244 0.636144
vt 0.180979 0.808439
vt 0.161770 0.807681
vt 0.162389 0.665683
vt 0.180049 0.666678
vt 0.910793 0.779053
vt 0.892254 0.778468
vt 0.892592 0.636932
vt 0.911508 0.637832
vt 0.377076 0.651097
vt 0.364396 0.651335
vt 0.362611 0.511299
vt 0.381639 0.512615
vt 0.911508 0.797187
vt 0.892560 0.796108
vt 0.892244 0.782889
vt 0.910771 0.783464
vt 0.953558 0.835752
vt 0.953558 0.704197
vt 0.955103 0.704599
vt 0.955103 0.836154
vt 0.717781 0.481771
vt 0.717805 0.513365
vt 0.717784 0.538427
vt 0.717790 0.571150
vt 0.717788 0.599043
vt 0.711486 0.599060
vt 0.711495 0.571168
vt 0.711489 0.538445
vt 0.711511 0.513382
vt 0.711486 0.481788
vt 0.711650 0.388966
vt 0.717760 0.388949
vt 0.484999 0.344981
vt 0.484999 0.362040
vt 0.375000 0.362040
vt 0.375000 0.344981
vt 0.204935 0.500000
vt 0.625000 0.341220
vt 0.625000 0.344981
vt 0.484999 0.327760
vt 0.625000 0.327760
vt 0.625000 0.329935
vt 0.484999 0.329935
vt 0.625000 0.337458
vt 0.625000 0.362040
vt 0.625000 0.365936
vt 0.362611 0.469672
vt 0.362931 0.451786
vt 0.381870 0.453108
vt 0.383147 0.471248
vt 0.375000 0.329935
vt 0.787542 0.500000
vt 0.329070 0.458237
vt 0.329070 0.451786
vt 0.331539 0.453829
vt 0.331539 0.460280
vt 0.780019 0.500000
vt 0.949340 0.358534
vt 0.950892 0.358650
vt 0.797240 0.750000
vt 0.795065 0.750000
vt 0.933785 0.553572
vt 0.933834 0.411573
vt 0.940349 0.411522
vt 0.940300 0.553521
vt 0.563483 0.836454
vt 0.565152 0.695922
vt 0.571668 0.695906
vt 0.569999 0.836437
vt 0.562206 0.654599
vt 0.562220 0.635451
vt 0.571668 0.636327
vt 0.571654 0.655255
vt 0.930898 0.570160
vt 0.930846 0.557350
vt 0.940298 0.557956
vt 0.940349 0.570546
vt 0.625000 0.887960
vt 0.780019 0.750000
vt 0.719358 0.637495
vt 0.719358 0.779429
vt 0.717805 0.779321
vt 0.717805 0.637388
vt 0.376483 0.651535
vt 0.376483 0.662028
vt 0.374553 0.661828
vt 0.374553 0.651335
vt 0.094576 0.948829
vt 0.094576 0.808415
vt 0.096121 0.808599
vt 0.096121 0.949013
vt 0.625000 0.920065
vt 0.625000 0.922240
vt 0.360703 0.452952
vt 0.360703 0.459493
vt 0.359152 0.458327
vt 0.359152 0.451786
vt 0.866858 0.500000
vt 0.958711 0.283597
vt 0.958711 0.134991
vt 0.961175 0.135059
vt 0.961175 0.283665
vt 0.000905 0.854377
vt 0.055902 0.831904
vt 0.055721 0.808492
vt -0.000000 0.808415
vt 0.942119 0.180928
vt 0.942119 0.226718
vt 0.954940 0.226707
vt 0.954949 0.181219
vt 0.942119 0.134991
vt 0.954959 0.135585
vt 0.001812 0.900488
vt 0.056972 0.900561
vt 0.059826 0.808415
vt 0.060006 0.831826
vt 0.551489 0.953413
vt 0.553163 0.956833
vt 0.008793 0.399096
vt 0.027323 0.367469
vt 0.119211 0.443254
vt 0.103431 0.461521
vt 0.930846 0.663039
vt 0.930846 0.570546
vt 0.943641 0.574746
vt 0.943646 0.663920
vt 0.948259 0.780076
vt 0.948259 0.803198
vt 0.946900 0.804407
vt 0.946900 0.781285
vt 0.008625 0.397292
vt 0.741570 0.880795
vt 0.741570 0.940767
vt 0.719723 0.940773
vt 0.719723 0.880801
vt 0.990000 1.000000
vt 0.990000 0.500000
vt 0.980000 1.000000
vt 0.980000 0.500000
vt 0.970000 1.000000
vt 0.970000 0.500000
vt 0.960000 1.000000
vt 0.960000 0.500000
vt 0.950000 1.000000
vt 0.950000 0.500000
vt 0.940000 1.000000
vt 0.940000 0.500000
vt 0.930000 1.000000
vt 0.930000 0.500000
vt 0.920000 1.000000
vt 0.920000 0.500000
vt 0.910000 1.000000
vt 0.910000 0.500000
vt 0.900000 1.000000
vt 0.900000 0.500000
vt 0.890000 1.000000
vt 0.890000 0.500000
vt 0.880000 1.000000
vt 0.880000 0.500000
vt 0.870000 1.000000
vt 0.870000 0.500000
vt 0.860000 1.000000
vt 0.860000 0.500000
vt 0.850000 1.000000
vt 0.850000 0.500000
vt 0.840000 1.000000
vt 0.840000 0.500000
vt 0.830000 1.000000
vt 0.830000 0.500000
vt 0.820000 1.000000
vt 0.820000 0.500000
vt 0.810000 1.000000
vt 0.810000 0.500000
vt 0.800000 1.000000
vt 0.800000 0.500000
vt 0.790000 1.000000
vt 0.790000 0.500000
vt 0.780000 1.000000
vt 0.780000 0.500000
vt 0.770000 1.000000
vt 0.770000 0.500000
vt 0.760000 1.000000
vt 0.760000 0.500000
vt 0.750000 1.000000
vt 0.750000 0.500000
vt 0.740000 1.000000
vt 0.740000 0.500000
vt 0.730000 1.000000
vt 0.730000 0.500000
vt 0.720000 1.000000
vt 0.720000 0.500000
vt 0.710000 1.000000
vt 0.710000 0.500000
vt 0.700000 1.000000
vt 0.700000 0.500000
vt 0.690000 1.000000
vt 0.690000 0.500000
vt 0.680000 1.000000
vt 0.680000 0.500000
vt 0.670000 1.000000
vt 0.670000 0.500000
vt 0.660000 1.000000
vt 0.660000 0.500000
vt 0.650000 1.000000
vt 0.650000 0.500000
vt 0.640000 1.000000
vt 0.640000 0.500000
vt 0.630000 1.000000
vt 0.630000 0.500000
vt 0.930847 0.189346
vt 0.927121 0.674751
vt 0.926202 0.674731
vt 0.929928 0.189327
vt 0.925342 0.674712
vt 0.929067 0.189308
vt 0.924543 0.674693
vt 0.928269 0.189288
vt 0.923809 0.674673
vt 0.927535 0.189269
vt 0.923144 0.674653
vt 0.926869 0.189249
vt 0.922548 0.674633
vt 0.926274 0.189229
vt 0.922026 0.674613
vt 0.925751 0.189209
vt 0.914918 0.752152
vt 0.914918 0.267294
vt 0.915437 0.267319
vt 0.915437 0.752177
vt 0.915966 0.267340
vt 0.915966 0.752198
vt 0.916504 0.267356
vt 0.916504 0.752214
vt 0.917048 0.267368
vt 0.917048 0.752226
vt 0.917597 0.267375
vt 0.917597 0.752233
vt 0.918147 0.267377
vt 0.918147 0.752235
vt 0.918697 0.267375
vt 0.918697 0.752232
vt 0.919245 0.267368
vt 0.919245 0.752225
vt 0.919789 0.267356
vt 0.919789 0.752214
vt 0.920326 0.267340
vt 0.920326 0.752197
vt 0.920854 0.267319
vt 0.920854 0.752177
vt 0.921371 0.267294
vt 0.921371 0.752151
vt 0.888575 0.490387
vt 0.892244 0.975608
vt 0.891689 0.975593
vt 0.888020 0.490372
vt 0.891063 0.975579
vt 0.887394 0.490358
vt 0.890368 0.975567
vt 0.886699 0.490346
vt 0.889606 0.975556
vt 0.885937 0.490335
vt 0.888781 0.975547
vt 0.885113 0.490326
vt 0.887896 0.975540
vt 0.884228 0.490319
vt 0.886955 0.975534
vt 0.883286 0.490313
vt 0.885961 0.975530
vt 0.882292 0.490309
vt 0.884917 0.975527
vt 0.881249 0.490306
vt 0.883829 0.975526
vt 0.880161 0.490305
vt 0.882701 0.975527
vt 0.879032 0.490306
vt 0.881536 0.975530
vt 0.877867 0.490309
vt 0.880340 0.975534
vt 0.876671 0.490313
vt 0.879117 0.975540
vt 0.875448 0.490319
vt 0.877872 0.975548
vt 0.874204 0.490327
vt 0.876611 0.975557
vt 0.872942 0.490336
vt 0.875337 0.975568
vt 0.871668 0.490347
vt 0.874056 0.975580
vt 0.870387 0.490359
vt 0.872773 0.975594
vt 0.869104 0.490373
vt 0.871494 0.975610
vt 0.867825 0.490389
vt 0.870222 0.975626
vt 0.866553 0.490405
vt 0.868964 0.975644
vt 0.865295 0.490423
vt 0.867724 0.975663
vt 0.864055 0.490442
vt 0.866507 0.975684
vt 0.862838 0.490463
vt 0.865317 0.975705
vt 0.861648 0.490484
vt 0.864161 0.975728
vt 0.860492 0.490507
vt 0.863041 0.975751
vt 0.859372 0.490530
vt 0.861963 0.975775
vt 0.858294 0.490554
vt 0.860931 0.975800
vt 0.857262 0.490579
vt 0.859948 0.975826
vt 0.856279 0.490605
vt 0.140001 0.500000
vt 0.140001 1.000000
vt 0.130001 1.000000
vt 0.130001 0.500000
vt 0.120001 1.000000
vt 0.120001 0.500000
vt 0.110001 1.000000
vt 0.110001 0.500000
vt 0.100001 1.000000
vt 0.100001 0.500000
vt 0.090001 1.000000
vt 0.090001 0.500000
vt 0.080001 1.000000
vt 0.080001 0.500000
vt 0.070001 1.000000
vt 0.070001 0.500000
vt 0.060001 1.000000
vt 0.060001 0.500000
vt 0.050001 1.000000
vt 0.050001 0.500000
vt 0.040001 1.000000
vt 0.040001 0.500000
vt 0.030001 1.000000
vt 0.030001 0.500000
vt 0.020001 1.000000
vt 0.020001 0.500000
vt 0.010001 1.000000
vt 0.010001 0.500000
vt 0.000001 1.000000
vt 0.000001 0.500000
vt 0.250001 1.000000
vt 0.260001 1.000000
vt 0.889574 0.984969
vt 0.889023 0.984957
vt 0.926455 0.684021
vt 0.925810 0.684004
vt 0.240001 1.000000
vt 0.888412 0.984946
vt 0.925224 0.683986
vt 0.230001 1.000000
vt 0.887742 0.984936
vt 0.924701 0.683969
vt 0.220001 1.000000
vt 0.887017 0.984928
vt 0.560000 1.000000
vt 0.570000 1.000000
vt 0.210001 1.000000
vt 0.380001 1.000000
vt 0.390001 1.000000
vt 0.915303 0.257837
vt 0.915759 0.257859
vt 0.200001 1.000000
vt 0.370001 1.000000
vt 0.916225 0.257877
vt 0.190001 1.000000
vt 0.885411 0.984917
vt 0.884536 0.984913
vt 0.916698 0.257891
vt 0.180001 1.000000
vt 0.883619 0.984911
vt 0.917176 0.257902
vt 0.170001 1.000000
vt 0.882662 0.984910
vt 0.917659 0.257908
vt 0.160001 1.000000
vt 0.881670 0.984911
vt 0.918143 0.257910
vt 0.150001 1.000000
vt 0.880645 0.984913
vt 0.490000 1.000000
vt 0.500000 1.000000
vt 0.879593 0.984917
vt 0.918627 0.257908
vt 0.919109 0.257901
vt 0.300001 1.000000
vt 0.310001 1.000000
vt 0.919587 0.257891
vt 0.878518 0.984922
vt 0.877423 0.984929
vt 0.920059 0.257877
vt 0.280001 1.000000
vt 0.290001 1.000000
vt 0.920523 0.257858
vt 0.620000 1.000000
vt 0.270001 1.000000
vt 0.920978 0.257836
vt 0.927914 0.684056
vt 0.927158 0.684039
vt 0.890062 0.984982
vt 0.600000 1.000000
vt 0.610000 1.000000
vt 0.105979 0.170824
vt 0.111235 0.161937
vt 0.634729 0.929209
vt 0.635799 0.929199
vt 0.635799 0.944218
vt 0.634729 0.944228
vt 0.872071 0.326954
vt 0.873019 0.326940
vt 0.873019 0.341958
vt 0.872071 0.341972
vt 0.590000 1.000000
vt 0.925695 0.699027
vt 0.925109 0.699010
vt 0.924586 0.698992
vt 0.924241 0.683951
vt 0.924126 0.698975
vt 0.550000 1.000000
vt 0.540000 1.000000
vt 0.916225 0.242870
vt 0.916698 0.242885
vt 0.917177 0.242895
vt 0.510000 1.000000
vt 0.520000 1.000000
vt 0.917659 0.242901
vt 0.918143 0.242903
vt 0.918627 0.242901
vt 0.919109 0.242895
vt 0.470001 1.000000
vt 0.480000 1.000000
vt 0.919587 0.242884
vt 0.920059 0.242870
vt 0.920523 0.242852
vt 0.920978 0.242830
vt 0.890175 1.000000
vt 0.889688 0.999987
vt 0.889137 0.999975
vt 0.888526 0.999964
vt 0.887856 0.999954
vt 0.887131 0.999946
vt 0.886239 0.984922
vt 0.886352 0.999940
vt 0.885524 0.999934
vt 0.884650 0.999931
vt 0.883732 0.999929
vt 0.340001 1.000000
vt 0.350001 1.000000
vt 0.882776 0.999928
vt 0.881783 0.999929
vt 0.880759 0.999931
vt 0.879707 0.999935
vt 0.878632 0.999940
vt 0.877537 0.999947
vt 0.632490 0.929200
vt 0.633610 0.929199
vt 0.633610 0.944218
vt 0.632490 0.944219
vt 0.838596 0.878109
vt 0.839724 0.878106
vt 0.839724 0.893124
vt 0.838596 0.893128
vt 0.633610 0.929206
vt 0.634729 0.929199
vt 0.634729 0.944218
vt 0.633610 0.944224
vt 0.165135 0.867494
vt 0.165467 0.867469
vt 0.165629 0.873147
vt 0.165145 0.873183
vt 0.260320 0.414025
vt 0.270598 0.413054
vt 0.280080 0.488108
vt 0.265070 0.489526
vt 0.280796 0.411438
vt 0.294972 0.485749
vt 0.169427 0.867611
vt 0.169764 0.867469
vt 0.169919 0.873012
vt 0.169427 0.873219
vt 0.290872 0.409186
vt 0.300787 0.406306
vt 0.324164 0.478254
vt 0.309686 0.482460
vt 0.870574 0.337777
vt 0.870920 0.337561
vt 0.871079 0.342926
vt 0.870574 0.343242
vt 0.871264 0.337298
vt 0.871581 0.342543
vt 0.319977 0.398708
vt 0.329176 0.394021
vt 0.365621 0.460314
vt 0.352187 0.467158
vt 0.711486 0.639658
vt 0.711854 0.639340
vt 0.712024 0.644319
vt 0.711486 0.644783
vt 0.712222 0.638979
vt 0.712560 0.643792
vt 0.712586 0.638577
vt 0.713093 0.643205
vt 0.712946 0.638136
vt 0.713619 0.642560
vt 0.362505 0.369806
vt 0.369806 0.362505
vt 0.424952 0.414291
vt 0.414291 0.424952
vt 0.716736 0.640497
vt 0.717178 0.640060
vt 0.717381 0.644144
vt 0.716736 0.644783
vt 0.376634 0.354760
vt 0.382962 0.346602
vt 0.444164 0.391068
vt 0.434923 0.402982
vt 0.353673 0.454593
vt 0.353639 0.455260
vt 0.350932 0.452760
vt 0.350982 0.451786
vt 0.353627 0.455948
vt 0.350915 0.453765
vt 0.353639 0.456654
vt 0.350932 0.454797
vt 0.353673 0.457377
vt 0.350982 0.455852
vt 0.402808 0.310501
vt 0.406306 0.300787
vt 0.478254 0.324164
vt 0.473146 0.338350
vt 0.409186 0.290872
vt 0.482460 0.309686
vt 0.316012 0.456799
vt 0.316757 0.456652
vt 0.316413 0.459257
vt 0.315324 0.459471
vt 0.317506 0.456483
vt 0.317506 0.459010
vt 0.413054 0.270599
vt 0.414025 0.260320
vt 0.489526 0.265070
vt 0.488108 0.280080
vt 0.302048 0.457209
vt 0.302823 0.457209
vt 0.302846 0.459649
vt 0.301714 0.459649
vt 0.414349 0.250000
vt 0.414025 0.239680
vt 0.489526 0.234930
vt 0.490000 0.250000
vt 0.413054 0.229401
vt 0.488108 0.219920
vt 0.322300 0.456483
vt 0.323050 0.456647
vt 0.323395 0.459243
vt 0.322300 0.459005
vt 0.323797 0.456788
vt 0.324485 0.459449
vt 0.409186 0.209128
vt 0.406306 0.199213
vt 0.478254 0.175836
vt 0.482460 0.190314
vt 0.402809 0.189499
vt 0.473146 0.161650
vt 0.345446 0.456107
vt 0.345989 0.456585
vt 0.345738 0.459844
vt 0.344945 0.459145
vt 0.346534 0.457035
vt 0.346534 0.460501
vt 0.394021 0.170824
vt 0.388765 0.161937
vt 0.452639 0.121402
vt 0.460314 0.134379
vt 0.325551 0.456480
vt 0.326038 0.456935
vt 0.326038 0.460806
vt 0.325326 0.460140
vt 0.382962 0.153398
vt 0.376634 0.145240
vt 0.434923 0.097018
vt 0.444164 0.108932
vt 0.354389 0.451786
vt 0.354772 0.452275
vt 0.354233 0.456508
vt 0.353673 0.455794
vt 0.355160 0.452728
vt 0.354799 0.457169
vt 0.355551 0.453142
vt 0.355370 0.457774
vt 0.355943 0.453517
vt 0.355943 0.458322
vt 0.346602 0.117038
vt 0.338063 0.111235
vt 0.378598 0.047361
vt 0.391068 0.055836
vt 0.167554 0.867469
vt 0.167923 0.867787
vt 0.167923 0.872892
vt 0.167384 0.872428
vt 0.329176 0.105979
vt 0.319977 0.101292
vt 0.352187 0.032842
vt 0.365621 0.039686
vt 0.310501 0.097192
vt 0.338350 0.026854
vt 0.168586 0.867469
vt 0.168931 0.867685
vt 0.168931 0.873129
vt 0.168426 0.872814
vt 0.300787 0.093694
vt 0.290872 0.090814
vt 0.309686 0.017540
vt 0.324164 0.021746
vt 0.170074 0.867469
vt 0.170410 0.867611
vt 0.170410 0.873198
vt 0.169919 0.872991
vt 0.280796 0.088561
vt 0.270598 0.086946
vt 0.280080 0.011892
vt 0.294972 0.014251
vt 0.163689 0.867469
vt 0.164023 0.867523
vt 0.164176 0.873181
vt 0.163689 0.873102
vt 0.164355 0.867529
vt 0.164661 0.873189
vt 0.250000 0.085650
vt 0.239680 0.085975
vt 0.234930 0.010474
vt 0.250000 0.010000
vt 0.163689 0.873128
vt 0.163357 0.873193
vt 0.163204 0.867564
vt 0.163689 0.867469
vt 0.163027 0.873306
vt 0.162722 0.867729
vt 0.219204 0.088561
vt 0.209128 0.090814
vt 0.190314 0.017540
vt 0.205028 0.014251
vt 0.169427 0.872991
vt 0.169088 0.873172
vt 0.168931 0.867733
vt 0.169427 0.867469
vt 0.199213 0.093694
vt 0.189499 0.097192
vt 0.161650 0.026854
vt 0.175836 0.021746
vt 0.180023 0.101292
vt 0.147813 0.032842
vt 0.716736 0.644165
vt 0.716378 0.644452
vt 0.716213 0.639356
vt 0.716736 0.638936
vt 0.716021 0.644783
vt 0.715691 0.639839
vt 0.161937 0.111235
vt 0.153398 0.117038
vt 0.108932 0.055836
vt 0.121402 0.047361
vt 0.167384 0.872266
vt 0.166994 0.872643
vt 0.166814 0.868019
vt 0.167384 0.867469
vt 0.145240 0.123366
vt 0.137495 0.130194
vt 0.085709 0.075048
vt 0.097018 0.065077
vt 0.166244 0.871916
vt 0.165823 0.872338
vt 0.165629 0.868085
vt 0.166244 0.867469
vt 0.130194 0.137495
vt 0.123366 0.145240
vt 0.065077 0.097018
vt 0.075048 0.085709
vt 0.327493 0.460540
vt 0.327032 0.460991
vt 0.326820 0.457139
vt 0.327493 0.456480
vt 0.326573 0.461475
vt 0.326149 0.457846
vt 0.039686 0.134379
vt 0.047361 0.121402
vt 0.101292 0.180023
vt 0.032842 0.147813
vt 0.325326 0.459732
vt 0.324750 0.460169
vt 0.324485 0.457119
vt 0.325326 0.456480
vt 0.097192 0.189499
vt 0.093694 0.199213
vt 0.021746 0.175836
vt 0.026854 0.161650
vt 0.090814 0.209128
vt 0.017540 0.190314
vt 0.333485 0.459915
vt 0.332799 0.460241
vt 0.332483 0.457662
vt 0.333485 0.457186
vt 0.088561 0.219204
vt 0.086946 0.229402
vt 0.011892 0.219920
vt 0.014251 0.205028
vt 0.085975 0.239680
vt 0.010474 0.234930
vt 0.301401 0.459626
vt 0.300626 0.459626
vt 0.300583 0.457209
vt 0.301714 0.457209
vt 0.085650 0.250000
vt 0.085975 0.260320
vt 0.010474 0.265070
vt 0.322142 0.459143
vt 0.321375 0.459057
vt 0.321021 0.456577
vt 0.322142 0.456702
vt 0.320610 0.458993
vt 0.319905 0.456483
vt 0.088561 0.280796
vt 0.090814 0.290872
vt 0.017540 0.309686
vt 0.014251 0.294972
vt 0.332185 0.460465
vt 0.331539 0.460085
vt 0.331539 0.457186
vt 0.332483 0.457741
vt 0.093694 0.300787
vt 0.097192 0.310501
vt 0.026854 0.338350
vt 0.021746 0.324164
vt 0.328573 0.460886
vt 0.328034 0.460403
vt 0.328283 0.457144
vt 0.329070 0.457849
vt 0.327493 0.459948
vt 0.327493 0.456480
vt 0.105979 0.329176
vt 0.111235 0.338063
vt 0.047361 0.378598
vt 0.039686 0.365621
vt 0.356560 0.461048
vt 0.356076 0.460588
vt 0.356076 0.456711
vt 0.356783 0.457382
vt 0.117038 0.346602
vt 0.123366 0.354761
vt 0.065077 0.402982
vt 0.055836 0.391068
vt 0.130194 0.362505
vt 0.075048 0.414291
vt 0.717929 0.855171
vt 0.717508 0.854748
vt 0.717508 0.850281
vt 0.718122 0.850898
vt 0.137495 0.369806
vt 0.145240 0.376634
vt 0.097018 0.434923
vt 0.085709 0.424952
vt 0.166634 0.872664
vt 0.166244 0.872287
vt 0.166244 0.867469
vt 0.166814 0.868020
vt 0.153398 0.382962
vt 0.161937 0.388765
vt 0.121402 0.452639
vt 0.108932 0.444164
vt 0.715362 0.644783
vt 0.715005 0.644452
vt 0.715170 0.639334
vt 0.715691 0.639818
vt 0.714647 0.644164
vt 0.714647 0.638915
vt 0.180023 0.398708
vt 0.189499 0.402809
vt 0.161650 0.473146
vt 0.147813 0.467158
vt 0.168268 0.873149
vt 0.167923 0.872931
vt 0.167923 0.867469
vt 0.168426 0.867787
vt 0.199213 0.406306
vt 0.209128 0.409186
vt 0.190314 0.482460
vt 0.175836 0.478254
vt 0.162416 0.873378
vt 0.162084 0.873226
vt 0.162237 0.867621
vt 0.162722 0.867843
vt 0.161750 0.873121
vt 0.161750 0.867469
vt 0.229401 0.413054
vt 0.239680 0.414025
vt 0.234930 0.489526
vt 0.219920 0.488108
vt 0.164804 0.867469
vt 0.164661 0.873147
vt 0.250000 0.414350
vt 0.219204 0.411439
vt 0.170824 0.394021
vt 0.101292 0.319977
vt 0.086946 0.270598
vt 0.117038 0.153398
vt 0.170824 0.105979
vt 0.229402 0.086946
vt 0.260320 0.085975
vt 0.354760 0.123366
vt 0.362505 0.130194
vt 0.369806 0.137495
vt 0.398708 0.180023
vt 0.411439 0.219204
vt 0.411439 0.280796
vt 0.398708 0.319977
vt 0.394021 0.329176
vt 0.388765 0.338063
vt 0.354760 0.376634
vt 0.346602 0.382962
vt 0.338063 0.388765
vt 0.310501 0.402809
vt 0.844920 0.893517
vt 0.844265 0.893512
vt 0.844265 0.645083
vt 0.844921 0.645089
vt 0.845600 0.893522
vt 0.845600 0.645093
vt 0.846301 0.893525
vt 0.846302 0.645097
vt 0.847022 0.893528
vt 0.847022 0.645100
vt 0.847758 0.893530
vt 0.847758 0.645102
vt 0.848508 0.893531
vt 0.848508 0.645103
vt 0.849268 0.893531
vt 0.849268 0.645103
vt 0.850035 0.893531
vt 0.850035 0.645103
vt 0.850806 0.893529
vt 0.850806 0.645101
vt 0.851579 0.893527
vt 0.851579 0.645098
vt 0.852349 0.893523
vt 0.852350 0.645095
vt 0.718563 0.637383
vt 0.717806 0.637388
vt 0.717806 0.388960
vt 0.718563 0.388955
vt 0.719310 0.637377
vt 0.719310 0.388949
vt 0.964386 0.358348
vt 0.963985 0.358339
vt 0.963985 0.109817
vt 0.964386 0.109825
vt 0.964745 0.358357
vt 0.964745 0.109835
vt 0.958452 0.570568
vt 0.958771 0.570581
vt 0.958771 0.818816
vt 0.958452 0.818803
vt 0.958128 0.570558
vt 0.958128 0.818793
vt 0.957800 0.570551
vt 0.957800 0.818786
vt 0.957470 0.570547
vt 0.957470 0.818782
vt 0.957139 0.570546
vt 0.957139 0.818781
vt 0.956807 0.570547
vt 0.956807 0.818782
vt 0.956477 0.570551
vt 0.956477 0.818787
vt 0.956150 0.570558
vt 0.956150 0.818794
vt 0.955827 0.570568
vt 0.955827 0.818803
vt 0.955508 0.570581
vt 0.955508 0.818816
vt 0.955197 0.570596
vt 0.955197 0.818831
vt 0.840188 0.893441
vt 0.839854 0.893429
vt 0.839854 0.645001
vt 0.840188 0.645013
vt 0.840565 0.893452
vt 0.840565 0.645024
vt 0.840983 0.893463
vt 0.840983 0.645035
vt 0.841442 0.893473
vt 0.841442 0.645044
vt 0.841938 0.893482
vt 0.841938 0.645054
vt 0.842471 0.893491
vt 0.842471 0.645062
vt 0.843038 0.893498
vt 0.843038 0.645070
vt 0.843637 0.893505
vt 0.843637 0.645077
vt 0.874987 0.479480
vt 0.876482 0.479471
vt 0.920770 0.763184
vt 0.920125 0.763204
vt 0.636581 0.940694
vt 0.635799 0.940480
vt 0.635799 0.929199
vt 0.636738 0.929457
vt 0.873472 0.479491
vt 0.921404 0.763159
vt 0.927040 0.178577
vt 0.928144 0.178600
vt 0.871943 0.479504
vt 0.922025 0.763129
vt 0.926007 0.178554
vt 0.870405 0.479519
vt 0.891578 0.479535
vt 0.892244 0.479553
vt 0.610000 0.500000
vt 0.600000 0.500000
vt 0.425936 0.922101
vt 0.425351 0.921927
vt 0.425351 0.910534
vt 0.426053 0.910744
vt 0.868864 0.479536
vt 0.890826 0.479518
vt 0.590000 0.500000
vt 0.250001 0.500000
vt 0.240001 0.500000
vt 0.889991 0.479503
vt 0.923368 0.178483
vt 0.924167 0.178507
vt 0.230001 0.500000
vt 0.889077 0.479491
vt 0.922653 0.178459
vt 0.864290 0.479596
vt 0.865801 0.479574
vt 0.888086 0.479480
vt 0.570000 0.500000
vt 0.560000 0.500000
vt 0.862801 0.479619
vt 0.887024 0.479471
vt 0.914900 0.763160
vt 0.914277 0.763129
vt 0.861340 0.479644
vt 0.885893 0.479463
vt 0.550000 0.500000
vt 0.540000 0.500000
vt 0.200001 0.500000
vt 0.190001 0.500000
vt 0.884699 0.479459
vt 0.916181 0.763204
vt 0.915535 0.763185
vt 0.858523 0.479696
vt 0.859912 0.479669
vt 0.883447 0.479455
vt 0.916835 0.763218
vt 0.857178 0.479724
vt 0.350001 0.500000
vt 0.340001 0.500000
vt 0.917493 0.763226
vt 0.170001 0.500000
vt 0.160001 0.500000
vt 0.880785 0.479456
vt 0.882140 0.479455
vt 0.918154 0.763229
vt 0.854644 0.479783
vt 0.855884 0.479753
vt 0.879386 0.479459
vt 0.918815 0.763226
vt 0.180360 0.873441
vt 0.179269 0.873212
vt 0.179269 0.862276
vt 0.180579 0.862551
vt 0.853465 0.479814
vt 0.320001 0.500000
vt 0.310001 0.500000
vt 0.919473 0.763218
vt 0.855351 0.490631
vt 0.852350 0.479845
vt 0.877950 0.479464
vt 0.765070 0.489526
vt 0.780080 0.488108
vt 0.794972 0.485749
vt 0.809686 0.482460
vt 0.838350 0.473146
vt 0.852187 0.467158
vt 0.865621 0.460314
vt 0.878598 0.452639
vt 0.902982 0.434923
vt 0.914291 0.424952
vt 0.924952 0.414291
vt 0.934923 0.402982
vt 0.952639 0.378598
vt 0.960314 0.365621
vt 0.967158 0.352187
vt 0.973146 0.338350
vt 0.978254 0.324164
vt 0.982460 0.309686
vt 0.985749 0.294972
vt 0.988108 0.280080
vt 0.989526 0.265070
vt 0.990000 0.250000
vt 0.989526 0.234930
vt 0.988108 0.219920
vt 0.985749 0.205028
vt 0.982460 0.190314
vt 0.978254 0.175836
vt 0.973146 0.161650
vt 0.967158 0.147813
vt 0.960314 0.134379
vt 0.952639 0.121402
vt 0.944164 0.108932
vt 0.934923 0.097018
vt 0.924952 0.085709
vt 0.914291 0.075048
vt 0.902982 0.065077
vt 0.891068 0.055836
vt 0.878598 0.047361
vt 0.865621 0.039686
vt 0.852187 0.032842
vt 0.838350 0.026854
vt 0.824164 0.021746
vt 0.809686 0.017540
vt 0.794972 0.014251
vt 0.780080 0.011892
vt 0.765070 0.010474
vt 0.734930 0.010474
vt 0.719920 0.011892
vt 0.705028 0.014251
vt 0.690314 0.017540
vt 0.661650 0.026854
vt 0.647813 0.032842
vt 0.634379 0.039686
vt 0.621402 0.047361
vt 0.608932 0.055836
vt 0.597018 0.065077
vt 0.585709 0.075048
vt 0.575048 0.085709
vt 0.565077 0.097018
vt 0.555836 0.108932
vt 0.547361 0.121402
vt 0.539686 0.134379
vt 0.532842 0.147813
vt 0.526854 0.161650
vt 0.521746 0.175836
vt 0.517540 0.190314
vt 0.514251 0.205028
vt 0.511892 0.219920
vt 0.510474 0.234930
vt 0.510474 0.265070
vt 0.511892 0.280080
vt 0.514251 0.294972
vt 0.517540 0.309686
vt 0.526854 0.338350
vt 0.532842 0.352187
vt 0.539686 0.365621
vt 0.547361 0.378598
vt 0.555836 0.391068
vt 0.565077 0.402982
vt 0.575048 0.414291
vt 0.585709 0.424952
vt 0.597018 0.434923
vt 0.608932 0.444164
vt 0.621402 0.452639
vt 0.634379 0.460314
vt 0.647813 0.467158
vt 0.661650 0.473146
vt 0.675836 0.478254
vt 0.690314 0.482460
vt 0.705028 0.485749
vt 0.719920 0.488108
vt 0.734930 0.489526
vt 0.620000 0.500000
vt 0.925048 0.178531
vt 0.924501 0.135063
vt 0.925382 0.135086
vt 0.923701 0.135039
vt 0.922986 0.135015
vt 0.922026 0.178435
vt 0.922359 0.134991
vt 0.914900 0.806555
vt 0.914277 0.806525
vt 0.915535 0.806580
vt 0.916181 0.806599
vt 0.916835 0.806613
vt 0.917493 0.806622
vt 0.918154 0.806624
vt 0.918815 0.806621
vt 0.919473 0.806613
vt 0.920125 0.806599
vt 0.920770 0.806579
vt 0.921404 0.806554
vt 0.922025 0.806524
vt 0.891249 0.436107
vt 0.891915 0.436125
vt 0.890498 0.436090
vt 0.889663 0.436076
vt 0.888748 0.436063
vt 0.887758 0.436052
vt 0.886695 0.436043
vt 0.885565 0.436036
vt 0.884371 0.436031
vt 0.883118 0.436028
vt 0.881812 0.436027
vt 0.880457 0.436028
vt 0.879058 0.436031
vt 0.877622 0.436036
vt 0.876154 0.436043
vt 0.874659 0.436052
vt 0.873144 0.436064
vt 0.871614 0.436077
vt 0.270001 0.500000
vt 0.260001 0.500000
vt 0.220001 0.500000
vt 0.210001 0.500000
vt 0.180001 0.500000
vt 0.150001 0.500000
vt 0.717404 0.601224
vt 0.711486 0.599060
vt 0.711486 0.635404
vt 0.717404 0.637568
vt 0.492943 0.918266
vt 0.498556 0.918070
vt 0.498556 0.878889
vt 0.492943 0.879085
vt 0.512381 0.917980
vt 0.512381 0.878799
vt 0.526320 0.918049
vt 0.526320 0.878868
vt 0.750000 0.072761
vt 0.624673 0.124673
vt 0.875327 0.375327
vt 0.750000 0.427239
vt 0.068423 0.940074
vt 0.068428 0.945188
vt 0.074362 0.939460
vt 0.072805 0.935845
vt 0.064031 0.935845
vt 0.062482 0.939460
vt 0.062203 0.925633
vt 0.060006 0.925633
vt 0.064009 0.915422
vt 0.062452 0.911806
vt 0.572761 0.250000
vt 0.580294 0.080294
vt 0.624673 0.375327
vt 0.580294 0.419706
vt 0.927239 0.250000
vt 0.875327 0.124673
vt 0.375000 0.125000
vt 0.625000 0.125000
vt 0.375000 0.416667
vt 0.625000 0.416667
vt 0.624082 0.934311
vt 0.626710 0.934311
vt 0.626710 0.939422
vt 0.624082 0.939423
vt 0.282160 0.944283
vt 0.284788 0.944282
vt 0.284788 0.955563
vt 0.282160 0.955563
vt 0.291667 0.625000
vt 0.375000 0.625000
vt 0.291667 0.750000
vt 0.376780 0.662645
vt 0.376780 0.651355
vt 0.381871 0.651336
vt 0.381871 0.662625
vt 0.251608 0.936362
vt 0.251608 0.925073
vt 0.256700 0.925053
vt 0.256700 0.936343
vt 0.708333 0.625000
vt 0.708333 0.500000
vt 0.708333 0.625000
vt 0.125000 0.625000
vt 0.208333 0.625000
vt 0.208333 0.750000
vt 0.282160 0.921721
vt 0.284788 0.921721
vt 0.284788 0.933002
vt 0.282160 0.933002
vt 0.625000 0.333333
vt 0.375000 0.333333
vt 0.791667 0.625000
vt 0.791667 0.750000
vt 0.708333 0.750000
vt 0.625000 0.916667
vt 0.625000 0.833333
vt 0.625000 0.416667
vt 0.286967 0.933001
vt 0.286017 0.944282
vt 0.708333 0.750000
vt 0.791667 0.500000
vt 0.208333 0.500000
vt 0.291667 0.500000
vt 0.246517 0.936382
vt 0.246517 0.925092
vt 0.875000 0.625000
vt 0.624082 0.929200
vt 0.626710 0.929199
vt 0.361931 0.642314
vt 0.361588 0.642332
vt 0.361588 0.661279
vt 0.361931 0.661260
vt 0.361249 0.642388
vt 0.361249 0.661335
vt 0.360921 0.642481
vt 0.360921 0.661427
vt 0.901216 0.131480
vt 0.901551 0.131470
vt 0.901551 0.111045
vt 0.901216 0.111055
vt 0.901974 0.131460
vt 0.901974 0.111035
vt 0.902481 0.131451
vt 0.902481 0.111026
vt 0.903061 0.131443
vt 0.903061 0.111018
vt 0.903707 0.131436
vt 0.903707 0.111011
vt 0.904407 0.131430
vt 0.904407 0.111005
vt 0.905151 0.131426
vt 0.905151 0.111000
vt 0.905928 0.131422
vt 0.905928 0.110997
vt 0.906724 0.131420
vt 0.906724 0.110995
vt 0.907528 0.131420
vt 0.907528 0.110994
vt 0.908326 0.131420
vt 0.908326 0.110995
vt 0.909106 0.131423
vt 0.909106 0.110997
vt 0.717414 0.850276
vt 0.718122 0.850281
vt 0.718122 0.829856
vt 0.717414 0.829851
vt 0.580000 0.500000
vt 0.580000 1.000000
vt 0.520000 0.500000
vt 0.500000 0.500000
vt 0.480000 0.500000
vt 0.480000 1.000000
vt 0.460000 0.500000
vt 0.460000 1.000000
vt 0.440000 0.500000
vt 0.440000 1.000000
vt 0.420000 0.500000
vt 0.420000 1.000000
vt 0.400000 0.500000
vt 0.400000 1.000000
vt 0.380000 0.500000
vt 0.380000 1.000000
vt 0.360000 0.500000
vt 0.360000 1.000000
vt 0.340000 0.500000
vt 0.340000 1.000000
vt 0.320000 0.500000
vt 0.320000 1.000000
vt 0.300000 0.500000
vt 0.300000 1.000000
vt 0.280000 0.500000
vt 0.280000 1.000000
vt 0.260000 0.500000
vt 0.260000 1.000000
vt 0.240000 0.500000
vt 0.240000 1.000000
vt 0.220000 0.500000
vt 0.220000 1.000000
vt 0.200000 0.500000
vt 0.200000 1.000000
vt 0.180000 0.500000
vt 0.180000 1.000000
vt 0.160000 0.500000
vt 0.160000 1.000000
vt 0.140000 0.500000
vt 0.140000 1.000000
vt 0.120000 0.500000
vt 0.120000 1.000000
vt 0.360435 0.662744
vt 0.360921 0.662731
vt 0.360921 0.642314
vt 0.360435 0.642327
vt 0.100000 0.500000
vt 0.080000 0.500000
vt 0.080000 1.000000
vt 0.100000 1.000000
vt 0.572682 0.650151
vt 0.572995 0.650137
vt 0.572995 0.629719
vt 0.572682 0.629734
vt 0.060000 0.500000
vt 0.040000 0.500000
vt 0.040000 1.000000
vt 0.060000 1.000000
vt 0.338350 0.473146
vt 0.391068 0.444164
vt 0.452639 0.378598
vt 0.467158 0.352187
vt 0.485749 0.294972
vt 0.485749 0.205028
vt 0.467158 0.147813
vt 0.414291 0.075048
vt 0.219920 0.011892
vt 0.134379 0.039686
vt 0.032842 0.352187
vt 0.134379 0.460314
vt 0.362611 0.642390
vt 0.362274 0.642333
vt 0.362274 0.661280
vt 0.362611 0.661337
vt 0.708657 0.411021
vt 0.729164 0.414933
vt 0.770836 0.414933
vt 0.750000 0.416244
vt 0.791343 0.411021
vt 0.811198 0.404570
vt 0.351167 0.459421
vt 0.351279 0.457661
vt 0.350915 0.457377
vt 0.350915 0.459224
vt 0.847716 0.384494
vt 0.830088 0.395680
vt 0.863802 0.371187
vt 0.878093 0.355968
vt 0.890364 0.339078
vt 0.299824 0.458814
vt 0.299987 0.457697
vt 0.299457 0.457209
vt 0.299457 0.458476
vt 0.908107 0.301372
vt 0.900422 0.320783
vt 0.913299 0.281151
vt 0.915916 0.260439
vt 0.915915 0.239561
vt 0.351828 0.458249
vt 0.352071 0.457377
vt 0.351279 0.457450
vt 0.351279 0.458299
vt 0.908107 0.198628
vt 0.913299 0.218849
vt 0.900422 0.179217
vt 0.890364 0.160922
vt 0.878093 0.144032
vt 0.863802 0.128814
vt 0.847716 0.115506
vt 0.298628 0.458973
vt 0.298628 0.457209
vt 0.298247 0.457559
vt 0.298364 0.459216
vt 0.811198 0.095430
vt 0.830089 0.104319
vt 0.791343 0.088979
vt 0.770836 0.085067
vt 0.750000 0.083756
vt 0.729164 0.085067
vt 0.708657 0.088979
vt 0.688802 0.095430
vt 0.669911 0.104320
vt 0.297983 0.457209
vt 0.297865 0.458864
vt 0.298247 0.459215
vt 0.298247 0.457452
vt 0.636198 0.128814
vt 0.652284 0.115506
vt 0.621907 0.144032
vt 0.609636 0.160922
vt 0.599578 0.179217
vt 0.300170 0.457209
vt 0.299987 0.458195
vt 0.300583 0.458659
vt 0.300583 0.457530
vt 0.586701 0.218849
vt 0.591893 0.198628
vt 0.584084 0.239561
vt 0.584084 0.260439
vt 0.586701 0.281151
vt 0.298942 0.457373
vt 0.298714 0.458351
vt 0.299457 0.458114
vt 0.299457 0.457209
vt 0.599578 0.320783
vt 0.591893 0.301372
vt 0.609636 0.339078
vt 0.621907 0.355968
vt 0.636198 0.371187
vt 0.297461 0.457491
vt 0.297461 0.459152
vt 0.297865 0.458744
vt 0.297741 0.457209
vt 0.669911 0.395681
vt 0.652284 0.384494
vt 0.688802 0.404570
vt 0.352071 0.457468
vt 0.352071 0.459414
vt 0.352416 0.459283
vt 0.352310 0.457377
vt 0.949588 0.567503
vt 0.949588 0.535893
vt 0.949091 0.535890
vt 0.949091 0.567500
vt 0.307898 0.906044
vt 0.307898 0.935377
vt 0.308136 0.935390
vt 0.308136 0.906057
vt 0.912512 0.341742
vt 0.912512 0.310132
vt 0.911959 0.310133
vt 0.911959 0.341743
vt 0.308374 0.935377
vt 0.308374 0.906044
vt 0.914214 0.274440
vt 0.914214 0.242830
vt 0.913666 0.242833
vt 0.913666 0.274444
vt 0.365990 0.902928
vt 0.365991 0.934515
vt 0.366224 0.934508
vt 0.366224 0.902922
vt 0.360632 0.522745
vt 0.360632 0.491122
vt 0.360400 0.491129
vt 0.360400 0.522752
vt 0.366451 0.934498
vt 0.366451 0.902912
vt 0.572995 0.629707
vt 0.572995 0.598085
vt 0.572644 0.598091
vt 0.572644 0.629713
vt 0.572242 0.598096
vt 0.572242 0.629719
vt 0.360703 0.491122
vt 0.360703 0.459499
vt 0.360400 0.459493
vt 0.360400 0.491116
vt 0.950838 0.567519
vt 0.950838 0.535909
vt 0.950468 0.535902
vt 0.950468 0.567513
vt 0.950049 0.535897
vt 0.950049 0.567508
vt 0.360400 0.522752
vt 0.360400 0.554338
vt 0.360627 0.554348
vt 0.360627 0.522762
vt 0.914182 0.306066
vt 0.914182 0.274444
vt 0.913667 0.274447
vt 0.913667 0.306069
vt 0.308441 0.451786
vt 0.308441 0.461411
vt 0.305643 0.461411
vt 0.305643 0.451786
vt 0.547320 0.000000
vt 0.547320 0.250000
vt 0.317432 0.500000
vt 0.317432 0.750000
vt 0.547320 0.500000
vt 0.547320 0.750000
vt 0.184761 0.500000
vt 0.184761 0.750000
vt 0.844644 0.500000
vt 0.844644 0.750000
vt 0.654891 0.750000
vt 0.654891 0.500000
vt 0.608337 0.941496
vt 0.607537 0.940037
vt 0.607525 0.930748
vt 0.608321 0.929258
vt 0.610092 0.929199
vt 0.610107 0.929962
vt 0.608376 0.930149
vt 0.607944 0.931119
vt 0.607960 0.939848
vt 0.608320 0.940539
vt 0.610092 0.940526
vt 0.610107 0.941438
vt 0.547320 0.841049
vt 0.547320 0.911560
vt 0.547320 0.338440
vt 0.547320 0.408951
vt 0.547320 0.911560
vt 0.458247 0.807568
vt 0.375000 0.807568
vt 0.625000 0.779891
vt 0.625000 0.969644
vt 0.547320 1.000000
vt 0.375000 0.940239
vt 0.471021 0.940239
vt 0.458247 0.442432
vt 0.375000 0.442432
vt 0.386787 0.856005
vt 0.386787 0.393995
vt 0.341204 0.451794
vt 0.342991 0.451786
vt 0.342991 0.461048
vt 0.341204 0.461056
vt 0.625000 0.280356
vt 0.625000 0.470109
vt 0.547320 0.408951
vt 0.547320 0.309761
vt 0.471021 0.309761
vt 0.375000 0.309761
vt 0.614836 0.939809
vt 0.614852 0.931110
vt 0.614420 0.930144
vt 0.612689 0.929960
vt 0.612705 0.929199
vt 0.614475 0.929257
vt 0.615272 0.930741
vt 0.615260 0.939998
vt 0.614460 0.941453
vt 0.612689 0.941396
vt 0.612705 0.940487
vt 0.614476 0.940498
vt 0.562206 0.836250
vt 0.561428 0.836257
vt 0.561428 0.774696
vt 0.562206 0.774690
vt 0.565867 0.951762
vt 0.564059 0.951755
vt 0.564059 0.890447
vt 0.565867 0.890454
vt 0.572242 0.489984
vt 0.572947 0.489980
vt 0.572947 0.598080
vt 0.572242 0.598085
vt 0.873097 0.135155
vt 0.922026 0.134991
vt 0.922026 0.242666
vt 0.873097 0.242830
vt 0.964962 0.304128
vt 0.965969 0.304127
vt 0.965969 0.421820
vt 0.964962 0.421820
vt 0.572675 0.920543
vt 0.571668 0.920554
vt 0.571668 0.635462
vt 0.572675 0.635451
vt 0.426053 0.775743
vt 0.426053 0.490402
vt 0.543282 0.489980
vt 0.543282 0.775321
vt 0.582907 0.250000
vt 0.582907 0.500000
vt 0.832308 0.699314
vt 0.832308 0.550686
vt 0.667692 0.550686
vt 0.667306 0.550228
vt 0.832694 0.550228
vt 0.839475 0.707823
vt 0.839475 0.707823
vt 0.666890 0.707823
vt 0.666890 0.700267
vt 0.667692 0.699314
vt 0.667098 0.549980
vt 0.625208 0.500247
vt 0.666890 0.700267
vt 0.666890 0.707823
vt 0.631364 0.750000
vt 0.706277 0.550686
vt 0.712114 0.646576
vt 0.787886 0.646576
vt 0.787886 0.603425
vt 0.789936 0.600991
vt 0.789936 0.649009
vt 0.706959 0.652696
vt 0.666890 0.550228
vt 0.667306 0.550228
vt 0.600546 0.951760
vt 0.597305 0.951760
vt 0.597643 0.929199
vt 0.600201 0.929199
vt 0.667692 0.652696
vt 0.828521 0.550686
vt 0.832308 0.550686
vt 0.832308 0.600991
vt 0.828521 0.596495
vt 0.828521 0.550686
vt 0.721407 0.614458
vt 0.778593 0.614458
vt 0.926858 0.133546
vt 0.920125 0.133546
vt 0.920790 0.110994
vt 0.926105 0.110994
vt 0.712114 0.603424
vt 0.721407 0.635542
vt 0.778593 0.635542
vt 0.589654 0.000000
vt 0.625000 0.292306
vt 0.625000 0.457694
vt 0.668803 0.926953
vt 0.668803 0.938075
vt 0.667486 0.940181
vt 0.667486 0.925391
vt 0.661148 0.923399
vt 0.667474 0.925361
vt 0.661148 0.942083
vt 0.601803 0.947628
vt 0.600546 0.932531
vt 0.603514 0.929199
vt 0.603514 0.948231
vt 0.481357 0.922753
vt 0.487658 0.924926
vt 0.487850 0.925373
vt 0.487623 0.944419
vt 0.481357 0.944859
vt 0.625000 0.042177
vt 0.625000 0.199772
vt 0.867640 0.341553
vt 0.853201 0.341553
vt 0.854929 0.326940
vt 0.866474 0.327034
vt 0.789936 0.596495
vt 0.706277 0.596495
vt 0.920125 0.125654
vt 0.909107 0.125654
vt 0.910524 0.110994
vt 0.919334 0.111015
vt 0.339183 0.460564
vt 0.339183 0.451786
vt 0.341143 0.453953
vt 0.341204 0.458158
vt 0.615553 0.938740
vt 0.615272 0.931361
vt 0.617968 0.929199
vt 0.617968 0.940750
vt 0.789936 0.600991
vt 0.630563 0.929199
vt 0.632490 0.929215
vt 0.632490 0.939503
vt 0.630563 0.939488
vt 0.597305 0.951759
vt 0.594064 0.951759
vt 0.594402 0.929199
vt 0.596960 0.929199
vt 0.481357 0.945304
vt 0.474623 0.945304
vt 0.475289 0.922753
vt 0.480603 0.922753
vt 0.607525 0.939516
vt 0.603514 0.939516
vt 0.603514 0.929199
vt 0.607525 0.929200
vt 0.676457 0.926953
vt 0.676457 0.938076
vt 0.675141 0.940181
vt 0.675141 0.925391
vt 0.668803 0.923399
vt 0.675128 0.925361
vt 0.668803 0.942083
vt 0.911533 0.434788
vt 0.910276 0.419691
vt 0.913244 0.416359
vt 0.913244 0.435391
vt 0.654655 0.923399
vt 0.660957 0.925572
vt 0.661148 0.926019
vt 0.660921 0.945065
vt 0.654655 0.945505
vt 0.853201 0.341553
vt 0.838763 0.341553
vt 0.840490 0.326940
vt 0.852036 0.327033
vt 0.910276 0.431019
vt 0.899257 0.431019
vt 0.900674 0.416359
vt 0.909485 0.416380
vt 0.337162 0.460564
vt 0.337162 0.451786
vt 0.339122 0.453953
vt 0.339183 0.458158
vt 0.618250 0.938740
vt 0.617969 0.931361
vt 0.620665 0.929199
vt 0.620665 0.940750
vt 0.063610 0.907975
vt 0.063602 0.812518
vt 0.089889 0.812409
vt 0.089897 0.907866
vt 0.094576 0.911662
vt 0.060006 0.911806
vt 0.094576 0.808415
vt 0.388783 0.501576
vt 0.388783 0.750000
vt 0.625000 0.259847
vt 0.625000 0.490972
vt 0.388783 0.500000
vt 0.388783 0.750000
vt 0.625000 0.032522
vt 0.625000 0.221422
vt 0.532681 0.241422
vt 0.625000 0.241422
vt 0.532681 0.250000
vt 0.854831 0.012047
vt 0.892918 0.011782
vt 0.892918 0.134726
vt 0.854831 0.134991
vt 0.877404 0.280942
vt 0.878951 0.243068
vt 0.893782 0.245034
vt 0.904119 0.282286
vt 0.532681 0.750000
vt 0.532681 1.000000
vt 0.125000 0.534709
vt 0.375000 0.534709
vt 0.625000 0.534709
vt 0.875000 0.534709
vt 0.877404 0.343318
vt 0.904119 0.344662
vt 0.793027 0.000000
vt 0.793027 0.122944
vt 0.375000 0.241422
vt 0.375000 0.215291
vt 0.532681 0.215291
vt 0.873097 0.343101
vt 0.873097 0.280725
vt 0.874162 0.280779
vt 0.874162 0.343154
vt 0.875000 0.508578
vt 0.625000 0.508578
vt 0.375000 0.508578
vt 0.125000 0.508578
vt 0.532681 0.500000
vt 0.532681 0.508578
vt 0.625000 0.215291
vt 0.532681 0.000000
vt 0.877151 0.242830
vt 0.305643 0.451786
vt 0.305643 0.461411
vt 0.302846 0.461411
vt 0.302846 0.451786
vt 0.964256 0.783753
vt 0.964256 0.672154
vt 0.965593 0.672171
vt 0.965593 0.783771
vt 0.961581 0.570546
vt 0.961581 0.682217
vt 0.958771 0.682229
vt 0.958771 0.570557
vt 0.964566 0.672137
vt 0.964566 0.560537
vt 0.965903 0.560555
vt 0.965903 0.672154
vt 0.963880 0.013212
vt 0.963880 0.124883
vt 0.961069 0.124895
vt 0.961069 0.013223
vt 0.953558 0.947753
vt 0.953558 0.836154
vt 0.954895 0.836171
vt 0.954895 0.947771
vt 0.961309 0.818831
vt 0.961309 0.930503
vt 0.958498 0.930514
vt 0.958498 0.818843
vt 0.963985 0.109817
vt 0.963985 0.006178
vt 0.965322 0.006165
vt 0.965322 0.109803
vt 0.961581 0.783753
vt 0.961581 0.672154
vt 0.962919 0.672171
vt 0.962919 0.783771
vt 0.964119 0.818831
vt 0.964119 0.930503
vt 0.961308 0.930514
vt 0.961308 0.818843
vt 0.963229 0.672137
vt 0.963229 0.560537
vt 0.964566 0.560555
vt 0.964566 0.672154
vt 0.961581 0.682229
vt 0.961581 0.793900
vt 0.958771 0.793912
vt 0.958771 0.682240
vt 0.964119 0.930430
vt 0.964119 0.818831
vt 0.965456 0.818848
vt 0.965456 0.930448
vt 0.961069 0.013212
vt 0.961069 0.124884
vt 0.958259 0.124895
vt 0.958259 0.013223
vt 0.964334 0.556562
vt 0.964334 0.444963
vt 0.965671 0.444980
vt 0.965671 0.556579
vt 0.963985 0.246674
vt 0.963985 0.358346
vt 0.961175 0.358357
vt 0.961175 0.246685
vt 0.962918 0.783753
vt 0.962918 0.672154
vt 0.964256 0.672171
vt 0.964256 0.783771
vt 0.963985 0.134991
vt 0.963985 0.246662
vt 0.961175 0.246674
vt 0.961175 0.135002
vt 0.293711 0.451789
vt 0.293711 0.460532
vt 0.289962 0.460529
vt 0.289962 0.451786
vt 0.940349 0.411598
vt 0.949091 0.411522
vt 0.949091 0.548531
vt 0.940349 0.548607
vt 0.958711 0.271452
vt 0.954959 0.271437
vt 0.954959 0.134991
vt 0.958711 0.135005
vt 0.297461 0.451789
vt 0.297461 0.460532
vt 0.293711 0.460529
vt 0.293711 0.451786
vt 0.913283 0.806700
vt 0.922025 0.806624
vt 0.922025 0.943634
vt 0.913283 0.943710
vt 0.953558 0.938952
vt 0.949805 0.938937
vt 0.949805 0.802491
vt 0.953558 0.802505
vt 0.344780 0.451794
vt 0.344780 0.461040
vt 0.342991 0.461033
vt 0.610919 0.941496
vt 0.610119 0.940037
vt 0.610107 0.930748
vt 0.610903 0.929258
vt 0.612674 0.929199
vt 0.612689 0.929962
vt 0.610958 0.930149
vt 0.610526 0.931119
vt 0.610543 0.939848
vt 0.610902 0.940539
vt 0.612674 0.940526
vt 0.612689 0.941438
vt 0.295576 0.939613
vt 0.286967 0.937902
vt 0.286967 0.921721
vt 0.295576 0.923432
vt 0.700008 0.923512
vt 0.700008 0.939222
vt 0.692084 0.939109
vt 0.692084 0.923399
vt 0.466014 0.940645
vt 0.457404 0.938934
vt 0.457404 0.922753
vt 0.466014 0.924464
vt 0.236235 0.925167
vt 0.236235 0.940876
vt 0.228310 0.940763
vt 0.228310 0.925053
vt 0.259643 0.460486
vt 0.259643 0.451786
vt 0.267574 0.451832
vt 0.267574 0.460531
vt 0.474623 0.940645
vt 0.466014 0.938934
vt 0.466014 0.922753
vt 0.474623 0.924464
vt 0.228310 0.925167
vt 0.228310 0.940877
vt 0.220385 0.940763
vt 0.220385 0.925053
vt 0.560600 0.877342
vt 0.561339 0.877339
vt 0.561339 0.889776
vt 0.560600 0.889780
vt 0.802257 0.880817
vt 0.819166 0.880795
vt 0.830283 0.893373
vt 0.830283 0.917596
vt 0.802257 0.917632
vt 0.625000 0.414487
vt 0.525829 0.500000
vt 0.525829 0.750000
vt 0.272515 0.874711
vt 0.272515 0.920543
vt 0.259439 0.921721
vt 0.259439 0.875660
vt 0.296756 0.874804
vt 0.296756 0.920636
vt 0.913370 0.788565
vt 0.914110 0.788561
vt 0.914110 0.800998
vt 0.913370 0.801002
vt 0.339953 0.876672
vt 0.339953 0.931110
vt 0.308616 0.931230
vt 0.308616 0.876792
vt 0.138323 0.725082
vt 0.138323 0.524918
vt 0.308616 0.876382
vt 0.308616 0.904375
vt 0.307898 0.906044
vt 0.307898 0.874711
vt 0.361677 0.725082
vt 0.361677 0.524918
vt 0.021587 0.000000
vt 0.526486 0.896112
vt 0.549205 0.894175
vt 0.551489 0.894175
vt 0.551489 0.929516
vt 0.549205 0.929516
vt 0.526486 0.931566
vt 0.065472 0.077920
vt 0.052678 0.052584
vt 0.184281 0.272422
vt 0.591866 0.250000
vt 0.591866 1.000000
vt 0.676457 0.923399
vt 0.676457 0.940058
vt 0.684267 0.925092
vt 0.372153 0.902912
vt 0.372153 0.876871
vt 0.365990 0.876672
vt 0.365998 0.902803
vt 0.506531 0.944020
vt 0.506590 0.918266
vt 0.492943 0.918393
vt 0.492943 0.944435
vt 0.684267 0.939985
vt 0.692084 0.938308
vt 0.684267 0.923399
vt 0.815162 0.917880
vt 0.815102 0.943628
vt 0.830266 0.943667
vt 0.830266 0.917632
vt 0.967029 0.166089
vt 0.964745 0.166090
vt 0.964745 0.109817
vt 0.967029 0.109817
vt 0.059889 0.900571
vt 0.059889 0.931641
vt 0.059195 0.931631
vt 0.059195 0.900561
vt 0.954817 0.000001
vt 0.957362 0.000000
vt 0.957362 0.054026
vt 0.954817 0.054027
vt 0.892918 0.057051
vt 0.927665 0.057181
vt 0.927665 0.110995
vt 0.892918 0.110865
vt 0.462441 0.210576
vt 0.613677 0.489230
vt 0.183974 0.927861
vt 0.215068 0.927979
vt 0.216425 0.930897
vt 0.181057 0.930762
vt 0.061989 0.050317
vt 0.202570 0.105043
vt 0.217799 0.924754
vt 0.220385 0.926219
vt 0.183974 0.877636
vt 0.181057 0.874711
vt 0.251379 0.874829
vt 0.253557 0.877750
vt 0.257850 0.887525
vt 0.259439 0.899572
vt 0.257622 0.911761
vt 0.254210 0.921828
vt 0.251479 0.925053
vt 0.220385 0.924935
vt 0.220385 0.874711
vt 0.717428 0.829851
vt 0.717428 0.779429
vt 0.718122 0.779429
vt 0.718122 0.829851
vt 0.473019 0.731466
vt 0.591866 0.500000
vt 0.012799 0.900565
vt 0.032121 0.900561
vt 0.032121 0.936460
vt 0.012799 0.936464
vt 0.913244 0.416363
vt 0.913983 0.416359
vt 0.913983 0.434216
vt 0.913244 0.434219
vt 0.857143 0.500000
vt 0.857143 1.000000
vt 0.714286 0.500000
vt 0.714286 1.000000
vt 0.571429 0.500000
vt 0.571429 1.000000
vt 0.428571 0.500000
vt 0.428571 1.000000
vt 0.285714 0.500000
vt 0.285714 1.000000
vt 0.437640 0.399638
vt 0.483983 0.196595
vt 0.354132 0.033767
vt 0.145868 0.033767
vt 0.016017 0.196595
vt 0.062360 0.399638
vt 0.302846 0.457200
vt 0.302846 0.451786
vt 0.297461 0.451795
vt 0.297461 0.457209
vt 0.142857 0.500000
vt 0.000000 0.500000
vt 0.000000 1.000000
vt 0.142857 1.000000
vt 0.364977 0.662395
vt 0.370291 0.663599
vt 0.374553 0.660188
vt 0.374553 0.654730
vt 0.370291 0.651336
vt 0.364977 0.652560
vt 0.362611 0.657482
vt 0.274150 0.455727
vt 0.279535 0.455748
vt 0.279505 0.451807
vt 0.274120 0.461141
vt 0.279505 0.461162
vt 0.335204 0.451786
vt 0.331539 0.451800
vt 0.331539 0.457186
vt 0.335204 0.457172
vt 0.642694 0.926791
vt 0.642694 0.932241
vt 0.646963 0.935643
vt 0.652286 0.934437
vt 0.654655 0.929530
vt 0.652286 0.924618
vt 0.646963 0.923399
vt 0.319905 0.458559
vt 0.317841 0.456487
vt 0.317841 0.458562
vt 0.562360 0.399638
vt 0.516017 0.196595
vt 0.645868 0.033767
vt 0.854132 0.033767
vt 0.983983 0.196595
vt 0.937640 0.399638
vt 0.358847 0.458786
vt 0.358847 0.456711
vt 0.356783 0.456714
vt 0.356783 0.458789
vt 0.335204 0.457186
vt 0.333799 0.457191
vt 0.333799 0.459255
vt 0.335204 0.459250
vt 0.324485 0.453087
vt 0.324485 0.455175
vt 0.326121 0.456480
vt 0.328162 0.456017
vt 0.329070 0.454136
vt 0.328162 0.452253
vt 0.326121 0.451786
vt 0.316231 0.452247
vt 0.315324 0.454128
vt 0.316231 0.456014
vt 0.318270 0.456483
vt 0.319905 0.455184
vt 0.319905 0.453093
vt 0.318270 0.451786
vt 0.320812 0.452247
vt 0.319905 0.454128
vt 0.320812 0.456014
vt 0.322851 0.456483
vt 0.324485 0.455184
vt 0.324485 0.453093
vt 0.322850 0.451786
vt 0.906516 0.337894
vt 0.904119 0.337897
vt 0.904119 0.317927
vt 0.906516 0.317925
vt 0.892918 0.121180
vt 0.893758 0.116954
vt 0.897020 0.118012
vt 0.896429 0.120982
vt 0.893758 0.125413
vt 0.897020 0.123957
vt 0.896149 0.129007
vt 0.898700 0.126483
vt 0.899728 0.131415
vt 0.901216 0.128175
vt 0.896149 0.113377
vt 0.899728 0.110994
vt 0.901216 0.113823
vt 0.898700 0.115498
vt 0.250000 0.469959
vt 0.334175 0.453216
vt 0.405535 0.405535
vt 0.453216 0.334175
vt 0.469959 0.250000
vt 0.453216 0.165825
vt 0.405535 0.094465
vt 0.334175 0.046784
vt 0.250000 0.030041
vt 0.165825 0.046784
vt 0.094465 0.094465
vt 0.046784 0.165825
vt 0.030041 0.250000
vt 0.046784 0.334175
vt 0.094465 0.405535
vt 0.165825 0.453216
vt 0.046784 0.165825
vt 0.909269 0.337894
vt 0.909269 0.317924
vt 0.911959 0.337895
vt 0.911959 0.317925
vt 0.259439 0.952821
vt 0.257140 0.952815
vt 0.257140 0.932846
vt 0.259439 0.932851
vt 0.934437 0.696164
vt 0.931714 0.696139
vt 0.931832 0.676172
vt 0.934555 0.676197
vt 0.937175 0.696172
vt 0.937293 0.676205
vt 0.939512 0.696164
vt 0.939630 0.676197
vt 0.937339 0.668413
vt 0.934601 0.668405
vt 0.934606 0.667553
vt 0.937344 0.667561
vt 0.046784 0.334175
vt 0.939675 0.668405
vt 0.939680 0.667553
vt 0.348389 0.457874
vt 0.346534 0.459943
vt 0.346556 0.459917
vt 0.346534 0.456107
vt 0.165825 0.453216
vt 0.250000 0.030041
vt 0.334175 0.453216
vt 0.250000 0.469959
vt 0.165825 0.046784
vt 0.895207 0.417786
vt 0.897835 0.420424
vt 0.899257 0.423870
vt 0.899257 0.427601
vt 0.897835 0.431049
vt 0.895207 0.433688
vt 0.891774 0.435116
vt 0.888058 0.435117
vt 0.884625 0.433691
vt 0.881997 0.431053
vt 0.880575 0.427606
vt 0.880575 0.423875
vt 0.881997 0.420428
vt 0.884625 0.417789
vt 0.888058 0.416360
vt 0.891774 0.416359
vt 0.358107 0.455934
vt 0.355943 0.456711
vt 0.355943 0.452829
vt 0.358847 0.451786
vt 0.931882 0.667528
vt 0.930847 0.663920
vt 0.934500 0.663953
vt 0.938175 0.663964
vt 0.941310 0.663953
vt 0.943403 0.668238
vt 0.943428 0.663920
vt 0.348389 0.456107
vt 0.344780 0.456106
vt 0.344780 0.451786
vt 0.348389 0.451788
vt 0.257140 0.925053
vt 0.259439 0.925059
vt 0.906516 0.310132
vt 0.909269 0.310131
vt 0.405535 0.094465
vt 0.500000 0.500000
vt 0.500000 1.000000
vt 0.400000 0.500000
vt 0.400000 1.000000
vt 0.300000 0.500000
vt 0.300000 1.000000
vt 0.200000 0.500000
vt 0.200000 1.000000
vt 0.100000 0.500000
vt 0.100000 1.000000
vt -0.000000 0.500000
vt -0.000000 1.000000
vt 0.912147 0.672085
vt 0.912147 0.636959
vt 0.911508 0.636932
vt 0.911508 0.671608
vt 0.830283 0.880795
vt 0.831368 0.924352
vt 0.830952 0.881870
vt 0.478254 0.324164
vt 0.391068 0.055836
vt 0.108932 0.055836
vt 0.021746 0.175836
vt 0.021746 0.324164
vt 0.108932 0.444164
vt 0.964745 0.166103
vt 0.964745 0.262432
vt 0.965992 0.262418
vt 0.965992 0.166090
vt 0.949445 0.954535
vt 0.949445 0.865181
vt 0.948809 0.865001
vt 0.948809 0.954354
vt 0.815376 0.436027
vt 0.758185 0.436027
vt 0.719723 0.645001
vt 0.816014 0.645001
vt 0.852350 0.623256
vt 0.851722 0.459077
vt 0.841527 0.326940
vt 0.873097 0.165191
vt 0.871577 0.164893
vt 0.840007 0.326642
vt 0.382515 0.651335
vt 0.382515 0.815485
vt 0.383147 0.815530
vt 0.383147 0.651380
vt 0.381871 0.651379
vt 0.381871 0.815529
vt 0.870333 0.164659
vt 0.838763 0.326408
vt 0.838361 0.645001
vt 0.838361 0.809182
vt 0.839597 0.809222
vt 0.839597 0.645041
vt 0.562007 0.635451
vt 0.543282 0.679728
vt 0.544508 0.679506
vt 0.562206 0.636675
vt 0.839017 0.134991
vt 0.838763 0.136230
vt 0.559449 0.774690
vt 0.560676 0.774468
vt 0.914010 0.788382
vt 0.914010 0.699028
vt 0.913370 0.699207
vt 0.913370 0.788561
vt 0.562206 0.774206
vt 0.546038 0.679244
vt 0.360703 0.451786
vt 0.360703 0.615936
vt 0.361335 0.615981
vt 0.361335 0.451831
vt 0.571668 0.920554
vt 0.571668 0.964762
vt 0.572752 0.964111
vt 0.572336 0.921629
vt 0.961536 0.444977
vt 0.961536 0.541306
vt 0.962782 0.541292
vt 0.962782 0.444964
vt 0.307262 0.964065
vt 0.307262 0.874711
vt 0.306622 0.874890
vt 0.306622 0.964244
vt 0.307898 0.964246
vt 0.307898 0.874892
vt 0.964334 0.541291
vt 0.964334 0.444963
vt 0.361772 0.451786
vt 0.361335 0.478162
vt 0.361979 0.478119
vt 0.362410 0.452265
vt 0.719723 0.880795
vt 0.763980 0.874237
vt 0.762826 0.873718
vt 0.720229 0.879656
vt 0.833910 0.725001
vt 0.808482 0.686257
vt 0.807837 0.687669
vt 0.832502 0.724356
vt 0.765388 0.874882
vt 0.361979 0.642269
vt 0.362611 0.642314
vt 0.362611 0.478164
vt 0.361335 0.642312
vt 0.831347 0.723837
vt 0.718122 0.779429
vt 0.718122 0.943609
vt 0.719358 0.943649
vt 0.719358 0.779469
vt 0.492229 0.957429
vt 0.492229 0.922753
vt 0.491592 0.922781
vt 0.491592 0.957908
vt 0.492868 0.957906
vt 0.492868 0.922780
vt 0.807300 0.688814
vt 0.808989 0.685118
vt 0.721412 0.645001
vt 0.720905 0.646140
vt 0.965962 0.095518
vt 0.965962 0.006165
vt 0.965322 0.006343
vt 0.965322 0.095697
vt 0.720260 0.647552
vt 0.719723 0.648697
vt 0.966599 0.095699
vt 0.966599 0.006345
vt 0.867640 0.345311
vt 0.868759 0.345317
vt 0.868759 0.337305
vt 0.867640 0.337298
vt 0.869760 0.345314
vt 0.870574 0.345311
vt 0.870574 0.337298
vt 0.869760 0.337301
vt 0.868759 0.345320
vt 0.869760 0.345311
vt 0.869760 0.337298
vt 0.868759 0.337307
vt 0.360455 0.637991
vt 0.361335 0.637988
vt 0.361335 0.615981
vt 0.360455 0.615984
vt 0.590231 0.951209
vt 0.591479 0.951216
vt 0.591479 0.929211
vt 0.590231 0.929204
vt 0.592943 0.951215
vt 0.592943 0.929209
vt 0.594064 0.951205
vt 0.594064 0.929199
vt 0.911508 0.698402
vt 0.912558 0.699002
vt 0.912558 0.684167
vt 0.911508 0.683567
vt 0.913873 0.699029
vt 0.913873 0.684194
vt 0.926858 0.129795
vt 0.927503 0.130175
vt 0.927503 0.111374
vt 0.926858 0.110994
vt 0.420351 0.808262
vt 0.420221 0.815584
vt 0.386476 0.804479
vt 0.386606 0.797157
vt 0.383147 0.739483
vt 0.388229 0.451786
vt 0.421655 0.451786
vt 0.426053 0.742130
vt 0.282160 0.921721
vt 0.282160 0.957246
vt 0.277463 0.958700
vt 0.277463 0.923175
vt 0.375000 0.500000
vt 0.375000 0.368492
vt 0.625000 0.380199
vt 0.243492 0.500000
vt 0.243492 0.750000
vt 0.744801 0.500000
vt 0.744801 0.750000
vt 0.103577 0.665880
vt 0.161411 0.665683
vt 0.161411 0.783511
vt 0.103577 0.783709
vt 0.526486 0.775743
vt 0.560600 0.775881
vt 0.560600 0.894175
vt 0.526486 0.894037
vt 0.378286 0.788480
vt 0.378286 0.906308
vt 0.373365 0.906290
vt 0.373365 0.788462
vt 0.096247 0.783682
vt 0.096247 0.665854
vt 0.272168 0.957023
vt 0.272168 0.921721
vt 0.277463 0.923238
vt 0.277463 0.958540
vt 0.625000 0.750000
vt 0.958498 0.819465
vt 0.958498 0.937759
vt 0.955197 0.937125
vt 0.955197 0.818831
s 0
usemtl Nato_black.001
f 105/1/1 284/2/1 283/3/1 135/4/1
f 135/4/2 283/3/2 285/5/2 134/6/2
f 134/6/3 285/5/3 286/7/3 133/8/3
f 133/8/4 286/7/4 287/9/4 132/10/4
f 132/11/5 287/12/5 288/13/5 131/14/5
f 131/15/6 288/16/6 289/17/6 130/18/6
f 130/18/7 289/17/7 290/19/7 129/20/7
f 129/20/8 290/19/8 291/21/8 128/22/8
f 128/22/9 291/21/9 127/23/9
f 302/24/10 303/25/10 113/26/10 114/27/10 115/28/10
f 125/29/11 292/30/11 293/31/11 124/32/11
f 124/33/12 293/34/12 294/35/12 123/36/12
f 123/36/13 294/35/13 295/37/13 122/38/13
f 122/38/14 295/37/14 296/39/14 121/40/14
f 121/40/15 296/39/15 297/41/15 120/42/15
f 120/42/16 297/41/16 298/43/16 119/44/16
f 119/44/17 298/43/17 299/45/17 118/46/17
f 118/47/18 299/48/18 300/49/18 117/50/18
f 117/50/19 300/49/19 301/51/19 116/52/19
f 116/52/20 301/51/20 302/24/20 115/28/20
f 486/53/21 505/54/21 506/55/21 485/56/21
f 113/26/22 303/57/22 112/58/22
f 112/58/23 303/57/23 305/59/23 111/60/23
f 111/60/24 305/59/24 304/61/24 110/62/24
f 110/62/25 304/61/25 306/63/25 109/64/25
f 109/64/26 306/63/26 307/65/26 108/66/26
f 108/66/27 307/65/27 308/67/27 107/68/27
f 107/68/28 308/67/28 309/69/28 106/70/28
f 21/71/29 20/72/29 329/72/29 330/71/29
f 106/70/30 309/69/30 310/73/30 104/74/30
f 104/74/31 310/73/31 284/75/31 105/76/31
f 73/77/32 74/78/32 68/79/32 67/80/32
f 67/80/33 68/79/33 72/81/33 71/82/33
f 69/83/34 70/84/34 66/85/34 65/51/34
f 79/86/35 80/87/35 78/88/35 69/83/35 65/89/35 73/90/35 67/91/35 71/82/35 77/92/35
f 28/93/36 29/94/36 30/95/36 308/96/36 307/97/36 306/98/36 304/99/36 305/100/36 303/101/36 302/102/36 301/103/36 300/104/36 299/105/36 298/106/36 297/107/36 296/108/36 295/109/36 294/110/36 293/111/36 292/112/36 291/113/36 290/114/36 289/115/36 288/116/36 287/117/36 286/118/36 285/119/36 283/120/36 284/121/36 310/122/36 309/123/36 31/124/36 32/125/36 1/126/36 2/127/36 3/128/36 4/129/36 5/130/36 6/131/36 7/132/36 8/133/36 9/134/36 11/135/36 12/136/36 13/137/36 14/138/36 15/139/36 16/140/36 17/141/36 18/142/36 19/143/36 20/144/36 21/145/36 22/146/36 23/147/36 24/148/36 26/149/36 27/150/36
f 42/151/37 43/152/37 158/152/37 159/151/37
f 89/153/38 90/153/38 99/153/38 98/153/38
f 78/154/39 81/155/39 70/156/39 69/157/39
f 65/158/40 66/159/40 74/78/40 73/77/40
f 84/160/41 82/161/41 72/162/41 68/163/41 74/164/41 66/165/41 70/166/41 81/167/41 83/168/41
f 81/155/42 78/154/42 80/169/42 83/170/42
f 83/170/43 80/169/43 79/171/43 84/172/43
f 84/173/44 79/174/44 77/175/44 82/176/44
f 71/177/45 72/178/45 82/176/45 77/175/45
f 85/153/46 88/153/46 97/153/46 225/153/46
f 377/179/47 395/180/47 396/181/47 378/182/47
f 485/183/48 506/184/48 504/185/48 482/186/48 483/187/48
f 195/153/49 227/153/49 225/153/49 192/153/49 193/153/49 194/153/49
f 218/153/50 221/153/50 233/153/50 235/153/50
f 88/153/51 89/153/51 98/153/51 97/153/51
f 91/153/52 92/153/52 102/153/52 101/153/52
f 44/188/53 43/152/53 126/189/53 125/190/53 124/191/53 123/192/53 122/193/53 121/194/53 120/195/53 119/196/53 118/47/53 117/50/53 116/52/53 115/28/53 114/27/53 55/197/53 54/198/53 53/199/53 52/200/53 51/201/53 50/202/53 49/203/53 48/204/53 47/205/53 46/206/53 45/207/53
f 59/208/53 58/209/53 57/210/53 56/211/53 113/26/53 112/58/53 111/60/53 110/62/53 109/64/53 108/66/53 107/68/53 106/70/53 104/74/53 105/1/53 135/4/53 134/6/53 133/8/53 132/10/53 131/212/53 130/213/53 129/214/53 128/215/53 127/216/53 42/151/53 41/217/53 40/218/53 39/219/53 38/220/53 37/221/53 36/222/53 35/223/53 34/224/53 33/225/53 64/226/53 63/227/53 62/228/53 61/229/53 60/230/53
f 56/211/54 55/197/54 114/27/54 113/26/54
f 43/152/55 42/151/55 127/216/55 126/189/55
f 411/231/56 428/232/56 447/233/56 427/234/56
f 487/235/57 499/235/57 500/236/57 488/236/57
f 171/153/58 175/153/58 173/153/58 25/153/58 10/153/58
f 136/226/53 137/225/53 167/224/53 166/223/53 165/222/53 164/221/53 163/220/53 162/219/53 161/218/53 160/217/53 159/151/53 158/152/53 157/188/53 156/207/53 155/206/53 154/205/53 153/204/53 152/203/53 151/202/53 150/201/53 149/200/53 148/199/53 147/198/53 146/197/53 145/211/53 144/210/53 143/209/53 142/208/53 141/230/53 140/229/53 139/228/53 138/227/53
f 55/197/59 56/211/59 145/211/59 146/197/59
f 41/237/60 42/238/60 159/239/60 160/240/60
f 54/198/61 55/197/61 146/197/61 147/198/61
f 40/241/62 41/237/62 160/240/62 161/242/62
f 53/199/63 54/198/63 147/198/63 148/199/63
f 39/243/7 40/241/7 161/242/7 162/244/7
f 52/200/64 53/199/64 148/199/64 149/200/64
f 38/245/6 39/243/6 162/244/6 163/246/6
f 51/201/65 52/200/65 149/200/65 150/201/65
f 64/226/31 33/225/31 137/225/31 136/226/31
f 37/221/5 38/220/5 163/220/5 164/221/5
f 50/202/66 51/201/66 150/201/66 151/202/66
f 63/227/30 64/226/30 136/226/30 138/227/30
f 36/222/4 37/221/4 164/221/4 165/222/4
f 49/203/67 50/202/67 151/202/67 152/203/67
f 62/228/68 63/227/68 138/227/68 139/228/68
f 35/223/3 36/222/3 165/222/3 166/223/3
f 48/204/69 49/203/69 152/203/69 153/204/69
f 61/229/27 62/228/27 139/228/27 140/229/27
f 34/224/2 35/223/2 166/223/2 167/224/2
f 47/205/70 48/204/70 153/204/70 154/205/70
f 60/230/26 61/229/26 140/229/26 141/230/26
f 33/225/1 34/224/1 167/224/1 137/225/1
f 46/206/71 47/205/71 154/205/71 155/206/71
f 59/208/25 60/230/25 141/230/25 142/208/25
f 45/207/72 46/206/72 155/206/72 156/207/72
f 58/209/24 59/208/24 142/208/24 143/209/24
f 44/188/73 45/207/73 156/207/73 157/188/73
f 57/210/74 58/209/74 143/209/74 144/210/74
f 43/152/75 44/188/75 157/188/75 158/152/75
f 56/211/76 57/210/76 144/210/76 145/211/76
f 71/247/77 67/248/77 170/249/77 169/250/77
f 403/251/36 402/252/36 401/253/36 400/254/36 399/255/36 398/256/36 397/257/36 396/258/36 395/259/36 394/260/36 393/261/36 392/262/36 391/263/36 407/264/36 408/265/36 409/266/36 390/267/36 389/268/36 411/231/36 427/234/36 412/269/36 413/270/36 414/271/36 415/272/36 416/273/36 417/274/36 418/275/36 419/276/36 420/277/36 421/278/36 422/279/36 423/280/36 424/281/36 425/282/36 426/283/36 406/284/36 405/285/36 404/286/36
f 244/287/78 246/288/78 248/289/78 250/290/78 179/291/78 178/292/78 177/293/78 196/294/78 195/295/78 194/296/78 193/297/78 192/298/78 191/299/78 190/300/78 270/301/78 272/302/78 274/303/78
f 170/153/79 25/153/79 173/153/79 174/153/79
f 490/304/80 501/305/80 499/306/80 487/307/80
f 174/153/81 173/153/81 175/153/81 176/153/81
f 188/153/82 189/153/82 209/153/82 208/153/82
f 181/153/83 182/153/83 202/153/83 201/153/83
f 195/153/84 196/153/84 216/153/84 215/153/84
f 189/153/85 190/153/85 210/153/85 209/153/85
f 182/153/86 183/153/86 203/153/86 202/153/86
f 177/153/87 197/153/87 216/153/87 196/153/87
f 190/153/88 191/153/88 211/153/88 210/153/88
f 183/308/89 184/309/89 204/310/89 203/311/89
f 191/153/90 192/153/90 212/153/90 211/153/90
f 177/153/91 178/153/91 198/153/91 197/153/91
f 192/153/92 193/153/92 213/153/92 212/153/92
f 185/153/93 186/153/93 206/153/93 205/153/93
f 178/153/94 179/153/94 199/153/94 198/153/94
f 193/153/95 194/153/95 214/153/95 213/153/95
f 186/153/96 187/153/96 207/153/96 206/153/96
f 179/153/97 180/153/97 200/153/97 199/153/97
f 187/153/98 188/153/98 208/153/98 207/153/98
f 180/153/99 181/153/99 201/153/99 200/153/99
f 217/153/36 219/153/36 230/153/36 229/153/36
f 87/153/100 72/153/100 71/153/100 220/153/100
f 87/312/101 220/313/101 177/314/101 178/315/101
f 223/316/102 196/294/102 177/293/102 220/317/102
f 223/316/103 227/318/103 195/295/103 196/294/103
f 225/153/104 97/153/104 191/153/104 192/153/104
f 217/153/105 168/153/105 220/153/105 86/153/105 76/153/105 219/153/105
f 94/153/106 222/153/106 221/153/106 76/153/106 75/153/106 227/153/106 223/153/106 218/153/106
f 221/153/106 218/153/106 223/153/106 76/153/106
f 428/153/107 448/153/107 467/153/107 447/153/107
f 226/153/108 228/153/108 75/153/108 85/153/108 225/153/108 227/153/108 224/153/108 96/153/108
f 228/153/109 224/153/109 227/153/109 75/153/109
f 185/319/110 262/320/110 264/321/110 266/322/110 268/323/110 189/324/110 188/325/110 187/326/110 186/327/110
f 168/153/111 217/153/111 229/153/111 232/153/111
f 95/153/112 168/153/112 232/153/112 231/153/112
f 219/153/113 95/153/113 231/153/113 230/153/113
f 94/153/53 218/153/53 235/153/53 236/153/53
f 221/153/36 222/153/36 234/153/36 233/153/36
f 222/153/114 94/153/114 236/153/114 234/153/114
f 96/153/53 224/153/53 240/153/53 239/153/53
f 224/153/116 228/153/116 238/153/116 240/153/116
f 226/153/117 96/153/117 239/153/117 237/153/117
f 367/153/118 241/153/118 525/153/118 368/153/118
f 243/328/119 244/2/119 246/5/119 245/329/119
f 245/329/120 246/5/120 248/9/120 247/330/120
f 247/330/121 248/9/121 250/331/121 249/332/121
f 249/332/122 250/331/122 252/333/122 251/334/122
f 251/334/123 252/333/123 254/335/123 253/336/123
f 253/336/124 254/335/124 256/85/124 255/81/124
f 255/81/125 256/85/125 258/337/125 257/338/125
f 257/338/126 258/337/126 260/339/126 259/340/126
f 259/340/127 260/339/127 262/48/127 261/341/127
f 261/341/128 262/48/128 264/51/128 263/82/128
f 260/342/129 262/320/129 185/319/129 184/343/129 258/344/129
f 263/82/130 264/51/130 266/345/130 265/346/130
f 265/346/131 266/345/131 268/57/131 267/347/131
f 100/153/132 370/153/132 345/153/132 360/153/132 369/153/132 362/153/132
f 267/347/133 268/57/133 270/61/133 269/348/133
f 269/348/134 270/61/134 272/65/134 271/91/134
f 246/288/53 248/289/53 250/290/53 252/349/53 254/350/53 256/351/53 258/344/53 260/342/53 262/320/53 264/321/53 266/322/53 268/323/53 270/301/53 272/302/53 274/303/53 244/287/53
f 271/91/135 272/65/135 274/69/135 273/352/135
f 273/352/136 274/69/136 244/75/136 243/353/136
f 243/354/53 245/355/53 247/356/53 249/357/53 251/358/53 253/359/53 255/360/53 257/361/53 259/362/53 261/363/53 263/364/53 265/365/53 267/366/53 269/367/53 271/368/53 273/369/53
f 181/153/137 252/153/137 254/153/137 182/153/137
f 179/153/138 250/153/138 252/153/138 181/153/138 180/153/138
f 412/269/139 427/234/139 447/233/139 446/370/139 445/371/139 429/372/139
f 98/373/140 100/374/140 518/375/140 517/376/140 519/377/140 185/319/140 186/327/140 187/326/140 188/325/140 189/324/140 190/300/140 191/299/140 97/378/140
f 189/153/141 268/153/141 270/153/141 190/153/141
f 292/30/142 125/29/142 126/379/142 127/23/142 291/21/142
f 184/309/143 185/380/143 205/381/143 204/310/143
f 489/382/144 502/383/144 501/384/144 490/385/144
f 30/386/36 31/387/36 309/388/36 308/389/36
f 311/390/36 312/391/36 340/392/36 339/393/36 338/394/36 337/395/36 336/396/36 334/397/36 335/398/36 333/399/36 332/400/36 331/401/36 330/402/36 329/403/36 328/404/36 327/405/36 326/406/36 325/407/36 324/408/36 323/409/36 322/410/36 320/411/36 321/412/36 319/413/36 318/414/36 317/415/36 316/416/36 315/417/36 314/418/36 313/419/36
f 6/131/145 5/130/145 315/417/145 316/416/145
f 22/420/146 21/71/146 330/71/146 331/420/146
f 7/132/147 6/131/147 316/416/147 317/415/147
f 23/421/148 22/420/148 331/420/148 332/421/148
f 8/133/149 7/132/149 317/415/149 318/414/149
f 24/422/150 23/421/150 332/421/150 333/422/150
f 9/134/151 8/133/151 318/414/151 319/413/151
f 27/423/152 26/424/152 335/424/152 334/423/152
f 12/136/153 11/135/153 321/412/153 320/411/153
f 28/425/154 27/423/154 334/423/154 336/425/154
f 13/137/155 12/136/155 320/411/155 322/410/155
f 29/426/156 28/425/156 336/425/156 337/426/156
f 14/138/157 13/137/157 322/410/157 323/409/157
f 30/386/158 29/426/158 337/426/158 338/386/158
f 15/427/159 14/428/159 323/428/159 324/427/159
f 31/387/160 30/386/160 338/386/160 339/387/160
f 16/140/161 15/139/161 324/408/161 325/407/161
f 32/429/162 31/387/162 339/387/162 340/429/162
f 17/141/163 16/140/163 325/407/163 326/406/163
f 2/430/164 1/431/164 312/431/164 311/430/164
f 1/431/165 32/429/165 340/429/165 312/431/165
f 18/142/166 17/141/166 326/406/166 327/405/166
f 3/432/167 2/430/167 311/430/167 313/432/167
f 26/424/168 24/422/168 333/422/168 335/424/168
f 19/433/169 18/434/169 327/434/169 328/433/169
f 4/435/170 3/432/170 313/432/170 314/435/170
f 11/135/171 9/134/171 319/413/171 321/412/171
f 20/72/172 19/433/172 328/433/172 329/72/172
f 5/436/173 4/435/173 314/435/173 315/436/173
f 101/153/174 100/153/174 362/153/174 363/153/174
f 521/153/175 525/153/175 356/153/175 355/153/175
f 102/153/176 101/153/176 363/153/176 364/153/176
f 524/153/177 349/153/177 356/153/177 525/153/177
f 346/153/178 102/153/178 364/153/178 361/153/178
f 509/153/179 351/153/179 352/153/179 510/153/179
f 518/153/180 357/153/180 358/153/180 522/153/180
f 510/153/180 352/153/180 353/153/180 511/153/180
f 522/153/181 358/153/181 359/153/181 523/153/181
f 517/153/179 350/153/179 357/153/179 518/153/179
f 511/153/182 353/153/182 354/153/182 512/153/182
f 524/153/183 523/153/183 359/153/183 349/153/183
f 519/437/182 520/438/182 348/439/182 347/440/182
f 509/441/184 512/442/184 354/443/184 351/444/184
f 520/153/185 521/153/185 355/153/185 348/153/185
f 519/153/186 347/153/186 350/153/186 517/153/186
f 282/153/182 516/153/182 515/153/182 281/153/182
f 277/153/183 533/153/183 532/153/183 344/153/183
f 100/445/36 101/446/36 102/447/36 346/448/36 371/449/36 345/450/36 370/451/36
f 519/452/187 347/453/187 205/454/187 185/455/187
f 226/153/36 237/153/36 238/153/36 228/153/36
f 71/82/188 169/153/188 172/153/188 171/153/188 10/153/188 86/153/188 220/153/188
f 92/153/189 365/153/189 366/153/189 102/153/189
f 365/153/190 367/153/190 368/153/190 366/153/190
f 99/456/191 100/374/191 98/373/191
f 370/153/36 518/153/36 100/153/36
f 368/153/36 524/153/36 371/153/36 366/153/36
f 358/153/36 357/153/36 369/153/36 360/153/36 372/153/36 349/153/36 359/153/36
f 348/153/36 355/153/36 353/153/36 352/153/36 351/153/36 347/153/36
f 385/153/192 403/153/192 404/153/192 386/153/192
f 378/153/193 396/153/193 397/153/193 379/153/193
f 386/153/182 404/153/182 405/153/182 387/153/182
f 379/153/194 397/153/194 398/153/194 380/153/194
f 373/153/195 407/153/195 391/153/195
f 387/153/196 405/153/196 406/153/196 388/153/196
f 380/153/197 398/153/197 399/153/197 381/153/197
f 373/153/198 391/153/198 392/153/198 374/153/198
f 103/153/199 388/153/199 406/153/199 389/153/199
f 381/153/200 399/153/200 400/153/200 382/153/200
f 374/153/201 392/153/201 393/153/201 375/153/201
f 407/153/202 475/153/202 408/153/202
f 382/153/182 400/153/182 401/153/182 383/153/182
f 375/153/203 393/153/203 394/153/203 376/153/203
f 383/153/204 401/153/204 402/153/204 384/153/204
f 376/153/205 394/153/205 395/153/205 377/153/205
f 384/153/206 402/153/206 403/153/206 385/153/206
f 410/153/207 68/153/207 72/153/207 87/153/207
f 87/457/208 178/292/208 179/291/208 180/458/208 181/459/208 410/460/208
f 172/461/209 176/462/209 175/463/209 171/464/209
f 168/465/105 95/466/105 219/467/105 76/468/105 223/469/105 220/470/105
f 389/471/36 406/472/36 426/473/36 411/474/36
f 423/153/210 441/153/210 442/153/210 424/153/210
f 416/273/211 434/475/211 435/476/211 417/274/211
f 424/153/212 442/153/212 443/153/212 425/153/212
f 417/274/213 435/476/213 436/477/213 418/275/213
f 484/478/214 503/478/214 505/478/214 486/479/214 478/479/214
f 425/282/215 443/480/215 444/481/215 426/283/215
f 418/275/216 436/477/216 437/482/216 419/276/216
f 90/483/217 91/484/217 101/485/217 100/486/217 99/487/217
f 411/488/218 426/489/218 444/490/218 428/491/218
f 419/153/219 437/153/219 438/153/219 420/153/219
f 420/153/220 438/153/220 439/153/220 421/153/220
f 413/270/221 431/492/221 432/493/221 414/271/221
f 421/153/222 439/153/222 440/153/222 422/153/222
f 414/271/223 432/493/223 433/494/223 415/272/223
f 422/153/224 440/153/224 441/153/224 423/153/224
f 415/153/225 433/153/225 434/153/225 416/153/225
f 436/153/226 456/153/226 457/153/226 437/153/226
f 429/153/227 449/153/227 450/153/227 430/153/227
f 428/491/228 444/490/228 464/495/228 448/496/228
f 437/153/229 457/153/229 458/153/229 438/153/229
f 430/153/230 450/153/230 451/153/230 431/153/230
f 446/153/231 466/153/231 465/153/231 445/153/231
f 438/153/179 458/153/179 459/153/179 439/153/179
f 431/153/232 451/153/232 452/153/232 432/153/232
f 447/153/233 467/153/233 466/153/233 446/153/233
f 439/153/234 459/153/234 460/153/234 440/153/234
f 432/153/235 452/153/235 453/153/235 433/153/235
f 256/351/236 258/344/236 184/343/236 183/497/236 182/498/236 254/350/236
f 440/153/237 460/153/237 461/153/237 441/153/237
f 433/153/238 453/153/238 454/153/238 434/153/238
f 441/153/239 461/153/239 462/153/239 442/153/239
f 434/153/240 454/153/240 455/153/240 435/153/240
f 445/153/241 465/153/241 449/153/241 429/153/241
f 442/153/179 462/153/179 463/153/179 443/153/179
f 435/153/242 455/153/242 456/153/242 436/153/242
f 443/153/243 463/153/243 464/153/243 444/153/243
f 465/499/36 466/500/36 467/501/36 448/502/36 464/503/36 463/504/36 462/505/36 461/506/36 460/507/36 459/508/36 458/509/36 457/510/36 456/511/36 455/512/36 454/513/36 453/514/36 452/515/36 451/516/36 450/517/36 449/518/36
f 472/80/244 471/159/244 473/79/244
f 472/80/179 473/79/179 474/81/179
f 483/519/245 478/479/245 486/479/245 485/519/245
f 409/153/246 476/153/246 390/153/246
f 408/153/247 475/153/247 476/153/247 409/153/247
f 495/153/248 494/153/248 497/153/248 498/153/248
f 483/520/249 482/521/249 103/522/249 474/523/249
f 412/269/250 429/372/250 430/524/250 431/492/250 413/270/250
f 170/525/251 174/526/251 176/527/251 172/528/251 169/529/251
f 478/530/252 483/520/252 474/523/252 481/531/252 479/532/252 484/533/252
f 490/534/253 487/535/253 477/536/253 480/537/253
f 488/538/254 489/539/254 490/534/254 480/537/254 479/540/254 481/541/254 477/536/254 487/535/254
f 345/542/182 371/543/182 346/544/182 361/545/182 372/546/182 360/547/182
f 492/548/255 493/549/255 469/550/255 468/551/255
f 494/552/256 495/553/256 480/537/256 477/536/256
f 493/549/257 494/552/257 477/536/257 469/550/257
f 495/553/258 492/548/258 468/551/258 480/537/258
f 497/554/259 496/555/259 491/556/259 498/557/259
f 494/153/260 493/153/260 496/153/260 497/153/260
f 492/558/261 495/559/261 498/560/261 491/561/261
f 493/562/262 492/563/262 491/564/262 496/12/262
f 499/565/263 501/566/263 502/567/263 500/568/263
f 407/264/264 391/263/264 392/262/264 393/261/264 394/260/264 395/259/264 396/258/264 397/257/264 398/256/264 399/255/264 400/254/264 401/253/264 402/252/264 403/251/264 404/286/264 405/285/264 469/569/264 477/570/264 481/571/264 474/572/264 389/268/264 390/267/264 409/266/264 408/265/264
f 503/573/265 504/574/265 506/575/265 505/576/265
f 103/577/266 504/578/266 503/579/266 479/580/266
f 489/581/267 488/236/267 500/236/267 502/581/267
f 281/153/36 280/153/36 279/153/36 509/153/36 510/153/36 511/153/36 512/153/36 282/153/36
f 282/582/268 512/583/268 509/584/268 279/585/268
f 513/586/36 514/587/36 515/588/36 516/589/36
f 280/153/179 514/153/179 513/153/179 279/153/179
f 279/590/184 513/591/184 516/592/184 282/593/184
f 281/153/180 515/153/180 514/153/180 280/153/180
f 278/153/36 517/153/36 518/153/36 342/153/36
f 275/594/36 276/595/36 341/596/36 242/597/36 277/598/36 344/599/36 343/600/36 342/601/36 518/602/36 522/603/36 523/603/36 524/604/36 525/605/36 521/606/36 520/607/36 519/608/36 517/609/36 278/610/36
f 526/611/36 527/612/36 531/613/36 532/614/36 533/615/36 534/616/36 530/617/36 529/618/36 528/619/36
f 278/620/186 526/621/186 528/622/186 275/623/186
f 342/153/179 527/153/179 526/153/179 278/153/179
f 341/153/269 530/153/269 534/153/269 242/153/269
f 343/153/180 531/153/180 527/153/180 342/153/180
f 275/624/182 528/625/182 529/626/182 276/627/182
f 242/153/270 534/153/270 533/153/270 277/153/270
f 344/153/271 532/153/271 531/153/271 343/153/271
f 276/628/185 529/629/185 530/630/185 341/631/185
f 88/153/272 241/153/272 367/153/272 365/153/272 92/153/272 91/153/272 90/153/272 89/153/272
f 773/715/31 776/716/31 602/717/31 600/718/31
f 611/719/36 607/720/36 778/721/36 839/722/36
f 616/723/36 612/724/36 840/725/36 838/726/36
f 621/727/36 617/728/36 837/729/36 836/730/36
f 626/731/36 622/732/36 835/733/36 834/734/36
f 631/735/36 627/736/36 833/737/36 832/738/36
f 636/739/36 632/740/36 831/741/36 830/742/36
f 641/743/36 637/744/36 829/745/36 828/746/36
f 646/747/36 642/748/36 827/749/36 826/750/36
f 652/751/36 647/752/36 825/753/36 824/754/36
f 659/755/36 653/756/36 823/757/36 822/758/36
f 665/759/36 660/760/36 821/761/36 820/762/36
f 672/763/36 666/764/36 819/765/36 818/766/36
f 677/767/36 673/768/36 817/769/36 816/770/36
f 683/771/36 678/772/36 815/773/36 814/774/36
f 689/775/36 684/776/36 813/777/36 812/778/36
f 696/779/36 690/780/36 811/781/36 810/782/36
f 702/783/36 697/784/36 809/785/36 808/786/36
f 708/787/36 703/788/36 807/789/36 806/790/36
f 713/791/36 709/792/36 805/793/36 804/794/36
f 720/795/36 714/796/36 803/797/36 802/798/36
f 727/799/36 721/800/36 801/801/36 800/802/36
f 733/803/36 728/804/36 799/805/36 798/806/36
f 739/807/36 734/808/36 797/809/36 796/810/36
f 744/811/36 740/812/36 795/813/36 794/814/36
f 749/815/36 745/816/36 793/817/36 792/818/36
f 754/819/36 750/820/36 791/821/36 790/822/36
f 759/823/36 755/824/36 789/825/36 788/826/36
f 764/827/36 760/828/36 787/829/36 786/830/36
f 769/831/36 765/832/36 785/833/36 784/834/36
f 774/835/36 770/836/36 783/837/36 782/838/36
f 606/839/36 601/840/36 779/841/36 777/842/36
f 600/843/1 602/844/1 608/845/1 605/846/1
f 603/847/36 775/848/36 781/849/36 780/850/36
f 605/851/2 608/852/2 613/853/2 610/854/2
f 768/855/30 771/856/30 776/716/30 773/715/30
f 763/857/28 766/858/28 771/856/28 768/855/28
f 758/859/27 761/860/27 766/858/27 763/857/27
f 753/861/26 756/862/26 761/860/26 758/859/26
f 748/863/25 751/864/25 756/862/25 753/861/25
f 743/865/24 746/866/24 751/864/24 748/863/24
f 738/867/74 741/868/74 746/869/74 743/870/74
f 664/871/273 667/872/273 679/873/273 675/874/273 671/875/273 670/876/273
f 633/681/274 628/682/274 623/683/274 622/732/274 626/731/274 627/736/274 631/735/274
f 651/877/75 654/878/75 661/879/75 657/880/75
f 645/881/37 648/882/37 655/883/37 650/884/37
f 640/885/60 643/886/60 648/882/60 645/881/60
f 635/887/62 638/888/62 643/889/62 640/890/62
f 630/891/7 633/892/7 638/888/7 635/887/7
f 625/893/6 628/894/6 633/892/6 630/891/6
f 620/895/5 623/896/5 628/897/5 625/898/5
f 615/899/4 618/900/4 623/901/4 620/902/4
f 610/903/3 613/904/3 618/905/3 615/906/3
f 766/658/275 761/659/275 760/828/275 764/827/275 765/832/275 769/831/275 770/907/275 771/657/275
f 776/656/276 771/657/276 770/836/276 774/835/276 775/848/276 603/847/276 601/908/276 602/655/276
f 661/879/277 668/909/277 663/910/277 658/911/277 657/880/277
f 638/680/278 633/681/278 631/735/278 632/740/278 636/739/278 637/744/278 641/743/278 643/679/278
f 704/912/279 716/913/279 711/914/279 707/915/279 706/916/279 701/917/279
f 649/918/280 650/919/280 651/920/280
f 661/921/281 654/922/281 655/923/281 648/678/281 647/752/281 652/924/281 653/756/281 659/925/281 660/760/281 665/759/281 668/926/281
f 656/927/282 657/928/282 658/929/282
f 662/930/283 663/931/283 664/932/283
f 741/933/284 735/934/284 729/935/284 728/804/284 733/936/284 734/808/284 739/807/284 740/812/284 744/811/284 746/662/284
f 669/937/285 670/938/285 671/939/285
f 674/940/286 675/941/286 676/942/286
f 680/943/287 681/944/287 682/945/287
f 686/946/288 687/947/288 688/948/288
f 679/949/289 667/950/289 668/951/289 665/952/289 666/764/289 672/953/289 673/768/289 677/767/289
f 693/954/290 694/955/290 695/956/290
f 699/957/291 700/958/291 701/959/291
f 705/960/292 706/961/292 707/962/292
f 685/963/293 679/964/293 677/965/293 678/772/293 683/771/293
f 710/966/294 711/967/294 712/968/294
f 717/969/295 718/970/295 719/971/295
f 692/972/296 685/973/296 683/974/296 684/776/296 689/975/296 690/780/296 691/976/296
f 724/977/297 725/978/297 726/979/297
f 704/980/298 698/981/298 691/976/298 690/780/298 696/982/298 697/784/298 702/983/298 703/788/298
f 730/984/299 731/985/299 732/986/299
f 716/987/300 704/980/300 703/788/300 708/988/300 709/792/300 713/989/300 714/796/300 720/795/300 723/990/300 715/991/300
f 736/992/301 737/993/301 738/994/301
f 729/935/302 722/995/302 723/996/302 720/997/302 721/800/302 727/998/302 728/804/302
f 608/654/303 602/655/303 601/840/303 606/839/303 607/720/303 611/719/303 612/999/303 613/685/303
f 648/678/304 643/679/304 641/1000/304 642/748/304 646/1001/304 647/752/304
f 618/684/305 613/685/305 612/724/305 616/723/305 617/728/305 621/727/305 622/1002/305 623/683/305
f 600/354/306 605/687/306 604/1003/306 599/1004/306
f 605/687/307 610/355/307 609/1005/307 604/1003/307
f 610/355/308 615/688/308 614/1006/308 609/1005/308
f 615/688/309 620/689/309 619/1007/309 614/1006/309
f 620/689/310 625/690/310 624/1008/310 619/1007/310
f 756/660/311 751/661/311 746/662/311 744/811/311 745/816/311 749/815/311 750/820/311 754/819/311
f 625/690/312 630/691/312 629/1009/312 624/1008/312
f 630/691/313 635/692/313 634/1010/313 629/1009/313
f 635/692/314 640/693/314 639/1011/314 634/1010/314
f 640/693/315 645/694/315 644/1012/315 639/1011/315
f 645/694/316 650/919/316 649/918/316 644/1012/316
f 654/878/317 651/877/317 650/884/317 655/883/317
f 651/920/318 657/928/318 656/927/318 649/918/318
f 658/929/319 663/931/319 662/930/319 656/927/319
f 667/872/91 664/871/91 663/910/91 668/909/91
f 664/932/320 670/938/320 669/937/320 662/930/320
f 671/939/321 675/941/321 674/940/321 669/937/321
f 719/1013/322 722/1014/322 729/1015/322 726/1016/322 725/1017/322
f 676/942/323 681/944/323 680/943/323 674/940/323
f 679/873/324 685/1018/324 681/1019/324 676/1020/324 675/874/324
f 682/945/325 687/947/325 686/946/325 680/943/325
f 691/1021/182 688/1022/182 687/1023/182 692/1024/182
f 688/948/326 694/955/326 693/954/326 686/946/326
f 732/1025/327 735/1026/327 741/868/327 738/867/327 737/1027/327
f 695/956/328 700/958/328 699/957/328 693/954/328
f 761/659/329 756/660/329 754/819/329 755/824/329 759/823/329 760/1028/329
f 701/959/330 706/961/330 705/960/330 699/957/330
f 712/1029/331 715/1030/331 723/1031/331 722/1014/331 719/1013/331 718/1032/331
f 707/962/332 711/967/332 710/966/332 705/960/332
f 715/1030/333 712/1029/333 711/914/333 716/913/333
f 712/968/334 718/970/334 717/969/334 710/966/334
f 726/1016/335 729/1015/335 735/1026/335 732/1025/335 731/1033/335
f 719/971/336 725/978/336 724/977/336 717/969/336
f 695/1034/337 698/1035/337 704/912/337 701/917/337 700/1036/337
f 726/979/338 731/985/338 730/984/338 724/977/338
f 688/1022/339 691/1021/339 698/1035/339 695/1034/339 694/1037/339
f 732/986/340 737/993/340 736/992/340 730/984/340
f 685/1018/341 692/1024/341 687/1023/341 682/1038/341 681/1019/341
f 738/994/342 743/709/342 742/1039/342 736/992/342
f 743/709/343 748/710/343 747/1040/343 742/1039/343
f 748/710/344 753/711/344 752/1041/344 747/1040/344
f 753/711/345 758/368/345 757/1042/345 752/1041/345
f 758/368/346 763/712/346 762/1043/346 757/1042/346
f 763/712/347 768/713/347 767/1044/347 762/1043/347
f 768/713/348 773/714/348 772/1045/348 767/1044/348
f 773/714/349 600/354/349 599/1004/349 772/1045/349
f 807/789/350 808/786/350 872/786/350 871/789/350
f 778/721/53 607/720/53 606/839/53 777/842/53
f 603/847/53 780/850/53 779/841/53 601/840/53
f 774/835/53 782/838/53 781/849/53 775/848/53
f 769/831/53 784/834/53 783/837/53 770/836/53
f 764/827/53 786/830/53 785/833/53 765/832/53
f 759/823/53 788/826/53 787/829/53 760/828/53
f 754/819/53 790/822/53 789/825/53 755/824/53
f 749/815/53 792/818/53 791/821/53 750/820/53
f 744/811/53 794/814/53 793/817/53 745/816/53
f 739/807/53 796/810/53 795/813/53 740/812/53
f 733/803/53 798/806/53 797/809/53 734/808/53
f 727/799/53 800/802/53 799/805/53 728/804/53
f 720/795/53 802/798/53 801/801/53 721/800/53
f 713/791/53 804/794/53 803/797/53 714/796/53
f 708/787/53 806/790/53 805/793/53 709/792/53
f 702/783/53 808/786/53 807/789/53 703/788/53
f 696/779/53 810/782/53 809/785/53 697/784/53
f 689/775/53 812/778/53 811/781/53 690/780/53
f 683/771/53 814/774/53 813/777/53 684/776/53
f 677/767/53 816/770/53 815/773/53 678/772/53
f 672/763/53 818/766/53 817/769/53 673/768/53
f 665/759/53 820/762/53 819/765/53 666/764/53
f 659/755/53 822/758/53 821/761/53 660/760/53
f 652/751/53 824/754/53 823/757/53 653/756/53
f 646/747/53 826/750/53 825/753/53 647/752/53
f 641/743/53 828/746/53 827/749/53 642/748/53
f 636/739/53 830/742/53 829/745/53 637/744/53
f 631/735/53 832/738/53 831/741/53 632/740/53
f 626/731/53 834/734/53 833/737/53 627/736/53
f 621/727/53 836/730/53 835/733/53 622/732/53
f 616/723/53 838/726/53 837/729/53 617/728/53
f 611/719/53 839/722/53 840/725/53 612/724/53
f 599/1004/53 604/1003/53 609/1005/53 614/1006/53 619/1007/53 624/1008/53 629/1009/53 634/1010/53 639/1011/53 644/1012/53 649/918/53 656/927/53 662/930/53 669/937/53 674/940/53 680/943/53 686/946/53 693/954/53 699/957/53 705/960/53 710/966/53 717/969/53 724/977/53 730/984/53 736/992/53 742/1039/53 747/1040/53 752/1041/53 757/1042/53 762/1043/53 767/1044/53 772/1045/53
f 858/814/36 859/813/36 860/810/36 861/809/36 862/806/36 863/805/36 864/802/36 865/801/36 866/798/36 867/797/36 868/794/36 869/793/36 870/790/36 871/789/36 872/786/36 873/785/36 874/782/36 875/781/36 876/778/36 877/777/36 878/774/36 879/773/36 880/770/36 881/769/36 882/766/36 883/765/36 884/762/36 885/761/36 886/758/36 887/757/36 888/754/36 889/753/36 890/750/36 891/749/36 892/746/36 893/745/36 894/742/36 895/741/36 896/738/36 897/737/36 898/734/36 899/733/36 900/730/36 901/729/36 902/726/36 903/725/36 904/722/36 841/721/36 842/842/36 843/841/36 844/850/36 845/849/36 846/838/36 847/837/36 848/834/36 849/833/36 850/830/36 851/829/36 852/826/36 853/825/36 854/822/36 855/821/36 856/818/36 857/817/36
f 790/822/351 791/821/351 855/821/351 854/822/351
f 809/785/127 810/782/127 874/782/127 873/785/127
f 792/818/352 793/817/352 857/817/352 856/818/352
f 811/781/182 812/778/182 876/778/182 875/781/182
f 794/814/353 795/813/353 859/813/353 858/814/353
f 813/777/126 814/774/126 878/774/126 877/777/126
f 796/810/354 797/809/354 861/809/354 860/810/354
f 815/773/355 816/770/355 880/770/355 879/773/355
f 798/806/356 799/805/356 863/805/356 862/806/356
f 817/769/125 818/766/125 882/766/125 881/769/125
f 800/802/357 801/801/357 865/801/357 864/802/357
f 819/765/91 820/762/91 884/762/91 883/765/91
f 802/798/358 803/797/358 867/797/358 866/798/358
f 821/761/124 822/758/124 886/758/124 885/761/124
f 804/794/359 805/793/359 869/793/359 868/794/359
f 823/757/317 824/754/317 888/754/317 887/757/317
f 806/790/360 807/789/360 871/789/360 870/790/360
f 825/753/123 826/750/123 890/750/123 889/753/123
f 808/786/361 809/785/361 873/785/361 872/786/361
f 827/749/185 828/746/185 892/746/185 891/749/185
f 810/782/362 811/781/362 875/781/362 874/782/362
f 829/745/122 830/742/122 894/742/122 893/745/122
f 778/721/119 777/842/119 842/842/119 841/721/119
f 812/778/363 813/777/363 877/777/363 876/778/363
f 831/741/364 832/738/364 896/738/364 895/741/364
f 779/841/179 780/850/179 844/850/179 843/841/179
f 814/774/365 815/773/365 879/773/365 878/774/365
f 833/737/121 834/734/121 898/734/121 897/737/121
f 781/849/136 782/838/136 846/838/136 845/849/136
f 816/770/366 817/769/366 881/769/366 880/770/366
f 835/733/367 836/730/367 900/730/367 899/733/367
f 783/837/368 784/834/368 848/834/368 847/837/368
f 818/766/369 819/765/369 883/765/369 882/766/369
f 837/729/120 838/726/120 902/726/120 901/729/120
f 785/833/135 786/830/135 850/830/135 849/833/135
f 820/762/26 821/761/26 885/761/26 884/762/26
f 840/725/370 839/722/370 904/722/370 903/725/370
f 787/829/371 788/826/371 852/826/371 851/829/371
f 822/758/372 823/757/372 887/757/372 886/758/372
f 789/825/134 790/822/134 854/822/134 853/825/134
f 824/754/373 825/753/373 889/753/373 888/754/373
f 791/821/374 792/818/374 856/818/374 855/821/374
f 826/750/375 827/749/375 891/749/375 890/750/375
f 793/817/133 794/814/133 858/814/133 857/817/133
f 828/746/376 829/745/376 893/745/376 892/746/376
f 777/842/377 779/841/377 843/841/377 842/842/377
f 795/813/180 796/810/180 860/810/180 859/813/180
f 830/742/378 831/741/378 895/741/378 894/742/378
f 839/722/379 778/721/379 841/721/379 904/722/379
f 797/809/131 798/806/131 862/806/131 861/809/131
f 832/738/380 833/737/380 897/737/380 896/738/380
f 780/850/381 781/849/381 845/849/381 844/850/381
f 799/805/382 800/802/382 864/802/382 863/805/382
f 834/734/383 835/733/383 899/733/383 898/734/383
f 782/838/384 783/837/384 847/837/384 846/838/384
f 801/801/130 802/798/130 866/798/130 865/801/130
f 836/730/385 837/729/385 901/729/385 900/730/385
f 784/834/386 785/833/386 849/833/386 848/834/386
f 803/797/333 804/794/333 868/794/333 867/797/333
f 838/726/65 840/725/65 903/725/65 902/726/65
f 786/830/387 787/829/387 851/829/387 850/830/387
f 805/793/128 806/790/128 870/790/128 869/793/128
f 788/826/388 789/825/388 853/825/388 852/826/388
f 905/158/389 906/159/389 908/79/389 907/80/389
f 907/80/390 908/79/390 912/81/390 911/82/390
f 911/82/391 912/81/391 910/84/391 909/83/391
f 909/83/392 910/84/392 906/85/392 905/51/392
f 907/91/393 911/82/393 909/83/393 905/89/393
f 912/1046/394 908/1047/394 906/1048/394 910/1049/394
f 913/1050/395 910/1051/395 906/1052/395 914/1053/395
f 915/158/396 916/159/396 918/79/396 917/80/396
f 917/1054/36 918/1055/36 922/1056/36 921/1057/36
f 921/82/397 922/81/397 920/84/397 919/83/397
f 919/83/53 920/84/53 916/85/53 915/51/53
f 917/91/398 921/82/398 919/83/398 915/89/398
f 922/1058/399 918/1059/399 916/1060/399 920/1061/399
f 923/158/400 924/159/400 926/79/400 925/80/400
f 925/80/401 926/79/401 930/81/401 929/82/401
f 929/1062/402 930/1063/402 928/1064/402 927/1065/402
f 927/83/403 928/84/403 924/85/403 923/51/403
f 925/91/404 929/82/404 927/83/404 923/89/404
f 930/81/405 926/330/405 924/1066/405 928/84/405
f 931/158/53 932/159/53 934/79/53 933/80/53
f 933/80/406 934/79/406 938/81/406 937/82/406
f 937/1067/36 938/1068/36 936/1069/36 935/1070/36
f 935/83/407 936/84/407 932/85/407 931/51/407
f 933/91/408 937/82/408 935/83/408 931/89/408
f 938/1071/409 934/1072/409 932/1073/409 936/1074/409
f 939/158/410 940/159/410 942/79/410 941/80/410
f 941/80/411 942/79/411 946/81/411 945/82/411
f 945/1075/412 946/1076/412 944/1077/412 943/1078/412
f 943/83/413 944/84/413 940/85/413 939/51/413
f 941/91/414 945/82/414 943/83/414 939/89/414
f 946/1079/415 942/1080/415 940/1081/415 944/1082/415
f 947/328/416 988/2/416 987/1083/416 949/1084/416
f 949/1084/417 987/1083/417 989/1085/417 951/1086/417
f 951/1086/367 989/1085/367 990/1087/367 953/1088/367
f 953/1088/418 990/1087/418 991/1089/418 955/1090/418
f 955/1090/419 991/1089/419 992/1091/419 957/1092/419
f 957/1092/420 992/1091/420 993/1093/420 959/1094/420
f 959/1094/421 993/1093/421 994/1095/421 961/1096/421
f 961/1096/91 994/1095/91 995/1097/91 963/1098/91
f 963/1099/422 995/1100/422 996/1101/422 965/1102/422
f 965/1102/423 996/1101/423 997/1103/423 967/1104/423
f 967/1104/424 997/1103/424 998/1105/424 969/1106/424
f 969/1107/425 998/1108/425 999/1109/425 971/1110/425
f 971/1110/333 999/1109/333 1000/1111/333 973/1112/333
f 973/1112/426 1000/1111/426 1001/1113/426 975/1114/426
f 975/1114/427 1001/1113/427 1002/1115/427 977/1116/427
f 977/1116/428 1002/1115/428 1003/1117/428 979/1118/428
f 979/1118/429 1003/1117/429 1004/1119/429 981/1120/429
f 981/1120/371 1004/1119/371 1005/1121/371 983/1122/371
f 962/1123/429 960/1124/429 1033/1124/429 1034/1123/429
f 983/1122/430 1005/1121/430 1006/1125/430 985/1126/430
f 985/1126/431 1006/1125/431 988/1127/431 947/1128/431
f 947/354/53 949/1129/53 951/1130/53 953/1131/53 955/1132/53 957/693/53 959/1133/53 961/1134/53 963/1135/53 965/1136/53 967/701/53 969/1137/53 971/1138/53 973/1139/53 975/1140/53 977/708/53 979/1141/53 981/1142/53 983/1143/53 985/1144/53
f 960/1145/36 962/1146/36 964/1147/36 966/1148/36 996/1149/36 995/1150/36 994/1151/36 993/1152/36 992/1153/36 991/1154/36 990/1155/36 989/1156/36 987/1157/36 988/1158/36 1006/1159/36 1005/1160/36 1004/1161/36 1003/1162/36 1002/1163/36 1001/1164/36 976/1165/36 978/1166/36 980/1167/36 982/1168/36 984/1169/36 986/1170/36 948/1171/36 950/1172/36 952/1173/36 954/1174/36 956/1175/36 958/1176/36
f 974/1177/36 976/1165/36 1001/1164/36 1000/1178/36 999/1179/36 998/1180/36 997/1181/36 996/1149/36 966/1148/36 968/1182/36 970/1183/36 972/1184/36
f 1007/1185/416 1008/1186/416 1068/1186/416 1067/1185/416
f 978/1187/419 976/1188/419 1041/1188/419 1042/1187/419
f 964/1189/371 962/1123/371 1034/1123/371 1035/1189/371
f 950/1190/424 948/1191/424 1028/1191/424 1027/1190/424
f 980/1192/420 978/1187/420 1042/1187/420 1043/1192/420
f 966/1193/430 964/1189/430 1035/1189/430 1036/1193/430
f 952/1194/425 950/1190/425 1027/1190/425 1029/1194/425
f 982/1195/421 980/1192/421 1043/1192/421 1044/1195/421
f 968/1196/431 966/1193/431 1036/1193/431 1037/1196/431
f 954/1197/333 952/1194/333 1029/1194/333 1030/1197/333
f 984/1198/91 982/1195/91 1044/1195/91 1045/1198/91
f 970/1199/416 968/1196/416 1037/1196/416 1038/1199/416
f 956/1200/426 954/1197/426 1030/1197/426 1031/1200/426
f 986/1201/432 984/1198/432 1045/1198/432 1046/1201/432
f 972/1202/433 970/1199/433 1038/1199/433 1039/1202/433
f 958/1203/427 956/1200/427 1031/1200/427 1032/1203/427
f 948/1191/434 986/1201/434 1046/1201/434 1028/1191/434
f 974/1204/367 972/1202/367 1039/1202/367 1040/1204/367
f 960/1124/428 958/1203/428 1032/1203/428 1033/1124/428
f 976/1205/418 974/1206/418 1040/1207/418 1041/1208/418
f 1007/1185/435 1027/1190/435 1111/1190/435 1129/1185/435
f 1007/1185/36 1009/1209/36 1029/1194/36 1027/1190/36
f 1041/1210/436 1021/1211/436 1142/577/436 1124/1212/436
f 1010/1213/36 1011/1214/36 1031/1200/36 1030/1197/36
f 1011/1214/437 1012/1215/437 1109/1215/437 1110/1214/437
f 1012/1215/36 1013/1216/36 1033/1124/36 1032/1203/36
f 1028/1191/438 1008/1186/438 1130/1186/438 1112/1191/438
f 1014/1217/36 1015/1218/36 1035/1189/36 1034/1123/36
f 1034/1123/421 1033/1124/421 1116/1124/421 1115/1123/421
f 1016/1219/36 1017/1220/36 1037/1196/36 1036/1193/36
f 1020/1221/439 1040/1204/439 1121/1204/439 1139/1221/439
f 1018/1222/36 1019/1223/36 1039/1202/36 1038/1199/36
f 1013/1216/440 1014/1217/440 1133/1217/440 1134/1216/440
f 1020/1221/36 1021/1224/36 1041/1188/36 1040/1204/36
f 1039/1202/441 1019/1223/441 1140/1223/441 1122/1202/441
f 1022/1225/36 1023/1226/36 1043/1192/36 1042/1187/36
f 1046/1201/430 1045/1198/430 1128/1198/430 1127/1201/430
f 1024/1227/36 1025/1228/36 1045/1198/36 1044/1195/36
f 1025/1228/442 1026/1229/442 1145/1229/442 1146/1228/442
f 1026/1229/36 1008/1186/36 1028/1191/36 1046/1201/36
f 1057/1230/443 1056/1231/443 1096/1231/443 1097/1230/443
f 1023/1226/428 1022/1225/428 1082/1225/428 1083/1226/428
f 1016/1219/422 1015/1218/422 1075/1218/422 1076/1219/422
f 1009/1209/417 1007/1185/417 1067/1185/417 1069/1209/417
f 1024/1227/429 1023/1226/429 1083/1226/429 1084/1227/429
f 1017/1220/423 1016/1219/423 1076/1219/423 1077/1220/423
f 1010/1213/367 1009/1209/367 1069/1209/367 1070/1213/367
f 1025/1228/371 1024/1227/371 1084/1227/371 1085/1228/371
f 1018/1222/424 1017/1220/424 1077/1220/424 1078/1222/424
f 1011/1214/418 1010/1213/418 1070/1213/418 1071/1214/418
f 1026/1229/430 1025/1228/430 1085/1228/430 1086/1229/430
f 1019/1223/425 1018/1222/425 1078/1222/425 1079/1223/425
f 1012/1215/419 1011/1214/419 1071/1214/419 1072/1215/419
f 1008/1186/431 1026/1229/431 1086/1229/431 1068/1186/431
f 1020/1221/333 1019/1223/333 1079/1223/333 1080/1221/333
f 1013/1216/420 1012/1215/420 1072/1215/420 1073/1216/420
f 1021/1224/426 1020/1221/426 1080/1221/426 1081/1224/426
f 1014/1217/421 1013/1216/421 1073/1216/421 1074/1217/421
f 1022/1225/427 1021/1224/427 1081/1224/427 1082/1225/427
f 1015/1218/91 1014/1217/91 1074/1217/91 1075/1218/91
f 1056/1231/36 1057/1230/36 1077/1220/36 1076/1219/36 1075/1218/36 1074/1217/36 1073/1216/36 1072/1215/36 1071/1214/36 1070/1213/36 1069/1209/36 1067/1185/36 1068/1186/36 1086/1229/36 1085/1228/36 1084/1227/36 1083/1226/36 1082/1225/36 1081/1224/36 1080/1221/36 1079/1223/36 1078/1222/36 1058/1232/36 1059/1233/36 1060/1234/36 1061/1235/36 1062/1236/36 1063/1237/36 1064/1238/36 1065/1239/36 1066/1240/36 1048/1241/36 1047/1242/36 1049/1243/36 1050/1244/36 1051/1245/36 1052/1246/36 1053/1247/36 1054/1248/36 1055/1249/36
f 1057/1230/36 1058/1232/36 1078/1222/36 1077/1220/36
f 1094/1248/181 1093/1247/181 1173/1247/181 1174/1248/181
f 1050/1244/444 1049/1243/444 1089/1243/444 1090/1244/444
f 1065/1239/445 1064/1238/445 1104/1238/445 1105/1239/445
f 1058/1232/446 1057/1230/446 1097/1230/446 1098/1232/446
f 1051/1245/447 1050/1244/447 1090/1244/447 1091/1245/447
f 1066/1240/448 1065/1239/448 1105/1239/448 1106/1240/448
f 1059/1233/449 1058/1232/449 1098/1232/449 1099/1233/449
f 1052/1246/450 1051/1245/450 1091/1245/450 1092/1246/450
f 1048/1241/451 1066/1240/451 1106/1240/451 1088/1241/451
f 1060/1234/452 1059/1233/452 1099/1233/452 1100/1234/452
f 1053/1247/453 1052/1246/453 1092/1246/453 1093/1247/453
f 1061/1235/454 1060/1234/454 1100/1234/454 1101/1235/454
f 1054/1248/455 1053/1247/455 1093/1247/455 1094/1248/455
f 1062/1236/456 1061/1235/456 1101/1235/456 1102/1236/456
f 1055/1249/457 1054/1248/457 1094/1248/457 1095/1249/457
f 1047/1242/458 1048/1241/458 1088/1241/458 1087/1242/458
f 1063/1237/459 1062/1236/459 1102/1236/459 1103/1237/459
f 1056/1231/460 1055/1249/460 1095/1249/460 1096/1231/460
f 1049/1243/461 1047/1242/461 1087/1242/461 1089/1243/461
f 1064/1238/462 1063/1237/462 1103/1237/462 1104/1238/462
f 1110/1214/463 1109/1215/463 1107/1203/463 1108/1200/463
f 1031/1200/464 1011/1214/464 1110/1214/464 1108/1200/464
f 1012/1215/465 1032/1203/465 1107/1203/465 1109/1215/465
f 1032/1203/419 1031/1200/419 1108/1200/419 1107/1203/419
f 1130/1186/466 1129/1185/466 1111/1190/466 1112/1191/466
f 1132/1209/467 1131/1213/467 1113/1197/467 1114/1194/467
f 1134/1216/468 1133/1217/468 1115/1123/468 1116/1124/468
f 1136/1218/469 1135/1219/469 1117/1193/469 1118/1189/469
f 1138/1220/470 1137/1222/470 1119/1199/470 1120/1196/470
f 1140/1223/471 1139/1221/471 1121/1204/471 1122/1202/471
f 1142/1224/472 1141/1225/472 1123/1187/472 1124/1188/472
f 1144/1226/473 1143/1227/473 1125/1195/473 1126/1192/473
f 1146/1228/474 1145/1229/474 1127/1201/474 1128/1198/474
f 1015/1218/475 1016/1219/475 1135/1219/475 1136/1218/475
f 1022/1225/476 1042/1187/476 1123/1187/476 1141/1225/476
f 1036/1193/432 1035/1189/432 1118/1189/432 1117/1193/432
f 1029/1194/477 1009/1209/477 1132/1209/477 1114/1194/477
f 1043/1192/478 1023/1226/478 1144/1226/478 1126/1192/478
f 1010/1213/479 1030/1197/479 1113/1197/479 1131/1213/479
f 1017/1220/480 1018/1222/480 1137/1222/480 1138/1220/480
f 1024/1227/481 1044/1195/481 1125/1195/481 1143/1227/481
f 1038/1250/424 1037/1251/424 1120/1252/424 1119/1253/424
f 1045/1198/482 1025/1228/482 1146/1228/482 1128/1198/482
f 1019/1223/483 1020/1221/483 1139/1221/483 1140/1223/483
f 1026/1229/484 1046/1201/484 1127/1201/484 1145/1229/484
f 1040/1204/333 1039/1202/333 1122/1202/333 1121/1204/333
f 1033/1124/485 1013/1216/485 1134/1216/485 1116/1124/485
f 1008/1186/486 1007/1185/486 1129/1185/486 1130/1186/486
f 1014/1217/487 1034/1123/487 1115/1123/487 1133/1217/487
f 1027/1190/416 1028/1191/416 1112/1191/416 1111/1190/416
f 1021/1224/488 1022/1225/488 1141/1225/488 1142/1224/488
f 1042/1187/427 1041/1188/427 1124/1188/427 1123/1187/427
f 1035/1189/489 1015/1218/489 1136/1218/489 1118/1189/489
f 1009/1209/490 1010/1213/490 1131/1213/490 1132/1209/490
f 1016/1219/491 1036/1193/491 1117/1193/491 1135/1219/491
f 1030/1197/367 1029/1194/367 1114/1194/367 1113/1197/367
f 1023/1226/492 1024/1227/492 1143/1227/492 1144/1226/492
f 1044/1195/429 1043/1192/429 1126/1192/429 1125/1195/429
f 1037/1254/493 1017/1255/493 1138/1256/493 1120/1257/493
f 1018/1222/494 1038/1199/494 1119/1199/494 1137/1222/494
f 1164/1258/421 1163/1259/421 1203/1259/421 1204/1258/421
f 1102/1236/181 1101/1235/181 1181/1235/181 1182/1236/181
f 1095/1249/181 1094/1248/181 1174/1248/181 1175/1249/181
f 1087/1242/181 1088/1241/181 1168/1241/181 1167/1242/181
f 1103/1237/181 1102/1236/181 1182/1236/181 1183/1237/181
f 1096/1231/181 1095/1249/181 1175/1249/181 1176/1231/181
f 1089/1243/181 1087/1242/181 1167/1242/181 1169/1243/181
f 1104/1238/181 1103/1237/181 1183/1237/181 1184/1238/181
f 1097/1230/181 1096/1231/181 1176/1231/181 1177/1230/181
f 1090/1244/181 1089/1243/181 1169/1243/181 1170/1244/181
f 1105/1239/181 1104/1238/181 1184/1238/181 1185/1239/181
f 1098/1232/181 1097/1230/181 1177/1230/181 1178/1232/181
f 1091/1245/181 1090/1244/181 1170/1244/181 1171/1245/181
f 1106/1240/181 1105/1239/181 1185/1239/181 1186/1240/181
f 1099/1233/181 1098/1232/181 1178/1232/181 1179/1233/181
f 1092/1246/181 1091/1245/181 1171/1245/181 1172/1246/181
f 1088/1241/181 1106/1240/181 1186/1240/181 1168/1241/181
f 1100/1234/181 1099/1233/181 1179/1233/181 1180/1234/181
f 1093/1247/181 1092/1246/181 1172/1246/181 1173/1247/181
f 1101/1235/181 1100/1234/181 1180/1234/181 1181/1235/181
f 1156/1260/36 1157/1261/36 1177/1230/36 1176/1231/36 1175/1249/36 1174/1248/36 1173/1247/36 1172/1246/36 1171/1245/36 1170/1244/36 1169/1243/36 1167/1242/36 1168/1241/36 1186/1240/36 1185/1239/36 1184/1238/36 1183/1237/36 1182/1236/36 1181/1235/36 1180/1234/36 1160/1262/36 1161/1263/36 1162/1264/36 1163/1259/36 1164/1258/36 1165/1265/36 1166/1266/36 1148/1267/36 1147/1268/36 1149/1269/36 1150/1270/36 1151/1271/36 1152/1272/36 1153/1273/36 1154/1274/36 1155/1275/36
f 1159/1276/36 1160/1262/36 1180/1234/36 1179/1233/36 1178/1232/36 1177/1230/36 1157/1261/36 1158/1277/36
f 1187/1268/36 1188/1267/36 1206/1266/36 1205/1265/36 1204/1258/36 1203/1259/36 1202/1264/36 1201/1263/36 1200/1262/36 1199/1276/36 1198/1277/36 1197/1261/36 1196/1260/36 1195/1275/36 1194/1274/36 1193/1273/36 1192/1272/36 1191/1271/36 1190/1270/36 1189/1269/36
f 1157/1261/431 1156/1260/431 1196/1260/431 1197/1261/431
f 1150/1270/333 1149/1269/333 1189/1269/333 1190/1270/333
f 1165/1265/91 1164/1258/91 1204/1258/91 1205/1265/91
f 1158/1277/416 1157/1261/416 1197/1261/416 1198/1277/416
f 1151/1271/426 1150/1270/426 1190/1270/426 1191/1271/426
f 1166/1266/432 1165/1265/432 1205/1265/432 1206/1266/432
f 1159/1276/433 1158/1277/433 1198/1277/433 1199/1276/433
f 1152/1272/427 1151/1271/427 1191/1271/427 1192/1272/427
f 1148/1267/434 1166/1266/434 1206/1266/434 1188/1267/434
f 1160/1262/367 1159/1276/367 1199/1276/367 1200/1262/367
f 1153/1273/428 1152/1272/428 1192/1272/428 1193/1273/428
f 1161/1263/418 1160/1262/418 1200/1262/418 1201/1263/418
f 1154/1274/429 1153/1273/429 1193/1273/429 1194/1274/429
f 1162/1264/419 1161/1263/419 1201/1263/419 1202/1264/419
f 1155/1275/371 1154/1274/371 1194/1274/371 1195/1275/371
f 1147/1268/424 1148/1267/424 1188/1267/424 1187/1268/424
f 1163/1259/420 1162/1264/420 1202/1264/420 1203/1259/420
f 1156/1260/430 1155/1275/430 1195/1275/430 1196/1260/430
f 1149/1269/425 1147/1268/425 1187/1268/425 1189/1269/425
f 1235/1278/495 1236/1279/495 1210/1083/495 1208/2/495
f 1236/1279/496 1237/1280/496 1212/1085/496 1210/1083/496
f 1265/1281/185 1227/1114/185 1229/1118/185 1266/1282/185
f 1226/1109/497 1246/1283/497 1247/1284/497 1248/1285/497 1228/1113/497
f 1242/1286/498 1243/1287/498 1220/1288/498 1218/1097/498
f 1243/1287/499 1244/1289/499 1222/1290/499 1220/1288/499
f 1244/1289/500 1245/1291/500 1224/1108/500 1222/1290/500
f 1245/1291/501 1246/1283/501 1226/1109/501 1224/1108/501
f 1230/1117/502 1249/1292/502 1250/1293/502 1251/1294/502 1232/1121/502
f 1214/1089/180 1239/1295/180 1240/1296/180 1216/1093/180
f 1255/1297/503 1254/1298/503 1211/1086/503 1213/1090/503 1256/1299/503
f 1210/1300/179 1212/1301/179 1214/1302/179 1216/1303/179 1218/1304/179 1220/1305/179 1222/1306/179 1224/1307/179 1226/1308/179 1228/1309/179 1230/1310/179 1232/1311/179 1234/1312/179 1208/1313/179
f 1251/1294/504 1252/1314/504 1234/1125/504 1232/1121/504
f 1252/1314/505 1235/1315/505 1208/1127/505 1234/1125/505
f 1207/1316/182 1233/1317/182 1231/1318/182 1229/1319/182 1227/1320/182 1225/1321/182 1223/1322/182 1221/1323/182 1219/1324/182 1217/1325/182 1215/1133/182 1213/1326/182 1211/1327/182 1209/1328/182
f 1269/1329/506 1270/1330/506 1235/1315/506 1252/1314/506
f 1268/1331/507 1269/1329/507 1252/1314/507 1251/1294/507
f 1267/1332/508 1268/1331/508 1251/1294/508 1250/1293/508
f 1266/1282/509 1267/1332/509 1250/1293/509 1249/1292/509
f 1256/1299/510 1257/1333/510 1240/1296/510 1239/1295/510
f 1264/1334/511 1265/1281/511 1248/1285/511 1247/1284/511
f 1263/1335/512 1264/1334/512 1247/1284/512 1246/1283/512
f 1262/1336/513 1263/1335/513 1246/1283/513 1245/1291/513
f 1261/1337/514 1262/1336/514 1245/1291/514 1244/1289/514
f 1260/1338/515 1261/1337/515 1244/1289/515 1243/1287/515
f 1259/1339/516 1260/1338/516 1243/1287/516 1242/1286/516
f 1258/1340/517 1259/1339/517 1242/1286/517 1241/1341/517
f 1257/1333/518 1258/1340/518 1241/1341/518 1240/1296/518
f 1228/1113/185 1248/1285/185 1249/1292/185 1230/1117/185
f 1255/1297/519 1256/1299/519 1239/1295/519 1238/1342/519
f 1254/1298/520 1255/1297/520 1238/1342/520 1237/1280/520
f 1253/1343/521 1254/1298/521 1237/1280/521 1236/1279/521
f 1270/1344/522 1253/1343/522 1236/1279/522 1235/1278/522
f 1207/328/495 1209/1084/495 1253/1343/495 1270/1344/495
f 1209/1084/496 1211/1086/496 1254/1298/496 1253/1343/496
f 1212/1085/523 1237/1280/523 1238/1342/523 1239/1295/523 1214/1089/523
f 1264/1334/524 1263/1335/524 1225/1110/524 1227/1114/524 1265/1281/524
f 1267/1332/525 1266/1282/525 1229/1118/525 1231/1122/525 1268/1331/525
f 1217/1098/498 1219/1345/498 1260/1338/498 1259/1339/498
f 1219/1345/526 1221/1346/526 1261/1337/526 1260/1338/526
f 1221/1346/527 1223/1107/527 1262/1336/527 1261/1337/527
f 1223/1107/528 1225/1110/528 1263/1335/528 1262/1336/528
f 1258/1340/529 1257/1333/529 1215/1094/529 1217/1098/529 1259/1339/529
f 1256/1299/180 1213/1090/180 1215/1094/180 1257/1333/180
f 1216/1093/530 1240/1296/530 1241/1341/530 1242/1286/530 1218/1097/530
f 1231/1122/531 1233/1126/531 1269/1329/531 1268/1331/531
f 1233/1126/505 1207/1128/505 1270/1330/505 1269/1329/505
f 1265/1281/532 1266/1282/532 1249/1292/532 1248/1285/532
f 1299/1278/499 1300/1279/499 1275/1083/499 1271/2/499
f 1300/1279/498 1301/1280/498 1281/1085/498 1275/1083/498
f 1275/1347/182 1281/1348/182 1282/1349/182 1274/1350/182 1280/1351/182 1285/1352/182 1286/1353/182 1288/1354/182 1290/1355/182 1292/1356/182 1294/1357/182 1296/1358/182 1298/1359/182 1271/1360/182
f 1307/1287/495 1308/1289/495 1286/1290/495 1285/1288/495
f 1306/1286/533 1307/1287/533 1285/1288/533 1280/1097/533
f 1315/1361/528 1316/1362/528 1298/1363/528 1296/1364/528
f 1290/1109/534 1310/1283/534 1311/1284/534 1312/1285/534 1292/1113/534
f 1272/1316/179 1297/1317/179 1295/1318/179 1293/1319/179 1291/1320/179 1289/1321/179 1287/1322/179 1284/1323/179 1283/1324/179 1279/1325/179 1273/1133/179 1276/1326/179 1277/1327/179 1278/1328/179
f 1316/1314/500 1299/1315/500 1271/1127/500 1298/1125/500
f 1329/1281/185 1291/1114/185 1293/1118/185 1330/1282/185
f 1282/1089/180 1303/1295/180 1304/1296/180 1274/1093/180
f 1309/1291/531 1310/1283/531 1290/1109/531 1288/1108/531
f 1294/1365/535 1313/1366/535 1314/1367/535 1315/1361/535 1296/1364/535
f 1319/1297/536 1318/1298/536 1277/1086/536 1276/1090/536 1320/1299/536
f 1308/1289/537 1309/1291/537 1288/1108/537 1286/1290/537
f 1333/1329/538 1334/1330/538 1299/1315/538 1316/1314/538
f 1332/1331/539 1333/1329/539 1316/1314/539 1315/1294/539
f 1331/1332/540 1332/1331/540 1315/1294/540 1314/1293/540
f 1330/1282/541 1331/1332/541 1314/1293/541 1313/1292/541
f 1320/1299/542 1321/1333/542 1304/1296/542 1303/1295/542
f 1328/1334/543 1329/1281/543 1312/1285/543 1311/1284/543
f 1327/1335/544 1328/1334/544 1311/1284/544 1310/1283/544
f 1326/1336/545 1327/1335/545 1310/1283/545 1309/1291/545
f 1325/1337/546 1326/1336/546 1309/1291/546 1308/1289/546
f 1324/1338/547 1325/1337/547 1308/1289/547 1307/1287/547
f 1323/1339/548 1324/1338/548 1307/1287/548 1306/1286/548
f 1322/1340/549 1323/1339/549 1306/1286/549 1305/1341/549
f 1321/1333/550 1322/1340/550 1305/1341/550 1304/1296/550
f 1292/1368/185 1312/1369/185 1313/1370/185 1294/1371/185
f 1319/1297/551 1320/1299/551 1303/1295/551 1302/1342/551
f 1318/1298/552 1319/1297/552 1302/1342/552 1301/1280/552
f 1317/1343/553 1318/1298/553 1301/1280/553 1300/1279/553
f 1334/1344/554 1317/1343/554 1300/1279/554 1299/1278/554
f 1272/328/526 1278/1084/526 1317/1343/526 1334/1344/526
f 1278/1084/498 1277/1086/498 1318/1298/498 1317/1343/498
f 1281/1085/555 1301/1280/555 1302/1342/555 1303/1295/555 1282/1089/555
f 1328/1372/556 1327/1373/556 1289/1374/556 1291/1375/556 1329/1376/556
f 1331/1377/557 1330/1378/557 1293/1379/557 1295/1380/557 1332/1381/557
f 1279/1098/496 1283/1345/496 1324/1338/496 1323/1339/496
f 1283/1345/495 1284/1346/495 1325/1337/495 1324/1338/495
f 1284/1346/537 1287/1107/537 1326/1336/537 1325/1337/537
f 1287/1107/531 1289/1110/531 1327/1335/531 1326/1336/531
f 1322/1340/558 1321/1333/558 1273/1094/558 1279/1098/558 1323/1339/558
f 1320/1299/180 1276/1090/180 1273/1094/180 1321/1333/180
f 1274/1093/559 1304/1296/559 1305/1341/559 1306/1286/559 1280/1097/559
f 1295/1122/528 1297/1126/528 1333/1329/528 1332/1331/528
f 1297/1126/560 1272/1128/560 1334/1330/560 1333/1329/560
f 1329/1281/561 1330/1282/561 1313/1292/561 1312/1285/561
f 1751/1382/562 1336/159/562 1338/79/562 1742/1383/562
f 1375/1384/563 1361/1385/563 1336/1386/563 1751/1387/563
f 1362/1388/564 1338/1389/564 1336/1386/564 1361/1385/564
f 1352/1390/565 1339/1391/565 1340/1392/565 1353/1393/565
f 1350/1394/566 1682/1394/566 1671/1395/566 1650/1396/566 1649/1397/566 1349/1397/566
f 1361/1398/567 1375/1399/567 1669/1399/567 1668/1398/567
f 1373/1400/568 1356/1401/568 1685/1401/568 1688/1400/568
f 1672/1402/569 1345/1402/569 1716/1402/569 1722/1402/569
f 1345/1403/570 1343/1404/570 1342/1405/570 1348/1406/570
f 1355/1407/568 1372/1408/568 1667/1409/568 1666/1410/568
f 1370/1411/571 1348/1412/571 1368/1413/571
f 1351/1414/572 1343/1415/572 1715/1415/572 1714/1414/572
f 1339/1391/573 1345/1403/573 1348/1406/573 1340/1392/573
f 1370/1411/574 1349/1416/574 1649/1416/574 1662/1411/574
f 1347/1417/575 1350/1394/575 1349/1397/575 1346/1418/575
f 1368/1413/576 1348/1412/576 1654/1412/576 1660/1413/576
f 1354/1419/577 1352/1420/577 1353/1421/577 1357/1422/577
f 1427/1423/578 1428/1424/578 1424/1425/578 1418/1426/578 1414/1427/578 1422/1428/578
f 1350/1429/574 1371/1430/574 1683/1430/574 1682/1429/574
f 1354/1419/579 1357/1422/579 1359/1431/579
f 1372/1432/580 1359/1433/580 1357/1434/580
f 1663/1435/581 1670/1436/581 1685/1437/581 1356/1438/581 1355/1439/581 1666/1440/581
f 1364/1441/582 1354/1442/582 1359/1431/582 1365/1443/582
f 1378/153/583 1373/1400/583 1354/1442/583 1364/1441/583
f 1743/91/584 1360/1444/584 1363/1445/584 1750/89/584
f 1742/1383/585 1338/79/585 1362/1446/585 1374/1447/585
f 1351/1448/586 1362/1388/586 1361/1385/586 1691/1449/586
f 1661/1450/587 1652/1451/587 1708/1451/587 1710/1450/587
f 1664/1434/588 1357/1434/588 1705/1434/588 1707/1434/588
f 1743/80/589 1742/1383/589 1374/1447/589 1360/1452/589
f 1356/1401/590 1373/1400/590 1378/153/590 1388/153/590
f 1374/1447/591 1362/1446/591 1677/1446/591 1690/1447/591
f 1369/1453/592 1347/1454/592 1675/1454/592 1681/1453/592
f 1372/1408/593 1357/1455/593 1664/1456/593 1667/1409/593
f 1347/1454/179 1369/1453/179 1371/1430/179 1350/1429/179
f 1346/1457/592 1368/1458/592 1660/1459/592 1659/1460/592
f 1371/1430/594 1369/1453/594 1681/1453/594 1683/1430/594
f 1349/1416/578 1370/1411/578 1368/1413/578 1346/1461/578
f 1375/1399/595 1363/1462/595 1656/1462/595 1669/1399/595
f 1354/1463/596 1373/1464/596 1688/1465/596 1687/1466/596
f 1340/1467/597 1348/1468/597 1701/1469/597 1698/1470/597
f 1363/1462/598 1375/1399/598 1751/1471/598 1750/51/598
f 1750/158/599 1751/1382/599 1742/1383/599 1743/80/599
f 1359/1472/600 1372/1473/600 1358/1474/600 1365/1475/600
f 1391/153/601 1381/153/601 1737/153/601 1741/153/601
f 1382/1476/602 1381/1477/602 1391/1478/602 1392/1479/602
f 1382/1480/603 1385/1481/603 1381/1482/603
f 1393/153/53 1732/153/53 1731/153/53 1603/153/53
f 1382/1483/604 1729/1484/604 1730/1485/604 1385/1486/604
f 1355/1487/605 1380/1488/605 1358/1489/605 1372/1490/605
f 1358/153/606 1380/153/606 1739/153/606 1736/153/606
f 1411/1491/607 1591/1492/607 1592/1493/607 1412/1494/607
f 1387/153/608 1402/153/608 1401/153/608 1384/153/608
f 1387/153/609 1384/153/609 1404/153/609 1405/153/609
f 1384/153/610 1401/153/610 1394/153/610 1383/153/610
f 1384/153/611 1383/153/611 1393/153/611 1404/153/611
f 1403/153/612 1387/153/612 1405/153/612 1406/153/612
f 1622/153/613 1402/153/613 1387/153/613 1403/153/613
f 1623/1495/614 1622/1496/614 1403/1497/614 1620/1498/614 1628/1499/614 1627/1500/614 1626/1501/614 1625/1502/614 1624/1503/614
f 1642/153/615 1643/153/615 1646/153/615 1648/153/615
f 1406/1504/616 1390/1505/616 1407/1506/616 1620/1507/616 1403/1508/616
f 1386/153/617 1395/153/617 1633/153/617 1632/153/617
f 1619/1509/618 1378/1510/618 1364/1511/618 1621/1512/618
f 1619/1513/619 1389/1514/619 1388/1515/619 1378/1516/619
f 1356/1401/620 1388/153/620 1389/153/620 1390/153/620 1406/153/620 1405/153/620 1404/153/620 1393/153/620 1603/153/620 1392/153/620 1391/153/620 1380/153/620 1355/1517/620
f 1671/1395/53 1670/1518/53 1663/1519/53 1650/1396/53
f 1621/1512/621 1364/1511/621 1408/1520/621
f 1354/1521/622 1412/1522/622 1408/1520/622 1364/1511/622
f 1591/1492/623 1593/1523/623 1413/1524/623 1592/1493/623
f 1408/1520/36 1412/1522/36 1592/1525/36 1410/1526/36
f 1385/1527/624 1409/1528/624 1365/1475/624
f 1359/1472/625 1365/1475/625 1409/1528/625 1413/1529/625 1357/1530/625
f 1422/1531/626 1423/1532/626 1426/79/626 1427/80/626
f 1416/1533/627 1417/1534/627 1430/1535/627 1431/1536/627
f 1424/1537/628 1425/1538/628 1419/84/628 1418/83/628
f 1418/83/180 1419/84/180 1415/85/180 1414/51/180
f 1428/1539/36 1429/1540/36 1425/1541/36 1424/1542/36
f 1414/158/53 1415/159/53 1423/1532/53 1422/1531/53
f 1417/1543/185 1416/1544/185 1427/1545/185 1426/1546/185
f 1590/153/629 1594/153/629 1593/153/629 1591/153/629 1411/153/629
f 1420/1547/185 1421/1548/185 1417/1543/185 1426/1546/185 1429/1549/185 1428/1550/185 1427/1545/185 1416/1544/185
f 1431/1551/185 1430/1552/185 1433/1553/185 1432/1554/185
f 1421/1553/53 1420/1554/53 1432/1554/53 1433/1553/53
f 1420/1554/179 1416/1551/179 1431/1551/179 1432/1554/179
f 1417/1555/182 1421/1556/182 1433/1557/182 1430/1558/182
f 1434/1559/185 1436/1560/185 1437/1561/185 1435/1562/185
f 1436/80/53 1440/82/53 1441/81/53 1437/79/53
f 1440/82/180 1438/83/180 1439/84/180 1441/81/180
f 1438/1563/36 1434/1564/36 1435/1565/36 1439/1566/36
f 1436/1567/630 1434/1568/630 1438/1569/630 1440/1570/630
f 1441/81/631 1439/84/631 1435/1066/631 1437/330/631
f 1743/153/53 1750/153/53 1752/153/53 1744/153/53
f 1447/153/632 1336/153/632 1338/153/632 1446/153/632
f 1753/153/633 1751/153/633 1336/153/633 1447/153/633
f 1444/153/634 1757/153/634 1755/153/634 1366/153/634
f 1744/153/635 1752/153/635 1753/153/635 1745/153/635
f 1753/153/636 1447/153/636 1446/153/636 1745/153/636
f 1446/153/637 1338/153/637 1742/153/637 1745/153/637
f 1367/153/638 1746/153/638 1749/153/638 1445/153/638
f 1450/80/639 1479/79/639 1481/81/639 1454/82/639
f 1481/1571/640 1482/1572/640 1457/1573/640 1454/1574/640
f 1483/1575/641 1461/1576/641 1462/1577/641 1482/1578/641
f 1463/1579/642 1468/1580/642 1469/1581/642 1464/1582/642
f 1464/1582/643 1469/1581/643 1470/1583/643 1465/1584/643
f 1466/153/644 1471/153/644 1472/153/644 1467/153/644
f 1465/153/645 1470/153/645 1471/153/645 1466/153/645
f 1363/1445/646 1344/1585/646 1657/1585/646 1692/1586/646 1656/1445/646
f 1471/1587/647 1470/1588/647 1613/1589/647 1614/1590/647
f 1470/1588/648 1469/1591/648 1612/1592/648 1613/1589/648
f 1469/1591/649 1468/1593/649 1611/1594/649 1612/1592/649
f 1429/81/650 1426/330/650 1423/1595/650 1415/1066/650 1419/84/650 1425/1538/650
f 1478/1596/651 1471/1587/651 1614/1590/651
f 1483/1597/652 1473/1598/652 1452/1599/652 1459/1600/652 1461/1601/652
f 1458/1602/653 1462/1577/653 1461/1576/653 1459/1603/653
f 1458/1604/654 1457/1605/654 1482/1606/654 1462/1607/654
f 1449/1608/655 1453/1609/655 1488/1609/655 1484/1608/655
f 1449/1610/656 1451/1611/656 1479/1612/656 1480/1613/656
f 1451/1611/657 1455/1614/657 1481/1615/657 1479/1612/657
f 1455/1614/658 1460/1616/658 1482/1617/658 1481/1615/658
f 1476/1618/659 1475/1619/659 1474/1620/659 1483/1621/659 1453/1622/659 1449/1610/659 1480/1613/659 1477/1623/659
f 1460/1616/660 1453/1622/660 1483/1621/660 1482/1617/660
f 1484/1608/661 1488/1609/661 1487/1624/661 1486/1625/661 1485/1626/661
f 1455/1625/662 1451/1626/662 1485/1626/662 1486/1625/662
f 1453/1609/663 1460/1624/663 1487/1624/663 1488/1609/663
f 1460/1624/664 1455/1625/664 1486/1625/664 1487/1624/664
f 1451/1626/665 1449/1608/665 1484/1608/665 1485/1626/665
f 1489/158/666 1490/159/666 1492/79/666 1491/80/666
f 1491/1627/667 1492/1628/667 1496/1629/667 1495/1630/667
f 1495/1631/36 1496/1632/36 1494/1633/36 1493/1634/36
f 1493/83/180 1494/84/180 1490/85/180 1489/51/180
f 1491/1635/668 1495/1636/668 1493/1637/668 1489/1638/668
f 1496/1639/669 1492/1640/669 1490/1641/669 1494/1642/669
f 1497/328/670 1492/2/670 1499/3/670 1498/632/670
f 1498/632/671 1499/3/671 1501/5/671 1500/329/671
f 1500/329/672 1501/5/672 1503/7/672 1502/633/672
f 1502/633/673 1503/7/673 1505/9/673 1504/330/673
f 1504/330/674 1505/9/674 1507/634/674 1506/635/674
f 1506/635/675 1507/634/675 1509/331/675 1508/332/675
f 1508/332/676 1509/331/676 1511/636/676 1510/637/676
f 1510/637/677 1511/636/677 1513/333/677 1512/334/677
f 1512/334/678 1513/333/678 1515/638/678 1514/639/678
f 1514/639/679 1515/638/679 1517/335/679 1516/336/679
f 1519/1643/680 1520/1644/680 1522/1645/680 1521/1646/680
f 1521/1646/681 1522/1645/681 1524/1647/681 1523/1648/681
f 1523/1649/682 1524/1650/682 1526/1651/682 1525/1652/682
f 1525/645/683 1526/644/683 1491/339/683 1527/340/683
f 1527/1653/684 1491/1654/684 1529/1655/684 1528/1656/684
f 1528/647/685 1529/646/685 1531/48/685 1530/341/685
f 1530/341/686 1531/48/686 1533/49/686 1532/648/686
f 1532/648/687 1533/49/687 1535/51/687 1534/82/687
f 1534/82/688 1535/51/688 1537/24/688 1536/649/688
f 1536/649/689 1537/24/689 1539/345/689 1538/346/689
f 1538/346/690 1539/345/690 1541/25/690 1540/650/690
f 1540/650/691 1541/25/691 1543/57/691 1542/347/691
f 1542/347/692 1543/57/692 1545/59/692 1544/651/692
f 1544/651/693 1545/59/693 1547/61/693 1546/348/693
f 1546/348/694 1547/61/694 1549/63/694 1548/652/694
f 1548/652/695 1549/63/695 1551/65/695 1550/91/695
f 1550/91/696 1551/65/696 1553/67/696 1552/653/696
f 1552/653/697 1553/67/697 1555/69/697 1554/352/697
f 1499/1657/185 1492/1658/185 1557/1659/185 1555/1660/185 1553/1661/185 1551/1662/185 1549/1663/185 1547/1664/185 1545/1665/185 1543/1666/185 1541/1667/185 1539/1668/185 1537/1669/185 1535/1670/185 1533/1671/185 1531/1672/185 1529/1673/185 1491/1674/185 1526/1675/185 1524/1676/185 1522/1677/185 1520/1678/185 1518/1679/185 1517/1680/185 1515/1681/185 1513/1682/185 1511/1683/185 1509/1684/185 1507/1685/185 1505/1686/185 1503/1687/185 1501/1688/185
f 1554/352/698 1555/69/698 1557/73/698 1556/686/698
f 1556/686/699 1557/73/699 1492/75/699 1497/353/699
f 1558/1689/700 1559/1690/700 1561/1691/700 1560/1692/700
f 1560/1693/701 1561/1694/701 1563/1695/701 1562/1696/701
f 1562/1696/702 1563/1695/702 1565/1697/702 1564/1698/702
f 1564/1698/703 1565/1697/703 1567/1699/703 1566/1700/703
f 1566/1700/704 1567/1699/704 1569/1701/704 1568/1702/704
f 1568/1702/705 1569/1701/705 1571/1703/705 1570/1704/705
f 1570/81/706 1571/85/706 1573/337/706 1572/338/706
f 1572/338/707 1573/337/707 1575/339/707 1574/340/707
f 1574/340/708 1575/339/708 1577/48/708 1576/341/708
f 1576/341/709 1577/48/709 1579/51/709 1578/82/709
f 1578/82/710 1579/51/710 1581/345/710 1580/346/710
f 1580/346/711 1581/345/711 1583/57/711 1582/347/711
f 1582/347/712 1583/57/712 1585/61/712 1584/348/712
f 1584/348/713 1585/61/713 1587/65/713 1586/91/713
f 1561/1705/185 1559/1706/185 1589/1707/185 1587/1708/185 1585/1709/185 1583/1710/185 1581/1711/185 1579/1712/185 1577/1713/185 1575/1714/185 1573/1715/185 1571/1716/185 1569/1717/185 1567/1718/185 1565/1719/185 1563/1720/185
f 1586/1721/714 1587/1722/714 1589/1723/714 1588/1724/714
f 1588/1725/715 1589/1726/715 1559/1690/715 1558/1689/715
f 1558/354/180 1560/355/180 1562/1727/180 1564/691/180 1566/693/180 1568/1728/180 1570/1729/180 1572/699/180 1574/1730/180 1576/703/180 1578/1731/180 1580/1732/180 1582/1733/180 1584/710/180 1586/1734/180 1588/1735/180
f 1621/1512/716 1408/1520/716 1410/1526/716 1622/1736/716
f 1352/1737/717 1411/1738/717 1412/1522/717 1354/1521/717
f 1345/153/718 1343/153/718 1590/153/718 1411/153/718 1352/153/718 1339/153/718
f 1595/1739/185 1597/1740/185 1598/1741/185 1596/1742/185
f 1597/80/53 1601/82/53 1602/81/53 1598/79/53
f 1601/82/180 1599/83/180 1600/84/180 1602/81/180
f 1599/1743/36 1595/1744/36 1596/1745/36 1600/1746/36
f 1597/1747/630 1595/1748/630 1599/1749/630 1601/1750/630
f 1602/81/631 1600/84/631 1596/1066/631 1598/330/631
f 1604/153/36 1734/153/36 1735/153/36 1394/153/36
f 1603/153/53 1731/153/53 1733/153/53 1392/153/53
f 1409/1528/719 1385/1527/719 1604/1751/719 1607/1752/719
f 1604/153/720 1394/153/720 1401/153/720 1402/153/720 1622/153/720 1410/153/720 1606/153/720 1605/153/720
f 1592/1525/721 1413/1529/721 1409/1528/721 1607/1752/721 1410/1526/721
f 1413/1524/722 1593/1523/722 1353/1753/722 1357/1754/722
f 1516/336/723 1517/1755/723 1518/1756/723 1610/153/723
f 1472/153/724 1471/153/724 1478/153/724
f 1614/1590/725 1615/1757/725 1478/1596/725
f 1478/153/726 1615/153/726 1472/153/726
f 1448/153/727 1467/153/727 1480/153/727 1479/79/727 1450/80/727
f 1617/1758/728 1452/1759/728 1473/1760/728 1616/1761/728 1618/1762/728
f 1618/1763/729 1616/1764/729 1611/1594/729 1468/1593/729
f 1617/1765/730 1618/1766/730 1468/1580/730 1463/1579/730
f 1467/153/731 1472/153/731 1615/153/731 1480/153/731
f 1377/153/732 1379/153/732 1620/153/732 1619/153/732
f 1376/153/733 1377/153/733 1619/153/733 1621/153/733
f 1386/153/734 1376/153/734 1621/153/734 1622/153/734
f 1395/153/735 1386/153/735 1622/153/735 1623/153/735
f 1396/1767/736 1395/1768/736 1623/1769/736 1624/1770/736
f 1397/1771/737 1396/1767/737 1624/1770/737 1625/1772/737
f 1398/1773/738 1397/1771/738 1625/1772/738 1626/1774/738
f 1399/1775/739 1398/1773/739 1626/1774/739 1627/1776/739
f 1400/1777/740 1399/1775/740 1627/1776/740 1628/1778/740
f 1379/1779/741 1400/1777/741 1628/1778/741 1620/1780/741
f 1630/1781/742 1629/1782/742 1631/1783/742 1632/1784/742 1633/1785/742 1634/1786/742 1635/1787/742 1636/1788/742 1637/1789/742 1638/1790/742
f 1379/1791/743 1377/1792/743 1629/1793/743 1630/1794/743
f 1398/1795/744 1399/1796/744 1637/1797/744 1636/1798/744
f 1395/1799/745 1396/1800/745 1634/1801/745 1633/1802/745
f 1377/153/746 1376/153/746 1631/153/746 1629/153/746
f 1399/1796/747 1400/1803/747 1638/1804/747 1637/1797/747
f 1396/1800/748 1397/1805/748 1635/1806/748 1634/1801/748
f 1376/1807/749 1386/1808/749 1632/1784/749 1631/1783/749
f 1400/1803/750 1379/1809/750 1630/1810/750 1638/1804/750
f 1397/1805/751 1398/1811/751 1636/1812/751 1635/1806/751
f 1619/153/752 1620/153/752 1640/153/752 1639/153/752
f 1620/1813/753 1407/1814/753 1641/1815/753 1640/1816/753
f 1407/1814/754 1390/1817/754 1642/1818/754 1641/1815/754
f 1390/153/755 1389/153/755 1643/153/755 1642/153/755
f 1389/153/756 1619/153/756 1639/153/756 1643/153/756
f 1644/1819/757 1645/1820/757 1647/1821/757 1648/1822/757 1646/1823/757
f 1640/1824/758 1641/1825/758 1647/1826/758 1645/1827/758
f 1639/153/759 1640/153/759 1645/153/759 1644/153/759
f 1641/1825/760 1642/1828/760 1648/1829/760 1647/1826/760
f 1643/153/761 1639/153/761 1644/153/761 1646/153/761
f 1665/1830/762 1651/1831/762 1652/1832/762 1653/1833/762
f 1660/1834/763 1654/1835/763 1655/1836/763 1658/1837/763
f 1653/1833/764 1652/1832/764 1661/1838/764 1662/1839/764
f 1667/1840/765 1664/1841/765 1651/1831/765 1665/1830/765
f 1694/1842/766 1693/1843/766 1668/1844/766 1669/1845/766
f 1692/1846/767 1694/1847/767 1669/1848/767 1656/1849/767
f 1666/1850/768 1667/1851/768 1665/1852/768 1663/1853/768
f 1659/1854/182 1660/1855/182 1658/1856/182 1657/1857/182
f 1348/1450/769 1370/1411/769 1662/1411/769 1661/1450/769
f 1668/1858/770 1693/1859/770 1711/1860/770 1703/1861/770
f 1474/1862/578 1475/1863/578 1476/1864/578 1477/1865/578 1480/1866/578 1615/1867/578 1614/1868/578 1613/1869/578 1612/1870/578 1611/1871/578 1616/1872/578 1483/1873/578
f 1654/1412/771 1348/1412/771 1701/1412/771 1709/1412/771
f 1674/1874/179 1686/1875/179 1688/1400/179 1685/1401/179 1670/1876/179 1671/1877/179 1682/1429/179 1683/1430/179
f 1360/1444/772 1341/1878/772 1344/1585/772 1363/1445/772
f 1683/1430/773 1672/1879/773 1673/1880/773 1674/1874/773
f 1696/1881/774 1695/1882/774 1678/1883/774 1679/1884/774
f 1679/1884/775 1678/1883/775 1680/1885/775 1681/1453/775
f 1681/1453/776 1680/1885/776 1672/1879/776 1683/1430/776
f 1674/1874/777 1673/1880/777 1684/1886/777 1686/1875/777
f 1686/1875/778 1684/1886/778 1687/1887/778 1688/1400/778
f 1663/1853/182 1665/1852/182 1653/1888/182 1662/1889/182 1649/1890/182 1650/1891/182
f 1676/1892/179 1679/1884/179 1681/1453/179 1675/1454/179
f 1341/1878/779 1676/1878/779 1675/1417/779 1347/1417/779 1346/1418/779 1659/1418/779 1657/1585/779 1344/1585/779
f 1689/1452/780 1690/1447/780 1696/1881/780 1679/1884/780 1676/1892/780
f 1345/1402/781 1672/1402/781 1680/1893/781
f 1354/1894/782 1687/1895/782 1721/1896/782 1718/1897/782
f 1352/153/783 1354/153/783 1718/153/783 1717/153/783
f 1345/1402/784 1339/1898/784 1712/1898/784 1716/1402/784
f 1360/1452/785 1374/1447/785 1690/1447/785 1689/1452/785
f 1673/1880/786 1672/1879/786 1722/1879/786 1713/1880/786
f 1690/1447/787 1677/1446/787 1695/1882/787 1696/1881/787
f 1657/1857/788 1658/1856/788 1694/1847/788 1692/1846/788
f 1658/1837/789 1655/1836/789 1693/1843/789 1694/1842/789
f 1348/1468/790 1342/1899/790 1700/1900/790 1701/1469/790
f 1343/1415/791 1351/1414/791 1691/1901/791 1342/1902/791
f 1341/1878/792 1360/1444/792 1689/1444/792 1676/1878/792
f 1704/1903/793 1702/1904/793 1703/1905/793 1711/1906/793
f 1705/1907/794 1697/1908/794 1706/1909/794 1707/1910/794
f 1698/1911/795 1701/1912/795 1710/1913/795 1708/1914/795
f 1701/1915/796 1700/1916/796 1699/1917/796 1709/1918/796
f 1697/1908/797 1698/1911/797 1708/1914/797 1706/1909/797
f 1700/1916/798 1704/1903/798 1711/1906/798 1699/1917/798
f 1652/1451/799 1651/1919/799 1706/1919/799 1708/1451/799
f 1353/1421/800 1340/1920/800 1698/1920/800 1697/1421/800
f 1691/1921/801 1361/1922/801 1702/1923/801 1704/1924/801
f 1348/1925/802 1661/1926/802 1710/1927/802 1701/1928/802
f 1357/1929/803 1353/1930/803 1697/1931/803 1705/1932/803
f 1655/1933/804 1654/1412/804 1709/1412/804 1699/1933/804
f 1693/1934/770 1655/1933/770 1699/1933/770 1711/1934/770
f 1651/1919/805 1664/1434/805 1707/1434/805 1706/1919/805
f 1361/1935/806 1668/1936/806 1703/1937/806 1702/1938/806
f 1342/1902/807 1691/1901/807 1704/1901/807 1700/1902/807
f 1715/1415/808 1716/1893/808 1725/1893/808 1724/1415/808
f 1716/1402/809 1712/1898/809 1713/1898/809 1722/1402/809
f 1712/1898/810 1717/1420/810 1726/1420/810 1713/1898/810
f 1714/1414/811 1715/1415/811 1724/1415/811 1723/1414/811
f 1717/1420/812 1718/1419/812 1721/1419/812 1726/1420/812
f 1719/1939/813 1714/1414/813 1723/1414/813 1720/1939/813
f 1684/1886/814 1673/1880/814 1713/1880/814 1726/1886/814
f 1678/1883/815 1695/1882/815 1723/1882/815 1724/1883/815
f 1362/1939/816 1351/1414/816 1714/1414/816 1719/1939/816
f 1339/153/817 1352/153/817 1717/153/817 1712/153/817
f 1677/1446/818 1362/1446/818 1719/1446/818 1720/1446/818
f 1687/1940/819 1684/1941/819 1726/1942/819 1721/1943/819
f 1680/1885/820 1678/1883/820 1724/1883/820 1725/1885/820
f 1345/1402/821 1680/1893/821 1725/1893/821 1716/1402/821
f 1343/1415/822 1345/1893/822 1716/1893/822 1715/1415/822
f 1695/1882/815 1677/1446/815 1720/1446/815 1723/1882/815
f 1727/1944/823 1734/1945/823 1730/1946/823 1729/1947/823
f 1727/1948/824 1729/1949/824 1733/1950/824 1731/1951/824
f 1728/1952/825 1727/1948/825 1731/1951/825 1732/1953/825
f 1728/1954/826 1735/1955/826 1734/1945/826 1727/1944/826
f 1385/1956/36 1730/1946/36 1734/1945/36 1604/1957/36
f 1394/153/827 1735/153/827 1728/153/827 1383/153/827
f 1383/153/828 1728/153/828 1732/153/828 1393/153/828
f 1392/1958/829 1733/1959/829 1729/1484/829 1382/1483/829
f 1737/1960/830 1740/1961/830 1738/1962/830 1736/1963/830
f 1737/1964/831 1736/1965/831 1739/1966/831 1741/1967/831
f 1385/1527/36 1365/1475/36 1738/1962/36 1740/1961/36
f 1380/153/53 1391/153/53 1741/153/53 1739/153/53
f 1365/1968/832 1358/1969/832 1736/1970/832 1738/1971/832
f 1381/1972/833 1385/1527/833 1740/1961/833 1737/1960/833
f 1519/153/834 1489/153/834 1490/153/834 1610/153/834 1518/153/834 1520/153/834
f 1367/153/835 1742/153/835 1743/153/835 1337/153/835
f 1337/153/836 1743/153/836 1744/153/836 1442/153/836
f 1445/153/837 1745/153/837 1742/153/837 1367/153/837
f 1442/153/838 1744/153/838 1745/153/838 1445/153/838
f 1746/153/839 1747/153/839 1748/153/839 1749/153/839
f 1337/153/840 1747/153/840 1746/153/840 1367/153/840
f 1445/153/841 1749/153/841 1748/153/841 1442/153/841
f 1442/153/842 1748/153/842 1747/153/842 1337/153/842
f 1335/153/843 1750/153/843 1751/153/843 1366/153/843
f 1443/153/844 1752/153/844 1750/153/844 1335/153/844
f 1366/153/845 1751/153/845 1753/153/845 1444/153/845
f 1444/153/846 1753/153/846 1752/153/846 1443/153/846
f 1754/153/847 1755/153/847 1757/153/847 1756/153/847
f 1366/153/848 1755/153/848 1754/153/848 1335/153/848
f 1443/153/849 1756/153/849 1757/153/849 1444/153/849
f 1335/153/850 1754/153/850 1756/153/850 1443/153/850
f 1758/158/53 1759/159/53 1761/79/53 1760/80/53
f 1760/80/180 1761/79/180 1765/81/180 1764/82/180
f 1764/82/36 1765/81/36 1763/84/36 1762/83/36
f 1760/91/179 1764/82/179 1762/83/179 1758/89/179
f 1765/81/182 1761/330/182 1759/1066/182 1763/84/182
f 1766/328/851 1767/2/851 1769/1977/851 1768/1978/851
f 1768/1978/852 1769/1977/852 1771/1979/852 1770/1980/852
f 1770/1980/853 1771/1979/853 1773/1981/853 1772/1982/853
f 1772/1982/854 1773/1981/854 1775/1983/854 1774/1984/854
f 1774/1984/855 1775/1983/855 1777/1985/855 1776/1986/855
f 1776/1986/856 1777/1985/856 1779/1987/856 1778/1988/856
f 1778/1988/857 1779/1987/857 1781/1989/857 1780/1990/857
f 1780/1990/858 1781/1989/858 1783/1991/858 1782/1992/858
f 1782/1992/859 1783/1991/859 1785/1993/859 1784/1994/859
f 1784/1994/860 1785/1993/860 1787/1995/860 1786/1996/860
f 1786/1996/861 1787/1995/861 1789/1997/861 1788/1998/861
f 1788/1998/862 1789/1997/862 1791/1999/862 1790/2000/862
f 1790/2000/863 1791/1999/863 1793/2001/863 1792/2002/863
f 1792/2002/864 1793/2001/864 1795/2003/864 1794/2004/864
f 1794/2004/865 1795/2003/865 1797/2005/865 1796/2006/865
f 1796/2006/866 1797/2005/866 1799/2007/866 1798/2008/866
f 1798/2008/867 1799/2007/867 1801/2009/867 1800/2010/867
f 1800/2010/868 1801/2009/868 1803/2011/868 1802/2012/868
f 1802/2012/869 1803/2011/869 1805/2013/869 1804/2014/869
f 1804/2014/870 1805/2013/870 1807/2015/870 1806/2016/870
f 1806/2016/871 1807/2015/871 1809/2017/871 1808/2018/871
f 1808/2018/872 1809/2017/872 1811/2019/872 1810/2020/872
f 1810/2020/873 1811/2019/873 1813/2021/873 1812/2022/873
f 1812/2022/874 1813/2021/874 1815/2023/874 1814/2024/874
f 1814/2024/875 1815/2023/875 1817/2025/875 1816/2026/875
f 1816/2026/876 1817/2025/876 1819/2027/876 1818/2028/876
f 1818/2028/877 1819/2027/877 1821/2029/877 1820/2030/877
f 1820/2030/878 1821/2029/878 1823/2031/878 1822/2032/878
f 1822/2032/879 1823/2031/879 1825/2033/879 1824/2034/879
f 1824/2034/880 1825/2033/880 1827/2035/880 1826/2036/880
f 1826/2036/881 1827/2035/881 1829/2037/881 1828/2038/881
f 1828/2038/882 1829/2037/882 1831/2039/882 1830/2040/882
f 1830/2040/883 1831/2039/883 1833/2041/883 1832/2042/883
f 1832/2042/884 1833/2041/884 1835/2043/884 1834/2044/884
f 1834/2044/885 1835/2043/885 1837/2045/885 1836/2046/885
f 1836/2046/886 1837/2045/886 1839/2047/886 1838/2048/886
f 1838/2048/887 1839/2047/887 1841/2049/887 1840/2050/887
f 1840/2051/888 1841/2052/888 1843/2053/888 1842/2054/888
f 1842/2054/889 1843/2053/889 1845/2055/889 1844/2056/889
f 1844/2056/890 1845/2055/890 1847/2057/890 1846/2058/890
f 1846/2058/891 1847/2057/891 1849/2059/891 1848/2060/891
f 1848/2060/892 1849/2059/892 1851/2061/892 1850/2062/892
f 1850/2062/893 1851/2061/893 1853/2063/893 1852/2064/893
f 1852/2064/894 1853/2063/894 1855/2065/894 1854/2066/894
f 1854/2067/895 1855/2068/895 1857/2069/895 1856/2070/895
f 1856/2070/896 1857/2069/896 1859/2071/896 1858/2072/896
f 1858/2072/897 1859/2071/897 1861/2073/897 1860/2074/897
f 1860/2074/898 1861/2073/898 1863/2075/898 1862/2076/898
f 1862/2076/899 1863/2075/899 1865/2077/899 1864/2078/899
f 1864/2078/900 1865/2077/900 1867/2079/900 1866/2080/900
f 1866/2080/901 1867/2079/901 1869/2081/901 1868/2082/901
f 1868/2082/902 1869/2081/902 1871/2083/902 1870/2084/902
f 1870/2084/903 1871/2083/903 1873/2085/903 1872/2086/903
f 1872/2086/904 1873/2085/904 1875/2087/904 1874/2088/904
f 1874/2088/905 1875/2087/905 1877/2089/905 1876/2090/905
f 1876/2090/906 1877/2089/906 1879/2091/906 1878/2092/906
f 1878/2093/907 1879/2094/907 1881/2095/907 1880/2096/907
f 1880/2096/908 1881/2095/908 1883/2097/908 1882/2098/908
f 1882/2098/909 1883/2097/909 1885/2099/909 1884/2100/909
f 1884/2100/910 1885/2099/910 1887/2101/910 1886/2102/910
f 1886/2102/911 1887/2101/911 1889/2103/911 1888/2104/911
f 1888/2104/912 1889/2103/912 1891/2105/912 1890/2106/912
f 1890/2106/913 1891/2105/913 1893/2107/913 1892/2108/913
f 1892/2108/914 1893/2107/914 1895/2109/914 1894/2110/914
f 1894/2110/915 1895/2109/915 1897/2111/915 1896/2112/915
f 1896/2112/916 1897/2111/916 1899/2113/916 1898/2114/916
f 1898/2114/917 1899/2113/917 1901/2115/917 1900/2116/917
f 1900/2116/918 1901/2115/918 1903/2117/918 1902/2118/918
f 1902/2118/919 1903/2117/919 1905/2119/919 1904/2120/919
f 1904/2120/920 1905/2119/920 1907/2121/920 1906/2122/920
f 1906/2122/921 1907/2121/921 1909/2123/921 1908/2124/921
f 1908/2124/922 1909/2123/922 1911/2125/922 1910/2126/922
f 1910/2126/923 1911/2125/923 1913/2127/923 1912/2128/923
f 1912/2128/924 1913/2127/924 1915/2129/924 1914/2130/924
f 1914/2130/925 1915/2129/925 1917/2131/925 1916/2132/925
f 1916/2132/926 1917/2131/926 1919/2133/926 1918/2134/926
f 1918/2134/927 1919/2133/927 1921/2135/927 1920/2136/927
f 1920/2136/928 1921/2135/928 1923/2137/928 1922/2138/928
f 1922/2138/929 1923/2137/929 1925/2139/929 1924/2140/929
f 1924/2140/930 1925/2139/930 1927/2141/930 1926/2142/930
f 1926/2142/931 1927/2141/931 1929/2143/931 1928/2144/931
f 1928/2144/932 1929/2143/932 1931/2145/932 1930/2146/932
f 1930/2146/933 1931/2145/933 1933/2147/933 1932/2148/933
f 1932/2148/934 1933/2147/934 1935/2149/934 1934/2150/934
f 1934/2150/935 1935/2149/935 1937/2151/935 1936/2152/935
f 1936/2152/936 1937/2151/936 1939/2153/936 1938/2154/936
f 1938/2155/937 1939/2156/937 1941/2157/937 1940/2158/937
f 1940/2158/938 1941/2157/938 1943/2159/938 1942/2160/938
f 1942/2160/939 1943/2159/939 1945/2161/939 1944/2162/939
f 1944/2162/940 1945/2161/940 1947/2163/940 1946/2164/940
f 1946/2164/941 1947/2163/941 1949/2165/941 1948/2166/941
f 1948/2166/942 1949/2165/942 1951/2167/942 1950/2168/942
f 1950/2168/943 1951/2167/943 1953/2169/943 1952/2170/943
f 1952/2170/944 1953/2169/944 1955/2171/944 1954/2172/944
f 1954/2172/945 1955/2171/945 1957/2173/945 1956/2174/945
f 1956/2174/946 1957/2173/946 1959/2175/946 1958/2176/946
f 1958/2176/947 1959/2175/947 1961/2177/947 1960/2178/947
f 1960/2178/948 1961/2177/948 1963/2179/948 1962/2180/948
f 1951/2167/949 1949/2165/949 2057/2165/949 2058/2167/949
f 1962/2180/950 1963/2179/950 1965/2181/950 1964/2182/950
f 1964/2182/951 1965/2181/951 1767/2183/951 1766/2184/951
f 1768/1978/952 1770/1980/952 2368/1980/952 2367/1978/952
f 1993/2029/877 1992/2027/877 2192/2027/877 2193/2029/877
f 1917/2185/953 1915/2186/953 2040/2186/953 2041/2185/953
f 1883/2097/954 1881/2095/954 2023/2187/954 2024/2188/954
f 1849/2059/955 1847/2057/955 2006/2189/955 2007/2190/955
f 1815/2023/956 1813/2021/956 1989/2021/956 1990/2023/956
f 1781/1989/957 1779/1987/957 1972/1987/957 1973/1989/957
f 1953/2169/958 1951/2167/958 2058/2167/958 2059/2169/958
f 1919/2191/959 1917/2185/959 2041/2185/959 2042/2191/959
f 1885/2099/960 1883/2097/960 2024/2188/960 2025/2192/960
f 1851/2061/961 1849/2059/961 2007/2190/961 2008/2193/961
f 1817/2025/962 1815/2023/962 1990/2023/962 1991/2025/962
f 1783/1991/963 1781/1989/963 1973/1989/963 1974/1991/963
f 1955/2171/964 1953/2169/964 2059/2169/964 2060/2171/964
f 1921/2194/965 1919/2191/965 2042/2191/965 2043/2194/965
f 1887/2101/966 1885/2099/966 2025/2192/966 2026/2195/966
f 1853/2063/967 1851/2061/967 2008/2193/967 2009/2196/967
f 1819/2027/968 1817/2025/968 1991/2025/968 1992/2027/968
f 1785/1993/969 1783/1991/969 1974/1991/969 1975/1993/969
f 1957/2173/970 1955/2171/970 2060/2171/970 2061/2173/970
f 1923/2197/971 1921/2194/971 2043/2194/971 2044/2197/971
f 1889/2103/972 1887/2101/972 2026/2195/972 2027/2198/972
f 1855/2199/973 1853/2200/973 2009/2200/973 2010/2199/973
f 1821/2029/974 1819/2027/974 1992/2027/974 1993/2029/974
f 1787/1995/975 1785/1993/975 1975/1993/975 1976/1995/975
f 1959/2175/976 1957/2173/976 2061/2173/976 2062/2175/976
f 1925/2201/977 1923/2197/977 2044/2197/977 2045/2201/977
f 1891/2202/978 1889/2203/978 2027/2203/978 2028/2202/978
f 1857/2069/979 1855/2068/979 2010/2204/979 2011/2205/979
f 1823/2031/980 1821/2029/980 1993/2029/980 1994/2031/980
f 1789/1997/981 1787/1995/981 1976/1995/981 1977/1997/981
f 1961/2177/982 1959/2175/982 2062/2175/982 2063/2177/982
f 1927/2206/983 1925/2201/983 2045/2201/983 2046/2206/983
f 1893/2207/984 1891/2202/984 2028/2202/984 2029/2207/984
f 1859/2071/985 1857/2069/985 2011/2205/985 2012/2208/985
f 1825/2033/986 1823/2031/986 1994/2031/986 1995/2033/986
f 1791/1999/987 1789/1997/987 1977/1997/987 1978/1999/987
f 1963/2179/988 1961/2177/988 2063/2177/988 2064/2179/988
f 1929/2209/989 1927/2206/989 2046/2206/989 2047/2209/989
f 1895/2109/990 1893/2107/990 2029/2210/990 2030/2211/990
f 1861/2073/991 1859/2071/991 2012/2208/991 2013/2212/991
f 1827/2035/992 1825/2033/992 1995/2033/992 1996/2035/992
f 1793/2001/993 1791/1999/993 1978/1999/993 1979/2001/993
f 1965/2181/994 1963/2179/994 2064/2179/994 2065/2181/994
f 1931/2213/995 1929/2209/995 2047/2209/995 2048/2213/995
f 1897/2111/996 1895/2109/996 2030/2211/996 2031/2214/996
f 1863/2075/997 1861/2073/997 2013/2212/997 2014/2215/997
f 1829/2037/998 1827/2035/998 1996/2035/998 1997/2037/998
f 1795/2003/999 1793/2001/999 1979/2001/999 1980/2003/999
f 1767/2183/1000 1965/2181/1000 2065/2181/1000 1967/2183/1000
f 1933/2216/1001 1931/2213/1001 2048/2213/1001 2049/2216/1001
f 1899/2113/1002 1897/2111/1002 2031/2214/1002 2032/2217/1002
f 1865/2077/1003 1863/2075/1003 2014/2215/1003 2015/2218/1003
f 1831/2039/1004 1829/2037/1004 1997/2037/1004 1998/2039/1004
f 1797/2005/1005 1795/2003/1005 1980/2003/1005 1981/2005/1005
f 1935/2219/1006 1933/2216/1006 2049/2216/1006 2050/2219/1006
f 1901/2115/1007 1899/2113/1007 2032/2217/1007 2033/2220/1007
f 1867/2079/1008 1865/2077/1008 2015/2218/1008 2016/2221/1008
f 1833/2041/1009 1831/2039/1009 1998/2039/1009 1999/2041/1009
f 1799/2007/1010 1797/2005/1010 1981/2005/1010 1982/2007/1010
f 1937/2222/1011 1935/2219/1011 2050/2219/1011 2051/2222/1011
f 1903/2117/1012 1901/2115/1012 2033/2220/1012 2034/2223/1012
f 1869/2224/1013 1867/2225/1013 2016/2225/1013 2017/2224/1013
f 1835/2043/1014 1833/2041/1014 1999/2041/1014 2000/2043/1014
f 1801/2009/1015 1799/2007/1015 1982/2007/1015 1983/2009/1015
f 1939/2156/1016 1937/2222/1016 2051/2222/1016 2052/2156/1016
f 1905/2119/1017 1903/2117/1017 2034/2223/1017 2035/2226/1017
f 1871/2083/1018 1869/2081/1018 2017/2227/1018 2018/2228/1018
f 1769/1977/1019 1767/2/1019 1967/2/1019 1966/1977/1019
f 1837/2045/1020 1835/2043/1020 2000/2043/1020 2001/2045/1020
f 1803/2011/1021 1801/2009/1021 1983/2009/1021 1984/2011/1021
f 1941/2157/1022 1939/2156/1022 2052/2156/1022 2053/2157/1022
f 1907/2229/1023 1905/2230/1023 2035/2230/1023 2036/2229/1023
f 1873/2085/1024 1871/2083/1024 2018/2228/1024 2019/2231/1024
f 1839/2047/1025 1837/2045/1025 2001/2045/1025 2002/2047/1025
f 1805/2013/1026 1803/2011/1026 1984/2011/1026 1985/2013/1026
f 1771/1979/1027 1769/1977/1027 1966/1977/1027 1968/1979/1027
f 1943/2159/1028 1941/2157/1028 2053/2157/1028 2054/2159/1028
f 1909/2123/1029 1907/2121/1029 2036/2232/1029 2037/2233/1029
f 1875/2087/1030 1873/2085/1030 2019/2231/1030 2020/2234/1030
f 1841/2049/1031 1839/2047/1031 2002/2047/1031 2003/2049/1031
f 1807/2015/1032 1805/2013/1032 1985/2013/1032 1986/2015/1032
f 1773/1981/1033 1771/1979/1033 1968/1979/1033 1969/1981/1033
f 1945/2161/1034 1943/2159/1034 2054/2159/1034 2055/2161/1034
f 1911/2235/1035 1909/2236/1035 2037/2236/1035 2038/2235/1035
f 1877/2089/1036 1875/2087/1036 2020/2234/1036 2021/2237/1036
f 1843/2238/1037 1841/2049/1037 2003/2049/1037 2004/2238/1037
f 1809/2017/1038 1807/2015/1038 1986/2015/1038 1987/2017/1038
f 1775/1983/1039 1773/1981/1039 1969/1981/1039 1970/1983/1039
f 1947/2163/1040 1945/2161/1040 2055/2161/1040 2056/2163/1040
f 1913/2239/1041 1911/2235/1041 2038/2235/1041 2039/2239/1041
f 1879/2091/1042 1877/2089/1042 2021/2237/1042 2022/2240/1042
f 1845/2055/1043 1843/2053/1043 2004/2241/1043 2005/2242/1043
f 1811/2019/1044 1809/2017/1044 1987/2017/1044 1988/2019/1044
f 1777/1985/1045 1775/1983/1045 1970/1983/1045 1971/1985/1045
f 1949/2165/1046 1947/2163/1046 2056/2163/1046 2057/2165/1046
f 1915/2186/1047 1913/2239/1047 2039/2239/1047 2040/2186/1047
f 1881/2095/1048 1879/2094/1048 2022/2243/1048 2023/2187/1048
f 1847/2244/1049 1845/2245/1049 2005/2245/1049 2006/2244/1049
f 1813/2021/1050 1811/2019/1050 1988/2019/1050 1989/2021/1050
f 1779/1987/1051 1777/1985/1051 1971/1985/1051 1972/1987/1051
f 2133/2246/867 2132/2247/867 2332/2247/867 2333/2246/867
f 2045/2201/929 2044/2197/929 2244/2197/929 2245/2201/929
f 1994/2031/878 1993/2029/878 2193/2029/878 2194/2031/878
f 2046/2248/930 2045/2249/930 2245/2250/930 2246/2251/930
f 1995/2033/879 1994/2031/879 2194/2031/879 2195/2033/879
f 2047/2209/931 2046/2206/931 2246/2206/931 2247/2209/931
f 1996/2035/880 1995/2033/880 2195/2033/880 2196/2035/880
f 2048/2213/932 2047/2209/932 2247/2209/932 2248/2213/932
f 1997/2037/881 1996/2035/881 2196/2035/881 2197/2037/881
f 2049/2216/933 2048/2213/933 2248/2213/933 2249/2216/933
f 1998/2039/882 1997/2037/882 2197/2037/882 2198/2039/882
f 2050/2252/934 2049/2253/934 2249/2254/934 2250/2255/934
f 1999/2041/883 1998/2039/883 2198/2039/883 2199/2041/883
f 2051/2222/935 2050/2219/935 2250/2219/935 2251/2222/935
f 2000/2043/1052 1999/2041/1052 2199/2041/1052 2200/2043/1052
f 2052/2156/936 2051/2222/936 2251/2222/936 2252/2156/936
f 2001/2045/885 2000/2043/885 2200/2043/885 2201/2045/885
f 2053/2157/937 2052/2156/937 2252/2156/937 2253/2157/937
f 2002/2047/886 2001/2045/886 2201/2045/886 2202/2047/886
f 2054/2159/938 2053/2157/938 2253/2157/938 2254/2159/938
f 2003/2049/887 2002/2047/887 2202/2047/887 2203/2049/887
f 2055/2161/939 2054/2159/939 2254/2159/939 2255/2161/939
f 2004/2238/888 2003/2049/888 2203/2049/888 2204/2238/888
f 2056/2163/940 2055/2161/940 2255/2161/940 2256/2163/940
f 2005/2245/889 2004/2238/889 2204/2238/889 2205/2245/889
f 2057/2165/1053 2056/2163/1053 2256/2163/1053 2257/2165/1053
f 2006/2244/890 2005/2245/890 2205/2245/890 2206/2244/890
f 2058/2167/942 2057/2165/942 2257/2165/942 2258/2167/942
f 2007/2256/891 2006/2244/891 2206/2244/891 2207/2256/891
f 2059/2169/943 2058/2167/943 2258/2167/943 2259/2169/943
f 2008/2193/892 2007/2190/892 2207/2257/892 2208/2258/892
f 2060/2171/944 2059/2169/944 2259/2169/944 2260/2171/944
f 2009/2196/893 2008/2193/893 2208/2258/893 2209/2259/893
f 2061/2173/945 2060/2171/945 2260/2171/945 2261/2173/945
f 2010/2260/1054 2009/2196/1054 2209/2259/1054 2210/2261/1054
f 2062/2175/946 2061/2173/946 2261/2173/946 2262/2175/946
f 2011/2262/895 2010/2199/895 2210/2199/895 2211/2262/895
f 2063/2177/947 2062/2175/947 2262/2175/947 2263/2177/947
f 2012/2263/896 2011/2262/896 2211/2262/896 2212/2263/896
f 2064/2179/948 2063/2177/948 2263/2177/948 2264/2179/948
f 2013/2212/897 2012/2208/897 2212/2264/897 2213/2265/897
f 2065/2181/950 2064/2179/950 2264/2179/950 2265/2181/950
f 2014/2215/898 2013/2212/898 2213/2265/898 2214/2266/898
f 1967/2183/951 2065/2181/951 2265/2181/951 2167/2183/951
f 2015/2267/899 2014/2268/899 2214/2268/899 2215/2267/899
f 2016/2221/900 2015/2218/900 2215/2269/900 2216/2270/900
f 2017/2224/901 2016/2225/901 2216/2225/901 2217/2224/901
f 2018/2228/902 2017/2227/902 2217/2271/902 2218/2272/902
f 1966/1977/851 1967/2/851 2167/2/851 2166/1977/851
f 2019/2273/903 2018/2274/903 2218/2274/903 2219/2273/903
f 1968/1979/852 1966/1977/852 2166/1977/852 2168/1979/852
f 2020/2234/904 2019/2231/904 2219/2275/904 2220/2276/904
f 1969/1981/853 1968/1979/853 2168/1979/853 2169/1981/853
f 2021/2237/905 2020/2234/905 2220/2276/905 2221/2277/905
f 1970/1983/854 1969/1981/854 2169/1981/854 2170/1983/854
f 2022/2240/906 2021/2237/906 2221/2277/906 2222/2278/906
f 1971/1985/855 1970/1983/855 2170/1983/855 2171/1985/855
f 2023/2187/907 2022/2243/907 2222/2279/907 2223/2280/907
f 1972/1987/856 1971/1985/856 2171/1985/856 2172/1987/856
f 2024/2188/908 2023/2187/908 2223/2280/908 2224/2281/908
f 1973/1989/857 1972/1987/857 2172/1987/857 2173/1989/857
f 2025/2192/909 2024/2188/909 2224/2281/909 2225/2282/909
f 1974/1991/858 1973/1989/858 2173/1989/858 2174/1991/858
f 2026/2195/910 2025/2192/910 2225/2282/910 2226/2283/910
f 1975/1993/859 1974/1991/859 2174/1991/859 2175/1993/859
f 2027/2198/911 2026/2195/911 2226/2283/911 2227/2284/911
f 1976/1995/860 1975/1993/860 2175/1993/860 2176/1995/860
f 2028/2285/912 2027/2198/912 2227/2284/912 2228/2286/912
f 1977/1997/861 1976/1995/861 2176/1995/861 2177/1997/861
f 2029/2207/1055 2028/2202/1055 2228/2202/1055 2229/2207/1055
f 1978/1999/862 1977/1997/862 2177/1997/862 2178/1999/862
f 2030/2211/914 2029/2210/914 2229/2287/914 2230/2288/914
f 1979/2001/863 1978/1999/863 2178/1999/863 2179/2001/863
f 2031/2214/915 2030/2211/915 2230/2288/915 2231/2289/915
f 1980/2003/864 1979/2001/864 2179/2001/864 2180/2003/864
f 2032/2290/916 2031/2291/916 2231/2291/916 2232/2290/916
f 1981/2005/865 1980/2003/865 2180/2003/865 2181/2005/865
f 2033/2220/917 2032/2217/917 2232/2292/917 2233/2293/917
f 1982/2007/866 1981/2005/866 2181/2005/866 2182/2007/866
f 2034/2223/918 2033/2220/918 2233/2293/918 2234/2294/918
f 1983/2009/867 1982/2007/867 2182/2007/867 2183/2009/867
f 2035/2226/919 2034/2223/919 2234/2294/919 2235/2295/919
f 1984/2011/1056 1983/2009/1056 2183/2009/1056 2184/2011/1056
f 2036/2232/1057 2035/2226/1057 2235/2295/1057 2236/2296/1057
f 1985/2013/869 1984/2011/869 2184/2011/869 2185/2013/869
f 2037/2233/921 2036/2232/921 2236/2296/921 2237/2297/921
f 1986/2015/870 1985/2013/870 2185/2013/870 2186/2015/870
f 2038/2235/922 2037/2236/922 2237/2236/922 2238/2235/922
f 1987/2017/871 1986/2015/871 2186/2015/871 2187/2017/871
f 2039/2298/1058 2038/2299/1058 2238/2300/1058 2239/2301/1058
f 1988/2019/1059 1987/2017/1059 2187/2017/1059 2188/2019/1059
f 2040/2186/924 2039/2239/924 2239/2239/924 2240/2186/924
f 1989/2021/873 1988/2019/873 2188/2019/873 2189/2021/873
f 2041/2302/925 2040/2303/925 2240/2304/925 2241/2305/925
f 1990/2023/874 1989/2021/874 2189/2021/874 2190/2023/874
f 2042/2191/926 2041/2185/926 2241/2185/926 2242/2191/926
f 1991/2025/875 1990/2023/875 2190/2023/875 2191/2025/875
f 2043/2306/927 2042/2307/927 2242/2308/927 2243/2309/927
f 1992/2027/876 1991/2025/876 2191/2025/876 2192/2027/876
f 2044/2197/1060 2043/2194/1060 2243/2194/1060 2244/2197/1060
f 2067/2310/1061 2066/2311/1061 2166/2312/1061 2167/2313/1061
f 2066/2314/1062 2068/2315/1062 2168/2316/1062 2166/2317/1062
f 2068/2315/1063 2069/2318/1063 2169/2319/1063 2168/2316/1063
f 2069/2320/1064 2070/2321/1064 2170/2322/1064 2169/2323/1064
f 2070/2324/1065 2071/2325/1065 2171/2326/1065 2170/2327/1065
f 2071/2328/1066 2072/2329/1066 2172/2330/1066 2171/2331/1066
f 2072/2329/1067 2073/2332/1067 2173/2333/1067 2172/2330/1067
f 2073/2334/1068 2074/2335/1068 2174/2336/1068 2173/2337/1068
f 2074/2338/1069 2075/2339/1069 2175/2340/1069 2174/2341/1069
f 2075/2339/1070 2076/2342/1070 2176/2343/1070 2175/2340/1070
f 2076/2342/1071 2077/2344/1071 2177/2345/1071 2176/2343/1071
f 2077/2344/1072 2078/2346/1072 2178/2347/1072 2177/2345/1072
f 2078/2348/1073 2079/2349/1073 2179/2350/1073 2178/2351/1073
f 2079/2352/1074 2080/2353/1074 2180/2354/1074 2179/2355/1074
f 2080/2356/1075 2081/2357/1075 2181/2358/1075 2180/2359/1075
f 2081/2360/1076 2082/2361/1076 2182/2362/1076 2181/2363/1076
f 2082/2361/1077 2083/2364/1077 2183/2365/1077 2182/2362/1077
f 2083/2364/1078 2084/2366/1078 2184/2367/1078 2183/2365/1078
f 2084/2366/1079 2085/2368/1079 2185/2369/1079 2184/2367/1079
f 2085/2370/1080 2086/2371/1080 2186/2372/1080 2185/2373/1080
f 2086/2371/1081 2087/2374/1081 2187/2375/1081 2186/2372/1081
f 2087/2376/1082 2088/2377/1082 2188/2378/1082 2187/2379/1082
f 2088/2377/1083 2089/2380/1083 2189/2381/1083 2188/2378/1083
f 2089/2382/1084 2090/2383/1084 2190/2384/1084 2189/2385/1084
f 2090/2386/1085 2091/2387/1085 2191/2388/1085 2190/2389/1085
f 2091/2390/1086 2092/2391/1086 2192/2392/1086 2191/2393/1086
f 2092/2391/1087 2093/2394/1087 2193/2395/1087 2192/2392/1087
f 2093/2396/1088 2094/2397/1088 2194/2398/1088 2193/2399/1088
f 2094/2397/1089 2095/2400/1089 2195/2401/1089 2194/2398/1089
f 2095/2402/1090 2096/2403/1090 2196/2404/1090 2195/2405/1090
f 2096/2403/1091 2097/2406/1091 2197/2407/1091 2196/2404/1091
f 2097/2408/1092 2098/2409/1092 2198/2410/1092 2197/2411/1092
f 2098/2409/1093 2099/2412/1093 2199/2413/1093 2198/2410/1093
f 2099/2414/1094 2100/2415/1094 2200/2416/1094 2199/2417/1094
f 2100/2418/1095 2101/2419/1095 2201/2420/1095 2200/2421/1095
f 2101/2422/1096 2102/2423/1096 2202/2424/1096 2201/2425/1096
f 2102/2426/1097 2103/2427/1097 2203/2428/1097 2202/2429/1097
f 2103/2427/1098 2104/2430/1098 2204/2431/1098 2203/2428/1098
f 2104/2430/1099 2105/2432/1099 2205/2433/1099 2204/2431/1099
f 2105/2432/1100 2106/2434/1100 2206/2435/1100 2205/2433/1100
f 2106/2436/1101 2107/2437/1101 2207/2438/1101 2206/2439/1101
f 2107/2440/1102 2108/2441/1102 2208/2442/1102 2207/2443/1102
f 2108/2444/1103 2109/2445/1103 2209/2446/1103 2208/2447/1103
f 2109/2445/1104 2110/2448/1104 2210/2449/1104 2209/2446/1104
f 2110/2450/1105 2111/2451/1105 2211/2452/1105 2210/2453/1105
f 2111/2454/1106 2112/2455/1106 2212/2456/1106 2211/2457/1106
f 2112/2458/1107 2113/2459/1107 2213/2460/1107 2212/2461/1107
f 2113/2462/1108 2114/2463/1108 2214/2464/1108 2213/2465/1108
f 2114/2466/1109 2115/2467/1109 2215/2468/1109 2214/2469/1109
f 2115/2467/1110 2116/2470/1110 2216/2471/1110 2215/2468/1110
f 2116/2472/1111 2117/2473/1111 2217/2474/1111 2216/2475/1111
f 2117/2476/1112 2118/2477/1112 2218/2478/1112 2217/2479/1112
f 2118/2477/1113 2119/2480/1113 2219/2481/1113 2218/2478/1113
f 2119/2482/1114 2120/2483/1114 2220/2484/1114 2219/2485/1114
f 2120/2486/1115 2121/2487/1115 2221/2488/1115 2220/2489/1115
f 2121/2490/1116 2122/2491/1116 2222/2492/1116 2221/2493/1116
f 2122/2491/1117 2123/2494/1117 2223/2495/1117 2222/2492/1117
f 2123/2496/1118 2124/2497/1118 2224/2498/1118 2223/2499/1118
f 2124/2497/1119 2125/2500/1119 2225/2501/1119 2224/2498/1119
f 2125/2502/1120 2126/2503/1120 2226/2504/1120 2225/2505/1120
f 2126/2506/1121 2127/2507/1121 2227/2508/1121 2226/2509/1121
f 2127/2510/1122 2128/2511/1122 2228/2512/1122 2227/2513/1122
f 2128/2514/1123 2129/2515/1123 2229/2516/1123 2228/2517/1123
f 2129/2518/1124 2130/2519/1124 2230/2520/1124 2229/2521/1124
f 2130/2522/1125 2131/2523/1125 2231/2524/1125 2230/2525/1125
f 2131/2523/1126 2132/2526/1126 2232/2527/1126 2231/2524/1126
f 2132/2247/1127 2133/2246/1127 2233/2528/1127 2232/2529/1127
f 2133/2246/1128 2134/2530/1128 2234/2531/1128 2233/2528/1128
f 2134/2532/1129 2135/2533/1129 2235/2534/1129 2234/2535/1129
f 2135/2536/1130 2136/2537/1130 2236/2538/1130 2235/2539/1130
f 2136/2537/1131 2137/2540/1131 2237/2541/1131 2236/2538/1131
f 2137/2542/1132 2138/2543/1132 2238/2544/1132 2237/2545/1132
f 2138/2546/1133 2139/2547/1133 2239/2548/1133 2238/2549/1133
f 2139/2547/1134 2140/2550/1134 2240/2551/1134 2239/2548/1134
f 2140/2552/1135 2141/2553/1135 2241/2554/1135 2240/2555/1135
f 2141/2556/1136 2142/2557/1136 2242/2558/1136 2241/663/1136
f 2142/2559/1137 2143/2560/1137 2243/2561/1137 2242/2562/1137
f 2143/2560/1138 2144/2563/1138 2244/2564/1138 2243/2561/1138
f 2144/2565/1139 2145/2566/1139 2245/2567/1139 2244/2568/1139
f 2145/2569/1140 2146/2570/1140 2246/2571/1140 2245/2572/1140
f 2146/2573/1141 2147/2574/1141 2247/2575/1141 2246/2576/1141
f 2147/2577/1142 2148/2578/1142 2248/2579/1142 2247/2580/1142
f 2148/2578/1143 2149/2581/1143 2249/2582/1143 2248/2579/1143
f 2149/2583/1144 2150/2584/1144 2250/2585/1144 2249/2586/1144
f 2150/2587/1145 2151/2588/1145 2251/2589/1145 2250/2590/1145
f 2151/2591/1146 2152/2592/1146 2252/2593/1146 2251/2594/1146
f 2152/2592/1147 2153/2595/1147 2253/2596/1147 2252/2593/1147
f 2153/2597/1148 2154/2598/1148 2254/2599/1148 2253/2600/1148
f 2154/2601/1149 2155/2602/1149 2255/2603/1149 2254/2604/1149
f 2155/2605/1150 2156/2606/1150 2256/2607/1150 2255/2608/1150
f 2156/2609/1151 2157/2610/1151 2257/2611/1151 2256/2612/1151
f 2157/2613/1152 2158/2614/1152 2258/2615/1152 2257/2616/1152
f 2158/2614/1153 2159/2617/1153 2259/2618/1153 2258/2615/1153
f 2159/2619/1154 2160/2620/1154 2260/2621/1154 2259/2622/1154
f 2160/2623/1155 2161/2624/1155 2261/2625/1155 2260/2626/1155
f 2161/2627/1156 2162/2628/1156 2262/2629/1156 2261/2630/1156
f 2162/2631/1157 2163/2632/1157 2263/2633/1157 2262/2634/1157
f 2163/2632/1158 2164/2635/1158 2264/2636/1158 2263/2633/1158
f 2164/2637/1159 2165/2638/1159 2265/2639/1159 2264/2640/1159
f 2165/2641/1160 2067/2310/1160 2167/2313/1160 2265/2642/1160
f 2082/2665/916 2081/2666/916 2281/2667/916 2282/2668/916
f 2134/2530/1056 2133/2246/1056 2333/2246/1056 2334/2530/1056
f 2083/2669/917 2082/2665/917 2282/2668/917 2283/2670/917
f 2135/2536/869 2134/2530/869 2334/2530/869 2335/2536/869
f 2084/2671/918 2083/2669/918 2283/2670/918 2284/2672/918
f 2136/2537/1161 2135/2536/1161 2335/2536/1161 2336/2537/1161
f 2085/2673/919 2084/2671/919 2284/2672/919 2285/2674/919
f 2137/2540/871 2136/2537/871 2336/2537/871 2337/2540/871
f 2086/2675/1057 2085/2673/1057 2285/2674/1057 2286/2676/1057
f 2138/2546/872 2137/2540/872 2337/2540/872 2338/2546/872
f 2087/2677/921 2086/2675/921 2286/2676/921 2287/2678/921
f 2139/2547/873 2138/2546/873 2338/2546/873 2339/2547/873
f 2088/2679/922 2087/2677/922 2287/2678/922 2288/2680/922
f 2140/2550/874 2139/2547/874 2339/2547/874 2340/2550/874
f 2089/2681/923 2088/2679/923 2288/2680/923 2289/2682/923
f 2141/2556/875 2140/2550/875 2340/2550/875 2341/2556/875
f 2090/2683/924 2089/2681/924 2289/2682/924 2290/2684/924
f 2142/2557/876 2141/2556/876 2341/2556/876 2342/2557/876
f 2091/2685/925 2090/2683/925 2290/2684/925 2291/2686/925
f 2143/2647/877 2142/2557/877 2342/2557/877 2343/2647/877
f 2092/2687/926 2091/2685/926 2291/2686/926 2292/2688/926
f 2144/2565/878 2143/2647/878 2343/2647/878 2344/2565/878
f 2093/2394/927 2092/2391/927 2292/2391/927 2293/2394/927
f 2145/2566/1162 2144/2565/1162 2344/2565/1162 2345/2566/1162
f 2094/2689/928 2093/2690/928 2293/2691/928 2294/2692/928
f 2146/2573/880 2145/2566/880 2345/2566/880 2346/2573/880
f 2095/2693/929 2094/2689/929 2294/2692/929 2295/2694/929
f 2147/2574/881 2146/2573/881 2346/2573/881 2347/2574/881
f 2096/2403/930 2095/2402/930 2295/2402/930 2296/2403/930
f 2148/2646/882 2147/2574/882 2347/2574/882 2348/2646/882
f 2097/2406/931 2096/2403/931 2296/2403/931 2297/2406/931
f 2149/2583/883 2148/2646/883 2348/2646/883 2349/2583/883
f 2098/2655/932 2097/2406/932 2297/2406/932 2298/2655/932
f 2150/2584/1052 2149/2583/1052 2349/2583/1052 2350/2584/1052
f 2099/2414/1163 2098/2655/1163 2298/2655/1163 2299/2414/1163
f 2151/2591/885 2150/2584/885 2350/2584/885 2351/2591/885
f 2100/2415/1164 2099/2414/1164 2299/2414/1164 2300/2415/1164
f 2152/2592/886 2151/2591/886 2351/2591/886 2352/2592/886
f 2101/2422/935 2100/2415/935 2300/2415/935 2301/2422/935
f 2153/2595/887 2152/2592/887 2352/2592/887 2353/2595/887
f 2102/2423/936 2101/2422/936 2301/2422/936 2302/2423/936
f 2154/2601/888 2153/2595/888 2353/2595/888 2354/2601/888
f 2103/2654/937 2102/2423/937 2302/2423/937 2303/2654/937
f 2155/2602/889 2154/2601/889 2354/2601/889 2355/2602/889
f 2104/2653/1165 2103/2654/1165 2303/2654/1165 2304/2653/1165
f 2156/2609/1166 2155/2602/1166 2355/2602/1166 2356/2609/1166
f 2105/2652/1167 2104/2653/1167 2304/2653/1167 2305/2652/1167
f 2157/2610/1168 2156/2609/1168 2356/2609/1168 2357/2610/1168
f 2106/2436/940 2105/2652/940 2305/2652/940 2306/2436/940
f 2158/2695/892 2157/2696/892 2357/2697/892 2358/2698/892
f 2107/2437/1053 2106/2436/1053 2306/2436/1053 2307/2437/1053
f 2159/2699/893 2158/2695/893 2358/2698/893 2359/2700/893
f 2108/2444/942 2107/2437/942 2307/2437/942 2308/2444/942
f 2160/2620/1169 2159/2619/1169 2359/2619/1169 2360/2620/1169
f 2109/2445/943 2108/2444/943 2308/2444/943 2309/2445/943
f 2161/2627/895 2160/2620/895 2360/2620/895 2361/2627/895
f 2110/2448/1170 2109/2445/1170 2309/2445/1170 2310/2448/1170
f 2162/2701/896 2161/2702/896 2361/2703/896 2362/2704/896
f 2111/2454/945 2110/2448/945 2310/2448/945 2311/2454/945
f 2163/2705/897 2162/2701/897 2362/2704/897 2363/2706/897
f 2112/2455/946 2111/2454/946 2311/2454/946 2312/2455/946
f 2164/2707/1171 2163/2705/1171 2363/2706/1171 2364/2708/1171
f 2113/2462/947 2112/2455/947 2312/2455/947 2313/2462/947
f 2165/2709/899 2164/2707/899 2364/2708/899 2365/2710/899
f 2114/2463/948 2113/2462/948 2313/2462/948 2314/2463/948
f 2067/2711/900 2165/2709/900 2365/2710/900 2267/2712/900
f 2115/2651/950 2114/2463/950 2314/2463/950 2315/2651/950
f 2116/2472/951 2115/2651/951 2315/2651/951 2316/2472/951
f 2117/2473/851 2116/2472/851 2316/2472/851 2317/2473/851
f 2118/2650/852 2117/2473/852 2317/2473/852 2318/2650/852
f 2066/2713/901 2067/2711/901 2267/2712/901 2266/2714/901
f 2119/2482/853 2118/2650/853 2318/2650/853 2319/2482/853
f 2068/2715/902 2066/2713/902 2266/2714/902 2268/2716/902
f 2120/2483/854 2119/2482/854 2319/2482/854 2320/2483/854
f 2069/2717/903 2068/2715/903 2268/2716/903 2269/2718/903
f 2121/2490/855 2120/2483/855 2320/2483/855 2321/2490/855
f 2070/2719/904 2069/2717/904 2269/2718/904 2270/2720/904
f 2122/2491/856 2121/2490/856 2321/2490/856 2322/2491/856
f 2071/2721/905 2070/2719/905 2270/2720/905 2271/2722/905
f 2123/2494/857 2122/2491/857 2322/2491/857 2323/2494/857
f 2072/2723/1172 2071/2721/1172 2271/2722/1172 2272/2724/1172
f 2124/2649/1173 2123/2494/1173 2323/2494/1173 2324/2649/1173
f 2073/2725/1174 2072/2726/1174 2272/2727/1174 2273/2728/1174
f 2125/2502/859 2124/2649/859 2324/2649/859 2325/2502/859
f 2074/2729/908 2073/2725/908 2273/2728/908 2274/2730/908
f 2126/2503/860 2125/2502/860 2325/2502/860 2326/2503/860
f 2075/2731/909 2074/2729/909 2274/2730/909 2275/2732/909
f 2127/2510/861 2126/2503/861 2326/2503/861 2327/2510/861
f 2076/2733/910 2075/2731/910 2275/2732/910 2276/2734/910
f 2128/2511/862 2127/2510/862 2327/2510/862 2328/2511/862
f 2077/2735/911 2076/2733/911 2276/2734/911 2277/2736/911
f 2129/2518/863 2128/2511/863 2328/2511/863 2329/2518/863
f 2078/2737/912 2077/2735/912 2277/2736/912 2278/2738/912
f 2130/2519/864 2129/2518/864 2329/2518/864 2330/2519/864
f 2079/2739/1055 2078/2737/1055 2278/2738/1055 2279/2740/1055
f 2131/2648/865 2130/2519/865 2330/2519/865 2331/2648/865
f 2080/2741/914 2079/2739/914 2279/2740/914 2280/2742/914
f 2132/2247/1175 2131/2648/1175 2331/2648/1175 2332/2247/1175
f 2081/2666/915 2080/2741/915 2280/2742/915 2281/2667/915
f 2452/2155/937 2453/2158/937 2553/2158/937 2552/2155/937
f 1940/2158/1176 1942/2160/1176 2454/2160/1176 2453/2158/1176
f 1906/2122/1177 1908/2124/1177 2437/2743/1177 2436/2744/1177
f 1872/2086/1178 1874/2088/1178 2420/2745/1178 2419/2746/1178
f 1838/2048/1179 1840/2050/1179 2403/2050/1179 2402/2048/1179
f 1804/2014/1180 1806/2016/1180 2386/2016/1180 2385/2014/1180
f 1770/1980/1181 1772/1982/1181 2369/1982/1181 2368/1980/1181
f 1942/2747/1182 1944/2748/1182 2455/2749/1182 2454/2750/1182
f 1908/2124/1183 1910/2126/1183 2438/2751/1183 2437/2743/1183
f 1874/2088/1184 1876/2090/1184 2421/2752/1184 2420/2745/1184
f 1840/2051/1185 1842/2054/1185 2404/2753/1185 2403/2754/1185
f 1806/2016/1186 1808/2018/1186 2387/2018/1186 2386/2016/1186
f 1772/1982/1187 1774/1984/1187 2370/1984/1187 2369/1982/1187
f 1944/2162/1188 1946/2164/1188 2456/2164/1188 2455/2162/1188
f 1910/2126/1189 1912/2128/1189 2439/2755/1189 2438/2751/1189
f 1876/2090/1190 1878/2092/1190 2422/2756/1190 2421/2752/1190
f 1842/2054/1191 1844/2056/1191 2405/2757/1191 2404/2753/1191
f 1808/2018/1192 1810/2020/1192 2388/2020/1192 2387/2018/1192
f 1774/1984/1193 1776/1986/1193 2371/1986/1193 2370/1984/1193
f 1946/2164/1194 1948/2166/1194 2457/2166/1194 2456/2164/1194
f 1912/2128/1195 1914/2130/1195 2440/2758/1195 2439/2755/1195
f 1878/2093/1196 1880/2096/1196 2423/2759/1196 2422/2760/1196
f 1844/2761/1197 1846/2762/1197 2406/2762/1197 2405/2761/1197
f 1810/2020/1198 1812/2022/1198 2389/2022/1198 2388/2020/1198
f 1776/1986/1199 1778/1988/1199 2372/1988/1199 2371/1986/1199
f 1948/2763/1200 1950/2764/1200 2458/2765/1200 2457/2766/1200
f 1914/2130/1201 1916/2132/1201 2441/2767/1201 2440/2758/1201
f 1880/2096/1202 1882/2098/1202 2424/2768/1202 2423/2759/1202
f 1846/2762/1203 1848/2769/1203 2407/2769/1203 2406/2762/1203
f 1812/2022/1204 1814/2024/1204 2390/2024/1204 2389/2022/1204
f 1778/1988/1205 1780/1990/1205 2373/1990/1205 2372/1988/1205
f 1950/2168/1206 1952/2170/1206 2459/2170/1206 2458/2168/1206
f 1916/2770/1207 1918/2771/1207 2442/2771/1207 2441/2770/1207
f 1882/2098/1208 1884/2100/1208 2425/2772/1208 2424/2768/1208
f 1848/2060/1209 1850/2062/1209 2408/2773/1209 2407/2774/1209
f 1814/2024/1210 1816/2026/1210 2391/2026/1210 2390/2024/1210
f 1780/1990/1211 1782/1992/1211 2374/1992/1211 2373/1990/1211
f 1952/2170/1212 1954/2172/1212 2460/2172/1212 2459/2170/1212
f 1918/2771/1213 1920/2775/1213 2443/2775/1213 2442/2771/1213
f 1884/2100/1214 1886/2102/1214 2426/2776/1214 2425/2772/1214
f 1850/2062/1215 1852/2064/1215 2409/2777/1215 2408/2773/1215
f 1816/2026/1216 1818/2028/1216 2392/2028/1216 2391/2026/1216
f 1782/1992/1217 1784/1994/1217 2375/1994/1217 2374/1992/1217
f 1954/2172/1218 1956/2174/1218 2461/2174/1218 2460/2172/1218
f 1920/2136/1219 1922/2138/1219 2444/2778/1219 2443/2779/1219
f 1886/2102/1220 1888/2104/1220 2427/2780/1220 2426/2776/1220
f 1852/2781/1221 1854/2782/1221 2410/2782/1221 2409/2781/1221
f 1818/2028/1222 1820/2030/1222 2393/2030/1222 2392/2028/1222
f 1784/1994/1223 1786/1996/1223 2376/1996/1223 2375/1994/1223
f 1956/2174/1224 1958/2176/1224 2462/2176/1224 2461/2174/1224
f 1922/2138/1225 1924/2140/1225 2445/2783/1225 2444/2778/1225
f 1888/2104/1226 1890/2106/1226 2428/2784/1226 2427/2780/1226
f 1854/2067/1227 1856/2070/1227 2411/2785/1227 2410/2786/1227
f 1820/2030/1228 1822/2032/1228 2394/2032/1228 2393/2030/1228
f 1786/1996/1229 1788/1998/1229 2377/1998/1229 2376/1996/1229
f 1958/2176/1230 1960/2178/1230 2463/2178/1230 2462/2176/1230
f 1924/2140/1231 1926/2142/1231 2446/2787/1231 2445/2783/1231
f 1890/2106/1232 1892/2108/1232 2429/2788/1232 2428/2784/1232
f 1856/2789/1233 1858/2790/1233 2412/2790/1233 2411/2789/1233
f 1822/2032/1234 1824/2034/1234 2395/2034/1234 2394/2032/1234
f 1788/1998/1235 1790/2000/1235 2378/2000/1235 2377/1998/1235
f 1960/2178/1236 1962/2180/1236 2464/2180/1236 2463/2178/1236
f 1926/2791/1237 1928/2792/1237 2447/2792/1237 2446/2791/1237
f 1892/2108/1238 1894/2110/1238 2430/2793/1238 2429/2788/1238
f 1858/2072/1239 1860/2074/1239 2413/2794/1239 2412/2795/1239
f 1824/2034/1240 1826/2036/1240 2396/2036/1240 2395/2034/1240
f 1790/2000/1241 1792/2002/1241 2379/2002/1241 2378/2000/1241
f 1962/2180/1242 1964/2182/1242 2465/2182/1242 2464/2180/1242
f 1928/2144/1243 1930/2146/1243 2448/2796/1243 2447/2797/1243
f 1894/2110/1244 1896/2112/1244 2431/2798/1244 2430/2793/1244
f 1860/2074/1245 1862/2076/1245 2414/2799/1245 2413/2794/1245
f 1826/2036/1246 1828/2038/1246 2397/2038/1246 2396/2036/1246
f 1792/2002/1247 1794/2004/1247 2380/2004/1247 2379/2002/1247
f 1964/2182/1248 1766/2184/1248 2366/2184/1248 2465/2182/1248
f 1930/2146/1249 1932/2148/1249 2449/2800/1249 2448/2796/1249
f 1896/2801/1250 1898/2802/1250 2432/2802/1250 2431/2801/1250
f 1862/2076/1251 1864/2078/1251 2415/2803/1251 2414/2799/1251
f 1828/2038/1252 1830/2040/1252 2398/2040/1252 2397/2038/1252
f 1794/2004/1253 1796/2006/1253 2381/2006/1253 2380/2004/1253
f 1932/2804/1254 1934/2805/1254 2450/2805/1254 2449/2804/1254
f 1898/2114/1255 1900/2116/1255 2433/2806/1255 2432/2807/1255
f 1864/2078/1256 1866/2080/1256 2416/2808/1256 2415/2803/1256
f 1830/2040/1257 1832/2042/1257 2399/2042/1257 2398/2040/1257
f 1796/2006/1258 1798/2008/1258 2382/2008/1258 2381/2006/1258
f 1934/2150/1259 1936/2152/1259 2451/2809/1259 2450/2810/1259
f 1900/2116/1260 1902/2118/1260 2434/2811/1260 2433/2806/1260
f 1866/2080/1261 1868/2082/1261 2417/2812/1261 2416/2808/1261
f 1832/2813/1262 1834/2814/1262 2400/2815/1262 2399/2816/1262
f 1798/2008/1263 1800/2010/1263 2383/2010/1263 2382/2008/1263
f 1936/2152/1264 1938/2154/1264 2452/2817/1264 2451/2809/1264
f 1902/2818/1265 1904/2819/1265 2435/2819/1265 2434/2818/1265
f 1868/2082/1266 1870/2084/1266 2418/2820/1266 2417/2812/1266
f 1766/328/1267 1768/1978/1267 2367/1978/1267 2366/328/1267
f 1834/2044/1268 1836/2046/1268 2401/2046/1268 2400/2044/1268
f 1800/2010/1269 1802/2012/1269 2384/2012/1269 2383/2010/1269
f 1938/2154/1270 1940/2821/1270 2453/2822/1270 2452/2817/1270
f 1904/2120/1271 1906/2122/1271 2436/2744/1271 2435/2823/1271
f 1870/2084/1272 1872/2086/1272 2419/2746/1272 2418/2820/1272
f 1836/2046/1273 1838/2048/1273 2402/2048/1273 2401/2046/1273
f 1802/2012/1274 1804/2014/1274 2385/2014/1274 2384/2012/1274
f 2466/354/180 2467/2824/180 2468/2825/180 2469/2826/180 2470/2827/180 2471/1129/180 2472/2828/180 2473/2829/180 2474/2830/180 2475/2831/180 2476/1130/180 2477/2832/180 2478/2833/180 2479/2834/180 2480/2835/180 2481/1131/180 2482/2836/180 2483/2837/180 2484/2838/180 2485/2839/180 2486/2840/180 2487/2841/180 2488/2842/180 2489/2843/180 2490/2844/180 2491/2845/180 2492/2846/180 2493/2847/180 2494/2848/180 2495/2849/180 2496/2850/180 2497/2851/180 2498/2852/180 2499/2853/180 2500/2854/180 2501/2855/180 2502/2856/180 2503/2857/180 2504/2858/180 2505/2859/180 2506/2860/180 2507/2861/180 2508/2862/180 2509/2863/180 2510/2864/180 2511/2865/180 2512/2866/180 2513/2867/180 2514/2868/180 2515/2869/180 2516/701/180 2517/2870/180 2518/2871/180 2519/2872/180 2520/2873/180 2521/1137/180 2522/2874/180 2523/2875/180 2524/2876/180 2525/2877/180 2526/2878/180 2527/2879/180 2528/2880/180 2529/2881/180 2530/2882/180 2531/2883/180 2532/2884/180 2533/2885/180 2534/2886/180 2535/2887/180 2536/2888/180 2537/2889/180 2538/2890/180 2539/2891/180 2540/2892/180 2541/708/180 2542/2893/180 2543/2894/180 2544/2895/180 2545/2896/180 2546/1141/180 2547/2897/180 2548/2898/180 2549/2899/180 2550/2900/180 2551/2901/180 2552/2902/180 2553/2903/180 2554/2904/180 2555/2905/180 2556/2906/180 2557/2907/180 2558/2908/180 2559/2909/180 2560/2910/180 2561/2911/180 2562/2912/180 2563/2913/180 2564/2914/180 2565/2915/180
f 2401/2046/886 2402/2048/886 2502/2048/886 2501/2046/886
f 2453/2158/938 2454/2160/938 2554/2160/938 2553/2158/938
f 2402/2048/887 2403/2050/887 2503/2050/887 2502/2048/887
f 2454/2160/939 2455/2162/939 2555/2162/939 2554/2160/939
f 2403/2050/888 2404/2916/888 2504/2916/888 2503/2050/888
f 2455/2162/940 2456/2164/940 2556/2164/940 2555/2162/940
f 2404/2916/889 2405/2761/889 2505/2761/889 2504/2916/889
f 2456/2164/1053 2457/2166/1053 2557/2166/1053 2556/2164/1053
f 2405/2761/890 2406/2762/890 2506/2762/890 2505/2761/890
f 2457/2166/942 2458/2168/942 2558/2168/942 2557/2166/942
f 2406/2917/1168 2407/2774/1168 2507/2918/1168 2506/2919/1168
f 2458/2168/943 2459/2170/943 2559/2170/943 2558/2168/943
f 2407/2774/892 2408/2773/892 2508/2920/892 2507/2918/892
f 2459/2170/944 2460/2172/944 2560/2172/944 2559/2170/944
f 2408/2773/893 2409/2777/893 2509/2921/893 2508/2920/893
f 2460/2172/945 2461/2174/945 2561/2174/945 2560/2172/945
f 2409/2777/894 2410/2922/894 2510/2923/894 2509/2921/894
f 2461/2174/946 2462/2176/946 2562/2176/946 2561/2174/946
f 2410/2786/895 2411/2785/895 2511/2924/895 2510/2925/895
f 2462/2176/947 2463/2178/947 2563/2178/947 2562/2176/947
f 2411/2785/896 2412/2795/896 2512/2926/896 2511/2924/896
f 2463/2178/948 2464/2180/948 2564/2180/948 2563/2178/948
f 2412/2795/897 2413/2794/897 2513/2927/897 2512/2926/897
f 2464/2180/950 2465/2182/950 2565/2182/950 2564/2180/950
f 2413/2794/898 2414/2799/898 2514/2928/898 2513/2927/898
f 2465/2182/951 2366/2184/951 2466/2184/951 2565/2182/951
f 2414/2799/899 2415/2803/899 2515/2929/899 2514/2928/899
f 2415/2803/900 2416/2808/900 2516/2930/900 2515/2929/900
f 2416/2808/901 2417/2812/901 2517/2931/901 2516/2930/901
f 2417/2812/902 2418/2820/902 2518/2932/902 2517/2931/902
f 2366/328/851 2367/1978/851 2467/1978/851 2466/328/851
f 2418/2820/903 2419/2746/903 2519/2933/903 2518/2932/903
f 2367/1978/852 2368/1980/852 2468/1980/852 2467/1978/852
f 2419/2746/904 2420/2745/904 2520/2934/904 2519/2933/904
f 2368/1980/853 2369/1982/853 2469/1982/853 2468/1980/853
f 2420/2745/905 2421/2752/905 2521/2935/905 2520/2934/905
f 2369/1982/854 2370/1984/854 2470/1984/854 2469/1982/854
f 2421/2752/906 2422/2756/906 2522/2936/906 2521/2935/906
f 2370/1984/855 2371/1986/855 2471/1986/855 2470/1984/855
f 2422/2760/907 2423/2759/907 2523/2937/907 2522/2938/907
f 2371/1986/856 2372/1988/856 2472/1988/856 2471/1986/856
f 2423/2759/908 2424/2768/908 2524/2939/908 2523/2937/908
f 2372/1988/857 2373/1990/857 2473/1990/857 2472/1988/857
f 2424/2768/909 2425/2772/909 2525/2940/909 2524/2939/909
f 2373/1990/858 2374/1992/858 2474/1992/858 2473/1990/858
f 2425/2772/910 2426/2776/910 2526/2941/910 2525/2940/910
f 2374/1992/859 2375/1994/859 2475/1994/859 2474/1992/859
f 2426/2776/911 2427/2780/911 2527/2942/911 2526/2941/911
f 2375/1994/860 2376/1996/860 2476/1996/860 2475/1994/860
f 2427/2780/912 2428/2784/912 2528/2943/912 2527/2942/912
f 2376/1996/861 2377/1998/861 2477/1998/861 2476/1996/861
f 2428/2784/1055 2429/2788/1055 2529/2944/1055 2528/2943/1055
f 2377/1998/862 2378/2000/862 2478/2000/862 2477/1998/862
f 2429/2788/914 2430/2793/914 2530/2945/914 2529/2944/914
f 2378/2000/1275 2379/2002/1275 2479/2002/1275 2478/2000/1275
f 2430/2793/915 2431/2798/915 2531/2946/915 2530/2945/915
f 2379/2002/864 2380/2004/864 2480/2004/864 2479/2002/864
f 2431/2798/916 2432/2807/916 2532/2947/916 2531/2946/916
f 2380/2004/865 2381/2006/865 2481/2006/865 2480/2004/865
f 2432/2807/917 2433/2806/917 2533/2948/917 2532/2947/917
f 2381/2006/1175 2382/2008/1175 2482/2008/1175 2481/2006/1175
f 2433/2806/918 2434/2811/918 2534/2949/918 2533/2948/918
f 2382/2008/867 2383/2010/867 2483/2010/867 2482/2008/867
f 2434/2811/919 2435/2823/919 2535/2950/919 2534/2949/919
f 2383/2010/868 2384/2012/868 2484/2012/868 2483/2010/868
f 2435/2823/920 2436/2744/920 2536/2951/920 2535/2950/920
f 2384/2012/869 2385/2014/869 2485/2014/869 2484/2012/869
f 2436/2744/921 2437/2743/921 2537/2952/921 2536/2951/921
f 2385/2014/870 2386/2016/870 2486/2016/870 2485/2014/870
f 2437/2743/922 2438/2751/922 2538/2953/922 2537/2952/922
f 2386/2016/871 2387/2018/871 2487/2018/871 2486/2016/871
f 2438/2751/923 2439/2755/923 2539/2954/923 2538/2953/923
f 2387/2018/1059 2388/2020/1059 2488/2020/1059 2487/2018/1059
f 2439/2955/924 2440/2956/924 2540/2956/924 2539/2955/924
f 2388/2020/873 2389/2022/873 2489/2022/873 2488/2020/873
f 2440/2956/925 2441/2770/925 2541/2770/925 2540/2956/925
f 2389/2022/874 2390/2024/874 2490/2024/874 2489/2022/874
f 2441/2770/926 2442/2771/926 2542/2771/926 2541/2770/926
f 2390/2024/875 2391/2026/875 2491/2026/875 2490/2024/875
f 2442/2771/927 2443/2775/927 2543/2775/927 2542/2771/927
f 2391/2026/876 2392/2028/876 2492/2028/876 2491/2026/876
f 2443/2775/928 2444/2957/928 2544/2957/928 2543/2775/928
f 2392/2028/877 2393/2030/877 2493/2030/877 2492/2028/877
f 2444/2957/929 2445/2958/929 2545/2958/929 2544/2957/929
f 2393/2030/878 2394/2032/878 2494/2032/878 2493/2030/878
f 2445/2958/930 2446/2791/930 2546/2791/930 2545/2958/930
f 2394/2032/879 2395/2034/879 2495/2034/879 2494/2032/879
f 2446/2791/931 2447/2792/931 2547/2792/931 2546/2791/931
f 2395/2034/880 2396/2036/880 2496/2036/880 2495/2034/880
f 2447/2792/932 2448/2959/932 2548/2959/932 2547/2792/932
f 2396/2036/881 2397/2038/881 2497/2038/881 2496/2036/881
f 2448/2959/933 2449/2804/933 2549/2804/933 2548/2959/933
f 2397/2038/882 2398/2040/882 2498/2040/882 2497/2038/882
f 2449/2804/934 2450/2805/934 2550/2805/934 2549/2804/934
f 2398/2040/883 2399/2042/883 2499/2042/883 2498/2040/883
f 2450/2805/1276 2451/2960/1276 2551/2960/1276 2550/2805/1276
f 2399/2042/1052 2400/2044/1052 2500/2044/1052 2499/2042/1052
f 2451/2960/936 2452/2155/936 2552/2155/936 2551/2960/936
f 2400/2044/885 2401/2046/885 2501/2046/885 2500/2044/885
f 2582/328/1277 2583/330/1277 2569/9/1277 2567/2/1277
f 2583/2961/1278 2584/2962/1278 2571/2963/1278 2569/2964/1278
f 2584/2965/1279 2585/2966/1279 2573/2967/1279 2571/2968/1279
f 2585/2966/1280 2586/2969/1280 2575/2970/1280 2573/2967/1280
f 2586/2969/1281 2587/2971/1281 2577/2972/1281 2575/2970/1281
f 2587/82/1282 2588/347/1282 2579/57/1282 2577/51/1282
f 2588/347/1283 2589/91/1283 2581/65/1283 2579/57/1283
f 2589/91/1284 2582/353/1284 2567/75/1284 2581/65/1284
f 2574/2973/1277 2594/2973/1277 2595/2974/1277 2576/2974/1277
f 2568/2975/185 2583/689/185 2582/354/185 2566/2976/185
f 2570/2977/185 2584/2978/185 2583/2979/185 2568/2980/185
f 2572/2981/185 2585/2982/185 2584/2978/185 2570/2977/185
f 2574/2983/185 2586/2984/185 2585/2982/185 2572/2981/185
f 2576/2985/185 2587/2986/185 2586/2984/185 2574/2983/185
f 2578/2987/185 2588/708/185 2587/2988/185 2576/2974/185
f 2580/2989/185 2589/2990/185 2588/708/185 2578/2987/185
f 2566/2976/185 2582/354/185 2589/2990/185 2580/2989/185
f 2570/2991/1283 2592/2991/1283 2593/2992/1283 2572/2992/1283
f 2566/2976/1281 2590/2976/1281 2591/2975/1281 2568/2975/1281
f 2580/2989/1280 2597/2989/1280 2590/2976/1280 2566/2976/1280
f 2576/2974/1278 2595/2974/1278 2596/2987/1278 2578/2987/1278
f 2572/2992/1284 2593/2992/1284 2594/2973/1284 2574/2973/1284
f 2568/2975/1282 2591/2975/1282 2592/2991/1282 2570/2991/1282
f 2578/2987/1279 2596/2987/1279 2597/2989/1279 2580/2989/1279
f 2622/2993/88 2623/2994/88 2601/79/88 2600/80/88
f 2606/2995/179 2609/2996/179 2605/81/179 2604/82/179
f 2624/2997/185 2625/2998/185 2603/2999/185 2602/3000/185
f 2610/3001/182 2613/3002/182 2599/3003/182 2598/3004/182
f 2629/3005/53 2624/3006/53 2602/83/53 2611/3007/53
f 2627/3008/36 2623/3009/36 2599/3010/36 2613/3011/36
f 2625/3012/36 2626/3013/36 2612/3014/36 2603/3015/36
f 2622/3019/53 2628/3020/53 2610/3021/53 2598/89/53
f 2628/3020/53 2629/3005/53 2611/3007/53 2610/3021/53
f 2602/3022/182 2603/3023/182 2612/3024/182 2611/3025/182
f 2611/3025/182 2612/3024/182 2613/3002/182 2610/3001/182
f 2600/80/179 2601/79/179 2608/3026/179 2607/3027/179
f 2607/3027/179 2608/3026/179 2609/2996/179 2606/2995/179
f 2632/3028/180 2620/3029/180 2617/3029/180 2631/3028/180
f 2620/3031/182 2619/3032/182 2616/3032/182 2617/3031/182
f 2618/3033/179 2621/3026/179 2614/3026/179 2615/2996/179
f 2609/2996/179 2608/3026/179 2621/3026/179 2618/3033/179
f 2613/3002/182 2612/3024/182 2619/3034/182 2620/3035/182
f 2627/3028/180 2613/3029/180 2620/3029/180 2632/3028/180
f 2626/3018/185 2609/3017/185 2618/3017/185 2633/3016/185
f 2612/3030/1285 2626/3018/1285 2633/3016/1285 2619/3036/1285
f 2608/3037/180 2627/3028/180 2632/3028/180 2621/3037/180
f 2621/3037/180 2632/3028/180 2631/3028/180 2614/3037/180
f 2607/3038/53 2606/3039/53 2629/3005/53 2628/3020/53
f 2600/91/53 2607/3038/53 2628/3020/53 2622/3019/53
f 2605/3040/36 2609/3041/36 2626/3013/36 2625/3012/36
f 2608/3037/36 2601/330/36 2623/3042/36 2627/3028/36
f 2606/3039/53 2604/82/53 2624/3006/53 2629/3005/53
f 2604/3043/185 2605/3044/185 2625/2998/185 2624/2997/185
f 2598/158/180 2599/159/180 2623/2994/180 2622/2993/180
f 2734/3045/1286 2735/3046/1286 2637/3047/1286 2635/3048/1286
f 2735/3046/1287 2736/3049/1287 2639/3050/1287 2637/3047/1287
f 2736/3049/1288 2737/3051/1288 2641/3052/1288 2639/3050/1288
f 2737/3053/1289 2738/3054/1289 2643/3055/1289 2641/3056/1289
f 2738/3054/1290 2739/3057/1290 2645/3058/1290 2643/3055/1290
f 2739/3057/1291 2740/3059/1291 2647/3060/1291 2645/3058/1291
f 2740/3059/1292 2741/3061/1292 2649/3062/1292 2647/3060/1292
f 2741/3061/1293 2742/3063/1293 2651/3064/1293 2649/3062/1293
f 2742/3063/1294 2743/3065/1294 2653/3066/1294 2651/3064/1294
f 2743/3065/1295 2744/3067/1295 2655/3068/1295 2653/3066/1295
f 2744/3067/1296 2745/3069/1296 2657/3070/1296 2655/3068/1296
f 2745/3069/1297 2746/3071/1297 2659/3072/1297 2657/3070/1297
f 2746/3071/36 2747/3073/36 2661/3074/36 2659/3072/36
f 2747/3073/1298 2748/3075/1298 2663/3076/1298 2661/3074/1298
f 2748/3075/1299 2749/3077/1299 2665/3078/1299 2663/3076/1299
f 2749/2036/1300 2750/2040/1300 2667/2039/1300 2665/2035/1300
f 2750/3079/1301 2751/3080/1301 2669/3081/1301 2667/3082/1301
f 2751/2044/1302 2752/2048/1302 2671/2047/1302 2669/2043/1302
f 2752/2048/1303 2753/2916/1303 2673/2238/1303 2671/2047/1303
f 2753/2916/1304 2754/2762/1304 2675/2244/1304 2673/2238/1304
f 2754/2762/1305 2755/3083/1305 2677/3084/1305 2675/2244/1305
f 2755/3083/1306 2756/2782/1306 2679/2199/1306 2677/3084/1306
f 2756/2782/1307 2757/2790/1307 2681/2263/1307 2679/2199/1307
f 2757/2790/1308 2758/3085/1308 2683/2268/1308 2681/2263/1308
f 2758/3085/1309 2759/3086/1309 2685/2225/1309 2683/2268/1309
f 2759/3086/1310 2760/3087/1310 2687/3088/1310 2685/2225/1310
f 2760/3087/1311 2761/3089/1311 2689/3090/1311 2687/3088/1311
f 2761/3089/1312 2762/3091/1312 2691/3092/1312 2689/3090/1312
f 2762/3091/1313 2763/3093/1313 2693/3094/1313 2691/3092/1313
f 2763/3093/1314 2764/3095/1314 2695/3096/1314 2693/3094/1314
f 2764/3095/1315 2765/3097/1315 2697/3098/1315 2695/3096/1315
f 2765/3097/1316 2766/3099/1316 2699/3100/1316 2697/3098/1316
f 2766/3099/1317 2767/3101/1317 2701/3102/1317 2699/3100/1317
f 2767/3101/1318 2768/3103/1318 2703/3104/1318 2701/3102/1318
f 2768/3103/1319 2769/3105/1319 2705/3106/1319 2703/3104/1319
f 2769/3105/1320 2770/3107/1320 2707/3108/1320 2705/3106/1320
f 2770/3107/1321 2771/3109/1321 2709/3110/1321 2707/3108/1321
f 2771/3109/53 2772/3111/53 2711/3112/53 2709/3110/53
f 2772/3111/1322 2773/3113/1322 2713/3114/1322 2711/3112/1322
f 2773/3113/1323 2774/3115/1323 2715/3116/1323 2713/3114/1323
f 2774/3115/1324 2775/3117/1324 2717/3118/1324 2715/3116/1324
f 2775/3117/1325 2776/3119/1325 2719/3120/1325 2717/3118/1325
f 2776/3119/1326 2777/3121/1326 2721/3122/1326 2719/3120/1326
f 2777/3121/1327 2778/3123/1327 2723/3124/1327 2721/3122/1327
f 2778/3125/1328 2779/3126/1328 2725/3127/1328 2723/3128/1328
f 2779/3129/1329 2780/3130/1329 2727/3131/1329 2725/3132/1329
f 2780/3133/1330 2781/3134/1330 2729/3135/1330 2727/3136/1330
f 2781/3137/1331 2782/3138/1331 2731/3139/1331 2729/3140/1331
f 2637/2316/180 2639/2327/180 2641/3141/180 2643/2336/180 2645/3142/180 2647/2351/180 2649/2359/180 2651/3143/180 2653/3144/180 2655/2372/180 2657/3145/180 2659/2384/180 2661/2392/180 2663/3146/180 2665/2404/180 2667/3147/180 2669/2416/180 2671/2424/180 2673/3148/180 2675/2439/180 2677/2447/180 2679/2449/180 2681/2456/180 2683/2464/180 2685/2475/180 2687/3149/180 2689/2484/180 2691/2492/180 2693/3150/180 2695/2504/180 2697/2512/180 2699/2520/180 2701/2529/180 2703/2531/180 2705/2538/180 2707/2549/180 2709/2551/180 2711/2558/180 2713/2568/180 2715/2576/180 2717/3151/180 2719/2585/180 2721/2593/180 2723/2604/180 2725/2612/180 2727/3152/180 2729/2621/180 2731/2629/180 2733/2640/180 2635/655/180
f 2782/3153/1332 2783/3154/1332 2733/3155/1332 2731/3156/1332
f 2783/3154/1333 2734/3045/1333 2635/3048/1333 2733/3155/1333
f 2636/3159/185 2735/2825/185 2734/354/185 2634/3160/185
f 2638/3161/1285 2736/2827/1285 2735/2825/1285 2636/3159/1285
f 2640/3162/185 2737/2828/185 2736/2827/185 2638/3161/185
f 2642/3163/1334 2738/3164/1334 2737/3165/1334 2640/3166/1334
f 2644/3167/185 2739/1130/185 2738/2830/185 2642/3168/185
f 2646/3169/185 2740/2833/185 2739/1130/185 2644/3167/185
f 2648/3170/1285 2741/2835/1285 2740/2833/1285 2646/3169/1285
f 2650/3171/1335 2742/2836/1335 2741/2835/1335 2648/3170/1335
f 2652/3172/1336 2743/3173/1336 2742/3174/1336 2650/3175/1336
f 2654/3176/185 2744/2840/185 2743/2838/185 2652/3177/185
f 2656/3178/1285 2745/2842/1285 2744/2840/1285 2654/3176/1285
f 2658/3179/185 2746/2844/185 2745/2842/185 2656/3178/185
f 2660/3180/1285 2747/2846/1285 2746/2844/1285 2658/3179/1285
f 2662/3181/185 2748/3182/185 2747/3183/185 2660/3184/185
f 2664/3185/185 2749/2850/185 2748/2848/185 2662/3186/185
f 2666/3187/1285 2750/2852/1285 2749/2850/1285 2664/3185/1285
f 2668/3188/1337 2751/2854/1337 2750/2852/1337 2666/3187/1337
f 2670/3189/185 2752/2856/185 2751/2854/185 2668/3188/185
f 2672/3190/1285 2753/2858/1285 2752/2856/1285 2670/3189/1285
f 2674/3191/1338 2754/2860/1338 2753/2858/1338 2672/3190/1338
f 2676/3192/185 2755/3193/185 2754/3194/185 2674/3195/185
f 2678/3196/1339 2756/2864/1339 2755/2862/1339 2676/3197/1339
f 2680/3198/185 2757/2866/185 2756/2864/185 2678/3196/185
f 2682/3199/185 2758/2868/185 2757/2866/185 2680/3198/185
f 2684/3200/667 2759/701/667 2758/2868/667 2682/3199/667
f 2686/3201/185 2760/2871/185 2759/701/185 2684/3200/185
f 2688/3202/1334 2761/2873/1334 2760/2871/1334 2686/3201/1334
f 2690/3203/185 2762/2874/185 2761/2873/185 2688/3202/185
f 2692/3204/185 2763/2876/185 2762/2874/185 2690/3203/185
f 2694/3205/185 2764/3206/185 2763/3207/185 2692/3208/185
f 2696/3209/185 2765/2880/185 2764/2878/185 2694/3210/185
f 2698/3211/185 2766/2882/185 2765/2880/185 2696/3209/185
f 2700/3212/1285 2767/2884/1285 2766/2882/1285 2698/3211/1285
f 2702/3213/667 2768/2886/667 2767/2884/667 2700/3212/667
f 2704/3214/407 2769/3215/407 2768/3216/407 2702/3217/407
f 2706/3218/1285 2770/2890/1285 2769/2888/1285 2704/3219/1285
f 2708/3220/185 2771/2892/185 2770/2890/185 2706/3218/185
f 2710/3221/667 2772/2893/667 2771/2892/667 2708/3220/667
f 2712/3222/1285 2773/2895/1285 2772/2893/1285 2710/3221/1285
f 2714/3223/1339 2774/3224/1339 2773/3225/1339 2712/3226/1339
f 2716/3227/185 2775/2898/185 2774/1141/185 2714/3228/185
f 2718/3229/1285 2776/2900/1285 2775/2898/1285 2716/3227/1285
f 2720/3230/1285 2777/2902/1285 2776/2900/1285 2718/3229/1285
f 2722/3231/185 2778/2904/185 2777/2902/185 2720/3230/185
f 2724/3232/1285 2779/3233/1285 2778/3234/1285 2722/3235/1285
f 2726/3236/1334 2780/2908/1334 2779/2906/1334 2724/3237/1334
f 2728/3238/185 2781/2910/185 2780/2908/185 2726/3236/185
f 2730/3157/1337 2782/2912/1337 2781/2910/1337 2728/3238/1337
f 2732/3239/1334 2783/3240/1334 2782/3241/1334 2730/3242/1334
f 2634/3160/185 2734/354/185 2783/2914/185 2732/3158/185
f 2784/3160/185 2833/3158/185 2832/3157/185 2831/3238/185 2830/3236/185 2829/3237/185 2828/3231/185 2827/3230/185 2826/3229/185 2825/3227/185 2824/3228/185 2823/3222/185 2822/3221/185 2821/3220/185 2820/3218/185 2819/3219/185 2818/3213/185 2817/3212/185 2816/3211/185 2815/3209/185 2814/3210/185 2813/3204/185 2812/3203/185 2811/3202/185 2810/3201/185 2809/3200/185 2808/3199/185 2807/3198/185 2806/3196/185 2805/3197/185 2804/3191/185 2803/3190/185 2802/3189/185 2801/3188/185 2800/3187/185 2799/3185/185 2798/3186/185 2797/3180/185 2796/3179/185 2795/3178/185 2794/3176/185 2793/3177/185 2792/3171/185 2791/3170/185 2790/3169/185 2789/3167/185 2788/3168/185 2787/3162/185 2786/3161/185 2785/3159/185
f 2914/158/1395 2915/159/1395 2917/79/1395 2916/80/1395
f 2916/80/650 2917/79/650 2921/81/650 2920/82/650
f 2920/3369/1396 2921/3370/1396 2919/3371/1396 2918/3372/1396
f 2918/83/578 2919/84/578 2915/85/578 2914/51/578
f 2916/91/1397 2920/82/1397 2918/83/1397 2914/89/1397
f 2921/3373/1398 2917/3374/1398 2915/3375/1398 2919/3376/1398
f 2922/158/1399 2923/159/1399 2925/79/1399 2924/80/1399
f 2924/80/650 2925/79/650 2929/81/650 2928/82/650
f 2928/3377/1400 2929/3378/1400 2927/3379/1400 2926/3380/1400
f 2926/3381/578 2927/3382/578 2923/3383/578 2922/3384/578
f 2924/91/1401 2928/82/1401 2926/83/1401 2922/89/1401
f 2929/3385/1402 2925/3386/1402 2923/3387/1402 2927/3388/1402
f 2932/80/1403 2955/3389/1403 2956/3390/1403 2936/82/1403
f 2931/3391/36 2933/3392/36 2937/3393/36 2957/3394/36 2954/3395/36 2967/3395/36 2968/3396/36 2963/3397/36 2964/3398/36 2959/3399/36 2935/3400/36
f 2956/81/1404 2957/3394/1404 2960/3401/1404 2961/3402/1404
f 2958/84/1405 2959/3403/1405 2964/3404/1405 2965/3405/1405
f 2932/91/53 2936/82/53 2934/83/53 2930/89/53
f 2974/3393/181 2975/3406/181 2980/3406/181 2981/3393/181
f 2941/3407/36 2938/3408/36 2939/3409/36 2973/3410/36 2970/3411/36 2983/3411/36 2984/3412/36 2979/3412/36
f 2962/1066/181 2963/3396/181 2968/3396/181 2969/1066/181
f 2937/3393/1406 2935/3400/1406 2959/3403/1406 2960/3413/1406 2957/3414/1406
f 2941/3415/1407 2940/3416/1407 2948/3417/1407 2949/3418/1407
f 2978/3400/181 2979/3419/181 2984/3419/181 2985/3400/181
f 2937/3393/1408 2933/3392/1408 2972/3392/1408 2977/3420/1408 2974/3393/1408
f 2933/3392/1409 2931/3391/1409 2971/3391/1409 2972/3421/1409
f 2972/3421/1410 2973/3422/1410 2976/3423/1410 2977/3424/1410
f 2944/3425/650 2943/3426/650 2951/3426/650 2952/3425/650
f 2939/3409/1411 2938/3408/1411 2946/3408/1411 2947/3409/1411
f 2938/3427/1412 2941/3428/1412 2949/3429/1412 2946/3430/1412
f 2940/3431/1413 2939/3409/1413 2947/3409/1413 2948/3431/1413
f 2943/3426/36 2944/3425/36 2948/3431/36 2947/3409/36
f 2945/3432/36 2942/3433/36 2943/3426/36 2947/3409/36 2946/3408/36 2949/3407/36 2948/3431/36 2944/3425/36
f 2952/3425/36 2951/3426/36 2950/3433/36 2953/3432/36
f 2945/3432/1285 2944/3425/1285 2952/3425/1285 2953/3432/1285
f 2943/3426/406 2942/3433/406 2950/3433/406 2951/3426/406
f 2942/3433/578 2945/3432/578 2953/3432/578 2950/3433/578
f 2930/158/1414 2962/3434/1414 2969/3434/1414 2966/3389/1414 2955/3389/1414 2932/80/1414
f 2954/3435/1415 2957/3436/1415 2956/3390/1415 2955/3389/1415
f 2960/3437/1416 2959/3438/1416 2958/3439/1416 2961/3440/1416
f 2936/3441/1417 2956/3442/1417 2961/3440/1417 2958/3439/1417 2934/3443/1417
f 2964/3444/1418 2963/3445/1418 2962/3446/1418 2965/3447/1418
f 2934/3448/1419 2958/3449/1419 2965/3450/1419 2962/3451/1419 2930/3452/1419
f 2966/3389/1420 2969/3434/1420 2968/3453/1420 2967/3454/1420
f 2954/3435/181 2955/3389/181 2966/3389/181 2967/3435/181
f 2931/3455/1421 2935/3456/1421 2978/3457/1421 2985/3457/1421 2982/3458/1421 2971/3458/1421
f 2970/3411/1422 2973/3410/1422 2972/3421/1422 2971/3391/1422
f 2974/3393/1423 2977/3420/1423 2976/3459/1423 2975/3460/1423
f 2935/3461/1424 2937/3462/1424 2974/3463/1424 2981/3463/1424 2978/3464/1424
f 2978/3465/1425 2981/3466/1425 2980/3467/1425 2979/3468/1425
f 2984/3469/1426 2983/3470/1426 2982/3471/1426 2985/3472/1426
f 2970/3411/181 2971/3391/181 2982/3391/181 2983/3411/181
f 2940/3431/36 2941/3407/36 2979/3412/36 2980/3460/36 2975/3460/36 2976/3459/36 2973/3473/36 2939/3409/36
f 2996/80/1403 3019/3389/1403 3020/3390/1403 3000/82/1403
f 2995/3391/36 2997/3392/36 3001/3393/36 3021/3394/36 3018/3395/36 3031/3395/36 3032/3396/36 3027/3397/36 3028/3398/36 3023/3399/36 2999/3400/36
f 3020/81/1427 3021/3394/1427 3024/3401/1427 3025/3402/1427
f 3022/84/1428 3023/3403/1428 3028/3404/1428 3029/3405/1428
f 2996/91/53 3000/82/53 2998/83/53 2994/89/53
f 3038/3393/181 3039/3406/181 3044/3406/181 3045/3393/181
f 3005/3407/36 3002/3408/36 3003/3409/36 3037/3410/36 3034/3411/36 3047/3411/36 3048/3412/36 3043/3412/36
f 3026/1066/181 3027/3396/181 3032/3396/181 3033/1066/181
f 3001/3393/1406 2999/3400/1406 3023/3403/1406 3024/3413/1406 3021/3414/1406
f 3005/3478/1407 3004/3479/1407 3012/3480/1407 3013/3481/1407
f 3042/3400/181 3043/3419/181 3048/3419/181 3049/3400/181
f 3001/3393/1408 2997/3392/1408 3036/3392/1408 3041/3420/1408 3038/3393/1408
f 2997/3392/1409 2995/3391/1409 3035/3391/1409 3036/3421/1409
f 3036/3421/1410 3037/3422/1410 3040/3423/1410 3041/3424/1410
f 3008/3425/650 3007/3426/650 3015/3426/650 3016/3425/650
f 3003/3409/1411 3002/3408/1411 3010/3408/1411 3011/3409/1411
f 3002/3482/1412 3005/3483/1412 3013/3484/1412 3010/3485/1412
f 3004/3431/1413 3003/3409/1413 3011/3409/1413 3012/3431/1413
f 3007/3426/36 3008/3425/36 3012/3431/36 3011/3409/36
f 3009/3432/36 3006/3433/36 3007/3426/36 3011/3409/36 3010/3408/36 3013/3407/36 3012/3431/36 3008/3425/36
f 3016/3425/36 3015/3426/36 3014/3433/36 3017/3432/36
f 3009/3432/1285 3008/3425/1285 3016/3425/1285 3017/3432/1285
f 3007/3426/88 3006/3433/88 3014/3433/88 3015/3426/88
f 3006/3486/578 3009/3487/578 3017/3488/578 3014/3489/578
f 2994/158/1414 3026/3434/1414 3033/3434/1414 3030/3389/1414 3019/3389/1414 2996/80/1414
f 3018/3435/1415 3021/3436/1415 3020/3390/1415 3019/3389/1415
f 3024/3490/1416 3023/3491/1416 3022/3492/1416 3025/3493/1416
f 3000/3494/1417 3020/3495/1417 3025/3493/1417 3022/3492/1417 2998/3496/1417
f 3028/3497/1418 3027/3498/1418 3026/3499/1418 3029/3500/1418
f 2998/3501/1419 3022/3502/1419 3029/3503/1419 3026/3504/1419 2994/3505/1419
f 3030/3389/1429 3033/3434/1429 3032/3453/1429 3031/3454/1429
f 3018/3435/181 3019/3389/181 3030/3389/181 3031/3435/181
f 2995/3506/1421 2999/3507/1421 3042/3508/1421 3049/3508/1421 3046/3509/1421 3035/3509/1421
f 3034/3411/1422 3037/3410/1422 3036/3421/1422 3035/3391/1422
f 3038/3393/1423 3041/3420/1423 3040/3459/1423 3039/3460/1423
f 2999/3510/1424 3001/3511/1424 3038/3512/1424 3045/3512/1424 3042/3513/1424
f 3042/3514/1425 3045/3515/1425 3044/3516/1425 3043/3517/1425
f 3048/3518/1426 3047/3519/1426 3046/3520/1426 3049/3521/1426
f 3034/3411/181 3035/3391/181 3046/3391/181 3047/3411/181
f 3004/3431/36 3005/3407/36 3043/3412/36 3044/3460/36 3039/3460/36 3040/3459/36 3037/3473/36 3003/3409/36
f 3182/158/1468 3183/159/1468 3185/79/1468 3184/80/1468
f 3184/80/1469 3185/79/1469 3189/81/1469 3188/82/1469
f 3188/82/1470 3189/81/1470 3187/84/1470 3186/83/1470
f 3186/83/1471 3187/84/1471 3183/85/1471 3182/51/1471
f 3184/91/1472 3188/82/1472 3186/83/1472 3182/89/1472
f 3189/81/1473 3185/330/1473 3183/1066/1473 3187/84/1473
f 3190/158/1468 3191/159/1468 3193/79/1468 3192/80/1468
f 3192/80/1469 3193/79/1469 3197/81/1469 3196/82/1469
f 3196/82/1470 3197/81/1470 3195/84/1470 3194/83/1470
f 3194/83/1471 3195/84/1471 3191/85/1471 3190/51/1471
f 3192/91/1472 3196/82/1472 3194/83/1472 3190/89/1472
f 3197/81/1473 3193/330/1473 3191/1066/1473 3195/84/1473
f 3226/158/1468 3227/159/1468 3229/79/1468 3228/80/1468
f 3228/80/1469 3229/79/1469 3233/81/1469 3232/82/1469
f 3232/82/1470 3233/81/1470 3231/84/1470 3230/83/1470
f 3230/83/1471 3231/84/1471 3227/85/1471 3226/51/1471
f 3228/91/1472 3232/82/1472 3230/83/1472 3226/89/1472
f 3233/81/1473 3229/330/1473 3227/1066/1473 3231/84/1473
f 3234/158/1476 3235/159/1476 3237/79/1476 3236/80/1476
f 3236/80/1477 3237/79/1477 3241/81/1477 3240/82/1477
f 3240/82/1478 3241/81/1478 3239/84/1478 3238/83/1478
f 3238/3685/1479 3239/3686/1479 3235/3687/1479 3234/3688/1479
f 3236/3689/1480 3240/3690/1480 3238/3691/1480 3234/3692/1480
f 3241/81/1481 3237/330/1481 3235/1066/1481 3239/84/1481
f 3242/158/1482 3243/159/1482 3245/79/1482 3244/80/1482
f 3244/80/1477 3245/79/1477 3249/81/1477 3248/82/1477
f 3248/82/1483 3249/81/1483 3247/84/1483 3246/83/1483
f 3246/3693/1479 3247/3694/1479 3243/3695/1479 3242/3696/1479
f 3244/3697/1480 3248/3698/1480 3246/3699/1480 3242/3700/1480
f 3249/81/1481 3245/330/1481 3243/1066/1481 3247/84/1481
f 3250/3701/1476 3251/3702/1476 3253/3703/1476 3252/3704/1476
f 3252/80/1477 3253/79/1477 3257/81/1477 3256/82/1477
f 3256/82/1483 3257/81/1483 3255/84/1483 3254/83/1483
f 3254/3705/1479 3255/3706/1479 3251/3707/1479 3250/3708/1479
f 3252/3709/1480 3256/3710/1480 3254/3711/1480 3250/3712/1480
f 3257/81/1481 3253/330/1481 3251/1066/1481 3255/84/1481
f 3258/158/1484 3259/159/1484 3261/79/1484 3260/80/1484
f 3260/80/1485 3261/79/1485 3265/81/1485 3264/82/1485
f 3264/82/1486 3265/81/1486 3263/84/1486 3262/83/1486
f 3262/83/1487 3263/84/1487 3259/85/1487 3258/51/1487
f 3260/91/1488 3264/82/1488 3262/83/1488 3258/89/1488
f 3265/81/1489 3261/330/1489 3259/1066/1489 3263/84/1489
f 3274/158/182 3275/159/182 3277/79/182 3276/80/182
f 3276/80/185 3277/79/185 3281/81/185 3280/82/185
f 3280/82/179 3281/81/179 3279/84/179 3278/83/179
f 3278/83/180 3279/84/180 3275/85/180 3274/51/180
f 3276/91/36 3280/82/36 3278/83/36 3274/89/36
f 3281/81/53 3277/330/53 3275/1066/53 3279/84/53
f 3282/158/180 3283/159/180 3285/79/180 3284/80/180
f 3286/3717/1496 3288/3718/1496 3289/3719/1496 3283/3720/1496 3282/3721/1496
f 3284/80/179 3285/79/179 3290/3722/179 3291/3723/179 3287/82/179
f 3284/91/53 3287/82/53 3286/83/53 3282/89/53
f 3287/82/185 3291/3723/185 3288/3724/185 3286/83/185
f 3290/3725/1497 3289/3726/1497 3288/3727/1497 3291/3728/1497
f 3290/3725/36 3285/3729/36 3283/3730/36 3289/3726/36
f 3332/158/1498 3333/159/1498 3335/79/1498 3334/80/1498
f 3334/80/1499 3335/79/1499 3339/81/1499 3338/82/1499
f 3338/82/1500 3339/81/1500 3337/84/1500 3336/83/1500
f 3336/83/1501 3337/84/1501 3333/85/1501 3332/51/1501
f 3334/91/1502 3338/82/1502 3336/83/1502 3332/89/1502
f 3339/81/1503 3335/330/1503 3333/1066/1503 3337/84/1503
f 3349/158/1507 3341/159/1507 3343/79/1507 3348/80/1507
f 3348/3735/1508 3343/3736/1508 3347/3737/1508 3350/3738/1508
f 3350/82/1509 3347/81/1509 3345/84/1509 3351/83/1509
f 3351/83/1510 3345/84/1510 3341/85/1510 3349/51/1510
f 3340/3739/1509 3342/3740/1509 3352/3740/1509 3353/3739/1509
f 3347/81/185 3343/330/185 3341/1066/185 3345/84/185
f 3342/3740/180 3340/3739/180 3349/89/180 3348/91/180
f 3346/3741/180 3342/3742/180 3348/3743/180 3350/3744/180
f 3344/3745/180 3346/3746/180 3350/82/180 3351/83/180
f 3340/3739/180 3344/3745/180 3351/83/180 3349/89/180
f 3352/3740/180 3354/3746/180 3355/3745/180 3353/3739/180
f 3344/3745/1508 3340/3739/1508 3353/3739/1508 3355/3745/1508
f 3342/3740/1510 3346/3746/1510 3354/3746/1510 3352/3740/1510
f 3346/3746/1507 3344/3745/1507 3355/3745/1507 3354/3746/1507
f 3386/153/1511 3418/153/1511 3419/153/1511 3390/3747/1511
f 3368/3748/578 3385/3749/578 3413/3750/578 3414/3751/578 3382/3752/578 3364/3753/578
f 3389/153/1512 3415/153/1512 3416/153/1512 3388/153/1512
f 3378/3754/1513 3379/3755/1513 3417/153/1513 3416/153/1513 3415/153/1513 3377/3756/1513
f 3387/153/1514 3417/153/1514 3418/153/1514 3386/153/1514
f 3388/153/1515 3416/153/1515 3417/153/1515 3387/153/1515
f 3383/3757/1516 3366/80/1516 3376/153/1516 3390/3747/1516
f 3382/3758/1517 3414/85/1517 3415/153/1517 3389/153/1517
f 3364/51/1518 3382/3758/1518 3389/153/1518 3372/153/1518
f 3411/79/1519 3383/3757/1519 3390/3747/1519 3419/153/1519
f 3373/153/1520 3388/153/1520 3387/153/1520 3374/153/1520
f 3374/153/1521 3387/153/1521 3386/153/1521 3375/153/1521
f 3372/153/1522 3389/153/1522 3388/153/1522 3373/153/1522
f 3375/153/1523 3386/153/1523 3390/3747/1523 3376/153/1523
f 3391/153/1524 3393/153/1524 3392/153/1524
f 3394/3759/1525 3395/3760/1525 3396/3761/1525
f 3393/153/1526 3396/153/1526 3395/153/1526 3392/153/1526
f 3391/3762/1527 3394/3763/1527 3396/3764/1527 3393/3765/1527
f 3392/3766/1528 3395/3767/1528 3394/3768/1528 3391/3769/1528
f 3397/3770/1529 3399/3771/1529 3398/3772/1529
f 3400/153/1530 3401/153/1530 3402/153/1530
f 3399/153/1531 3402/153/1531 3401/153/1531 3398/153/1531
f 3397/153/1532 3400/153/1532 3402/153/1532 3399/153/1532
f 3398/3773/1533 3401/3774/1533 3400/3775/1533 3397/3776/1533
f 3413/3777/1285 3385/3778/1285 3384/3779/1285 3412/3780/1285
f 3365/3781/578 3369/3782/578 3422/3783/578 3423/3784/578
f 3403/158/406 3404/159/406 3406/79/406 3405/80/406
f 3405/80/650 3406/79/650 3410/81/650 3409/82/650
f 3409/3785/407 3410/3786/407 3408/3787/407 3407/3788/407
f 3407/83/578 3408/84/578 3404/85/578 3403/51/578
f 3405/91/53 3409/82/53 3407/83/53 3403/89/53
f 3410/3789/36 3406/3790/36 3404/3791/36 3408/3792/36
f 3367/3793/1534 3371/3794/1534 3412/81/1534 3411/79/1534
f 3369/3795/1535 3365/3796/1535 3414/3797/1535 3413/3798/1535
f 3380/3799/1536 3381/3800/1536 3419/153/1536 3418/153/1536 3417/153/1536 3379/3755/1536
f 3381/3800/1537 3367/3793/1537 3411/79/1537 3419/153/1537
f 3365/3796/1538 3377/3801/1538 3415/3802/1538 3414/3797/1538
f 3371/3803/1539 3369/3795/1539 3413/3798/1539 3412/3804/1539
f 3420/3805/1540 3428/3806/1540 3427/3807/1540 3426/3808/1540 3425/3809/1540 3424/3810/1540 3423/3811/1540 3422/3812/1540 3421/3813/1540
f 3369/3814/1541 3371/3815/1541 3421/3816/1541 3422/3817/1541
f 3381/3800/1542 3380/3799/1542 3427/3799/1542 3428/3800/1542
f 3378/3754/1543 3377/3756/1543 3424/3756/1543 3425/3754/1543
f 3367/3793/1544 3381/3800/1544 3428/3800/1544 3420/3793/1544
f 3380/3799/1545 3379/3755/1545 3426/3755/1545 3427/3799/1545
f 3371/3794/650 3367/3793/650 3420/3793/650 3421/3794/650
f 3377/3756/1546 3365/3818/1546 3423/3818/1546 3424/3756/1546
f 3379/3755/1547 3378/3754/1547 3425/3754/1547 3426/3755/1547
f 3429/158/88 3430/159/88 3432/79/88 3431/80/88
f 3431/80/650 3432/79/650 3436/81/650 3435/82/650
f 3435/82/1285 3436/81/1285 3434/84/1285 3433/83/1285
f 3433/83/578 3434/84/578 3430/85/578 3429/51/578
f 3431/91/53 3435/82/53 3433/83/53 3429/89/53
f 3436/81/36 3432/330/36 3430/1066/36 3434/84/36
f 3366/80/650 3383/3757/650 3411/79/650 3412/81/650 3384/3819/650 3370/82/650
f 3437/158/88 3438/159/88 3440/79/88 3439/80/88
f 3439/80/650 3440/79/650 3444/81/650 3443/82/650
f 3441/83/578 3442/84/578 3438/85/578 3437/51/578
f 3439/91/53 3443/82/53 3441/83/53 3437/89/53
f 3444/81/36 3440/330/36 3438/1066/36 3442/84/36
f 3565/328/119 3598/2/119 3597/5/119 3567/329/119
f 3567/329/120 3597/5/120 3599/9/120 3569/330/120
f 3569/330/121 3599/9/121 3600/331/121 3571/332/121
f 3571/332/122 3600/331/122 3601/333/122 3573/334/122
f 3573/334/123 3601/333/123 3602/335/123 3575/336/123
f 3575/336/1555 3602/335/1555 3603/85/1555 3577/81/1555
f 3577/81/125 3603/85/125 3604/337/125 3579/338/125
f 3579/338/126 3604/337/126 3605/339/126 3581/340/126
f 3581/340/127 3605/339/127 3606/48/127 3583/341/127
f 3583/341/128 3606/48/128 3607/51/128 3585/82/128
f 3585/82/130 3607/51/130 3608/345/130 3587/346/130
f 3587/346/131 3608/345/131 3609/57/131 3589/347/131
f 3589/347/133 3609/57/133 3610/61/133 3591/348/133
f 3591/348/134 3610/61/134 3611/65/134 3593/91/134
f 3590/663/1556 3588/665/1556 3640/665/1556 3641/663/1556
f 3593/91/135 3611/65/135 3612/69/135 3595/352/135
f 3595/352/136 3612/69/136 3598/75/136 3565/353/136
f 3565/354/53 3567/355/53 3569/689/53 3571/691/53 3573/693/53 3575/695/53 3577/697/53 3579/699/53 3581/701/53 3583/703/53 3585/705/53 3587/365/53 3589/708/53 3591/710/53 3593/368/53 3595/713/53
f 3566/655/181 3568/685/181 3597/685/181 3598/655/181
f 3568/685/181 3570/683/181 3599/683/181 3597/685/181
f 3570/683/181 3572/681/181 3600/681/181 3599/683/181
f 3572/681/181 3574/679/181 3601/679/181 3600/681/181
f 3574/679/181 3576/677/181 3602/677/181 3601/679/181
f 3576/677/181 3578/675/181 3603/675/181 3602/677/181
f 3578/675/181 3580/673/181 3604/673/181 3603/675/181
f 3580/673/181 3582/671/181 3605/671/181 3604/673/181
f 3582/671/181 3584/669/181 3606/669/181 3605/671/181
f 3584/669/181 3586/667/181 3607/667/181 3606/669/181
f 3586/667/181 3588/665/181 3608/665/181 3607/667/181
f 3588/665/181 3590/663/181 3609/663/181 3608/665/181
f 3590/663/181 3592/661/181 3610/661/181 3609/663/181
f 3592/661/181 3594/659/181 3611/659/181 3610/661/181
f 3594/659/181 3596/657/181 3612/657/181 3611/659/181
f 3596/657/181 3566/655/181 3598/655/181 3612/657/181
f 3620/3913/125 3619/3914/125 3651/3915/125 3652/3916/125
f 3576/3917/1557 3574/3918/1557 3633/3919/1557 3634/3920/1557
f 3592/661/1558 3590/663/1558 3641/663/1558 3642/661/1558
f 3578/3921/1559 3576/3917/1559 3634/3920/1559 3635/3922/1559
f 3594/659/1560 3592/661/1560 3642/661/1560 3643/659/1560
f 3580/3923/1561 3578/3921/1561 3635/3922/1561 3636/3924/1561
f 3596/657/1562 3594/659/1562 3643/659/1562 3644/657/1562
f 3582/3925/1563 3580/3923/1563 3636/3924/1563 3637/3926/1563
f 3568/685/1564 3566/655/1564 3630/655/1564 3629/685/1564
f 3566/655/1565 3596/657/1565 3644/657/1565 3630/655/1565
f 3584/669/1566 3582/671/1566 3637/671/1566 3638/669/1566
f 3570/683/1567 3568/685/1567 3629/685/1567 3631/683/1567
f 3586/667/1568 3584/669/1568 3638/669/1568 3639/667/1568
f 3572/3927/1569 3570/3928/1569 3631/3929/1569 3632/3930/1569
f 3588/665/1570 3586/667/1570 3639/667/1570 3640/665/1570
f 3574/3918/1571 3572/3927/1571 3632/3930/1571 3633/3919/1571
f 3614/3931/36 3613/3932/36 3629/685/36 3630/655/36
f 3613/3932/36 3615/3933/36 3631/683/36 3629/685/36
f 3615/3933/36 3616/3934/36 3632/681/36 3631/683/36
f 3616/3934/36 3617/3935/36 3633/679/36 3632/681/36
f 3617/3935/1572 3618/3936/1572 3634/677/1572 3633/679/1572
f 3618/3936/36 3619/3937/36 3635/675/36 3634/677/36
f 3619/3937/36 3620/3938/36 3636/673/36 3635/675/36
f 3620/3938/36 3621/3939/36 3637/671/36 3636/673/36
f 3621/3939/36 3622/3940/36 3638/669/36 3637/671/36
f 3622/3940/268 3623/3941/268 3639/667/268 3638/669/268
f 3623/3941/36 3624/3942/36 3640/665/36 3639/667/36
f 3624/3942/36 3625/3943/36 3641/663/36 3640/665/36
f 3625/3943/268 3626/3944/268 3642/661/268 3641/663/268
f 3626/3944/268 3627/3945/268 3643/659/268 3642/661/268
f 3627/3945/36 3628/3946/36 3644/657/36 3643/659/36
f 3628/3946/36 3614/3931/36 3630/655/36 3644/657/36
f 3694/3943/1573 3693/3947/1573 3672/3942/1573 3673/3943/1573
f 3628/3946/135 3627/3945/135 3659/3945/135 3660/3946/135
f 3621/3948/126 3620/3913/126 3652/3916/126 3653/3949/126
f 3613/3932/119 3614/3931/119 3646/3931/119 3645/3932/119
f 3614/3931/136 3628/3946/136 3660/3946/136 3646/3931/136
f 3622/3950/127 3621/3948/127 3653/3949/127 3654/3951/127
f 3615/3933/120 3613/3932/120 3645/3932/120 3647/3933/120
f 3623/3941/128 3622/3940/128 3654/3940/128 3655/3941/128
f 3616/3952/121 3615/3953/121 3647/3954/121 3648/3955/121
f 3624/3942/130 3623/3941/130 3655/3941/130 3656/3942/130
f 3617/3956/1574 3616/3957/1574 3648/3958/1574 3649/3959/1574
f 3625/3943/131 3624/3942/131 3656/3942/131 3657/3943/131
f 3618/3960/123 3617/3956/123 3649/3959/123 3650/3961/123
f 3626/3944/133 3625/3943/133 3657/3943/133 3658/3944/133
f 3619/3962/124 3618/3960/124 3650/3961/124 3651/3963/124
f 3627/3945/134 3626/3944/134 3658/3944/134 3659/3945/134
f 3663/3933/1575 3661/3932/1575 3677/3932/1575 3679/3933/1575
f 3696/3964/123 3695/3965/123 3665/3966/123 3666/3967/123
f 3697/3968/1576 3694/3943/1576 3673/3943/1576 3674/3944/1576
f 3698/3969/1555 3696/3964/1555 3666/3967/1555 3667/3970/1555
f 3699/3945/1577 3697/3968/1577 3674/3944/1577 3675/3945/1577
f 3700/3971/1578 3698/3972/1578 3667/3973/1578 3668/3974/1578
f 3701/3975/1579 3699/3945/1579 3675/3945/1579 3676/3946/1579
f 3702/3976/1580 3700/3938/1580 3668/3938/1580 3669/3939/1580
f 3704/3977/1581 3703/3978/1581 3662/3931/1581 3661/3932/1581
f 3703/3978/1582 3701/3975/1582 3676/3946/1582 3662/3931/1582
f 3705/3979/1583 3702/3976/1583 3669/3939/1583 3670/3940/1583
f 3706/3933/120 3704/3977/120 3661/3932/120 3663/3933/120
f 3707/3941/1584 3705/3979/1584 3670/3940/1584 3671/3941/1584
f 3708/3934/121 3706/3933/121 3663/3933/121 3664/3934/121
f 3693/3947/1585 3707/3941/1585 3671/3941/1585 3672/3942/1585
f 3695/3935/122 3708/3934/122 3664/3934/122 3665/3935/122
f 3677/3980/36 3678/3981/36 3692/3982/36 3691/3983/36 3690/3984/36 3689/3985/36 3688/3986/36 3687/3987/36 3686/3988/36 3685/3989/36 3684/3990/36 3683/3991/36 3682/3992/36 3681/3993/36 3680/3994/36 3679/3995/36
f 3671/3941/128 3670/3940/128 3686/3940/128 3687/3941/128
f 3664/3996/1586 3663/3997/1586 3679/3998/1586 3680/3999/1586
f 3672/3942/130 3671/3941/130 3687/3941/130 3688/3942/130
f 3665/3966/1587 3664/4000/1587 3680/4001/1587 3681/4002/1587
f 3673/3943/131 3672/3942/131 3688/3942/131 3689/3943/131
f 3666/3967/1588 3665/3966/1588 3681/4002/1588 3682/4003/1588
f 3674/3944/133 3673/3943/133 3689/3943/133 3690/3944/133
f 3667/3970/1589 3666/3967/1589 3682/4003/1589 3683/4004/1589
f 3675/3945/134 3674/3944/134 3690/3944/134 3691/3945/134
f 3668/4005/1590 3667/3970/1590 3683/4004/1590 3684/4006/1590
f 3676/3946/135 3675/3945/135 3691/3945/135 3692/3946/135
f 3669/3939/126 3668/3938/126 3684/3938/126 3685/3939/126
f 3661/3932/1591 3662/3931/1591 3678/3931/1591 3677/3932/1591
f 3662/3931/136 3676/3946/136 3692/3946/136 3678/3931/136
f 3670/4007/127 3669/4008/127 3685/4009/127 3686/4010/127
f 3649/3935/122 3648/3934/122 3708/3934/122 3695/3935/122
f 3656/3942/130 3655/3941/130 3707/3941/130 3693/3947/130
f 3648/3955/121 3647/3954/121 3706/4011/121 3708/4012/121
f 3655/3941/128 3654/3940/128 3705/3979/128 3707/3941/128
f 3647/3933/120 3645/3932/120 3704/3977/120 3706/3933/120
f 3654/3940/127 3653/3939/127 3702/3976/127 3705/3979/127
f 3646/3931/136 3660/3946/136 3701/3975/136 3703/3978/136
f 3645/3932/119 3646/3931/119 3703/3978/119 3704/3977/119
f 3653/3949/126 3652/3916/126 3700/4013/126 3702/4014/126
f 3660/3946/135 3659/3945/135 3699/3945/135 3701/3975/135
f 3652/3938/125 3651/3937/125 3698/4015/125 3700/3938/125
f 3659/3945/134 3658/3944/134 3697/3968/134 3699/3945/134
f 3651/3963/124 3650/3961/124 3696/3964/124 3698/3969/124
f 3658/3944/133 3657/3943/133 3694/3943/133 3697/3968/133
f 3650/3961/123 3649/3959/123 3695/3965/123 3696/3964/123
f 3657/3943/131 3656/3942/131 3693/3947/131 3694/3943/131
f 3709/328/1592 3711/1086/1592 3712/1085/1592 3710/2/1592
f 3711/1086/1593 3713/1090/1593 3714/1089/1593 3712/1085/1593
f 3713/1090/36 3715/1094/36 3716/1093/36 3714/1089/36
f 3715/1094/1594 3717/1098/1594 3718/1097/1594 3716/1093/1594
f 3717/1098/804 3719/4016/804 3720/4017/804 3718/1097/804
f 3719/4016/1595 3721/4018/1595 3722/4019/1595 3720/4017/1595
f 3721/4018/1596 3723/4020/1596 3724/4021/1596 3722/4019/1596
f 3723/4020/53 3725/4022/53 3726/4023/53 3724/4021/53
f 3712/1085/1597 3729/1085/1597 3730/2/1597 3710/2/1597
f 3725/4022/1598 3727/4024/1598 3728/4025/1598 3726/4023/1598
f 3727/4024/1599 3709/4026/1599 3710/4027/1599 3728/4025/1599
f 3709/354/185 3727/1143/185 3725/1141/185 3723/1140/185 3721/1138/185 3719/701/185 3717/1135/185 3715/1133/185 3713/1132/185 3711/1130/185
f 3735/4019/1600 3745/4019/1600 3744/4017/1600 3734/4017/1600
f 3716/1093/36 3732/1093/36 3731/1089/36 3714/1089/36
f 3714/1089/1601 3731/1089/1601 3729/1085/1601 3712/1085/1601
f 3710/4027/1602 3730/4027/1602 3738/4025/1602 3728/4025/1602
f 3728/4025/1603 3738/4025/1603 3737/4023/1603 3726/4023/1603
f 3726/4023/53 3737/4023/53 3736/4021/53 3724/4021/53
f 3724/4021/1604 3736/4021/1604 3735/4019/1604 3722/4019/1604
f 3722/4019/1605 3735/4019/1605 3734/4017/1605 3720/4017/1605
f 3720/4017/1606 3734/4017/1606 3733/1097/1606 3718/1097/1606
f 3718/1097/1607 3733/1097/1607 3732/1093/1607 3716/1093/1607
f 3742/1093/36 3752/1093/36 3751/1089/36 3741/1089/36
f 3732/1093/36 3742/1093/36 3741/1089/36 3731/1089/36
f 3730/4027/1608 3740/4027/1608 3748/4025/1608 3738/4025/1608
f 3736/4021/1609 3746/4021/1609 3745/4019/1609 3735/4019/1609
f 3733/1097/1610 3743/1097/1610 3742/1093/1610 3732/1093/1610
f 3729/1085/1611 3739/1085/1611 3740/2/1611 3730/2/1611
f 3737/4023/53 3747/4023/53 3746/4021/53 3736/4021/53
f 3734/4017/1612 3744/4017/1612 3743/1097/1612 3733/1097/1612
f 3731/1089/1613 3741/1089/1613 3739/1085/1613 3729/1085/1613
f 3738/4025/1614 3748/4025/1614 3747/4023/1614 3737/4023/1614
f 3756/4021/1598 3766/4021/1598 3765/4019/1598 3755/4019/1598
f 3740/4027/1615 3750/4027/1615 3758/4025/1615 3748/4025/1615
f 3746/4021/1616 3756/4021/1616 3755/4019/1616 3745/4019/1616
f 3743/1097/1617 3753/1097/1617 3752/1093/1617 3742/1093/1617
f 3739/4028/1618 3749/4029/1618 3750/4030/1618 3740/4031/1618
f 3747/4023/53 3757/4023/53 3756/4021/53 3746/4021/53
f 3744/4017/1619 3754/4017/1619 3753/1097/1619 3743/1097/1619
f 3741/4032/1620 3751/1375/1620 3749/4033/1620 3739/4034/1620
f 3748/4025/1621 3758/4025/1621 3757/4023/1621 3747/4023/1621
f 3745/4019/1622 3755/4019/1622 3754/4017/1622 3744/4017/1622
f 3759/3142/185 3761/4035/185 3762/1303/185 3763/4036/185 3764/671/185 3765/4037/185 3766/4038/185 3767/4039/185 3768/4040/185 3760/655/185
f 3753/4041/1593 3763/4042/1593 3762/4043/1593 3752/4044/1593
f 3749/1085/804 3759/1085/804 3760/2/804 3750/2/804
f 3757/4023/53 3767/4023/53 3766/4021/53 3756/4021/53
f 3754/4017/1592 3764/4017/1592 3763/1097/1592 3753/1097/1592
f 3751/1089/1594 3761/1089/1594 3759/1085/1594 3749/1085/1594
f 3758/4025/1596 3768/4025/1596 3767/4023/1596 3757/4023/1596
f 3755/4045/1599 3765/4046/1599 3764/4047/1599 3754/4048/1599
f 3752/1093/36 3762/1093/36 3761/1089/36 3751/1089/36
f 3750/4027/1595 3760/4027/1595 3768/4025/1595 3758/4025/1595
f 3728/4049/53 3727/4050/53 3768/4051/53 3758/4052/53 3748/4053/53 3738/4054/53
f 3769/328/1623 3771/1086/1623 3772/1085/1623 3770/2/1623
f 3771/1086/1624 3773/1090/1624 3774/1089/1624 3772/1085/1624
f 3773/1090/1625 3775/1094/1625 3776/1093/1625 3774/1089/1625
f 3775/1094/1626 3777/1098/1626 3778/1097/1626 3776/1093/1626
f 3777/1098/1627 3779/4016/1627 3780/4017/1627 3778/1097/1627
f 3779/4016/1628 3781/4018/1628 3782/4019/1628 3780/4017/1628
f 3781/4018/1629 3783/4020/1629 3784/4021/1629 3782/4019/1629
f 3783/4020/1630 3785/4022/1630 3786/4023/1630 3784/4021/1630
f 3772/3142/1631 3774/4035/1631 3776/1303/1631 3778/4036/1631 3780/671/1631 3782/4037/1631 3784/4038/1631 3786/4039/1631 3788/4040/1631 3770/655/1631
f 3785/4022/1632 3787/4024/1632 3788/4025/1632 3786/4023/1632
f 3787/4024/1633 3769/4026/1633 3770/4027/1633 3788/4025/1633
f 3769/354/1634 3787/1143/1634 3785/1141/1634 3783/1140/1634 3781/1138/1634 3779/701/1634 3777/1135/1634 3775/1133/1634 3773/1132/1634 3771/1130/1634
f 3789/328/1623 3791/1086/1623 3792/1085/1623 3790/2/1623
f 3791/1086/1635 3793/1090/1635 3794/1089/1635 3792/1085/1635
f 3793/1090/1625 3795/1094/1625 3796/1093/1625 3794/1089/1625
f 3795/1094/1636 3797/1098/1636 3798/1097/1636 3796/1093/1636
f 3797/1098/1627 3799/4016/1627 3800/4017/1627 3798/1097/1627
f 3799/4016/1628 3801/4018/1628 3802/4019/1628 3800/4017/1628
f 3801/4018/1637 3803/4020/1637 3804/4021/1637 3802/4019/1637
f 3803/4020/1630 3805/4022/1630 3806/4023/1630 3804/4021/1630
f 3792/3142/1631 3794/4035/1631 3796/1303/1631 3798/4036/1631 3800/671/1631 3802/4037/1631 3804/4038/1631 3806/4039/1631 3808/4040/1631 3790/655/1631
f 3805/4022/1638 3807/4024/1638 3808/4025/1638 3806/4023/1638
f 3807/4024/1633 3789/4026/1633 3790/4027/1633 3808/4025/1633
f 3789/354/1634 3807/1143/1634 3805/1141/1634 3803/1140/1634 3801/1138/1634 3799/701/1634 3797/1135/1634 3795/1133/1634 3793/1132/1634 3791/1130/1634
f 3809/328/1623 3811/1086/1623 3812/1085/1623 3810/2/1623
f 3811/1086/1639 3813/1090/1639 3814/1089/1639 3812/1085/1639
f 3813/1090/1625 3815/1094/1625 3816/1093/1625 3814/1089/1625
f 3815/1094/1640 3817/1098/1640 3818/1097/1640 3816/1093/1640
f 3817/1098/1627 3819/4016/1627 3820/4017/1627 3818/1097/1627
f 3819/4016/1628 3821/4018/1628 3822/4019/1628 3820/4017/1628
f 3821/4018/1629 3823/4020/1629 3824/4021/1629 3822/4019/1629
f 3823/4020/1630 3825/4022/1630 3826/4023/1630 3824/4021/1630
f 3812/3142/1631 3814/4035/1631 3816/1303/1631 3818/4036/1631 3820/671/1631 3822/4037/1631 3824/4038/1631 3826/4039/1631 3828/4040/1631 3810/655/1631
f 3825/4022/1632 3827/4024/1632 3828/4025/1632 3826/4023/1632
f 3827/4024/1633 3809/4026/1633 3810/4027/1633 3828/4025/1633
f 3809/354/1634 3827/1143/1634 3825/1141/1634 3823/1140/1634 3821/1138/1634 3819/701/1634 3817/1135/1634 3815/1133/1634 3813/1132/1634 3811/1130/1634
f 3829/328/1592 3831/1086/1592 3832/1085/1592 3830/2/1592
f 3831/1086/1593 3833/1090/1593 3834/1089/1593 3832/1085/1593
f 3833/1090/36 3835/1094/36 3836/1093/36 3834/1089/36
f 3835/1094/1594 3837/1098/1594 3838/1097/1594 3836/1093/1594
f 3837/1098/804 3839/4016/804 3840/4017/804 3838/1097/804
f 3839/4016/1595 3841/4018/1595 3842/4019/1595 3840/4017/1595
f 3841/4018/1596 3843/4020/1596 3844/4021/1596 3842/4019/1596
f 3843/4020/53 3845/4022/53 3846/4023/53 3844/4021/53
f 3832/1085/1641 3849/1085/1641 3850/2/1641 3830/2/1641
f 3845/4022/1598 3847/4024/1598 3848/4025/1598 3846/4023/1598
f 3847/4024/1599 3829/4026/1599 3830/4027/1599 3848/4025/1599
f 3829/354/185 3847/1143/185 3845/1141/185 3843/1140/185 3841/1138/185 3839/701/185 3837/1135/185 3835/1133/185 3833/1132/185 3831/1130/185
f 3855/4019/1600 3865/4019/1600 3864/4017/1600 3854/4017/1600
f 3836/1093/36 3852/1093/36 3851/1089/36 3834/1089/36
f 3834/1089/1642 3851/1089/1642 3849/1085/1642 3832/1085/1642
f 3830/4027/1602 3850/4027/1602 3858/4025/1602 3848/4025/1602
f 3848/4025/1643 3858/4025/1643 3857/4023/1643 3846/4023/1643
f 3846/4023/53 3857/4023/53 3856/4021/53 3844/4021/53
f 3844/4021/1604 3856/4021/1604 3855/4019/1604 3842/4019/1604
f 3842/4019/1644 3855/4019/1644 3854/4017/1644 3840/4017/1644
f 3840/4017/1645 3854/4017/1645 3853/1097/1645 3838/1097/1645
f 3838/1097/1607 3853/1097/1607 3852/1093/1607 3836/1093/1607
f 3862/1093/36 3872/1093/36 3871/1089/36 3861/1089/36
f 3852/4055/36 3862/4056/36 3861/4057/36 3851/4058/36
f 3850/4059/1608 3860/4060/1608 3868/4061/1608 3858/4062/1608
f 3856/4021/1609 3866/4021/1609 3865/4019/1609 3855/4019/1609
f 3853/1097/1610 3863/1097/1610 3862/1093/1610 3852/1093/1610
f 3849/4063/1611 3859/4064/1611 3860/4060/1611 3850/4059/1611
f 3857/4023/53 3867/4023/53 3866/4021/53 3856/4021/53
f 3854/4017/1612 3864/4017/1612 3863/1097/1612 3853/1097/1612
f 3851/4058/1613 3861/4057/1613 3859/4065/1613 3849/4066/1613
f 3858/4067/1614 3868/4068/1614 3867/4069/1614 3857/4070/1614
f 3876/4021/1598 3886/4021/1598 3885/4019/1598 3875/4019/1598
f 3860/4027/1615 3870/4027/1615 3878/4025/1615 3868/4025/1615
f 3866/4021/1646 3876/4021/1646 3875/4019/1646 3865/4019/1646
f 3863/4071/1617 3873/4072/1617 3872/4073/1617 3862/4074/1617
f 3859/1085/1618 3869/1085/1618 3870/2/1618 3860/2/1618
f 3867/4023/53 3877/4023/53 3876/4021/53 3866/4021/53
f 3864/4017/1647 3874/4017/1647 3873/1097/1647 3863/1097/1647
f 3861/4057/1620 3871/4075/1620 3869/4076/1620 3859/4065/1620
f 3868/4025/1648 3878/4025/1648 3877/4023/1648 3867/4023/1648
f 3865/4019/1622 3875/4019/1622 3874/4017/1622 3864/4017/1622
f 3879/3142/185 3881/4035/185 3882/1303/185 3883/4036/185 3884/671/185 3885/4037/185 3886/4038/185 3887/4039/185 3888/4040/185 3880/655/185
f 3873/4072/1593 3883/4077/1593 3882/4078/1593 3872/4073/1593
f 3869/1085/804 3879/1085/804 3880/2/804 3870/2/804
f 3877/4023/53 3887/4023/53 3886/4021/53 3876/4021/53
f 3874/4079/1592 3884/4080/1592 3883/4081/1592 3873/4082/1592
f 3871/1089/1594 3881/1089/1594 3879/1085/1594 3869/1085/1594
f 3878/4025/1596 3888/4025/1596 3887/4023/1596 3877/4023/1596
f 3875/4019/1599 3885/4019/1599 3884/4017/1599 3874/4017/1599
f 3872/4073/36 3882/4078/36 3881/4083/36 3871/4084/36
f 3870/4027/1595 3880/4027/1595 3888/4025/1595 3878/4025/1595
f 3889/328/1649 3891/1086/1649 3892/1085/1649 3890/2/1649
f 3891/1086/1650 3893/1090/1650 3894/1089/1650 3892/1085/1650
f 3893/1090/185 3895/1094/185 3896/1093/185 3894/1089/185
f 3895/1094/1651 3897/1098/1651 3898/1097/1651 3896/1093/1651
f 3897/1098/1652 3899/4016/1652 3900/4017/1652 3898/1097/1652
f 3899/4016/1653 3901/4018/1653 3902/4019/1653 3900/4017/1653
f 3901/4018/1654 3903/4020/1654 3904/4021/1654 3902/4019/1654
f 3903/4020/180 3905/4022/180 3906/4023/180 3904/4021/180
f 3892/3142/36 3894/4035/36 3896/1303/36 3898/4036/36 3900/671/36 3902/4037/36 3904/4038/36 3906/4039/36 3908/4040/36 3890/655/36
f 3905/4022/1655 3907/4024/1655 3908/4025/1655 3906/4023/1655
f 3907/4024/1656 3889/4026/1656 3890/4027/1656 3908/4025/1656
f 3889/354/53 3907/1143/53 3905/1141/53 3903/1140/53 3901/1138/53 3899/701/53 3897/1135/53 3895/1133/53 3893/1132/53 3891/1130/53
f 3909/328/1657 3911/1086/1657 3912/1085/1657 3910/2/1657
f 3911/1086/1658 3913/1090/1658 3914/1089/1658 3912/1085/1658
f 3913/1090/180 3915/1094/180 3916/1093/180 3914/1089/180
f 3915/1094/1659 3917/1098/1659 3918/1097/1659 3916/1093/1659
f 3917/1098/1660 3919/4016/1660 3920/4017/1660 3918/1097/1660
f 3919/4016/1661 3921/4018/1661 3922/4019/1661 3920/4017/1661
f 3921/4018/1662 3923/4020/1662 3924/4021/1662 3922/4019/1662
f 3923/4020/185 3925/4022/185 3926/4023/185 3924/4021/185
f 3912/3142/36 3914/4035/36 3916/1303/36 3918/4036/36 3920/671/36 3922/4037/36 3924/4038/36 3926/4039/36 3928/4040/36 3910/655/36
f 3925/4022/1663 3927/4024/1663 3928/4025/1663 3926/4023/1663
f 3927/4024/1664 3909/4026/1664 3910/4027/1664 3928/4025/1664
f 3909/354/53 3927/1143/53 3925/1141/53 3923/1140/53 3921/1138/53 3919/701/53 3917/1135/53 3915/1133/53 3913/1132/53 3911/1130/53
f 3929/328/1592 3931/1086/1592 3932/1085/1592 3930/2/1592
f 3931/1086/1593 3933/1090/1593 3934/1089/1593 3932/1085/1593
f 3933/1090/36 3935/1094/36 3936/1093/36 3934/1089/36
f 3935/1094/1594 3937/1098/1594 3938/1097/1594 3936/1093/1594
f 3937/1098/804 3939/4016/804 3940/4017/804 3938/1097/804
f 3939/4016/1595 3941/4018/1595 3942/4019/1595 3940/4017/1595
f 3941/4018/1596 3943/4020/1596 3944/4021/1596 3942/4019/1596
f 3943/4020/53 3945/4022/53 3946/4023/53 3944/4021/53
f 3932/1085/1641 3949/1085/1641 3950/2/1641 3930/2/1641
f 3945/4022/1598 3947/4024/1598 3948/4025/1598 3946/4023/1598
f 3947/4024/1599 3929/4026/1599 3930/4027/1599 3948/4025/1599
f 3929/354/185 3947/1143/185 3945/1141/185 3943/1140/185 3941/1138/185 3939/701/185 3937/1135/185 3935/1133/185 3933/1132/185 3931/1130/185
f 3955/4019/1600 3965/4019/1600 3964/4017/1600 3954/4017/1600
f 3936/1093/36 3952/1093/36 3951/1089/36 3934/1089/36
f 3934/1089/1642 3951/1089/1642 3949/1085/1642 3932/1085/1642
f 3930/4027/1602 3950/4027/1602 3958/4025/1602 3948/4025/1602
f 3948/4025/1603 3958/4025/1603 3957/4023/1603 3946/4023/1603
f 3946/4023/53 3957/4023/53 3956/4021/53 3944/4021/53
f 3944/4021/1604 3956/4021/1604 3955/4019/1604 3942/4019/1604
f 3942/4019/1644 3955/4019/1644 3954/4017/1644 3940/4017/1644
f 3940/4017/1606 3954/4017/1606 3953/1097/1606 3938/1097/1606
f 3938/1097/1607 3953/1097/1607 3952/1093/1607 3936/1093/1607
f 3962/1093/36 3972/1093/36 3971/1089/36 3961/1089/36
f 3952/1093/36 3962/1093/36 3961/1089/36 3951/1089/36
f 3950/4085/1608 3960/4086/1608 3968/4087/1608 3958/4088/1608
f 3956/4021/1609 3966/4021/1609 3965/4019/1609 3955/4019/1609
f 3953/1097/1610 3963/1097/1610 3962/1093/1610 3952/1093/1610
f 3949/1085/1611 3959/1085/1611 3960/2/1611 3950/2/1611
f 3957/4023/53 3967/4023/53 3966/4021/53 3956/4021/53
f 3954/4017/1612 3964/4017/1612 3963/1097/1612 3953/1097/1612
f 3951/1089/1613 3961/1089/1613 3959/1085/1613 3949/1085/1613
f 3958/4025/1614 3968/4025/1614 3967/4023/1614 3957/4023/1614
f 3976/4021/1598 3986/4021/1598 3985/4019/1598 3975/4019/1598
f 3960/4027/1615 3970/4027/1615 3978/4025/1615 3968/4025/1615
f 3966/4021/1646 3976/4021/1646 3975/4019/1646 3965/4019/1646
f 3963/1097/1617 3973/1097/1617 3972/1093/1617 3962/1093/1617
f 3959/1085/1618 3969/1085/1618 3970/2/1618 3960/2/1618
f 3967/4023/53 3977/4023/53 3976/4021/53 3966/4021/53
f 3964/4017/1619 3974/4017/1619 3973/1097/1619 3963/1097/1619
f 3961/4089/1620 3971/4090/1620 3969/4091/1620 3959/4092/1620
f 3968/4025/1621 3978/4025/1621 3977/4023/1621 3967/4023/1621
f 3965/4019/1622 3975/4019/1622 3974/4017/1622 3964/4017/1622
f 3979/3142/185 3981/4035/185 3982/1303/185 3983/4036/185 3984/671/185 3985/4037/185 3986/4038/185 3987/4039/185 3988/4040/185 3980/655/185
f 3973/4093/1593 3983/4094/1593 3982/4095/1593 3972/4096/1593
f 3969/1085/804 3979/1085/804 3980/2/804 3970/2/804
f 3977/4023/53 3987/4023/53 3986/4021/53 3976/4021/53
f 3974/4097/1592 3984/4098/1592 3983/4099/1592 3973/4100/1592
f 3971/1089/1594 3981/1089/1594 3979/1085/1594 3969/1085/1594
f 3978/4025/1596 3988/4025/1596 3987/4023/1596 3977/4023/1596
f 3975/4101/1599 3985/4102/1599 3984/4098/1599 3974/4097/1599
f 3972/4096/36 3982/4095/36 3981/4103/36 3971/4104/36
f 3970/4027/1595 3980/4027/1595 3988/4025/1595 3978/4025/1595
f 3989/328/1592 3991/1086/1592 3992/1085/1592 3990/2/1592
f 3991/1086/1593 3993/1090/1593 3994/1089/1593 3992/1085/1593
f 3993/1090/36 3995/1094/36 3996/1093/36 3994/1089/36
f 3995/1094/1594 3997/1098/1594 3998/1097/1594 3996/1093/1594
f 3997/1098/804 3999/4016/804 4000/4017/804 3998/1097/804
f 3999/4016/1595 4001/4018/1595 4002/4019/1595 4000/4017/1595
f 4001/4018/1596 4003/4020/1596 4004/4021/1596 4002/4019/1596
f 4003/4020/53 4005/4022/53 4006/4023/53 4004/4021/53
f 3992/4105/1641 4009/4106/1641 4010/4107/1641 3990/4108/1641
f 4005/4022/1598 4007/4024/1598 4008/4025/1598 4006/4023/1598
f 4007/4024/1599 3989/4026/1599 3990/4027/1599 4008/4025/1599
f 3989/354/185 4007/1143/185 4005/1141/185 4003/1140/185 4001/1138/185 3999/701/185 3997/1135/185 3995/1133/185 3993/1132/185 3991/1130/185
f 4015/4019/1600 4025/4019/1600 4024/4017/1600 4014/4017/1600
f 3996/1093/36 4012/1093/36 4011/1089/36 3994/1089/36
f 3994/4109/1642 4011/4110/1642 4009/4111/1642 3992/4112/1642
f 3990/4027/1602 4010/4027/1602 4018/4025/1602 4008/4025/1602
f 4008/4025/1603 4018/4025/1603 4017/4023/1603 4006/4023/1603
f 4006/4023/53 4017/4023/53 4016/4021/53 4004/4021/53
f 4004/4021/1604 4016/4021/1604 4015/4019/1604 4002/4019/1604
f 4002/4019/1605 4015/4019/1605 4014/4017/1605 4000/4017/1605
f 4000/4017/1645 4014/4017/1645 4013/1097/1645 3998/1097/1645
f 3998/1097/1607 4013/1097/1607 4012/1093/1607 3996/1093/1607
f 4022/4113/36 4032/4114/36 4031/4115/36 4021/4116/36
f 4012/4117/36 4022/4113/36 4021/4116/36 4011/4110/36
f 4010/4107/1608 4020/4118/1608 4028/4119/1608 4018/4120/1608
f 4016/4021/1609 4026/4021/1609 4025/4019/1609 4015/4019/1609
f 4013/1097/1610 4023/1097/1610 4022/1093/1610 4012/1093/1610
f 4009/4106/1611 4019/4121/1611 4020/4118/1611 4010/4107/1611
f 4017/4023/53 4027/4023/53 4026/4021/53 4016/4021/53
f 4014/4017/1612 4024/4017/1612 4023/1097/1612 4013/1097/1612
f 4011/4110/1613 4021/4116/1613 4019/4122/1613 4009/4111/1613
f 4018/4123/1614 4028/4124/1614 4027/4125/1614 4017/4126/1614
f 4036/4021/1598 4046/4021/1598 4045/4019/1598 4035/4019/1598
f 4020/4127/1615 4030/4128/1615 4038/4129/1615 4028/4130/1615
f 4026/4021/1646 4036/4021/1646 4035/4019/1646 4025/4019/1646
f 4023/1097/1665 4033/1097/1665 4032/1093/1665 4022/1093/1665
f 4019/4131/1618 4029/4132/1618 4030/4128/1618 4020/4127/1618
f 4027/4023/53 4037/4023/53 4036/4021/53 4026/4021/53
f 4024/4017/1619 4034/4017/1619 4033/1097/1619 4023/1097/1619
f 4021/4116/1620 4031/4115/1620 4029/4133/1620 4019/4122/1620
f 4028/4025/1621 4038/4025/1621 4037/4023/1621 4027/4023/1621
f 4025/4019/1622 4035/4019/1622 4034/4017/1622 4024/4017/1622
f 4039/3142/185 4041/4035/185 4042/1303/185 4043/4036/185 4044/671/185 4045/4037/185 4046/4038/185 4047/4039/185 4048/4040/185 4040/655/185
f 4033/4134/1593 4043/4135/1593 4042/4136/1593 4032/4114/1593
f 4029/1085/804 4039/1085/804 4040/2/804 4030/2/804
f 4037/4023/53 4047/4023/53 4046/4021/53 4036/4021/53
f 4034/4137/1592 4044/4138/1592 4043/4139/1592 4033/4140/1592
f 4031/4115/1666 4041/4141/1666 4039/4142/1666 4029/4133/1666
f 4038/4025/1596 4048/4025/1596 4047/4023/1596 4037/4023/1596
f 4035/4143/1599 4045/4144/1599 4044/4138/1599 4034/4137/1599
f 4032/4114/36 4042/4136/36 4041/4141/36 4031/4115/36
f 4030/4027/1595 4040/4027/1595 4048/4025/1595 4038/4025/1595
f 4049/328/1623 4051/1086/1623 4052/1085/1623 4050/2/1623
f 4051/1086/1639 4053/1090/1639 4054/1089/1639 4052/1085/1639
f 4053/1090/1625 4055/1094/1625 4056/1093/1625 4054/1089/1625
f 4055/1094/1640 4057/1098/1640 4058/1097/1640 4056/1093/1640
f 4057/1098/1627 4059/4016/1627 4060/4017/1627 4058/1097/1627
f 4059/4016/1628 4061/4018/1628 4062/4019/1628 4060/4017/1628
f 4061/4018/1629 4063/4020/1629 4064/4021/1629 4062/4019/1629
f 4063/4020/1630 4065/4022/1630 4066/4023/1630 4064/4021/1630
f 4052/3142/1631 4054/4035/1631 4056/1303/1631 4058/4036/1631 4060/671/1631 4062/4037/1631 4064/4038/1631 4066/4039/1631 4068/4040/1631 4050/655/1631
f 4065/4022/1632 4067/4024/1632 4068/4025/1632 4066/4023/1632
f 4067/4024/1633 4049/4026/1633 4050/4027/1633 4068/4025/1633
f 4049/354/1634 4067/1143/1634 4065/1141/1634 4063/1140/1634 4061/1138/1634 4059/701/1634 4057/1135/1634 4055/1133/1634 4053/1132/1634 4051/1130/1634
f 4069/328/1667 4071/1086/1667 4072/1085/1667 4070/2/1667
f 4071/1086/1668 4073/1090/1668 4074/1089/1668 4072/1085/1668
f 4073/1090/185 4075/1094/185 4076/1093/185 4074/1089/185
f 4075/1094/1669 4077/1098/1669 4078/1097/1669 4076/1093/1669
f 4077/1098/1670 4079/4016/1670 4080/4017/1670 4078/1097/1670
f 4079/4016/1671 4081/4018/1671 4082/4019/1671 4080/4017/1671
f 4081/4018/1672 4083/4020/1672 4084/4021/1672 4082/4019/1672
f 4083/4020/180 4085/4022/180 4086/4023/180 4084/4021/180
f 4072/3142/36 4074/4035/36 4076/1303/36 4078/4036/36 4080/671/36 4082/4037/36 4084/4038/36 4086/4039/36 4088/4040/36 4070/655/36
f 4085/4022/1673 4087/4024/1673 4088/4025/1673 4086/4023/1673
f 4087/4024/1674 4069/4026/1674 4070/4027/1674 4088/4025/1674
f 4069/354/53 4087/1143/53 4085/1141/53 4083/1140/53 4081/1138/53 4079/701/53 4077/1135/53 4075/1133/53 4073/1132/53 4071/1130/53
f 4089/328/1667 4091/1086/1667 4092/1085/1667 4090/2/1667
f 4091/1086/1668 4093/1090/1668 4094/1089/1668 4092/1085/1668
f 4093/1090/1285 4095/1094/1285 4096/1093/1285 4094/1089/1285
f 4095/1094/1669 4097/1098/1669 4098/1097/1669 4096/1093/1669
f 4097/1098/1670 4099/4016/1670 4100/4017/1670 4098/1097/1670
f 4099/4016/1671 4101/4018/1671 4102/4019/1671 4100/4017/1671
f 4101/4018/1672 4103/4020/1672 4104/4021/1672 4102/4019/1672
f 4103/4020/180 4105/4022/180 4106/4023/180 4104/4021/180
f 4092/3142/36 4094/4035/36 4096/1303/36 4098/4036/36 4100/671/36 4102/4037/36 4104/4038/36 4106/4039/36 4108/4040/36 4090/655/36
f 4105/4022/1673 4107/4024/1673 4108/4025/1673 4106/4023/1673
f 4107/4024/1674 4089/4026/1674 4090/4027/1674 4108/4025/1674
f 4089/354/53 4107/1143/53 4105/1141/53 4103/1140/53 4101/1138/53 4099/701/53 4097/1135/53 4095/1133/53 4093/1132/53 4091/1130/53
f 4109/328/1667 4111/1086/1667 4112/1085/1667 4110/2/1667
f 4111/4145/1668 4113/4146/1668 4114/4147/1668 4112/4148/1668
f 4113/1090/185 4115/1094/185 4116/1093/185 4114/1089/185
f 4115/1094/1669 4117/1098/1669 4118/1097/1669 4116/1093/1669
f 4117/1098/1670 4119/4016/1670 4120/4017/1670 4118/1097/1670
f 4119/4016/1671 4121/4018/1671 4122/4019/1671 4120/4017/1671
f 4121/4018/1672 4123/4020/1672 4124/4021/1672 4122/4019/1672
f 4123/4020/180 4125/4022/180 4126/4023/180 4124/4021/180
f 4112/3142/36 4114/4035/36 4116/1303/36 4118/4036/36 4120/671/36 4122/4037/36 4124/4038/36 4126/4039/36 4128/4040/36 4110/655/36
f 4125/4022/1673 4127/4024/1673 4128/4025/1673 4126/4023/1673
f 4127/4024/1674 4109/4026/1674 4110/4027/1674 4128/4025/1674
f 4109/354/53 4127/1143/53 4125/1141/53 4123/1140/53 4121/1138/53 4119/701/53 4117/1135/53 4115/1133/53 4113/1132/53 4111/1130/53
f 4129/4149/1667 4131/4150/1667 4132/4151/1667 4130/4152/1667
f 4131/1086/1668 4133/1090/1668 4134/1089/1668 4132/1085/1668
f 4133/1090/185 4135/1094/185 4136/1093/185 4134/1089/185
f 4135/4153/1669 4137/4154/1669 4138/4155/1669 4136/4156/1669
f 4137/1098/1670 4139/4016/1670 4140/4017/1670 4138/1097/1670
f 4139/4016/1675 4141/4018/1675 4142/4019/1675 4140/4017/1675
f 4141/4018/1672 4143/4020/1672 4144/4021/1672 4142/4019/1672
f 4143/4020/180 4145/4022/180 4146/4023/180 4144/4021/180
f 4132/3142/36 4134/4035/36 4136/1303/36 4138/4036/36 4140/671/36 4142/4037/36 4144/4038/36 4146/4039/36 4148/4040/36 4130/655/36
f 4145/4022/1673 4147/4024/1673 4148/4025/1673 4146/4023/1673
f 4147/4024/1674 4129/4026/1674 4130/4027/1674 4148/4025/1674
f 4129/354/53 4147/1143/53 4145/1141/53 4143/1140/53 4141/1138/53 4139/701/53 4137/1135/53 4135/1133/53 4133/1132/53 4131/1130/53
f 4149/328/1657 4151/1086/1657 4152/1085/1657 4150/2/1657
f 4151/1086/1658 4153/1090/1658 4154/1089/1658 4152/1085/1658
f 4153/1090/180 4155/1094/180 4156/1093/180 4154/1089/180
f 4155/1094/1659 4157/1098/1659 4158/1097/1659 4156/1093/1659
f 4157/1098/1660 4159/4016/1660 4160/4017/1660 4158/1097/1660
f 4159/4016/1661 4161/4018/1661 4162/4019/1661 4160/4017/1661
f 4161/4018/1662 4163/4020/1662 4164/4021/1662 4162/4019/1662
f 4163/4020/185 4165/4022/185 4166/4023/185 4164/4021/185
f 4152/3142/36 4154/4035/36 4156/1303/36 4158/4036/36 4160/671/36 4162/4037/36 4164/4038/36 4166/4039/36 4168/4040/36 4150/655/36
f 4165/4022/1663 4167/4024/1663 4168/4025/1663 4166/4023/1663
f 4167/4024/1664 4149/4026/1664 4150/4027/1664 4168/4025/1664
f 4149/354/53 4167/1143/53 4165/1141/53 4163/1140/53 4161/1138/53 4159/701/53 4157/1135/53 4155/1133/53 4153/1132/53 4151/1130/53
f 4169/4157/1649 4171/4158/1649 4172/4159/1649 4170/4160/1649
f 4171/4161/1650 4173/4162/1650 4174/4163/1650 4172/4164/1650
f 4173/4162/185 4175/4165/185 4176/4166/185 4174/4163/185
f 4175/4165/1651 4177/4167/1651 4178/4168/1651 4176/4166/1651
f 4177/1098/1652 4179/4016/1652 4180/4017/1652 4178/1097/1652
f 4179/4016/1653 4181/4018/1653 4182/4019/1653 4180/4017/1653
f 4181/4018/1654 4183/4020/1654 4184/4021/1654 4182/4019/1654
f 4183/4020/180 4185/4022/180 4186/4023/180 4184/4021/180
f 4172/3142/36 4174/4035/36 4176/1303/36 4178/4036/36 4180/671/36 4182/4037/36 4184/4038/36 4186/4039/36 4188/4040/36 4170/655/36
f 4185/4022/1655 4187/4024/1655 4188/4025/1655 4186/4023/1655
f 4187/4024/1656 4169/4026/1656 4170/4027/1656 4188/4025/1656
f 4169/354/53 4187/1143/53 4185/1141/53 4183/1140/53 4181/1138/53 4179/701/53 4177/1135/53 4175/1133/53 4173/1132/53 4171/1130/53
f 4189/328/1623 4191/1086/1623 4192/1085/1623 4190/2/1623
f 4191/4169/1639 4193/4170/1639 4194/4171/1639 4192/4172/1639
f 4193/4170/1625 4195/4173/1625 4196/4174/1625 4194/4171/1625
f 4195/1094/1640 4197/1098/1640 4198/1097/1640 4196/1093/1640
f 4197/1098/1627 4199/4016/1627 4200/4017/1627 4198/1097/1627
f 4199/4016/1628 4201/4018/1628 4202/4019/1628 4200/4017/1628
f 4201/4018/1629 4203/4020/1629 4204/4021/1629 4202/4019/1629
f 4203/4020/1630 4205/4022/1630 4206/4023/1630 4204/4021/1630
f 4192/3142/1631 4194/4035/1631 4196/1303/1631 4198/4036/1631 4200/671/1631 4202/4037/1631 4204/4038/1631 4206/4039/1631 4208/4040/1631 4190/655/1631
f 4205/4022/1632 4207/4024/1632 4208/4025/1632 4206/4023/1632
f 4207/4024/1633 4189/4026/1633 4190/4027/1633 4208/4025/1633
f 4189/354/1634 4207/1143/1634 4205/1141/1634 4203/1140/1634 4201/1138/1634 4199/701/1634 4197/1135/1634 4195/1133/1634 4193/1132/1634 4191/1130/1634
f 4209/4175/1623 4211/4176/1623 4212/4177/1623 4210/4178/1623
f 4211/1086/1635 4213/1090/1635 4214/1089/1635 4212/1085/1635
f 4213/1090/1625 4215/1094/1625 4216/1093/1625 4214/1089/1625
f 4215/1094/1636 4217/1098/1636 4218/1097/1636 4216/1093/1636
f 4217/1098/1627 4219/4016/1627 4220/4017/1627 4218/1097/1627
f 4219/4016/1628 4221/4018/1628 4222/4019/1628 4220/4017/1628
f 4221/4018/1637 4223/4020/1637 4224/4021/1637 4222/4019/1637
f 4223/4020/1630 4225/4022/1630 4226/4023/1630 4224/4021/1630
f 4212/3142/1631 4214/4035/1631 4216/1303/1631 4218/4036/1631 4220/671/1631 4222/4037/1631 4224/4038/1631 4226/4039/1631 4228/4040/1631 4210/655/1631
f 4225/4022/1638 4227/4024/1638 4228/4025/1638 4226/4023/1638
f 4227/4024/1633 4209/4026/1633 4210/4027/1633 4228/4025/1633
f 4209/354/1634 4227/1143/1634 4225/1141/1634 4223/1140/1634 4221/1138/1634 4219/701/1634 4217/1135/1634 4215/1133/1634 4213/1132/1634 4211/1130/1634
f 4229/158/1676 4230/159/1676 4232/79/1676 4231/80/1676
f 4233/4179/578 4251/4180/578 4249/4181/578 4234/4182/578 4240/4183/578 4230/4184/578 4229/4185/578 4239/4186/578
f 4246/4187/578 4245/4188/578 4241/4189/578 4242/4190/578
f 4236/81/650 4250/81/650 4252/4191/650 4235/82/650 4237/4192/650 4231/80/650 4232/79/650 4238/4193/650
f 4237/4194/1677 4235/82/1677 4233/83/1677 4239/4195/1677
f 4238/4196/1402 4232/330/1402 4230/1066/1402 4240/4197/1402
f 4236/4198/1398 4238/4199/1398 4240/4200/1398 4234/4201/1398
f 4231/91/1678 4237/4194/1678 4239/4195/1678 4229/89/1678
f 4243/4202/1679 4244/4203/1679 4242/4204/1679 4241/4205/1679
f 4245/83/1680 4247/82/1680 4243/82/1680 4241/83/1680
f 4248/4206/1681 4246/4207/1681 4242/4208/1681 4244/4209/1681
f 4247/82/650 4248/81/650 4244/81/650 4243/82/650
f 4250/81/1680 4248/81/1680 4255/81/1680 4256/81/1680
f 4248/81/1682 4250/81/1682 4264/81/1682 4262/81/1682
f 4245/83/1683 4251/83/1683 4265/83/1683 4266/83/1683
f 4251/83/1681 4245/83/1681 4258/83/1681 4257/83/1681
f 4233/83/1680 4235/82/1680 4252/4191/1680 4251/83/1680
f 4236/4198/1681 4234/4201/1681 4249/4210/1681 4250/4211/1681
f 4253/4212/650 4256/4213/650 4255/4214/650 4254/4215/650
f 4248/81/1684 4247/82/1684 4254/82/1684 4255/81/1684
f 4252/4191/1685 4250/81/1685 4256/81/1685 4253/4191/1685
f 4247/82/1681 4252/4191/1681 4253/4191/1681 4254/82/1681
f 4260/84/578 4257/83/578 4258/83/578 4259/4216/578
f 4245/83/1684 4246/4216/1684 4259/4216/1684 4258/83/1684
f 4249/84/1685 4251/83/1685 4257/83/1685 4260/84/1685
f 4246/4216/1680 4249/84/1680 4260/84/1680 4259/4216/1680
f 4264/81/1681 4263/84/1681 4261/4216/1681 4262/81/1681
f 4246/4216/1686 4248/81/1686 4262/81/1686 4261/4216/1686
f 4250/4217/1687 4249/4218/1687 4263/4219/1687 4264/4220/1687
f 4249/84/1688 4246/4216/1688 4261/4216/1688 4263/84/1688
f 4265/83/1680 4267/4191/1680 4268/82/1680 4266/83/1680
f 4247/82/1689 4245/83/1689 4266/83/1689 4268/82/1689
f 4252/4191/1690 4247/82/1690 4268/82/1690 4267/4191/1690
f 4251/83/1691 4252/4191/1691 4267/4191/1691 4265/83/1691
usemtl Fake_Glass
f 229/153/105 230/153/105 231/153/105 232/153/105
f 233/153/106 234/153/106 236/153/106 235/153/106
f 237/153/115 239/153/115 240/153/115 238/153/115
f 1762/1973/185 1763/1974/185 1759/1975/185 1758/1976/185
f 3443/3820/1285 3444/3821/1285 3442/3822/1285 3441/3823/1285
usemtl 
f 535/328/1 536/2/1 538/3/1 537/632/1
f 537/632/2 538/3/2 540/5/2 539/329/2
f 539/329/3 540/5/3 542/7/3 541/633/3
f 541/633/4 542/7/4 544/9/4 543/330/4
f 543/330/5 544/9/5 546/634/5 545/635/5
f 545/635/6 546/634/6 548/331/6 547/332/6
f 547/332/7 548/331/7 550/636/7 549/637/7
f 549/637/62 550/636/62 552/333/62 551/334/62
f 551/334/60 552/333/60 554/638/60 553/639/60
f 553/639/37 554/638/37 556/335/37 555/336/37
f 555/336/75 556/335/75 558/640/75 557/641/75
f 557/641/73 558/640/73 560/85/73 559/81/73
f 559/81/72 560/85/72 562/642/72 561/643/72
f 561/643/71 562/642/71 564/337/71 563/338/71
f 563/338/70 564/337/70 566/644/70 565/645/70
f 565/645/69 566/644/69 568/339/69 567/340/69
f 567/340/67 568/339/67 570/646/67 569/647/67
f 569/647/66 570/646/66 572/48/66 571/341/66
f 571/341/65 572/48/65 574/49/65 573/648/65
f 573/648/64 574/49/64 576/51/64 575/82/64
f 575/82/63 576/51/63 578/24/63 577/649/63
f 577/649/61 578/24/61 580/345/61 579/346/61
f 579/346/59 580/345/59 582/25/59 581/650/59
f 581/650/76 582/25/76 584/57/76 583/347/76
f 583/347/74 584/57/74 586/59/74 585/651/74
f 585/651/24 586/59/24 588/61/24 587/348/24
f 587/348/25 588/61/25 590/63/25 589/652/25
f 589/652/26 590/63/26 592/65/26 591/91/26
f 591/91/27 592/65/27 594/67/27 593/653/27
f 593/653/28 594/67/28 596/69/28 595/352/28
f 538/654/36 536/655/36 598/656/36 596/657/36 594/658/36 592/659/36 590/660/36 588/661/36 586/662/36 584/663/36 582/664/36 580/665/36 578/666/36 576/667/36 574/668/36 572/669/36 570/670/36 568/671/36 566/672/36 564/673/36 562/674/36 560/675/36 558/676/36 556/677/36 554/678/36 552/679/36 550/680/36 548/681/36 546/682/36 544/683/36 542/684/36 540/685/36
f 595/352/30 596/69/30 598/73/30 597/686/30
f 597/686/31 598/73/31 536/75/31 535/353/31
f 535/354/53 537/687/53 539/355/53 541/688/53 543/689/53 545/690/53 547/691/53 549/692/53 551/693/53 553/694/53 555/695/53 557/696/53 559/697/53 561/698/53 563/699/53 565/700/53 567/701/53 569/702/53 571/703/53 573/704/53 575/705/53 577/706/53 579/365/53 581/707/53 583/708/53 585/709/53 587/710/53 589/711/53 591/368/53 593/712/53 595/713/53 597/714/53
usemtl Material.001
f 2266/2314/185 2267/2643/185 2365/2638/185 2364/2637/185 2363/2644/185 2362/2628/185 2361/2627/185 2360/2620/185 2359/2619/185 2358/2645/185 2357/2610/185 2356/2609/185 2355/2602/185 2354/2601/185 2353/2595/185 2352/2592/185 2351/2591/185 2350/2584/185 2349/2583/185 2348/2646/185 2347/2574/185 2346/2573/185 2345/2566/185 2344/2565/185 2343/2647/185 2342/2557/185 2341/2556/185 2340/2550/185 2339/2547/185 2338/2546/185 2337/2540/185 2336/2537/185 2335/2536/185 2334/2530/185 2333/2246/185 2332/2247/185 2331/2648/185 2330/2519/185 2329/2518/185 2328/2511/185 2327/2510/185 2326/2503/185 2325/2502/185 2324/2649/185 2323/2494/185 2322/2491/185 2321/2490/185 2320/2483/185 2319/2482/185 2318/2650/185 2317/2473/185 2316/2472/185 2315/2651/185 2314/2463/185 2313/2462/185 2312/2455/185 2311/2454/185 2310/2448/185 2309/2445/185 2308/2444/185 2307/2437/185 2306/2436/185 2305/2652/185 2304/2653/185 2303/2654/185 2302/2423/185 2301/2422/185 2300/2415/185 2299/2414/185 2298/2655/185 2297/2406/185 2296/2403/185 2295/2402/185 2294/2656/185 2293/2394/185 2292/2391/185 2291/2390/185 2290/2383/185 2289/2382/185 2288/2657/185 2287/2374/185 2286/2371/185 2285/2370/185 2284/2658/185 2283/2659/185 2282/2660/185 2281/2357/185 2280/2356/185 2279/2349/185 2278/2348/185 2277/2661/185 2276/2662/185 2275/2663/185 2274/2335/185 2273/2334/185 2272/2664/185 2271/2325/185 2270/2324/185 2269/2318/185 2268/2315/185
f 2633/3016/185 2618/3017/185 2615/3017/185 2630/3018/185
f 2630/3018/36 2631/3028/36 2617/3029/36 2616/3030/36
f 2615/3017/36 2614/3037/36 2631/3028/36 2630/3018/36
f 2619/3036/185 2633/3016/185 2630/3018/185 2616/3030/185
usemtl Material.002
f 2730/3157/1308 2832/3157/1308 2833/3158/1308 2732/3158/1308
f 2650/3243/1318 2792/3244/1318 2793/3245/1318 2652/3246/1318
f 2704/3219/1340 2819/3219/1340 2820/3218/1340 2706/3218/1340
f 2678/3196/1341 2806/3196/1341 2807/3198/1341 2680/3198/1341
f 2732/3158/1342 2833/3158/1342 2784/3160/1342 2634/3160/1342
f 2652/3177/1319 2793/3177/1319 2794/3176/1319 2654/3176/1319
f 2706/3218/1343 2820/3218/1343 2821/3220/1343 2708/3220/1343
f 2680/3198/1332 2807/3198/1332 2808/3199/1332 2682/3199/1332
f 2654/3176/1320 2794/3176/1320 2795/3178/1320 2656/3178/1320
f 2708/3220/36 2821/3220/36 2822/3221/36 2710/3221/36
f 2682/3247/1333 2808/3248/1333 2809/3249/1333 2684/3250/1333
f 2656/3251/1344 2795/3252/1344 2796/3253/1344 2658/3254/1344
f 2710/3221/1345 2822/3221/1345 2823/3222/1345 2712/3222/1345
f 2684/3250/1286 2809/3249/1286 2810/3255/1286 2686/3256/1286
f 2658/3179/53 2796/3179/53 2797/3180/53 2660/3180/53
f 2712/3222/1346 2823/3222/1346 2824/3228/1346 2714/3228/1346
f 2686/3201/1287 2810/3201/1287 2811/3202/1287 2688/3202/1287
f 2660/3257/1347 2797/3258/1347 2798/3259/1347 2662/3260/1347
f 2714/3228/1348 2824/3228/1348 2825/3227/1348 2716/3227/1348
f 2634/3160/1310 2784/3160/1310 2785/3159/1310 2636/3159/1310
f 2688/3202/1288 2811/3202/1288 2812/3203/1288 2690/3203/1288
f 2662/3186/1323 2798/3186/1323 2799/3185/1323 2664/3185/1323
f 2716/3227/1301 2825/3227/1301 2826/3229/1301 2718/3229/1301
f 2636/3261/1311 2785/3262/1311 2786/3263/1311 2638/3264/1311
f 2690/3265/1349 2812/3266/1349 2813/3267/1349 2692/3268/1349
f 2664/3185/1324 2799/3185/1324 2800/3187/1324 2666/3187/1324
f 2718/3229/1302 2826/3229/1302 2827/3230/1302 2720/3230/1302
f 2638/3264/1312 2786/3263/1312 2787/3269/1312 2640/3270/1312
f 2692/3204/1350 2813/3204/1350 2814/3210/1350 2694/3210/1350
f 2666/3187/1325 2800/3187/1325 2801/3188/1325 2668/3188/1325
f 2720/3230/1303 2827/3230/1303 2828/3231/1303 2722/3231/1303
f 2640/3162/1351 2787/3162/1351 2788/3168/1351 2642/3168/1351
f 2694/3271/1291 2814/3272/1291 2815/3273/1291 2696/3274/1291
f 2668/3188/1326 2801/3188/1326 2802/3189/1326 2670/3189/1326
f 2722/3231/1352 2828/3231/1352 2829/3237/1352 2724/3237/1352
f 2642/3168/1353 2788/3168/1353 2789/3167/1353 2644/3167/1353
f 2696/3274/1354 2815/3273/1354 2816/3275/1354 2698/3276/1354
f 2670/3189/1327 2802/3189/1327 2803/3190/1327 2672/3190/1327
f 2724/3277/1305 2829/3278/1305 2830/3279/1305 2726/3280/1305
f 2644/3281/1315 2789/3282/1315 2790/3283/1315 2646/3284/1315
f 2698/3211/1355 2816/3211/1355 2817/3212/1355 2700/3212/1355
f 2672/3190/1328 2803/3190/1328 2804/3191/1328 2674/3191/1328
f 2726/3236/1306 2830/3236/1306 2831/3238/1306 2728/3238/1306
f 2646/3284/1316 2790/3283/1316 2791/3285/1316 2648/3286/1316
f 2700/3212/1294 2817/3212/1294 2818/3213/1294 2702/3213/1294
f 2674/3191/1329 2804/3191/1329 2805/3197/1329 2676/3197/1329
f 2728/3287/1307 2831/3288/1307 2832/3289/1307 2730/3290/1307
f 2648/3286/1317 2791/3285/1317 2792/3244/1317 2650/3243/1317
f 2702/3291/1356 2818/3292/1356 2819/3293/1356 2704/3294/1356
f 2676/3197/1330 2805/3197/1330 2806/3196/1330 2678/3196/1330
usemtl Nato_black
f 2834/158/1357 2835/159/1357 2837/79/1357 2836/80/1357
f 2836/80/1358 2837/79/1358 2841/81/1358 2840/82/1358
f 2840/82/1359 2841/81/1359 2839/84/1359 2838/83/1359
f 2838/83/1360 2839/84/1360 2835/85/1360 2834/51/1360
f 2836/91/1361 2840/82/1361 2838/83/1361 2834/89/1361
f 2841/3295/1362 2837/3296/1362 2835/3297/1362 2839/3298/1362
f 2850/3299/181 2855/3299/181 2856/3300/181 2851/3300/181
f 2846/3301/1363 2845/82/1363 2844/83/1363 2847/3302/1363
f 2852/3303/181 2861/3303/181 2858/3304/181 2853/3304/181
f 2843/91/1364 2848/3305/1364 2849/3306/1364 2842/89/1364
f 2857/3307/1365 2854/3308/1365 2859/3309/1365 2860/3310/1365
f 2845/82/1366 2852/3303/1366 2853/3304/1366 2844/83/1366
f 2842/158/1367 2850/3299/1367 2851/3300/1367 2843/80/1367
f 2851/3311/1368 2856/3311/1368 2857/3312/1368 2860/3313/1368 2861/3314/1368 2852/3314/1368 2845/3315/1368 2846/3316/1368 2864/3317/1368 2865/3318/1368 2866/3319/1368 2867/3320/1368 2848/3321/1368 2843/3322/1368
f 2862/3323/1369 2869/3324/1369 2866/3325/1369 2865/3326/1369
f 2854/159/1370 2857/79/1370 2856/3300/1370 2855/3299/1370
f 2860/3310/1371 2859/3309/1371 2858/3304/1371 2861/3303/1371
f 2869/3327/1372 2862/3323/1372 2863/3328/1372 2847/3329/1372 2844/83/1372 2853/3304/1372 2858/3304/1372 2859/3330/1372 2854/3331/1372 2855/3332/1372 2850/3332/1372 2842/51/1372 2849/3333/1372 2868/3334/1372
f 2862/3323/1373 2865/3326/1373 2864/3335/1373 2863/3328/1373
f 2846/3336/1374 2847/3329/1374 2863/3328/1374 2864/3335/1374
f 2866/3325/1375 2869/3324/1375 2868/3337/1375 2867/3338/1375
f 2848/3305/1376 2867/3338/1376 2868/3337/1376 2849/3306/1376
f 2878/3299/181 2883/3299/181 2884/3300/181 2879/3300/181
f 2874/3301/1377 2873/82/1377 2872/83/1377 2875/3302/1377
f 2880/3303/181 2889/3303/181 2886/3304/181 2881/3304/181
f 2871/91/1378 2876/3305/1378 2877/3306/1378 2870/89/1378
f 2885/3339/1379 2882/3340/1379 2887/3341/1379 2888/3342/1379
f 2873/82/1380 2880/3303/1380 2881/3304/1380 2872/83/1380
f 2870/158/1381 2878/3299/1381 2879/3300/1381 2871/80/1381
f 2879/3300/1382 2884/3300/1382 2885/3343/1382 2888/3344/1382 2889/3303/1382 2880/3303/1382 2873/82/1382 2874/3336/1382 2892/3335/1382 2893/3345/1382 2894/3346/1382 2895/3347/1382 2876/3348/1382 2871/80/1382
f 2890/3323/1383 2897/3324/1383 2894/3325/1383 2893/3326/1383
f 2882/159/1384 2885/79/1384 2884/3300/1384 2883/3299/1384
f 2888/3310/1385 2887/3309/1385 2886/3304/1385 2889/3303/1385
f 2897/3349/1386 2890/3350/1386 2891/3351/1386 2875/3352/1386 2872/3353/1386 2881/3354/1386 2886/3354/1386 2887/3355/1386 2882/3356/1386 2883/3357/1386 2878/3357/1386 2870/3358/1386 2877/3359/1386 2896/3360/1386
f 2890/3323/1387 2893/3326/1387 2892/3335/1387 2891/3328/1387
f 2874/3336/1388 2875/3329/1388 2891/3328/1388 2892/3335/1388
f 2894/3325/1389 2897/3324/1389 2896/3337/1389 2895/3338/1389
f 2876/3305/1390 2895/3338/1390 2896/3337/1390 2877/3306/1390
f 2898/158/1391 2899/159/1391 2901/79/1391 2900/80/1391
f 2900/80/180 2901/79/180 2905/81/180 2904/82/180
f 2904/82/1392 2905/81/1392 2903/84/1392 2902/83/1392
f 2902/83/185 2903/84/185 2899/85/185 2898/51/185
f 2900/91/1393 2904/82/1393 2902/83/1393 2898/89/1393
f 2905/81/1394 2901/330/1394 2899/1066/1394 2903/84/1394
f 2906/3361/185 2907/3362/185 2909/3363/185 2908/3364/185
f 2908/80/1394 2909/79/1394 2913/81/1394 2912/82/1394
f 2912/82/180 2913/81/180 2911/84/180 2910/83/180
f 2910/83/1393 2911/84/1393 2907/85/1393 2906/51/1393
f 2908/91/1391 2912/82/1391 2910/83/1391 2906/89/1391
f 2913/3365/1392 2909/3366/1392 2907/3367/1392 2911/3368/1392
f 2986/158/1391 2987/159/1391 2989/79/1391 2988/80/1391
f 2988/80/180 2989/79/180 2993/81/180 2992/82/180
f 2992/82/1392 2993/81/1392 2991/84/1392 2990/83/1392
f 2990/3474/185 2991/3475/185 2987/3476/185 2986/3477/185
f 2988/91/1393 2992/82/1393 2990/83/1393 2986/89/1393
f 2993/81/1394 2989/330/1394 2987/1066/1394 2991/84/1394
f 3051/80/181 3054/80/181 3055/82/181 3053/82/181
f 3057/3522/1430 3063/3523/1430 3064/3524/1430 3060/3525/1430
f 3056/3526/1431 3058/3527/1431 3057/3522/1431 3060/3525/1431 3061/3526/1431
f 3051/91/1432 3053/82/1432 3052/83/1432 3050/89/1432
f 3060/3525/1433 3064/3524/1433 3065/3528/1433 3059/3528/1433 3061/3526/1433
f 3053/82/1434 3055/82/1434 3058/3529/1434 3056/3530/1434 3052/83/1434
f 3062/80/1435 3063/3531/1435 3057/3532/1435 3058/3533/1435 3055/82/1435 3054/80/1435
f 3052/83/1436 3056/3534/1436 3061/3534/1436 3059/51/1436 3050/51/1436
f 3064/3535/1437 3063/3536/1437 3062/80/1437 3065/158/1437
f 3050/158/181 3059/158/181 3065/158/181 3062/80/181 3054/80/181 3051/80/181
f 3083/3537/1438 3079/3538/1438 3069/79/1438 3075/3539/1438
f 3075/3540/1439 3069/3541/1439 3073/3542/1439 3076/3543/1439
f 3086/3544/1440 3085/3545/1440 3071/3546/1440 3077/3547/1440
f 3077/3548/1441 3071/84/1441 3067/85/1441 3074/3549/1441
f 3084/3550/1442 3088/3551/1442 3070/83/1442 3066/89/1442
f 3085/3552/1443 3087/3553/1443 3067/1066/1443 3071/84/1443
f 3070/83/1444 3077/3548/1444 3074/3549/1444 3066/51/1444
f 3088/3554/1445 3086/3544/1445 3077/3547/1445 3070/3555/1445
f 3068/3556/1446 3075/3540/1446 3076/3543/1446 3072/3557/1446
f 3078/3558/1447 3083/3537/1447 3075/3539/1447 3068/80/1447
f 3084/3559/1448 3089/3560/1448 3083/3537/1448 3078/3558/1448
f 3072/3561/1445 3076/3562/1445 3082/3563/1445 3080/3564/1445
f 3073/81/1443 3069/330/1443 3079/3565/1443 3081/3566/1443
f 3068/91/1449 3072/82/1449 3080/3567/1449 3078/3568/1449
f 3076/3569/1450 3073/81/1450 3081/3566/1450 3082/3570/1450
f 3089/3560/1451 3087/3571/1451 3079/3538/1451 3083/3537/1451
f 3074/3572/1452 3067/159/1452 3087/3571/1452 3089/3560/1452
f 3066/158/1453 3074/3572/1453 3089/3560/1453 3084/3559/1453
f 3080/3564/1445 3082/3563/1445 3086/3544/1445 3088/3554/1445
f 3081/3566/1454 3079/3565/1454 3091/3565/1454 3092/3566/1454
f 3078/3568/1455 3080/3567/1455 3088/3551/1455 3084/3550/1455
f 3082/3563/1456 3081/3573/1456 3085/3545/1456 3086/3544/1456
f 3092/3566/1443 3091/3565/1443 3090/3553/1443 3093/3552/1443
f 3085/3552/1457 3081/3566/1457 3092/3566/1457 3093/3552/1457
f 3079/3538/1458 3087/3571/1458 3090/3571/1458 3091/3538/1458
f 3087/3553/1459 3085/3552/1459 3093/3552/1459 3090/3553/1459
f 3094/158/1357 3095/159/1357 3097/79/1357 3096/80/1357
f 3096/80/1358 3097/79/1358 3101/81/1358 3100/82/1358
f 3100/82/1359 3101/81/1359 3099/84/1359 3098/83/1359
f 3098/83/1360 3099/84/1360 3095/85/1360 3094/51/1360
f 3096/91/1361 3100/82/1361 3098/83/1361 3094/89/1361
f 3101/3574/1362 3097/3575/1362 3095/3576/1362 3099/3577/1362
f 3102/3578/578 3103/3579/578 3105/3580/578 3104/3581/578
f 3104/3582/1460 3105/3583/1460 3109/3584/1460 3108/3585/1460
f 3108/82/650 3109/81/650 3107/84/650 3106/83/650
f 3106/83/1461 3107/84/1461 3103/85/1461 3102/51/1461
f 3104/91/1462 3108/82/1462 3106/83/1462 3102/89/1462
f 3109/81/1463 3105/330/1463 3103/1066/1463 3107/84/1463
f 3110/3586/578 3111/3587/578 3113/3588/578 3112/3589/578
f 3112/3590/1460 3113/3591/1460 3117/3592/1460 3116/3593/1460
f 3116/82/650 3117/81/650 3115/84/650 3114/83/650
f 3114/83/1461 3115/84/1461 3111/85/1461 3110/51/1461
f 3112/91/1462 3116/82/1462 3114/83/1462 3110/89/1462
f 3117/81/665 3113/330/665 3111/1066/665 3115/84/665
f 3118/3594/578 3119/3595/578 3121/3596/578 3120/3597/578
f 3120/3598/1460 3121/3599/1460 3125/3600/1460 3124/3601/1460
f 3124/3602/650 3125/3603/650 3123/3604/650 3122/3605/650
f 3122/83/1461 3123/84/1461 3119/85/1461 3118/51/1461
f 3120/91/1462 3124/82/1462 3122/83/1462 3118/89/1462
f 3125/81/665 3121/330/665 3119/1066/665 3123/84/665
f 3126/3606/578 3127/3607/578 3129/3608/578 3128/3609/578
f 3128/3610/1460 3129/3611/1460 3133/3612/1460 3132/3613/1460
f 3132/82/650 3133/81/650 3131/84/650 3130/83/650
f 3130/83/1461 3131/84/1461 3127/85/1461 3126/51/1461
f 3128/91/1462 3132/82/1462 3130/83/1462 3126/89/1462
f 3133/81/665 3129/330/665 3127/1066/665 3131/84/665
f 3134/3614/578 3135/3615/578 3137/3616/578 3136/3617/578
f 3136/3618/1460 3137/3619/1460 3141/3620/1460 3140/3621/1460
f 3140/82/650 3141/81/650 3139/84/650 3138/83/650
f 3138/83/1461 3139/84/1461 3135/85/1461 3134/51/1461
f 3136/91/1462 3140/82/1462 3138/83/1462 3134/89/1462
f 3141/81/1463 3137/330/1463 3135/1066/1463 3139/84/1463
f 3142/3622/578 3143/3623/578 3145/3624/578 3144/3625/578
f 3144/3626/1460 3145/3627/1460 3149/3628/1460 3148/3629/1460
f 3148/82/650 3149/81/650 3147/84/650 3146/83/650
f 3146/83/1461 3147/84/1461 3143/85/1461 3142/51/1461
f 3144/91/1464 3148/82/1464 3146/83/1464 3142/89/1464
f 3149/81/665 3145/330/665 3143/1066/665 3147/84/665
f 3150/3630/578 3151/3631/578 3153/3632/578 3152/3633/578
f 3152/3634/1460 3153/3635/1460 3157/3636/1460 3156/3637/1460
f 3156/82/650 3157/81/650 3155/84/650 3154/83/650
f 3154/83/1461 3155/84/1461 3151/85/1461 3150/51/1461
f 3152/91/1464 3156/82/1464 3154/83/1464 3150/89/1464
f 3157/81/1463 3153/330/1463 3151/1066/1463 3155/84/1463
f 3158/3638/578 3159/3639/578 3161/3640/578 3160/3641/578
f 3160/3642/1460 3161/3643/1460 3165/3644/1460 3164/3645/1460
f 3164/82/650 3165/81/650 3163/84/650 3162/83/650
f 3162/83/1461 3163/84/1461 3159/85/1461 3158/51/1461
f 3160/91/1462 3164/82/1462 3162/83/1462 3158/89/1462
f 3165/81/665 3161/330/665 3159/1066/665 3163/84/665
f 3166/158/180 3167/159/180 3169/79/180 3168/80/180
f 3168/3646/1465 3169/3647/1465 3173/3648/1465 3172/3649/1465
f 3172/3650/185 3173/3651/185 3171/3652/185 3170/3653/185
f 3170/83/1466 3171/84/1466 3167/85/1466 3166/51/1466
f 3168/3654/1467 3172/3655/1467 3170/3656/1467 3166/3657/1467
f 3173/81/400 3169/330/400 3167/1066/400 3171/84/400
f 3174/158/180 3175/159/180 3177/79/180 3176/80/180
f 3176/3658/1465 3177/3659/1465 3181/3660/1465 3180/3661/1465
f 3180/3662/185 3181/3663/185 3179/3664/185 3178/3665/185
f 3178/83/1466 3179/84/1466 3175/85/1466 3174/51/1466
f 3176/3666/1467 3180/3667/1467 3178/3668/1467 3174/3669/1467
f 3181/81/400 3177/330/400 3175/1066/400 3179/84/400
f 3206/3299/181 3211/3299/181 3212/3300/181 3207/3300/181
f 3202/3301/1474 3201/82/1474 3200/83/1474 3203/3302/1474
f 3208/3303/181 3217/3303/181 3214/3304/181 3209/3304/181
f 3199/91/1364 3204/3305/1364 3205/3306/1364 3198/89/1364
f 3213/3340/1365 3210/3670/1365 3215/3671/1365 3216/3672/1365
f 3201/82/1366 3208/3303/1366 3209/3304/1366 3200/83/1366
f 3198/158/1367 3206/3299/1367 3207/3300/1367 3199/80/1367
f 3207/3673/1368 3212/3673/1368 3213/3674/1368 3216/3675/1368 3217/3676/1368 3208/3676/1368 3201/3677/1368 3202/3678/1368 3220/3679/1368 3221/3680/1368 3222/3681/1368 3223/3682/1368 3204/3683/1368 3199/3684/1368
f 3218/3323/1369 3225/3324/1369 3222/3325/1369 3221/3326/1369
f 3210/159/1370 3213/79/1370 3212/3300/1370 3211/3299/1370
f 3216/3310/1371 3215/3309/1371 3214/3304/1371 3217/3303/1371
f 3225/3327/1475 3218/3323/1475 3219/3328/1475 3203/3329/1475 3200/83/1475 3209/3304/1475 3214/3304/1475 3215/3330/1475 3210/3331/1475 3211/3332/1475 3206/3332/1475 3198/51/1475 3205/3333/1475 3224/3334/1475
f 3218/3323/1373 3221/3326/1373 3220/3335/1373 3219/3328/1373
f 3202/3336/1374 3203/3329/1374 3219/3328/1374 3220/3335/1374
f 3222/3325/1375 3225/3324/1375 3224/3337/1375 3223/3338/1375
f 3204/3305/1376 3223/3338/1376 3224/3337/1376 3205/3306/1376
f 3266/158/1490 3267/159/1490 3269/79/1490 3268/80/1490
f 3268/3713/1491 3269/3714/1491 3273/3715/1491 3272/3716/1491
f 3272/82/1492 3273/81/1492 3271/84/1492 3270/83/1492
f 3270/83/1493 3271/84/1493 3267/85/1493 3266/51/1493
f 3268/91/1494 3272/82/1494 3270/83/1494 3266/89/1494
f 3273/81/1495 3269/330/1495 3267/1066/1495 3271/84/1495
f 3292/158/1490 3293/159/1490 3295/79/1490 3294/80/1490
f 3294/3731/1491 3295/3732/1491 3299/3733/1491 3298/3734/1491
f 3298/82/1492 3299/81/1492 3297/84/1492 3296/83/1492
f 3296/83/1493 3297/84/1493 3293/85/1493 3292/51/1493
f 3294/91/1494 3298/82/1494 3296/83/1494 3292/89/1494
f 3299/81/1495 3295/330/1495 3293/1066/1495 3297/84/1495
f 3300/158/1498 3301/159/1498 3303/79/1498 3302/80/1498
f 3302/80/1499 3303/79/1499 3307/81/1499 3306/82/1499
f 3306/82/1500 3307/81/1500 3305/84/1500 3304/83/1500
f 3304/83/1501 3305/84/1501 3301/85/1501 3300/51/1501
f 3302/91/1502 3306/82/1502 3304/83/1502 3300/89/1502
f 3307/81/1503 3303/330/1503 3301/1066/1503 3305/84/1503
f 3308/158/1498 3309/159/1498 3311/79/1498 3310/80/1498
f 3310/80/1499 3311/79/1499 3315/81/1499 3314/82/1499
f 3314/82/1500 3315/81/1500 3313/84/1500 3312/83/1500
f 3312/83/1501 3313/84/1501 3309/85/1501 3308/51/1501
f 3310/91/1502 3314/82/1502 3312/83/1502 3308/89/1502
f 3315/81/1503 3311/330/1503 3309/1066/1503 3313/84/1503
f 3316/158/1498 3317/159/1498 3319/79/1498 3318/80/1498
f 3318/80/1499 3319/79/1499 3323/81/1499 3322/82/1499
f 3322/82/1500 3323/81/1500 3321/84/1500 3320/83/1500
f 3320/83/1501 3321/84/1501 3317/85/1501 3316/51/1501
f 3318/91/1502 3322/82/1502 3320/83/1502 3316/89/1502
f 3323/81/1503 3319/330/1503 3317/1066/1503 3321/84/1503
f 3324/158/1504 3325/159/1504 3327/79/1504 3326/80/1504
f 3326/80/1498 3327/79/1498 3331/81/1498 3330/82/1498
f 3330/82/1505 3331/81/1505 3329/84/1505 3328/83/1505
f 3328/83/1500 3329/84/1500 3325/85/1500 3324/51/1500
f 3326/91/1506 3330/82/1506 3328/83/1506 3324/89/1506
f 3331/81/1441 3327/330/1441 3325/1066/1441 3329/84/1441
f 3356/158/1357 3357/159/1357 3359/79/1357 3358/80/1357
f 3358/80/1358 3359/79/1358 3363/81/1358 3362/82/1358
f 3362/82/1359 3363/81/1359 3361/84/1359 3360/83/1359
f 3360/83/1360 3361/84/1360 3357/85/1360 3356/51/1360
f 3358/91/1361 3362/82/1361 3360/83/1361 3356/89/1361
f 3363/81/1362 3359/330/1362 3357/1066/1362 3361/84/1362
f 3445/158/1490 3446/159/1490 3448/79/1490 3447/80/1490
f 3447/3824/1491 3448/3825/1491 3452/3826/1491 3451/3827/1491
f 3451/82/1492 3452/81/1492 3450/84/1492 3449/83/1492
f 3449/83/1493 3450/84/1493 3446/85/1493 3445/51/1493
f 3447/91/1494 3451/82/1494 3449/83/1494 3445/89/1494
f 3452/81/1495 3448/330/1495 3446/1066/1495 3450/84/1495
f 3453/328/1548 3455/3828/1548 3456/3829/1548 3454/2/1548
f 3455/3828/1549 3457/3830/1549 3458/3831/1549 3456/3829/1549
f 3457/3830/1550 3459/3832/1550 3460/3833/1550 3458/3831/1550
f 3459/3832/179 3461/3834/179 3462/3835/179 3460/3833/179
f 3461/3834/1551 3463/3836/1551 3464/3837/1551 3462/3835/1551
f 3456/3838/53 3458/3839/53 3460/3840/53 3462/3841/53 3464/3842/53 3466/3843/53 3454/655/53
f 3463/3844/1552 3465/3845/1552 3466/3846/1552 3464/3847/1552
f 3465/3848/1553 3453/3849/1553 3454/3850/1553 3466/3851/1553
f 3453/3852/36 3465/3853/36 3463/3854/36 3461/3855/36 3459/3856/36 3457/3857/36 3455/3858/36
f 3467/328/1548 3469/3828/1548 3470/3829/1548 3468/2/1548
f 3469/3828/1549 3471/3830/1549 3472/3831/1549 3470/3829/1549
f 3471/3830/1550 3473/3832/1550 3474/3833/1550 3472/3831/1550
f 3473/3832/179 3475/3834/179 3476/3835/179 3474/3833/179
f 3475/248/1551 3477/3859/1551 3478/3860/1551 3476/3861/1551
f 3470/3838/53 3472/3839/53 3474/3840/53 3476/3841/53 3478/3842/53 3480/3843/53 3468/655/53
f 3477/3859/1552 3479/3862/1552 3480/3863/1552 3478/3860/1552
f 3479/3864/1553 3467/3865/1553 3468/3866/1553 3480/3867/1553
f 3467/3868/36 3479/3869/36 3477/3870/36 3475/3871/36 3473/3872/36 3471/3873/36 3469/3874/36
f 3481/328/1548 3483/3828/1548 3484/3829/1548 3482/2/1548
f 3483/3828/1549 3485/3830/1549 3486/3831/1549 3484/3829/1549
f 3485/3830/1550 3487/3832/1550 3488/3833/1550 3486/3831/1550
f 3487/3832/179 3489/3834/179 3490/3835/179 3488/3833/179
f 3489/3834/1551 3491/3836/1551 3492/3837/1551 3490/3835/1551
f 3484/3838/53 3486/3839/53 3488/3840/53 3490/3841/53 3492/3842/53 3494/3843/53 3482/655/53
f 3491/3875/1552 3493/2564/1552 3494/3876/1552 3492/3877/1552
f 3493/3848/1553 3481/3849/1553 3482/3850/1553 3494/3851/1553
f 3481/354/36 3493/3878/36 3491/3879/36 3489/3880/36 3487/3881/36 3485/3882/36 3483/3883/36
f 3495/328/1548 3497/3828/1548 3498/3829/1548 3496/2/1548
f 3497/3828/1549 3499/3830/1549 3500/3831/1549 3498/3829/1549
f 3499/3830/1550 3501/3832/1550 3502/3833/1550 3500/3831/1550
f 3501/3832/179 3503/3834/179 3504/3835/179 3502/3833/179
f 3503/3834/1551 3505/3836/1551 3506/3837/1551 3504/3835/1551
f 3498/3838/53 3500/3839/53 3502/3840/53 3504/3841/53 3506/3842/53 3508/3843/53 3496/655/53
f 3505/3884/1552 3507/3885/1552 3508/3886/1552 3506/3887/1552
f 3507/3848/1553 3495/3849/1553 3496/3850/1553 3508/3851/1553
f 3495/354/36 3507/3878/36 3505/3879/36 3503/3880/36 3501/3881/36 3499/3882/36 3497/3883/36
f 3509/328/1548 3511/3828/1548 3512/3829/1548 3510/2/1548
f 3511/3828/1549 3513/3830/1549 3514/3831/1549 3512/3829/1549
f 3513/3830/1550 3515/3832/1550 3516/3833/1550 3514/3831/1550
f 3515/3832/179 3517/3834/179 3518/3835/179 3516/3833/179
f 3517/3834/1551 3519/3836/1551 3520/3837/1551 3518/3835/1551
f 3512/3838/53 3514/3839/53 3516/3840/53 3518/3841/53 3520/3842/53 3522/3843/53 3510/655/53
f 3519/3836/1552 3521/3848/1552 3522/3851/1552 3520/3837/1552
f 3521/3888/1553 3509/3889/1553 3510/3890/1553 3522/3891/1553
f 3509/354/36 3521/3878/36 3519/3879/36 3517/3880/36 3515/3881/36 3513/3882/36 3511/3883/36
f 3523/328/1548 3525/3828/1548 3526/3829/1548 3524/2/1548
f 3525/3828/1554 3527/3830/1554 3528/3831/1554 3526/3829/1554
f 3527/3830/1550 3529/3832/1550 3530/3833/1550 3528/3831/1550
f 3529/3832/179 3531/3834/179 3532/3835/179 3530/3833/179
f 3531/3834/1551 3533/3836/1551 3534/3837/1551 3532/3835/1551
f 3526/3838/53 3528/3839/53 3530/3840/53 3532/3841/53 3534/3842/53 3536/3843/53 3524/655/53
f 3533/3836/1552 3535/3848/1552 3536/3851/1552 3534/3837/1552
f 3535/3848/1553 3523/3849/1553 3524/3850/1553 3536/3851/1553
f 3523/3892/36 3535/3893/36 3533/3894/36 3531/3895/36 3529/3896/36 3527/3897/36 3525/3898/36
f 3537/328/1548 3539/3828/1548 3540/3829/1548 3538/2/1548
f 3539/3828/1549 3541/3830/1549 3542/3831/1549 3540/3829/1549
f 3541/3830/1550 3543/3832/1550 3544/3833/1550 3542/3831/1550
f 3543/3832/179 3545/3834/179 3546/3835/179 3544/3833/179
f 3545/3834/1551 3547/3836/1551 3548/3837/1551 3546/3835/1551
f 3540/3838/53 3542/3839/53 3544/3840/53 3546/3841/53 3548/3842/53 3550/3843/53 3538/655/53
f 3547/3836/1552 3549/3848/1552 3550/3851/1552 3548/3837/1552
f 3549/3848/1553 3537/3849/1553 3538/3850/1553 3550/3851/1553
f 3537/3899/36 3549/3900/36 3547/3901/36 3545/3902/36 3543/3903/36 3541/3904/36 3539/3905/36
f 3551/328/1548 3553/3828/1548 3554/3829/1548 3552/2/1548
f 3553/3828/1554 3555/3830/1554 3556/3831/1554 3554/3829/1554
f 3555/3830/1550 3557/3832/1550 3558/3833/1550 3556/3831/1550
f 3557/3832/179 3559/3834/179 3560/3835/179 3558/3833/179
f 3559/3834/1551 3561/3836/1551 3562/3837/1551 3560/3835/1551
f 3554/3838/53 3556/3839/53 3558/3840/53 3560/3841/53 3562/3842/53 3564/3843/53 3552/655/53
f 3561/3836/1552 3563/3848/1552 3564/3851/1552 3562/3837/1552
f 3563/3848/1553 3551/3849/1553 3552/3850/1553 3564/3851/1553
f 3551/3906/36 3563/3907/36 3561/3908/36 3559/3909/36 3557/3910/36 3555/3911/36 3553/3912/36
l 241 93
l 214 215
l 368 361
l 470 468
l 469 471
l 507 482
l 484 508
l 1448 1452
l 1452 1457
l 1409 1605
l 1609 1605
l 1409 1608
l 1519 1610
